t,target_x,target_y,target_h_deg,x,y,h_deg
0.001,,,,-0.0,0.0001,0.01
0.052,,,,-0.0,0.0001,0.01
0.102,,,,-0.0,0.0001,0.01
0.153,,,,-0.0,0.0001,0.01
0.203,,,,-0.0,0.0001,0.01
0.254,,,,-0.0,0.0001,0.01
0.304,,,,-0.0,0.0001,0.01
0.355,,,,-0.0,0.0001,0.01
0.405,,,,-0.0,0.0001,0.02
0.456,,,,-0.0,0.0001,0.02
0.507,,,,-0.0,0.0001,0.02
0.557,,,,-0.0,0.0001,0.02
0.608,,,,-0.0,0.0001,0.02
0.659,,,,-0.0,0.0001,0.02
0.709,,,,-0.0,0.0001,0.02
0.76,,,,-0.0,0.0001,0.02
0.811,,,,-0.0001,0.0001,0.03
0.862,,,,-0.0001,0.0001,0.03
0.912,,,,-0.0001,0.0001,0.03
0.963,,,,-0.0001,0.0001,0.03
1.014,,,,-0.0001,0.0001,0.03
1.064,,,,-0.0001,0.0001,0.03
1.114,,,,-0.0001,0.0001,0.03
1.165,,,,-0.0001,0.0001,0.03
1.215,,,,-0.0001,0.0001,0.03
1.266,,,,-0.0007,0.0007,0.19
1.316,,,,-0.0007,0.0007,0.19
1.367,,,,0.0008,-0.0002,-0.07
1.418,,,,0.0008,-0.0002,-0.07
1.468,,,,0.0005,-0.0004,-0.16
1.519,,,,0.0005,-0.0004,-0.16
1.569,,,,0.0006,-0.0004,-0.14
1.62,,,,0.0006,-0.0004,-0.14
1.671,,,,0.0007,-0.0004,-0.15
1.722,,,,0.0007,-0.0004,-0.15
1.773,,,,0.0007,-0.0004,-0.14
1.824,,,,0.0007,-0.0004,-0.14
1.875,,,,0.0007,-0.0002,-0.09
1.926,,,,0.0011,-0.0006,-0.21
1.977,,,,0.0011,-0.0006,-0.21
2.027,,,,0.0011,-0.0006,-0.21
2.078,,,,0.0008,-0.0003,-0.12
2.128,,,,0.0014,-0.0008,-0.24
2.179,,,,0.0013,-0.0008,-0.25
2.23,,,,0.0013,-0.0008,-0.25
2.28,,,,0.0012,-0.0005,-0.17
2.332,,,,0.0013,-0.0008,-0.24
2.382,,,,0.0012,-0.0008,-0.24
2.433,,,,0.0007,-0.0001,-0.04
2.483,,,,0.0008,-0.0,-0.03
2.534,,,,0.0008,-0.0,-0.03
2.585,,,,0.0011,-0.0005,-0.16
2.636,,,,0.0011,-0.0005,-0.16
2.686,,,,0.0019,-0.0011,-0.32
2.737,,,,0.0019,-0.0011,-0.32
2.788,,,,0.0017,-0.0011,-0.33
2.839,,,,0.0017,-0.0011,-0.33
2.89,,,,0.0019,-0.0013,-0.38
2.94,,,,0.0018,-0.0012,-0.36
2.991,,,,0.0016,-0.001,-0.31
3.042,,,,0.0018,-0.0011,-0.33
3.093,,,,0.0018,-0.0012,-0.35
3.143,,,,0.0017,-0.0011,-0.34
3.194,,,,0.0017,-0.0011,-0.33
3.245,,,,0.0017,-0.0011,-0.33
3.298,,,,0.0018,-0.0011,-0.33
3.35,,,,0.0018,-0.0011,-0.33
3.401,,,,0.0019,-0.0015,-0.43
3.452,,,,0.0019,-0.0014,-0.42
3.503,,,,0.002,-0.0012,-0.35
3.554,,,,0.0022,-0.0015,-0.44
3.604,,,,0.0019,-0.0015,-0.46
3.655,,,,0.0019,-0.0015,-0.45
3.705,,,,0.0022,-0.0014,-0.42
3.756,,,,0.0022,-0.0014,-0.42
3.807,,,,0.0021,-0.0013,-0.39
3.858,,,,0.0019,-0.0013,-0.4
3.908,,,,0.0019,-0.0013,-0.39
3.959,,,,0.0019,-0.0013,-0.39
4.01,,,,0.0017,-0.0011,-0.32
4.06,,,,0.0024,-0.0016,-0.48
4.111,,,,0.0021,-0.0017,-0.49
4.161,,,,0.0019,-0.0016,-0.48
4.212,,,,0.0021,-0.0016,-0.47
4.263,,,,0.0026,-0.0022,-0.62
4.313,,,,0.0026,-0.0024,-0.68
4.364,,,,0.0024,-0.0024,-0.66
4.415,,,,0.0025,-0.0023,-0.65
4.465,,,,0.0027,-0.0023,-0.64
4.516,,,,0.0027,-0.0023,-0.63
4.567,,,,0.0027,-0.0023,-0.64
4.618,,,,0.0027,-0.0023,-0.65
4.669,,,,0.0026,-0.0023,-0.66
4.719,,,,0.0026,-0.0023,-0.65
4.77,,,,0.0027,-0.0023,-0.63
4.821,,,,0.0027,-0.0023,-0.63
4.871,,,,0.0027,-0.0023,-0.64
4.922,,,,0.0027,-0.0023,-0.64
4.972,,,,0.0027,-0.0023,-0.64
5.023,,,,0.0027,-0.0023,-0.63
5.074,,,,0.0027,-0.0023,-0.63
5.124,,,,0.0027,-0.0023,-0.63
5.175,,,,0.0027,-0.0023,-0.63
5.225,,,,0.0027,-0.0023,-0.63
5.276,,,,0.0027,-0.0023,-0.63
5.327,,,,0.0027,-0.0023,-0.63
5.378,,,,0.0027,-0.0023,-0.63
5.428,,,,0.0027,-0.0023,-0.63
5.479,,,,0.0027,-0.0023,-0.63
5.529,,,,0.0027,-0.0023,-0.63
5.58,,,,0.0027,-0.0023,-0.63
5.631,,,,0.0027,-0.0023,-0.63
5.681,,,,0.0027,-0.0023,-0.63
5.732,,,,0.0027,-0.0023,-0.63
5.783,,,,0.0027,-0.0023,-0.63
5.833,,,,0.0027,-0.0023,-0.63
5.884,,,,0.0027,-0.0023,-0.63
5.934,,,,0.0027,-0.0023,-0.63
6.024,,,,0.0027,-0.0023,-0.63
6.074,,,,0.0027,-0.0023,-0.63
6.125,,,,0.0027,-0.0023,-0.63
6.175,,,,0.0027,-0.0023,-0.63
6.226,,,,0.0027,-0.0023,-0.63
6.277,,,,0.0027,-0.0023,-0.63
6.327,,,,0.0027,-0.0023,-0.63
6.378,,,,0.0027,-0.0023,-0.63
6.429,,,,0.0027,-0.0023,-0.63
6.479,,,,0.0027,-0.0023,-0.63
6.531,,,,0.0027,-0.0023,-0.63
6.582,,,,0.0027,-0.0023,-0.63
6.632,,,,0.0027,-0.0023,-0.64
6.683,,,,0.0027,-0.0023,-0.64
6.734,,,,0.0027,-0.0023,-0.64
6.784,,,,0.0027,-0.0023,-0.64
6.835,,,,0.0027,-0.0023,-0.64
6.886,,,,0.0027,-0.0023,-0.64
6.936,,,,0.0028,-0.0023,-0.64
6.987,,,,0.0028,-0.0023,-0.64
7.038,,,,0.0028,-0.0023,-0.64
7.089,,,,0.0028,-0.0023,-0.64
7.139,,,,0.0028,-0.0023,-0.64
7.19,,,,0.0028,-0.0023,-0.63
7.241,,,,0.0028,-0.0023,-0.63
7.292,,,,0.0028,-0.0023,-0.63
7.343,,,,0.0028,-0.0023,-0.63
7.393,,,,0.0028,-0.0023,-0.63
7.444,,,,0.0028,-0.0023,-0.63
7.495,,,,0.0028,-0.0023,-0.63
7.546,,,,0.0028,-0.0023,-0.63
7.597,,,,0.0028,-0.0023,-0.64
7.648,,,,0.0028,-0.0023,-0.64
7.698,,,,0.0028,-0.0023,-0.64
7.749,,,,0.0028,-0.0023,-0.64
7.799,,,,0.0028,-0.0023,-0.64
7.85,,,,0.0028,-0.0023,-0.64
7.9,,,,0.0028,-0.0023,-0.64
7.951,,,,0.0028,-0.0023,-0.64
8.002,,,,0.0028,-0.0023,-0.64
8.052,,,,0.0028,-0.0023,-0.64
8.103,,,,0.0028,-0.0023,-0.64
8.154,,,,0.0028,-0.0023,-0.64
8.204,,,,0.0028,-0.0023,-0.64
8.255,,,,0.0028,-0.0023,-0.64
8.306,,,,0.0028,-0.0023,-0.64
8.356,,,,0.0028,-0.0023,-0.64
8.407,,,,0.0028,-0.0023,-0.64
8.458,,,,0.0028,-0.0023,-0.64
8.509,,,,0.0028,-0.0023,-0.64
8.56,,,,0.0028,-0.0023,-0.64
8.61,,,,0.0028,-0.0023,-0.64
8.661,,,,0.0028,-0.0023,-0.64
8.742,,,,0.0028,-0.0023,-0.64
8.793,,,,0.0028,-0.0023,-0.64
8.844,,,,0.0028,-0.0023,-0.64
8.895,,,,0.0028,-0.0022,-0.63
8.946,,,,0.0028,-0.0022,-0.63
8.996,,,,0.0028,-0.0022,-0.63
9.047,,,,0.0028,-0.0022,-0.63
9.098,,,,0.0028,-0.0022,-0.63
9.149,,,,0.0028,-0.0021,-0.61
9.199,,,,0.0028,-0.0021,-0.61
9.25,,,,0.0028,-0.0021,-0.62
9.301,,,,0.0028,-0.0021,-0.62
9.352,,,,0.0028,-0.0021,-0.62
9.402,,,,0.0028,-0.0021,-0.62
9.453,,,,0.0028,-0.0021,-0.62
9.504,,,,0.0028,-0.0021,-0.62
9.555,,,,0.0028,-0.0021,-0.62
9.606,,,,0.0028,-0.0021,-0.62
9.656,,,,0.0028,-0.0021,-0.62
9.707,,,,0.0028,-0.0021,-0.62
9.759,,,,0.0028,-0.0021,-0.62
9.809,,,,0.0028,-0.0021,-0.62
9.86,,,,0.0028,-0.0021,-0.63
9.91,,,,0.0028,-0.0021,-0.63
9.961,,,,0.0028,-0.0021,-0.63
10.012,,,,0.0028,-0.0021,-0.63
10.062,,,,0.0028,-0.0021,-0.63
10.113,,,,0.0028,-0.0021,-0.63
10.164,,,,0.0028,-0.0021,-0.63
10.214,,,,0.0028,-0.0021,-0.63
10.265,,,,0.0028,-0.0021,-0.63
10.316,,,,0.0028,-0.0021,-0.63
10.366,,,,0.0028,-0.0021,-0.63
10.417,,,,0.0028,-0.0021,-0.63
10.468,,,,0.0028,-0.0021,-0.63
10.518,,,,0.0028,-0.0021,-0.63
10.569,,,,0.0028,-0.0021,-0.63
10.62,,,,0.0028,-0.0021,-0.63
10.671,,,,0.0028,-0.0021,-0.63
10.721,,,,0.0028,-0.0021,-0.63
10.772,,,,0.0028,-0.0021,-0.63
10.822,,,,0.0028,-0.0021,-0.63
10.872,,,,0.0028,-0.0021,-0.63
10.923,,,,0.0028,-0.0021,-0.63
10.974,,,,0.0028,-0.0021,-0.63
11.024,,,,0.0028,-0.0021,-0.63
11.075,,,,0.0029,-0.0022,-0.63
11.126,,,,0.0028,-0.0021,-0.63
11.177,,,,0.0028,-0.0021,-0.63
11.227,,,,0.0028,-0.0021,-0.63
11.277,,,,0.0028,-0.0021,-0.63
11.328,,,,0.0028,-0.0021,-0.63
11.379,,,,0.0028,-0.0021,-0.63
11.447,,,,0.0028,-0.0021,-0.63
11.498,,,,0.0028,-0.0021,-0.63
11.548,,,,0.0028,-0.0021,-0.63
11.599,,,,0.0029,-0.0022,-0.63
11.65,,,,0.0029,-0.0022,-0.63
11.701,,,,0.0028,-0.0021,-0.63
11.751,,,,0.0028,-0.0021,-0.63
11.805,,,,0.0028,-0.0021,-0.63
11.856,,,,0.0029,-0.0022,-0.63
11.907,,,,0.0029,-0.0022,-0.63
11.958,,,,0.0029,-0.0022,-0.63
12.008,,,,0.0028,-0.0021,-0.63
12.059,,,,0.0028,-0.0021,-0.63
12.109,,,,0.0029,-0.0022,-0.63
12.16,,,,0.0029,-0.0022,-0.63
12.21,,,,0.0029,-0.0022,-0.63
12.261,,,,0.0029,-0.0022,-0.63
12.312,,,,0.0029,-0.0022,-0.63
12.362,,,,0.0029,-0.0022,-0.63
12.413,,,,0.0029,-0.0022,-0.63
12.464,,,,0.0029,-0.0022,-0.63
12.514,,,,0.0029,-0.0022,-0.63
12.565,,,,0.0029,-0.0022,-0.63
12.616,,,,0.0028,-0.0021,-0.63
12.666,,,,0.0029,-0.0022,-0.63
12.717,,,,0.0028,-0.0021,-0.63
12.768,,,,0.0028,-0.0021,-0.63
12.838,,,,0.0029,-0.0022,-0.63
12.889,,,,0.0029,-0.0022,-0.63
12.94,,,,0.0028,-0.0021,-0.63
12.991,,,,0.0028,-0.0021,-0.63
13.042,,,,0.0029,-0.0022,-0.63
13.093,,,,0.0029,-0.0022,-0.63
13.143,,,,0.0028,-0.0021,-0.63
13.194,,,,0.0028,-0.0021,-0.63
13.245,,,,0.0028,-0.0021,-0.63
13.295,,,,0.0028,-0.0021,-0.63
13.346,,,,0.0026,-0.0019,-0.57
13.396,,,,0.0026,-0.0019,-0.57
13.447,,,,0.0025,-0.002,-0.58
13.497,,,,0.0025,-0.002,-0.58
13.548,,,,0.0027,-0.0018,-0.55
13.598,,,,0.0027,-0.0019,-0.55
13.648,,,,0.0026,-0.002,-0.56
13.699,,,,0.0026,-0.002,-0.56
13.75,,,,0.0013,-0.0004,-0.14
13.801,,,,0.0013,-0.0004,-0.14
13.851,,,,0.0017,-0.0007,-0.22
13.902,,,,0.0016,-0.0007,-0.22
13.953,,,,0.0011,-0.0006,-0.19
14.003,,,,0.0011,-0.0006,-0.19
14.054,,,,0.0005,-0.0003,-0.12
14.105,,,,0.0005,-0.0003,-0.12
14.194,,,,0.0005,-0.0003,-0.11
14.244,,,,0.0009,-0.0006,-0.2
14.296,,,,0.0009,-0.0006,-0.2
14.347,,,,0.0009,-0.0006,-0.19
14.397,,,,0.0009,-0.0006,-0.19
14.448,,,,0.0011,-0.0005,-0.18
14.498,,,,0.0011,-0.0005,-0.18
14.549,,,,0.0011,-0.0005,-0.18
14.6,,,,0.0011,-0.0005,-0.18
14.651,,,,0.0011,-0.0005,-0.18
14.701,,,,0.0011,-0.0005,-0.18
14.751,,,,0.0011,-0.0005,-0.18
14.802,,,,0.0011,-0.0005,-0.18
14.852,,,,0.0011,-0.0005,-0.18
14.903,,,,0.0011,-0.0005,-0.18
14.954,,,,0.0011,-0.0005,-0.18
15.005,,,,0.0011,-0.0005,-0.18
15.055,,,,0.0011,-0.0005,-0.18
15.106,,,,0.0011,-0.0006,-0.19
15.156,,,,0.0011,-0.0006,-0.19
15.207,,,,0.0011,-0.0006,-0.19
15.258,,,,0.0011,-0.0006,-0.19
15.308,,,,0.0011,-0.0006,-0.19
15.359,,,,0.0011,-0.0005,-0.18
15.409,,,,0.0011,-0.0005,-0.18
15.46,,,,0.0011,-0.0005,-0.18
15.51,,,,0.0011,-0.0005,-0.18
15.561,,,,0.0011,-0.0005,-0.18
15.612,,,,0.0011,-0.0005,-0.18
15.662,,,,0.0011,-0.0005,-0.18
15.713,,,,0.0011,-0.0005,-0.18
15.764,,,,0.0011,-0.0005,-0.18
15.814,,,,0.0011,-0.0005,-0.18
15.864,,,,0.0011,-0.0005,-0.16
15.915,,,,0.0012,-0.0005,-0.16
15.966,,,,0.0012,-0.0005,-0.16
16.017,,,,0.0011,-0.0005,-0.16
16.067,,,,0.0011,-0.0004,-0.15
16.118,,,,0.0012,-0.0005,-0.16
16.168,,,,0.0011,-0.0005,-0.16
16.219,,,,0.0011,-0.0005,-0.16
16.269,,,,0.0012,-0.0004,-0.15
16.32,,,,0.0012,-0.0005,-0.16
16.371,,,,0.0011,-0.0005,-0.16
16.421,,,,0.0011,-0.0004,-0.15
16.471,,,,0.0011,-0.0004,-0.15
16.522,,,,0.0011,-0.0005,-0.16
16.573,,,,0.0011,-0.0005,-0.16
16.624,,,,0.0011,-0.0004,-0.15
16.674,,,,0.0011,-0.0004,-0.15
16.725,,,,0.0011,-0.0004,-0.15
16.775,,,,0.0011,-0.0004,-0.15
16.826,,,,0.0011,-0.0004,-0.15
16.877,,,,0.0011,-0.0004,-0.15
16.927,,,,0.0011,-0.0004,-0.15
16.978,,,,0.0011,-0.0004,-0.15
17.029,,,,0.0011,-0.0004,-0.15
17.079,,,,0.0011,-0.0004,-0.15
17.13,,,,0.0011,-0.0004,-0.15
17.181,,,,0.0011,-0.0004,-0.15
17.231,,,,0.0011,-0.0004,-0.15
17.282,,,,0.0011,-0.0004,-0.15
17.332,,,,0.0011,-0.0004,-0.15
17.383,,,,0.0011,-0.0004,-0.15
17.434,,,,0.0011,-0.0004,-0.14
17.485,,,,0.0011,-0.0004,-0.14
17.536,,,,0.0011,-0.0004,-0.14
17.586,,,,0.0011,-0.0004,-0.14
17.637,,,,0.0011,-0.0004,-0.15
17.687,,,,0.0011,-0.0004,-0.15
17.738,,,,0.0011,-0.0004,-0.15
17.789,,,,0.0011,-0.0004,-0.15
17.839,,,,0.0011,-0.0004,-0.15
17.891,,,,0.0011,-0.0004,-0.15
17.941,,,,0.0011,-0.0004,-0.15
17.992,,,,0.0011,-0.0004,-0.15
18.043,,,,0.0011,-0.0004,-0.14
18.094,,,,0.0011,-0.0004,-0.14
18.145,,,,0.0011,-0.0004,-0.15
18.196,,,,0.0011,-0.0004,-0.15
18.282,,,,0.0011,-0.0004,-0.15
18.333,,,,0.0011,-0.0004,-0.15
18.383,,,,0.0011,-0.0004,-0.15
18.434,,,,0.0011,-0.0004,-0.15
18.484,,,,0.0011,-0.0004,-0.15
18.535,,,,0.0011,-0.0004,-0.15
18.586,,,,0.0011,-0.0004,-0.15
18.636,,,,0.0011,-0.0004,-0.15
18.687,,,,0.0011,-0.0004,-0.15
18.738,,,,0.0011,-0.0004,-0.15
18.788,,,,0.0011,-0.0004,-0.15
18.839,,,,0.0011,-0.0004,-0.15
18.889,,,,0.0011,-0.0004,-0.15
18.94,,,,0.0011,-0.0004,-0.15
18.99,,,,0.0011,-0.0004,-0.15
19.041,,,,0.0011,-0.0004,-0.15
19.092,,,,0.0011,-0.0004,-0.15
19.143,,,,0.0011,-0.0005,-0.16
19.194,,,,0.0011,-0.0005,-0.16
19.245,,,,0.0011,-0.0005,-0.16
19.295,,,,0.0011,-0.0005,-0.16
19.346,,,,0.0011,-0.0005,-0.16
19.397,,,,0.0011,-0.0005,-0.16
19.447,,,,0.0011,-0.0005,-0.16
19.498,,,,0.0011,-0.0005,-0.16
19.549,,,,0.0011,-0.0005,-0.16
19.599,,,,0.0011,-0.0005,-0.16
19.657,,,,0.0011,-0.0005,-0.16
19.708,,,,0.0011,-0.0005,-0.16
19.759,,,,0.0011,-0.0005,-0.16
19.81,,,,0.0011,-0.0005,-0.16
19.86,,,,0.0011,-0.0005,-0.16
19.911,,,,0.0011,-0.0005,-0.16
19.961,,,,0.0011,-0.0005,-0.16
20.012,,,,0.0011,-0.0005,-0.16
20.063,,,,0.0011,-0.0005,-0.16
20.114,,,,0.0011,-0.0005,-0.16
20.165,,,,0.0011,-0.0005,-0.16
20.215,,,,0.0011,-0.0004,-0.15
20.266,,,,0.0011,-0.0004,-0.15
20.317,,,,0.0011,-0.0004,-0.15
20.368,,,,0.0011,-0.0004,-0.15
20.418,,,,0.0011,-0.0004,-0.15
20.469,,,,0.0011,-0.0004,-0.15
20.519,,,,0.0011,-0.0004,-0.15
20.57,,,,0.0011,-0.0004,-0.15
20.621,,,,0.0011,-0.0004,-0.15
20.671,,,,0.0011,-0.0004,-0.15
20.722,,,,0.0011,-0.0004,-0.15
20.773,,,,0.0011,-0.0004,-0.15
20.824,,,,0.0011,-0.0004,-0.14
20.874,,,,0.0011,-0.0004,-0.14
20.926,,,,0.0011,-0.0004,-0.15
21.015,,,,0.0011,-0.0004,-0.14
21.065,,,,0.0011,-0.0004,-0.14
21.116,,,,0.0011,-0.0004,-0.14
21.167,,,,0.0011,-0.0004,-0.14
21.217,,,,0.0011,-0.0004,-0.15
21.268,,,,0.0011,-0.0004,-0.15
21.318,,,,0.0011,-0.0004,-0.15
21.369,,,,0.0011,-0.0004,-0.15
21.419,,,,0.0011,-0.0004,-0.15
21.47,,,,0.0011,-0.0004,-0.15
21.52,,,,0.0011,-0.0004,-0.15
21.571,,,,0.0011,-0.0004,-0.14
21.622,,,,0.0011,-0.0004,-0.14
21.672,,,,0.0011,-0.0004,-0.14
21.723,,,,0.0011,-0.0004,-0.14
21.773,,,,0.0011,-0.0004,-0.14
21.824,,,,0.0011,-0.0004,-0.14
21.875,,,,0.0011,-0.0004,-0.14
21.925,,,,0.0011,-0.0004,-0.14
21.976,,,,0.001,-0.0004,-0.14
22.027,,,,0.001,-0.0004,-0.14
22.077,,,,0.001,-0.0004,-0.14
22.128,,,,0.001,-0.0004,-0.14
22.179,,,,0.001,-0.0004,-0.14
22.229,,,,0.0011,-0.0004,-0.14
22.28,,,,0.0011,-0.0004,-0.14
22.369,,,,0.001,-0.0004,-0.14
22.42,,,,0.001,-0.0004,-0.14
22.47,,,,0.001,-0.0004,-0.14
22.521,,,,0.001,-0.0004,-0.14
22.571,,,,0.001,-0.0004,-0.14
22.622,,,,0.001,-0.0004,-0.14
22.672,,,,0.001,-0.0004,-0.14
22.722,,,,0.001,-0.0004,-0.14
22.773,,,,0.001,-0.0004,-0.14
22.823,,,,0.001,-0.0004,-0.14
22.874,,,,0.001,-0.0004,-0.14
22.924,,,,0.001,-0.0004,-0.14
22.975,,,,0.001,-0.0004,-0.13
23.026,,,,0.001,-0.0004,-0.13
23.076,,,,0.001,-0.0004,-0.13
23.127,,,,0.001,-0.0004,-0.13
23.177,,,,0.001,-0.0003,-0.12
23.228,,,,0.001,-0.0003,-0.12
23.278,,,,0.001,-0.0003,-0.12
23.329,,,,0.001,-0.0003,-0.12
23.38,,,,0.001,-0.0003,-0.12
23.43,,,,0.001,-0.0003,-0.12
23.48,,,,0.001,-0.0003,-0.12
23.531,,,,0.001,-0.0003,-0.12
23.582,,,,0.001,-0.0003,-0.12
23.632,,,,0.001,-0.0003,-0.12
23.683,,,,0.001,-0.0003,-0.12
23.734,,,,0.001,-0.0003,-0.12
23.784,,,,0.001,-0.0003,-0.12
23.834,,,,0.001,-0.0003,-0.12
23.885,,,,0.001,-0.0003,-0.12
23.935,,,,0.001,-0.0003,-0.12
23.986,,,,0.001,-0.0003,-0.12
24.037,,,,0.001,-0.0003,-0.12
24.087,,,,0.001,-0.0003,-0.12
24.138,,,,0.001,-0.0003,-0.12
24.188,,,,0.001,-0.0003,-0.12
24.239,,,,0.001,-0.0003,-0.12
24.289,,,,0.001,-0.0003,-0.11
24.339,,,,0.001,-0.0003,-0.11
24.39,,,,0.001,-0.0003,-0.11
24.44,,,,0.001,-0.0003,-0.11
24.491,,,,0.001,-0.0003,-0.11
24.541,,,,0.0009,-0.0003,-0.11
24.592,,,,0.0009,-0.0003,-0.11
24.643,,,,0.0009,-0.0003,-0.11
24.693,,,,0.0009,-0.0003,-0.11
24.744,,,,0.0009,-0.0003,-0.11
24.794,,,,0.0009,-0.0003,-0.11
24.845,,,,0.0009,-0.0003,-0.11
24.895,,,,0.001,-0.0003,-0.11
24.946,,,,0.0009,-0.0003,-0.11
24.997,,,,0.0009,-0.0003,-0.11
25.047,,,,0.0009,-0.0003,-0.11
25.098,,,,0.001,-0.0003,-0.11
25.149,,,,0.001,-0.0003,-0.11
25.2,,,,0.001,-0.0003,-0.11
25.25,,,,0.001,-0.0003,-0.11
25.301,,,,0.001,-0.0003,-0.11
25.352,,,,0.001,-0.0003,-0.11
25.403,,,,0.001,-0.0003,-0.11
25.454,,,,0.001,-0.0003,-0.11
25.504,,,,0.001,-0.0003,-0.11
25.555,,,,0.001,-0.0003,-0.11
25.607,,,,0.001,-0.0003,-0.12
25.657,,,,0.001,-0.0003,-0.12
25.708,,,,0.001,-0.0003,-0.11
25.759,,,,0.0009,-0.0003,-0.11
25.809,,,,0.001,-0.0003,-0.11
25.86,,,,0.001,-0.0003,-0.11
25.911,,,,0.001,-0.0003,-0.11
25.964,,,,0.001,-0.0003,-0.11
26.015,,,,0.001,-0.0003,-0.12
26.066,,,,0.001,-0.0003,-0.12
26.118,,,,0.001,-0.0003,-0.12
26.168,,,,0.001,-0.0003,-0.12
26.219,,,,0.001,-0.0003,-0.12
26.269,,,,0.001,-0.0003,-0.12
26.32,,,,0.001,-0.0003,-0.12
26.37,,,,0.001,-0.0003,-0.12
26.421,,,,0.001,-0.0003,-0.12
26.473,,,,0.001,-0.0003,-0.12
26.523,,,,0.001,-0.0003,-0.12
26.574,,,,0.001,-0.0003,-0.11
26.624,,,,0.001,-0.0003,-0.11
26.675,,,,0.001,-0.0003,-0.12
26.726,,,,0.001,-0.0003,-0.12
26.776,,,,0.001,-0.0003,-0.12
26.828,,,,0.001,-0.0003,-0.11
26.879,,,,0.001,-0.0003,-0.11
26.93,,,,0.001,-0.0003,-0.11
26.98,,,,0.001,-0.0003,-0.11
27.031,,,,0.001,-0.0003,-0.11
27.082,,,,0.001,-0.0003,-0.11
27.132,,,,0.001,-0.0003,-0.11
27.183,,,,0.001,-0.0003,-0.11
27.233,,,,0.0009,-0.0003,-0.11
27.284,,,,0.001,-0.0003,-0.11
27.336,,,,0.001,-0.0003,-0.11
27.386,,,,0.001,-0.0003,-0.11
27.437,,,,0.001,-0.0003,-0.12
27.488,,,,0.001,-0.0003,-0.12
27.539,,,,0.001,-0.0003,-0.12
27.59,,,,0.001,-0.0003,-0.12
27.64,,,,0.001,-0.0003,-0.12
27.69,,,,0.001,-0.0003,-0.12
27.741,,,,0.001,-0.0003,-0.12
27.792,,,,0.001,-0.0003,-0.12
27.843,,,,0.001,-0.0003,-0.12
27.893,,,,0.001,-0.0003,-0.12
27.944,,,,0.001,-0.0003,-0.12
27.994,,,,0.001,-0.0003,-0.12
28.045,,,,0.001,-0.0003,-0.12
28.095,,,,0.001,-0.0003,-0.12
28.146,,,,0.001,-0.0003,-0.12
28.197,,,,0.001,-0.0003,-0.12
28.248,,,,0.001,-0.0003,-0.12
28.3,,,,0.001,-0.0003,-0.12
28.352,,,,0.001,-0.0003,-0.12
28.404,,,,0.001,-0.0003,-0.12
28.455,,,,0.001,-0.0003,-0.12
28.506,,,,0.001,-0.0003,-0.11
28.56,,,,0.001,-0.0003,-0.11
28.612,,,,0.001,-0.0003,-0.11
28.663,,,,0.001,-0.0003,-0.11
28.715,,,,0.001,-0.0003,-0.11
28.766,,,,0.001,-0.0003,-0.11
28.819,,,,0.0009,-0.0003,-0.11
28.87,,,,0.0009,-0.0003,-0.11
28.92,,,,0.001,-0.0003,-0.12
28.971,,,,0.001,-0.0003,-0.12
29.024,,,,0.001,-0.0003,-0.11
29.075,,,,0.001,-0.0003,-0.12
29.125,,,,0.001,-0.0003,-0.11
29.19,,,,0.001,-0.0003,-0.11
29.241,,,,0.001,-0.0003,-0.11
29.292,,,,0.001,-0.0003,-0.12
29.342,,,,0.001,-0.0003,-0.12
29.393,,,,0.001,-0.0003,-0.12
29.447,,,,0.001,-0.0003,-0.12
29.497,,,,0.001,-0.0003,-0.12
29.548,,,,0.001,-0.0003,-0.11
29.6,,,,0.001,-0.0003,-0.11
29.652,,,,0.001,-0.0003,-0.11
29.703,,,,0.0009,-0.0003,-0.11
29.753,,,,0.0009,-0.0003,-0.11
29.804,,,,0.0009,-0.0003,-0.11
29.855,,,,0.0009,-0.0003,-0.11
29.906,,,,0.0009,-0.0002,-0.1
29.957,,,,0.0009,-0.0002,-0.1
30.008,,,,0.0009,-0.0002,-0.1
30.058,,,,0.0009,-0.0002,-0.1
30.11,,,,0.0009,-0.0002,-0.1
30.162,,,,0.0009,-0.0002,-0.1
30.213,,,,0.0009,-0.0002,-0.1
30.266,,,,0.0009,-0.0002,-0.1
30.316,,,,0.0009,-0.0002,-0.1
30.367,,,,0.0009,-0.0002,-0.1
30.418,,,,0.0009,-0.0002,-0.1
30.469,,,,0.0009,-0.0002,-0.1
30.55,,,,0.0009,-0.0002,-0.1
30.602,,,,0.0009,-0.0002,-0.1
30.652,,,,0.0009,-0.0002,-0.1
30.705,,,,0.0009,-0.0002,-0.1
30.757,,,,0.0009,-0.0002,-0.1
30.809,,,,0.0009,-0.0002,-0.1
30.86,,,,0.0009,-0.0002,-0.1
30.91,,,,0.0009,-0.0002,-0.1
30.962,,,,0.0009,-0.0002,-0.1
31.015,,,,0.0009,-0.0002,-0.1
31.065,,,,0.0009,-0.0002,-0.1
31.116,,,,0.0009,-0.0002,-0.1
31.168,,,,0.0009,-0.0002,-0.1
31.219,,,,0.0009,-0.0002,-0.1
31.27,,,,0.0009,-0.0002,-0.1
31.322,,,,0.0009,-0.0002,-0.1
31.373,,,,0.0009,-0.0002,-0.1
31.423,,,,0.0009,-0.0002,-0.1
31.474,,,,0.0009,-0.0002,-0.1
31.525,,,,0.0009,-0.0002,-0.1
31.576,,,,0.0009,-0.0002,-0.1
31.627,,,,0.0009,-0.0002,-0.1
31.677,,,,0.0009,-0.0002,-0.1
31.729,,,,0.0009,-0.0002,-0.09
31.78,,,,0.0009,-0.0002,-0.09
31.83,,,,0.0009,-0.0002,-0.09
31.922,,,,0.0009,-0.0002,-0.09
31.977,,,,0.0009,-0.0002,-0.09
32.028,,,,0.0009,-0.0002,-0.09
32.079,,,,0.0009,-0.0002,-0.09
32.132,,,,0.0009,-0.0002,-0.1
32.182,,,,0.0009,-0.0002,-0.1
32.234,,,,0.0009,-0.0002,-0.1
32.285,,,,0.0009,-0.0002,-0.1
32.335,,,,0.0009,-0.0002,-0.1
32.387,,,,0.0009,-0.0002,-0.1
32.438,,,,0.0009,-0.0002,-0.1
32.489,,,,0.0009,-0.0002,-0.1
32.539,,,,0.0009,-0.0002,-0.1
32.59,,,,0.0009,-0.0002,-0.1
32.64,,,,0.0009,-0.0002,-0.1
32.691,,,,0.0009,-0.0002,-0.1
32.743,,,,0.0009,-0.0002,-0.09
32.795,,,,0.0009,-0.0002,-0.09
32.846,,,,0.0009,-0.0002,-0.09
32.897,,,,0.0009,-0.0002,-0.09
32.947,,,,0.0009,-0.0002,-0.09
32.998,,,,0.0009,-0.0002,-0.09
33.049,,,,0.0009,-0.0002,-0.09
33.099,,,,0.0009,-0.0002,-0.09
33.15,,,,0.0009,-0.0002,-0.09
33.201,,,,0.0009,-0.0002,-0.09
33.251,,,,0.0009,-0.0002,-0.09
33.302,,,,0.0009,-0.0002,-0.09
33.352,,,,0.0009,-0.0002,-0.09
33.402,,,,0.0009,-0.0002,-0.09
33.453,,,,0.0009,-0.0002,-0.09
33.504,,,,0.0009,-0.0002,-0.09
33.555,,,,0.0009,-0.0002,-0.09
33.605,,,,0.0009,-0.0002,-0.09
33.656,,,,0.0009,-0.0002,-0.09
33.707,,,,0.0009,-0.0002,-0.09
33.758,,,,0.0009,-0.0002,-0.09
33.808,,,,0.0009,-0.0002,-0.09
33.859,,,,0.0009,-0.0002,-0.09
33.91,,,,0.0009,-0.0002,-0.09
33.96,,,,0.0009,-0.0002,-0.09
34.011,,,,0.0009,-0.0002,-0.09
34.062,,,,0.0009,-0.0002,-0.09
34.113,,,,0.0009,-0.0002,-0.09
34.163,,,,0.0009,-0.0002,-0.09
34.214,,,,0.0009,-0.0002,-0.09
34.265,,,,0.0009,-0.0002,-0.09
34.315,,,,0.0008,-0.0002,-0.09
34.366,,,,0.0009,-0.0002,-0.09
34.417,,,,0.0009,-0.0002,-0.09
34.467,,,,0.0008,-0.0002,-0.09
34.518,,,,0.0008,-0.0002,-0.09
34.569,,,,0.0008,-0.0002,-0.09
34.619,,,,0.0009,-0.0002,-0.09
34.67,,,,0.0009,-0.0002,-0.09
34.721,,,,0.0008,-0.0002,-0.09
34.771,,,,0.0008,-0.0002,-0.09
34.822,,,,0.0008,-0.0002,-0.09
34.873,,,,0.0008,-0.0002,-0.09
34.924,,,,0.0009,-0.0002,-0.09
34.975,,,,0.0009,-0.0002,-0.09
35.025,,,,0.0009,-0.0002,-0.09
35.077,,,,0.0009,-0.0002,-0.09
35.128,,,,0.0009,-0.0002,-0.09
35.178,,,,0.0009,-0.0002,-0.09
35.229,,,,0.0008,-0.0002,-0.09
35.28,,,,0.0008,-0.0002,-0.09
35.331,,,,0.0009,-0.0002,-0.09
35.381,,,,0.0009,-0.0002,-0.09
35.432,,,,0.0009,-0.0002,-0.09
35.483,,,,0.0009,-0.0002,-0.09
35.534,,,,0.0009,-0.0002,-0.09
35.584,,,,0.0009,-0.0002,-0.09
35.636,,,,0.0009,-0.0002,-0.09
35.687,,,,0.0008,-0.0002,-0.09
35.738,,,,0.0008,-0.0002,-0.09
35.789,,,,0.0008,-0.0002,-0.09
35.839,,,,0.0008,-0.0002,-0.09
35.89,,,,0.0008,-0.0002,-0.09
35.941,,,,0.0008,-0.0002,-0.09
36.002,,,,0.0009,-0.0002,-0.09
36.053,,,,0.0009,-0.0002,-0.09
36.105,,,,0.0009,-0.0002,-0.09
36.156,,,,0.0009,-0.0002,-0.09
36.208,,,,0.0009,-0.0002,-0.09
36.258,,,,0.0009,-0.0002,-0.09
36.313,,,,0.0009,-0.0002,-0.09
36.364,,,,0.0009,-0.0002,-0.09
36.415,,,,0.0009,-0.0002,-0.09
36.466,,,,0.0009,-0.0002,-0.09
36.516,,,,0.0009,-0.0002,-0.09
36.567,,,,0.0009,-0.0002,-0.09
36.618,,,,0.0009,-0.0002,-0.09
36.668,,,,0.0008,-0.0002,-0.09
36.719,,,,0.0008,-0.0002,-0.09
36.769,,,,0.0008,-0.0002,-0.09
36.821,,,,0.0008,-0.0002,-0.09
36.872,,,,0.0008,-0.0002,-0.09
36.922,,,,0.0008,-0.0002,-0.09
36.975,,,,0.0008,-0.0002,-0.09
37.028,,,,0.0008,-0.0002,-0.09
37.078,,,,0.0008,-0.0002,-0.09
37.129,,,,0.0008,-0.0002,-0.09
37.181,,,,0.0008,-0.0002,-0.09
37.233,,,,0.0008,-0.0002,-0.09
37.283,,,,0.0008,-0.0002,-0.09
37.363,,,,0.0008,-0.0002,-0.09
37.414,,,,0.0008,-0.0002,-0.09
37.467,,,,0.0008,-0.0002,-0.09
37.517,,,,0.0009,-0.0002,-0.09
37.567,,,,0.0009,-0.0002,-0.09
37.618,,,,0.0009,-0.0002,-0.09
37.669,,,,0.0009,-0.0002,-0.09
37.721,,,,0.0008,-0.0002,-0.09
37.771,,,,0.0008,-0.0002,-0.09
37.822,,,,0.0008,-0.0002,-0.09
37.873,,,,0.0008,-0.0002,-0.09
37.923,,,,0.0008,-0.0002,-0.09
37.974,,,,0.0008,-0.0002,-0.09
38.025,,,,0.0008,-0.0002,-0.08
38.077,,,,0.0008,-0.0002,-0.08
38.128,,,,0.0008,-0.0002,-0.08
38.178,,,,0.0008,-0.0002,-0.08
38.229,,,,0.0008,-0.0002,-0.09
38.28,,,,0.0008,-0.0002,-0.09
38.33,,,,0.0008,-0.0002,-0.09
38.381,,,,0.0008,-0.0002,-0.09
38.431,,,,0.0008,-0.0002,-0.09
38.482,,,,0.0008,-0.0002,-0.09
38.533,,,,0.0008,-0.0002,-0.09
38.584,,,,0.0008,-0.0002,-0.08
38.634,,,,0.0008,-0.0002,-0.08
38.685,,,,0.0008,-0.0002,-0.08
38.735,,,,0.0008,-0.0002,-0.08
38.786,,,,0.0008,-0.0002,-0.09
38.837,,,,0.0008,-0.0002,-0.09
38.888,,,,0.0008,-0.0002,-0.09
38.938,,,,0.0008,-0.0002,-0.09
38.989,,,,0.0008,-0.0002,-0.09
39.039,,,,0.0008,-0.0002,-0.09
39.09,,,,0.0008,-0.0002,-0.09
39.141,,,,0.0008,-0.0002,-0.09
39.191,,,,0.0008,-0.0002,-0.09
39.242,,,,0.0008,-0.0002,-0.09
39.293,,,,0.0008,-0.0002,-0.09
39.344,,,,0.0008,-0.0002,-0.09
39.398,,,,0.0008,-0.0002,-0.09
39.453,,,,0.0008,-0.0002,-0.09
39.51,,,,0.0008,-0.0002,-0.09
39.566,,,,0.0008,-0.0002,-0.08
39.617,0.5,0.0,0.0,0.0008,-0.0002,-0.08
39.669,0.5,0.0,0.0,0.0008,-0.0002,-0.08
39.719,0.5,0.0,0.0,0.0008,-0.0002,-0.08
39.77,0.5,0.0,0.0,0.0397,0.0034,-0.24
39.82,0.5,0.0,0.0,0.0494,0.0044,-0.19
39.871,0.5,0.0,0.0,0.0494,0.0044,-0.19
39.924,0.5,0.0,0.0,0.1466,0.0097,0.14
39.976,0.5,0.0,0.0,0.1579,0.0101,0.18
40.026,0.5,0.0,0.0,0.1579,0.0101,0.18
40.078,0.5,0.0,0.0,0.2594,0.0125,0.63
40.128,0.5,0.0,0.0,0.2594,0.0125,0.63
40.18,0.5,0.0,0.0,0.2594,0.0125,0.63
40.231,0.5,0.0,0.0,0.361,0.0146,1.12
40.283,0.5,0.0,0.0,0.3963,0.0156,1.32
40.333,0.5,0.0,0.0,0.4073,0.016,1.41
40.385,0.5,0.0,0.0,0.4303,0.0167,1.56
40.437,0.5,0.0,0.0,0.4629,0.0183,1.81
40.487,0.5,0.0,0.0,0.4629,0.0183,1.81
40.538,0.5,0.0,0.0,0.4629,0.0183,1.81
40.588,0.5,0.0,0.0,0.5088,0.0207,2.16
40.639,0.5,0.0,0.0,0.5088,0.0207,2.16
40.689,0.5,0.0,0.0,0.5156,0.0216,2.26
40.74,0.5,0.0,0.0,0.5156,0.0216,2.26
40.792,0.5,0.0,0.0,0.5147,0.0215,2.29
40.842,0.5,0.0,0.0,0.5147,0.0215,2.29
40.893,0.5,0.0,0.0,0.5145,0.0214,2.28
40.945,0.5,0.0,0.0,0.5145,0.0214,2.28
40.996,0.5,0.0,0.0,0.5146,0.0213,2.29
41.048,0.5,0.0,0.0,0.5146,0.0213,2.29
41.101,0.5,0.0,0.0,0.5146,0.0214,2.29
41.153,0.5,0.0,0.0,0.5146,0.0214,2.29
41.206,0.5,0.0,0.0,0.5146,0.0214,2.29
41.257,0.5,0.0,0.0,0.5146,0.0214,2.29
41.308,0.5,0.0,0.0,0.5146,0.0214,2.29
41.361,0.5,0.0,0.0,0.5146,0.0214,2.29
41.411,0.5,0.0,0.0,0.5146,0.0214,2.29
41.464,0.5,0.0,0.0,0.5146,0.0214,2.29
41.517,0.5,0.0,0.0,0.5146,0.0214,2.29
41.568,0.5,0.0,0.0,0.5146,0.0214,2.29
41.619,0.5,0.0,0.0,0.5146,0.0214,2.29
41.67,0.5,0.0,0.0,0.5145,0.0214,2.29
41.724,0.5,0.0,0.0,0.5145,0.0214,2.29
41.775,0.5,0.0,0.0,0.5145,0.0214,2.29
41.828,0.5,0.0,0.0,0.5145,0.0214,2.29
41.879,0.5,0.0,0.0,0.5145,0.0214,2.29
41.93,0.5,0.0,0.0,0.5145,0.0214,2.29
41.982,0.5,0.0,0.0,0.5145,0.0214,2.29
42.033,0.5,0.0,0.0,0.5145,0.0214,2.29
42.084,0.5,0.0,0.0,0.5145,0.0214,2.29
42.134,0.5,0.0,0.0,0.5145,0.0214,2.29
42.185,0.5,0.0,0.0,0.5145,0.0214,2.29
42.237,0.5,0.0,0.0,0.5145,0.0214,2.29
42.289,0.5,0.0,0.0,0.5145,0.0214,2.29
42.341,0.5,0.0,0.0,0.5145,0.0214,2.29
42.391,0.5,0.0,0.0,0.5146,0.0213,2.29
42.442,0.5,0.0,0.0,0.5146,0.0213,2.29
42.493,0.5,0.0,0.0,0.5145,0.0214,2.29
42.544,0.5,0.0,0.0,0.5145,0.0214,2.29
42.594,0.5,0.0,0.0,0.5145,0.0214,2.29
42.646,0.5,0.0,0.0,0.5145,0.0214,2.29
42.697,0.5,0.0,0.0,0.5145,0.0214,2.29
42.747,0.5,0.0,0.0,0.5145,0.0214,2.29
42.822,0.5,0.0,0.0,0.5145,0.0214,2.29
42.873,0.5,0.0,0.0,0.5145,0.0214,2.29
42.924,0.5,0.0,0.0,0.5145,0.0214,2.29
42.975,0.5,0.0,0.0,0.5146,0.0213,2.29
43.025,0.5,0.0,0.0,0.5145,0.0214,2.29
43.076,0.5,0.0,0.0,0.5145,0.0214,2.29
43.127,0.5,0.0,0.0,0.5145,0.0214,2.29
43.178,0.5,0.0,0.0,0.5145,0.0214,2.29
43.229,0.5,0.0,0.0,0.5145,0.0214,2.29
43.279,0.5,0.0,0.0,0.5145,0.0214,2.29
43.332,0.5,0.0,0.0,0.5145,0.0214,2.29
43.382,0.5,0.0,0.0,0.5145,0.0214,2.29
43.435,0.5,0.0,0.0,0.5145,0.0214,2.29
43.486,0.5,0.0,0.0,0.5145,0.0214,2.29
43.537,0.5,0.0,0.0,0.5145,0.0214,2.29
43.588,0.5,0.0,0.0,0.5145,0.0214,2.29
43.639,0.5,0.0,0.0,0.5145,0.0214,2.3
43.69,0.5,0.0,0.0,0.5145,0.0214,2.3
43.742,0.5,0.0,0.0,0.5145,0.0214,2.3
43.792,0.5,0.0,0.0,0.5145,0.0214,2.3
43.844,0.5,0.0,0.0,0.5145,0.0214,2.3
43.894,0.5,0.0,0.0,0.5145,0.0214,2.3
43.946,0.5,0.0,0.0,0.5145,0.0214,2.3
43.996,0.5,0.0,0.0,0.5145,0.0214,2.3
44.047,0.5,0.0,0.0,0.5145,0.0214,2.3
44.099,0.5,0.0,0.0,0.5145,0.0214,2.3
44.179,0.5,0.0,0.0,0.5145,0.0214,2.3
44.23,0.5,0.0,0.0,0.5145,0.0214,2.3
44.281,0.5,0.0,0.0,0.5145,0.0214,2.3
44.335,0.5,0.0,0.0,0.5145,0.0214,2.29
44.385,0.5,0.0,0.0,0.5145,0.0214,2.29
44.437,0.5,0.0,0.0,0.5145,0.0214,2.29
44.488,0.5,0.0,0.0,0.5145,0.0214,2.29
44.541,0.5,0.0,0.0,0.5145,0.0214,2.29
44.592,0.5,0.0,0.0,0.5145,0.0214,2.3
44.646,0.5,0.0,0.0,0.5145,0.0214,2.3
44.696,0.5,0.0,0.0,0.5145,0.0214,2.3
44.747,0.5,0.0,0.0,0.5145,0.0214,2.3
44.799,0.5,0.0,0.0,0.5145,0.0214,2.3
44.849,0.5,0.0,0.0,0.5145,0.0214,2.3
44.9,0.5,0.0,0.0,0.5145,0.0214,2.3
44.952,0.5,0.0,0.0,0.5145,0.0214,2.3
45.004,0.5,0.0,0.0,0.5145,0.0214,2.3
45.055,0.5,0.0,0.0,0.5145,0.0214,2.3
45.106,0.5,0.0,0.0,0.5145,0.0214,2.3
45.157,0.5,0.0,0.0,0.5145,0.0214,2.29
45.208,0.5,0.0,0.0,0.5145,0.0214,2.29
45.26,0.5,0.0,0.0,0.5145,0.0214,2.29
45.313,0.5,0.0,0.0,0.5145,0.0214,2.29
45.364,0.5,0.0,0.0,0.5145,0.0214,2.3
45.415,0.5,0.0,0.0,0.5145,0.0214,2.3
45.467,0.5,0.0,0.0,0.5145,0.0214,2.3
45.553,0.5,0.0,0.0,0.5145,0.0214,2.3
45.604,0.5,0.0,0.0,0.5145,0.0214,2.3
45.655,0.5,0.0,0.0,0.5145,0.0214,2.3
45.706,0.5,0.0,0.0,0.5145,0.0214,2.31
45.758,0.5,0.0,0.0,0.5145,0.0214,2.31
45.808,0.5,0.0,0.0,0.5145,0.0214,2.31
45.859,0.5,0.0,0.0,0.5145,0.0214,2.31
45.91,0.5,0.0,0.0,0.5145,0.0214,2.31
45.96,0.5,0.0,0.0,0.5145,0.0214,2.31
46.011,0.5,0.0,0.0,0.5145,0.0214,2.31
46.063,0.5,0.0,0.0,0.5145,0.0214,2.31
46.115,0.5,0.0,0.0,0.5145,0.0214,2.31
46.168,0.5,0.0,0.0,0.5145,0.0214,2.31
46.22,0.5,0.0,0.0,0.5145,0.0214,2.31
46.271,0.5,0.0,0.0,0.5145,0.0214,2.31
46.322,0.5,0.0,0.0,0.5145,0.0214,2.31
46.372,0.5,0.0,0.0,0.5145,0.0214,2.31
46.423,0.5,0.0,0.0,0.5145,0.0214,2.31
46.474,0.5,0.0,0.0,0.5145,0.0214,2.31
46.525,0.5,0.0,0.0,0.5145,0.0214,2.31
46.578,0.5,0.0,0.0,0.5145,0.0214,2.31
46.629,0.5,0.0,0.0,0.5145,0.0214,2.31
46.68,0.5,0.0,0.0,0.5145,0.0214,2.31
46.73,0.5,0.0,0.0,0.5145,0.0214,2.31
46.781,0.5,0.0,0.0,0.5145,0.0214,2.31
46.832,0.5,0.0,0.0,0.5145,0.0214,2.31
46.909,0.5,0.0,0.0,0.5145,0.0214,2.31
46.96,0.5,0.0,0.0,0.5145,0.0214,2.31
47.011,0.5,0.0,0.0,0.5145,0.0214,2.31
47.061,0.5,0.0,0.0,0.5145,0.0214,2.31
47.112,0.5,0.0,0.0,0.5145,0.0214,2.31
47.163,0.5,0.0,0.0,0.5145,0.0214,2.31
47.214,0.5,0.0,0.0,0.5145,0.0214,2.32
47.264,0.5,0.0,0.0,0.5145,0.0214,2.32
47.315,0.5,0.0,0.0,0.5145,0.0214,2.32
47.365,0.5,0.0,0.0,0.5145,0.0214,2.32
47.416,0.5,0.0,0.0,0.5145,0.0214,2.32
47.467,0.5,0.0,0.0,0.5145,0.0214,2.32
47.518,0.5,0.0,0.0,0.5145,0.0214,2.31
47.569,0.5,0.0,0.0,0.5145,0.0214,2.31
47.62,0.5,0.0,0.0,0.5145,0.0214,2.31
47.67,0.5,0.0,0.0,0.5145,0.0214,2.31
47.721,0.5,0.0,0.0,0.5145,0.0214,2.31
47.771,0.5,0.0,0.0,0.5145,0.0214,2.31
47.822,0.5,0.0,0.0,0.5145,0.0214,2.32
47.873,0.5,0.0,0.0,0.5145,0.0214,2.32
47.923,0.5,0.0,0.0,0.5145,0.0214,2.32
47.974,0.5,0.0,0.0,0.5145,0.0214,2.32
48.025,0.5,0.0,0.0,0.5145,0.0214,2.32
48.075,0.5,0.0,0.0,0.5145,0.0214,2.32
48.126,0.5,0.0,0.0,0.5145,0.0214,2.32
48.176,0.5,0.0,0.0,0.5145,0.0214,2.32
48.227,0.5,0.0,0.0,0.5145,0.0214,2.32
48.281,0.5,0.0,0.0,0.5145,0.0214,2.32
48.331,0.5,0.0,0.0,0.5145,0.0214,2.32
48.382,0.5,0.0,0.0,0.5145,0.0214,2.32
48.433,0.5,0.0,0.0,0.5145,0.0214,2.32
48.483,0.5,0.0,0.0,0.5145,0.0214,2.32
48.534,0.5,0.0,0.0,0.5145,0.0214,2.32
48.585,0.5,0.0,0.0,0.5145,0.0214,2.32
48.636,0.5,0.0,0.0,0.5145,0.0214,2.32
48.686,0.5,0.0,0.0,0.5145,0.0214,2.32
48.737,0.5,0.0,0.0,0.5145,0.0214,2.32
48.788,0.5,0.0,0.0,0.5145,0.0214,2.32
48.838,0.5,0.0,0.0,0.5145,0.0214,2.32
48.889,0.5,0.0,0.0,0.5145,0.0214,2.32
48.939,0.5,0.0,0.0,0.5145,0.0214,2.32
48.99,0.5,0.0,0.0,0.5145,0.0214,2.32
49.041,0.5,0.0,0.0,0.5145,0.0214,2.32
49.091,0.5,0.0,0.0,0.5145,0.0214,2.32
49.142,0.5,0.0,0.0,0.5145,0.0214,2.32
49.193,0.5,0.0,0.0,0.5145,0.0214,2.32
49.243,0.5,0.0,0.0,0.5145,0.0214,2.32
49.294,0.5,0.0,0.0,0.5145,0.0214,2.32
49.344,0.5,0.0,0.0,0.5145,0.0214,2.32
49.395,0.5,0.0,0.0,0.5145,0.0214,2.32
49.445,0.5,0.0,0.0,0.5145,0.0214,2.32
49.496,0.5,0.0,0.0,0.5144,0.0215,2.32
49.547,0.5,0.0,0.0,0.5144,0.0215,2.32
49.598,0.5,0.0,0.0,0.5144,0.0215,2.32
49.649,0.5,0.0,0.0,0.5144,0.0215,2.32
49.699,0.5,0.0,0.0,0.5144,0.0215,2.32
49.75,0.5,0.0,0.0,0.5144,0.0215,2.32
49.8,0.5,0.0,0.0,0.5144,0.0215,2.32
49.851,0.5,0.0,0.0,0.5144,0.0215,2.32
49.901,0.5,0.0,0.0,0.5144,0.0215,2.32
49.952,0.5,0.0,0.0,0.5144,0.0215,2.32
50.002,0.5,0.0,0.0,0.5144,0.0215,2.32
50.054,0.5,0.0,0.0,0.5144,0.0215,2.32
50.104,0.5,0.0,0.0,0.5144,0.0215,2.32
50.155,0.5,0.0,0.0,0.5144,0.0215,2.32
50.205,0.5,0.0,0.0,0.5144,0.0215,2.32
50.256,0.5,0.0,0.0,0.5144,0.0215,2.32
50.307,0.5,0.0,0.0,0.5145,0.0214,2.32
50.357,0.5,0.0,0.0,0.5145,0.0214,2.32
50.408,0.5,0.0,0.0,0.5145,0.0214,2.32
50.459,0.5,0.0,0.0,0.5145,0.0214,2.32
50.509,0.5,0.0,0.0,0.5145,0.0214,2.32
50.56,0.5,0.0,0.0,0.5145,0.0214,2.32
50.61,0.5,0.0,0.0,0.5144,0.0215,2.32
50.661,0.5,0.0,0.0,0.5144,0.0215,2.32
50.712,0.5,0.0,0.0,0.5144,0.0215,2.32
50.762,0.5,0.0,0.0,0.5144,0.0215,2.32
50.813,0.5,0.0,0.0,0.5145,0.0214,2.32
50.864,0.5,0.0,0.0,0.5145,0.0214,2.32
50.915,0.5,0.0,0.0,0.5144,0.0215,2.32
51.004,0.5,0.0,0.0,0.5144,0.0215,2.32
51.054,0.5,0.0,0.0,0.5144,0.0215,2.32
51.108,0.5,0.0,0.0,0.5144,0.0215,2.32
51.158,0.5,0.0,0.0,0.5144,0.0215,2.32
51.209,0.5,0.0,0.0,0.5144,0.0215,2.32
51.26,0.5,0.0,0.0,0.5144,0.0215,2.32
51.31,0.5,0.0,0.0,0.5144,0.0215,2.32
51.361,0.5,0.0,0.0,0.5144,0.0215,2.32
51.419,0.5,0.0,0.0,0.5144,0.0215,2.33
51.471,0.5,0.0,0.0,0.5144,0.0215,2.32
51.529,0.5,0.0,0.0,0.5144,0.0215,2.32
51.585,0.5,0.0,0.0,0.5144,0.0215,2.32
51.638,0.5,0.0,0.0,0.5144,0.0215,2.32
51.688,0.5,0.0,0.0,0.5144,0.0215,2.32
51.741,0.5,0.0,0.0,0.5144,0.0215,2.32
51.792,0.5,0.0,0.0,0.5144,0.0215,2.32
51.846,0.5,0.0,0.0,0.5144,0.0215,2.32
51.898,0.5,0.0,0.0,0.5144,0.0215,2.32
51.949,0.5,0.0,0.0,0.5144,0.0215,2.32
52.0,0.5,0.0,0.0,0.5144,0.0215,2.32
52.05,0.5,0.0,0.0,0.5144,0.0215,2.32
52.101,0.5,0.0,0.0,0.5144,0.0215,2.32
52.153,0.5,0.0,0.0,0.5144,0.0215,2.32
52.205,0.5,0.0,0.0,0.5144,0.0215,2.32
52.255,0.5,0.0,0.0,0.5144,0.0215,2.32
52.306,0.5,0.0,0.0,0.5144,0.0215,2.32
52.365,0.5,0.0,0.0,0.5144,0.0215,2.32
52.415,0.5,0.0,0.0,0.5144,0.0215,2.32
52.466,0.5,0.0,0.0,0.5144,0.0215,2.32
52.516,0.5,0.0,0.0,0.5144,0.0215,2.32
52.567,0.5,0.0,0.0,0.5144,0.0215,2.32
52.618,0.5,0.0,0.0,0.5144,0.0215,2.32
52.668,0.5,0.0,0.0,0.5144,0.0215,2.32
52.718,0.5,0.0,0.0,0.5144,0.0215,2.32
52.769,0.5,0.0,0.0,0.5144,0.0215,2.32
52.82,0.5,0.0,0.0,0.5144,0.0215,2.33
52.871,0.5,0.0,0.0,0.5144,0.0215,2.33
52.922,0.5,0.0,0.0,0.5144,0.0215,2.33
52.974,0.5,0.0,0.0,0.5144,0.0215,2.33
53.025,0.5,0.0,0.0,0.5144,0.0215,2.33
53.076,0.5,0.0,0.0,0.5144,0.0215,2.32
53.128,0.5,0.0,0.0,0.5144,0.0215,2.32
53.179,0.5,0.0,0.0,0.5144,0.0215,2.32
53.23,0.5,0.0,0.0,0.5144,0.0215,2.32
53.283,0.5,0.0,0.0,0.5144,0.0215,2.33
53.335,0.5,0.0,0.0,0.5144,0.0215,2.33
53.388,0.5,0.0,0.0,0.5144,0.0215,2.33
53.439,0.5,0.0,0.0,0.5144,0.0215,2.33
53.49,0.5,0.0,0.0,0.5144,0.0215,2.33
53.541,0.5,0.0,0.0,0.5144,0.0215,2.33
53.592,0.5,0.0,0.0,0.5144,0.0215,2.34
53.645,0.5,0.0,0.0,0.5144,0.0215,2.34
53.697,0.5,0.0,0.0,0.5144,0.0215,2.34
53.748,0.5,0.0,0.0,0.5144,0.0215,2.34
53.799,0.5,0.0,0.0,0.5144,0.0215,2.34
53.85,0.5,0.0,0.0,0.5144,0.0215,2.34
53.901,0.5,0.0,0.0,0.5144,0.0215,2.34
53.954,0.5,0.0,0.0,0.5144,0.0215,2.34
54.005,0.5,0.0,0.0,0.5144,0.0215,2.34
54.056,0.5,0.0,0.0,0.5144,0.0215,2.34
54.107,0.5,0.0,0.0,0.5144,0.0215,2.34
54.159,0.5,0.0,0.0,0.5144,0.0215,2.34
54.211,0.0,-0.2,0.0,0.5144,0.0215,2.34
54.263,0.0,-0.2,0.0,0.5144,0.0211,2.26
54.315,0.0,-0.2,0.0,0.5132,0.0202,2.12
54.367,0.0,-0.2,0.0,0.4959,0.0139,1.73
54.419,0.0,-0.2,0.0,0.4959,0.0139,1.73
54.47,0.0,-0.2,0.0,0.4959,0.0139,1.73
54.52,0.0,-0.2,0.0,0.4101,-0.0201,0.86
54.572,0.0,-0.2,0.0,0.3591,-0.0417,0.6
54.624,0.0,-0.2,0.0,0.3459,-0.0471,0.55
54.674,0.0,-0.2,0.0,0.2876,-0.0706,0.3
54.725,0.0,-0.2,0.0,0.274,-0.076,0.22
54.776,0.0,-0.2,0.0,0.2103,-0.1009,-0.17
54.827,0.0,-0.2,0.0,0.2103,-0.1009,-0.17
54.878,0.0,-0.2,0.0,0.1598,-0.1194,-0.53
54.929,0.0,-0.2,0.0,0.1598,-0.1194,-0.53
54.98,0.0,-0.2,0.0,0.1598,-0.1194,-0.53
55.031,0.0,-0.2,0.0,0.0723,-0.1507,-1.39
55.081,0.0,-0.2,0.0,0.0356,-0.164,-1.87
55.132,0.0,-0.2,0.0,0.0356,-0.164,-1.87
55.182,0.0,-0.2,0.0,0.0356,-0.164,-1.87
55.234,0.0,-0.2,0.0,-0.0205,-0.1862,-2.65
55.284,0.0,-0.2,0.0,-0.027,-0.1884,-2.7
55.335,0.0,-0.2,0.0,-0.027,-0.1884,-2.7
55.386,0.0,-0.2,0.0,-0.027,-0.1884,-2.7
55.437,0.0,-0.2,0.0,-0.0283,-0.1893,-2.6
55.488,0.0,-0.2,0.0,-0.0271,-0.1896,-2.55
55.539,0.0,-0.2,0.0,-0.0271,-0.1896,-2.56
55.589,0.0,-0.2,0.0,-0.0271,-0.1896,-2.56
55.64,0.0,-0.2,0.0,-0.0273,-0.1895,-2.54
55.691,0.0,-0.2,0.0,-0.0273,-0.1895,-2.54
55.743,0.0,-0.2,0.0,-0.0273,-0.1895,-2.54
55.793,0.0,-0.2,0.0,-0.0273,-0.1895,-2.54
55.844,0.0,-0.2,0.0,-0.0273,-0.1895,-2.53
55.895,0.0,-0.2,0.0,-0.0273,-0.1895,-2.53
55.945,0.0,-0.2,0.0,-0.0273,-0.1895,-2.53
55.996,0.0,-0.2,0.0,-0.0273,-0.1895,-2.53
56.047,0.0,-0.2,0.0,-0.0273,-0.1895,-2.53
56.098,0.0,-0.2,0.0,-0.0273,-0.1895,-2.53
56.149,0.0,-0.2,0.0,-0.0273,-0.1895,-2.53
56.199,0.0,-0.2,0.0,-0.0273,-0.1895,-2.53
56.25,0.0,-0.2,0.0,-0.0273,-0.1895,-2.53
56.301,0.0,-0.2,0.0,-0.0273,-0.1895,-2.53
56.351,0.0,-0.2,0.0,-0.0273,-0.1895,-2.53
56.402,0.0,-0.2,0.0,-0.0273,-0.1895,-2.53
56.453,0.0,-0.2,0.0,-0.0273,-0.1895,-2.53
56.503,0.0,-0.2,0.0,-0.0273,-0.1895,-2.53
56.554,0.0,-0.2,0.0,-0.0273,-0.1895,-2.53
56.604,0.0,-0.2,0.0,-0.0273,-0.1895,-2.53
56.655,0.0,-0.2,0.0,-0.0273,-0.1895,-2.53
56.706,0.0,-0.2,0.0,-0.0273,-0.1895,-2.53
56.757,0.0,-0.2,0.0,-0.0273,-0.1895,-2.53
56.807,0.0,-0.2,0.0,-0.0273,-0.1895,-2.53
56.858,0.0,-0.2,0.0,-0.0273,-0.1895,-2.53
56.908,0.0,-0.2,0.0,-0.0273,-0.1895,-2.53
56.959,0.0,-0.2,0.0,-0.0273,-0.1895,-2.53
57.01,0.0,-0.2,0.0,-0.0273,-0.1895,-2.53
57.06,0.0,-0.2,0.0,-0.0273,-0.1895,-2.53
57.111,0.0,-0.2,0.0,-0.0273,-0.1895,-2.53
57.161,0.0,-0.2,0.0,-0.0273,-0.1895,-2.53
57.213,0.0,-0.2,0.0,-0.0273,-0.1895,-2.53
57.263,0.0,-0.2,0.0,-0.0273,-0.1895,-2.53
57.314,0.0,-0.2,0.0,-0.0273,-0.1895,-2.53
57.364,0.0,-0.2,0.0,-0.0273,-0.1895,-2.53
57.415,0.0,-0.2,0.0,-0.0273,-0.1895,-2.53
57.465,0.0,-0.2,0.0,-0.0273,-0.1895,-2.53
57.515,0.0,-0.2,0.0,-0.0273,-0.1895,-2.53
57.566,0.0,-0.2,0.0,-0.0273,-0.1895,-2.53
57.617,0.0,-0.2,0.0,-0.0273,-0.1895,-2.53
57.667,0.0,-0.2,0.0,-0.0273,-0.1895,-2.53
57.718,0.0,-0.2,0.0,-0.0273,-0.1895,-2.53
57.768,0.0,-0.2,0.0,-0.0273,-0.1895,-2.53
57.819,0.0,-0.2,0.0,-0.0273,-0.1895,-2.53
57.869,0.0,-0.2,0.0,-0.0273,-0.1895,-2.53
57.92,0.0,-0.2,0.0,-0.0273,-0.1895,-2.53
57.97,0.0,-0.2,0.0,-0.0273,-0.1895,-2.53
58.021,0.0,-0.2,0.0,-0.0273,-0.1895,-2.53
58.072,0.0,-0.2,0.0,-0.0273,-0.1895,-2.53
58.123,0.0,-0.2,0.0,-0.0273,-0.1895,-2.53
58.174,0.0,-0.2,0.0,-0.0273,-0.1895,-2.53
58.224,0.0,-0.2,0.0,-0.0273,-0.1895,-2.53
58.275,0.0,-0.2,0.0,-0.0273,-0.1895,-2.53
58.325,0.0,-0.2,0.0,-0.0273,-0.1895,-2.53
58.376,0.0,-0.2,0.0,-0.0273,-0.1894,-2.52
58.427,0.0,-0.2,0.0,-0.0273,-0.1894,-2.52
58.478,0.0,-0.2,0.0,-0.0273,-0.1894,-2.52
58.529,0.0,-0.2,0.0,-0.0273,-0.1894,-2.52
58.58,0.0,-0.2,0.0,-0.0273,-0.1894,-2.52
58.63,0.0,-0.2,0.0,-0.0273,-0.1894,-2.52
58.681,0.0,-0.2,0.0,-0.0273,-0.1894,-2.52
58.731,0.0,-0.2,0.0,-0.0273,-0.1894,-2.52
58.782,0.0,-0.2,0.0,-0.0273,-0.1894,-2.52
58.832,0.0,-0.2,0.0,-0.0273,-0.1894,-2.52
58.883,0.0,-0.2,0.0,-0.0273,-0.1894,-2.52
58.933,0.0,-0.2,0.0,-0.0273,-0.1894,-2.52
58.984,0.0,-0.2,0.0,-0.0273,-0.1894,-2.52
59.035,0.0,-0.2,0.0,-0.0273,-0.1894,-2.52
59.085,0.0,-0.2,0.0,-0.0273,-0.1894,-2.52
59.136,0.0,-0.2,0.0,-0.0273,-0.1894,-2.52
59.186,0.0,-0.2,0.0,-0.0273,-0.1894,-2.52
59.237,0.0,-0.2,0.0,-0.0273,-0.1894,-2.52
59.287,0.0,-0.2,0.0,-0.0273,-0.1894,-2.52
59.338,0.0,-0.2,0.0,-0.0273,-0.1895,-2.53
59.389,0.0,-0.2,0.0,-0.0273,-0.1894,-2.52
59.439,0.0,-0.2,0.0,-0.0273,-0.1894,-2.52
59.49,0.0,-0.2,0.0,-0.0273,-0.1895,-2.53
59.54,0.0,-0.2,0.0,-0.0273,-0.1895,-2.53
59.592,0.0,-0.2,0.0,-0.0273,-0.1895,-2.53
59.642,0.0,-0.2,0.0,-0.0273,-0.1895,-2.53
59.693,0.0,-0.2,0.0,-0.0273,-0.1895,-2.53
59.743,0.0,-0.2,0.0,-0.0273,-0.1895,-2.53
59.793,0.0,-0.2,0.0,-0.0273,-0.1895,-2.53
59.844,0.0,-0.2,0.0,-0.0273,-0.1895,-2.53
59.895,0.0,-0.2,0.0,-0.0273,-0.1895,-2.53
59.946,0.0,-0.2,0.0,-0.0273,-0.1895,-2.53
59.996,0.0,-0.2,0.0,-0.0273,-0.1895,-2.53
60.047,0.0,-0.2,0.0,-0.0273,-0.1895,-2.53
60.098,0.0,-0.2,0.0,-0.0273,-0.1895,-2.53
60.148,0.0,-0.2,0.0,-0.0273,-0.1895,-2.53
60.199,0.0,-0.2,0.0,-0.0273,-0.1895,-2.53
60.249,0.0,-0.2,0.0,-0.0273,-0.1895,-2.53
60.299,0.0,-0.2,0.0,-0.0273,-0.1895,-2.53
60.35,0.0,-0.2,0.0,-0.0273,-0.1895,-2.53
60.401,0.0,-0.2,0.0,-0.0273,-0.1895,-2.53
60.452,0.0,-0.2,0.0,-0.0273,-0.1895,-2.53
60.54,0.0,-0.2,0.0,-0.0273,-0.1895,-2.53
60.591,0.0,-0.2,0.0,-0.0273,-0.1895,-2.53
60.642,0.0,-0.2,0.0,-0.0273,-0.1895,-2.53
60.692,0.0,-0.2,0.0,-0.0273,-0.1895,-2.53
60.743,0.0,-0.2,0.0,-0.0273,-0.1895,-2.53
60.794,0.0,-0.2,0.0,-0.0273,-0.1895,-2.53
60.844,0.0,-0.2,0.0,-0.0273,-0.1895,-2.53
60.895,0.0,-0.2,0.0,-0.0273,-0.1894,-2.52
60.946,0.0,-0.2,0.0,-0.0273,-0.1894,-2.52
60.997,0.0,-0.2,0.0,-0.0273,-0.1894,-2.52
61.047,0.0,-0.2,0.0,-0.0273,-0.1894,-2.52
61.098,0.0,-0.2,0.0,-0.0273,-0.1894,-2.52
61.149,0.0,-0.2,0.0,-0.0273,-0.1894,-2.52
61.2,0.0,-0.2,0.0,-0.0273,-0.1894,-2.52
61.251,0.0,-0.2,0.0,-0.0273,-0.1894,-2.52
61.303,0.0,-0.2,0.0,-0.0273,-0.1894,-2.52
61.353,0.0,-0.2,0.0,-0.0273,-0.1894,-2.52
61.404,0.0,-0.2,0.0,-0.0273,-0.1894,-2.52
61.455,0.0,-0.2,0.0,-0.0273,-0.1894,-2.52
61.506,0.0,-0.2,0.0,-0.0274,-0.1894,-2.51
61.557,0.0,-0.2,0.0,-0.0274,-0.1894,-2.51
61.608,0.0,-0.2,0.0,-0.0274,-0.1894,-2.51
61.659,0.0,-0.2,0.0,-0.0274,-0.1894,-2.51
61.709,0.0,-0.2,0.0,-0.0274,-0.1894,-2.51
61.759,0.0,-0.2,0.0,-0.0274,-0.1894,-2.51
61.81,0.0,-0.2,0.0,-0.0274,-0.1894,-2.51
61.861,0.0,-0.2,0.0,-0.0274,-0.1894,-2.51
61.912,0.0,-0.2,0.0,-0.0274,-0.1894,-2.51
61.962,0.0,-0.2,0.0,-0.0274,-0.1894,-2.51
62.013,0.0,-0.2,0.0,-0.0274,-0.1894,-2.51
62.063,0.0,-0.2,0.0,-0.0274,-0.1894,-2.51
62.115,0.0,-0.2,0.0,-0.0274,-0.1894,-2.51
62.165,0.0,-0.2,0.0,-0.0274,-0.1894,-2.51
62.217,0.0,-0.2,0.0,-0.0274,-0.1894,-2.51
62.268,0.0,-0.2,0.0,-0.0274,-0.1894,-2.51
62.318,0.0,-0.2,0.0,-0.0274,-0.1894,-2.51
62.369,0.0,-0.2,0.0,-0.0274,-0.1894,-2.51
62.42,0.0,-0.2,0.0,-0.0274,-0.1894,-2.51
62.471,0.0,-0.2,0.0,-0.0274,-0.1894,-2.51
62.521,0.0,-0.2,0.0,-0.0274,-0.1894,-2.51
62.572,0.0,-0.2,0.0,-0.0273,-0.1894,-2.52
62.623,0.0,-0.2,0.0,-0.0273,-0.1894,-2.52
62.673,0.0,-0.2,0.0,-0.0273,-0.1894,-2.52
62.724,0.0,-0.2,0.0,-0.0273,-0.1894,-2.52
62.775,0.0,-0.2,0.0,-0.0273,-0.1894,-2.52
62.825,0.0,-0.2,0.0,-0.0273,-0.1894,-2.52
62.876,0.0,-0.2,0.0,-0.0273,-0.1894,-2.52
62.927,0.0,-0.2,0.0,-0.0273,-0.1895,-2.53
62.978,0.0,-0.2,0.0,-0.0273,-0.1895,-2.53
63.028,0.0,-0.2,0.0,-0.0273,-0.1895,-2.53
63.079,0.0,-0.2,0.0,-0.0273,-0.1895,-2.53
63.13,0.0,-0.2,0.0,-0.0273,-0.1895,-2.53
63.18,0.0,-0.2,0.0,-0.0273,-0.1895,-2.53
63.266,0.0,-0.2,0.0,-0.0273,-0.1895,-2.53
63.319,0.0,-0.2,0.0,-0.0273,-0.1895,-2.53
63.369,0.0,-0.2,0.0,-0.0273,-0.1895,-2.53
63.419,0.0,-0.2,0.0,-0.0273,-0.1895,-2.53
63.47,0.0,-0.2,0.0,-0.0273,-0.1895,-2.53
63.52,0.0,-0.2,0.0,-0.0273,-0.1895,-2.53
63.571,0.0,-0.2,0.0,-0.0273,-0.1895,-2.53
63.622,0.0,-0.2,0.0,-0.0273,-0.1895,-2.53
63.673,0.0,-0.2,0.0,-0.0273,-0.1895,-2.53
63.723,0.0,-0.2,0.0,-0.0273,-0.1895,-2.53
63.773,0.0,-0.2,0.0,-0.0273,-0.1895,-2.53
63.824,0.0,-0.2,0.0,-0.0273,-0.1895,-2.53
63.875,0.0,-0.2,0.0,-0.0273,-0.1895,-2.53
63.925,0.0,-0.2,0.0,-0.0273,-0.1895,-2.53
63.976,0.0,-0.2,0.0,-0.0273,-0.1895,-2.53
64.026,0.0,-0.2,0.0,-0.0273,-0.1895,-2.53
64.077,0.0,-0.2,0.0,-0.0273,-0.1895,-2.53
64.128,0.0,-0.2,0.0,-0.0273,-0.1894,-2.52
64.178,0.0,-0.2,0.0,-0.0273,-0.1895,-2.53
64.229,0.0,-0.2,0.0,-0.0273,-0.1895,-2.53
64.279,0.0,-0.2,0.0,-0.0273,-0.1895,-2.53
64.33,0.0,-0.2,0.0,-0.0273,-0.1895,-2.53
64.381,0.0,-0.2,0.0,-0.0273,-0.1895,-2.53
64.432,0.0,-0.2,0.0,-0.0273,-0.1895,-2.53
64.482,0.0,-0.2,0.0,-0.0273,-0.1895,-2.53
64.533,0.0,-0.2,0.0,-0.0273,-0.1895,-2.53
64.584,0.0,-0.2,0.0,-0.0273,-0.1895,-2.53
64.638,0.0,-0.2,0.0,-0.0273,-0.1895,-2.53
64.689,0.0,-0.2,0.0,-0.0273,-0.1895,-2.53
64.74,0.0,-0.2,0.0,-0.0273,-0.1895,-2.53
64.79,0.0,-0.2,0.0,-0.0273,-0.1895,-2.53
64.841,0.0,-0.2,0.0,-0.0273,-0.1895,-2.53
64.892,0.0,-0.2,0.0,-0.0273,-0.1895,-2.53
64.943,0.0,-0.2,0.0,-0.0273,-0.1895,-2.53
64.993,0.0,-0.2,0.0,-0.0273,-0.1895,-2.53
65.044,0.0,-0.2,0.0,-0.0273,-0.1895,-2.53
65.095,0.0,-0.2,0.0,-0.0273,-0.1895,-2.53
65.146,0.0,-0.2,0.0,-0.0273,-0.1895,-2.53
65.196,0.0,-0.2,0.0,-0.0273,-0.1895,-2.53
65.247,0.0,-0.2,0.0,-0.0273,-0.1895,-2.53
65.297,0.0,-0.2,0.0,-0.0273,-0.1895,-2.53
65.348,0.0,-0.2,0.0,-0.0273,-0.1895,-2.53
65.398,0.0,-0.2,0.0,-0.0273,-0.1895,-2.53
65.449,0.0,-0.2,0.0,-0.0273,-0.1895,-2.53
65.499,0.0,-0.2,0.0,-0.0273,-0.1895,-2.53
65.55,0.0,-0.2,0.0,-0.0273,-0.1895,-2.53
65.6,0.0,-0.2,0.0,-0.0273,-0.1895,-2.53
65.65,0.0,-0.2,0.0,-0.0273,-0.1895,-2.53
65.701,0.0,-0.2,0.0,-0.0273,-0.1895,-2.53
65.752,0.0,-0.2,0.0,-0.0273,-0.1895,-2.53
65.803,0.0,-0.2,0.0,-0.0273,-0.1895,-2.53
65.854,0.0,-0.2,0.0,-0.0273,-0.1895,-2.53
65.904,0.0,-0.2,0.0,-0.0273,-0.1895,-2.53
65.994,0.0,-0.2,0.0,-0.0273,-0.1895,-2.53
66.045,0.0,-0.2,0.0,-0.0273,-0.1895,-2.53
66.096,0.0,-0.2,0.0,-0.0273,-0.1895,-2.53
66.146,0.0,-0.2,0.0,-0.0273,-0.1895,-2.53
66.197,0.0,-0.2,0.0,-0.0273,-0.1895,-2.53
66.248,0.0,-0.2,0.0,-0.0273,-0.1895,-2.53
66.299,0.0,-0.2,0.0,-0.0273,-0.1895,-2.53
66.349,0.0,-0.2,0.0,-0.0273,-0.1895,-2.53
66.4,0.0,-0.2,0.0,-0.0273,-0.1895,-2.53
66.451,0.0,-0.2,0.0,-0.0273,-0.1895,-2.53
66.501,0.0,-0.2,0.0,-0.0273,-0.1895,-2.53
66.552,0.0,-0.2,0.0,-0.0273,-0.1895,-2.53
66.603,0.0,-0.2,0.0,-0.0273,-0.1895,-2.53
66.654,0.0,-0.2,0.0,-0.0273,-0.1895,-2.53
66.704,0.0,-0.2,0.0,-0.0273,-0.1895,-2.53
66.755,0.0,-0.2,0.0,-0.0273,-0.1895,-2.53
66.806,0.0,-0.2,0.0,-0.0273,-0.1895,-2.53
66.856,0.0,-0.2,0.0,-0.0273,-0.1895,-2.53
66.907,0.0,-0.2,0.0,-0.0273,-0.1895,-2.53
66.958,0.0,-0.2,0.0,-0.0273,-0.1895,-2.53
67.008,0.0,-0.2,0.0,-0.0273,-0.1895,-2.53
67.06,0.0,-0.2,0.0,-0.0273,-0.1895,-2.53
67.11,0.0,-0.2,0.0,-0.0273,-0.1895,-2.53
67.161,0.0,-0.2,0.0,-0.0273,-0.1895,-2.53
67.212,0.0,-0.2,0.0,-0.0273,-0.1895,-2.53
67.262,0.0,-0.2,0.0,-0.0273,-0.1895,-2.53
67.313,0.0,-0.2,0.0,-0.0273,-0.1895,-2.53
67.364,0.0,-0.2,0.0,-0.0273,-0.1895,-2.53
67.415,0.0,-0.2,0.0,-0.0273,-0.1895,-2.53
67.466,0.0,-0.2,0.0,-0.0273,-0.1895,-2.54
67.516,0.0,-0.2,0.0,-0.0273,-0.1895,-2.54
67.567,0.0,-0.2,0.0,-0.0273,-0.1895,-2.54
67.618,0.0,-0.2,0.0,-0.0273,-0.1895,-2.53
67.669,0.0,-0.2,0.0,-0.0273,-0.1895,-2.53
67.719,0.0,-0.2,0.0,-0.0273,-0.1895,-2.53
67.77,0.0,-0.2,0.0,-0.0273,-0.1895,-2.54
67.82,0.0,-0.2,0.0,-0.0273,-0.1895,-2.54
67.871,0.0,-0.2,0.0,-0.0273,-0.1895,-2.54
67.921,0.0,-0.2,0.0,-0.0273,-0.1895,-2.54
67.972,0.0,-0.2,0.0,-0.0273,-0.1895,-2.54
68.022,0.0,-0.2,0.0,-0.0273,-0.1895,-2.54
68.073,0.0,-0.2,0.0,-0.0273,-0.1895,-2.54
68.124,0.0,-0.2,0.0,-0.0273,-0.1895,-2.54
68.174,0.0,-0.2,0.0,-0.0273,-0.1895,-2.54
68.224,0.0,-0.2,0.0,-0.0273,-0.1895,-2.54
68.275,0.0,-0.2,0.0,-0.0273,-0.1895,-2.54
68.326,0.0,-0.2,0.0,-0.0273,-0.1895,-2.54
68.377,0.0,-0.2,0.0,-0.0273,-0.1895,-2.54
68.428,0.0,-0.2,0.0,-0.0273,-0.1895,-2.54
68.479,0.0,-0.2,0.0,-0.0273,-0.1895,-2.54
68.529,0.0,-0.2,0.0,-0.0273,-0.1895,-2.54
68.58,0.0,-0.2,0.0,-0.0273,-0.1895,-2.54
68.631,0.0,-0.2,0.0,-0.0273,-0.1895,-2.54
68.681,0.0,-0.2,0.0,-0.0273,-0.1895,-2.54
68.732,0.0,-0.2,0.0,-0.0273,-0.1895,-2.54
68.783,0.0,-0.2,0.0,-0.0273,-0.1895,-2.54
68.833,0.0,-0.2,0.0,-0.0273,-0.1895,-2.54
68.885,0.0,-0.2,0.0,-0.0273,-0.1895,-2.54
68.935,0.0,-0.2,0.0,-0.0273,-0.1895,-2.54
68.985,0.0,-0.2,0.0,-0.0273,-0.1895,-2.54
69.039,0.0,-0.2,0.0,-0.0273,-0.1895,-2.54
69.089,0.0,-0.2,0.0,-0.0273,-0.1895,-2.54
69.14,0.0,-0.2,0.0,-0.0273,-0.1895,-2.54
69.193,0.0,-0.2,0.0,-0.0273,-0.1895,-2.54
69.246,0.0,-0.2,0.0,-0.0273,-0.1895,-2.54
69.296,0.0,-0.2,0.0,-0.0273,-0.1895,-2.54
69.347,0.0,-0.2,0.0,-0.0273,-0.1895,-2.54
69.398,0.0,-0.2,0.0,-0.0273,-0.1895,-2.54
69.448,0.0,-0.2,0.0,-0.0273,-0.1895,-2.54
69.499,0.0,-0.2,0.0,-0.0273,-0.1895,-2.54
69.55,0.0,-0.2,0.0,-0.0273,-0.1895,-2.54
69.6,0.0,-0.2,0.0,-0.0273,-0.1895,-2.54
69.651,0.0,-0.2,0.0,-0.0273,-0.1895,-2.54
69.701,0.0,-0.2,0.0,-0.0273,-0.1895,-2.54
69.753,0.0,-0.2,0.0,-0.0273,-0.1895,-2.54
69.803,0.0,-0.2,0.0,-0.0273,-0.1895,-2.54
69.854,0.0,-0.2,0.0,-0.0273,-0.1895,-2.54
69.904,0.0,-0.2,0.0,-0.0273,-0.1895,-2.54
69.956,0.0,-0.2,0.0,-0.0273,-0.1895,-2.54
70.006,0.0,-0.2,0.0,-0.0273,-0.1895,-2.54
70.092,0.0,-0.2,0.0,-0.0272,-0.1896,-2.55
70.143,0.0,-0.2,0.0,-0.0272,-0.1896,-2.55
70.194,0.0,-0.2,0.0,-0.0272,-0.1896,-2.55
70.244,0.0,-0.2,0.0,-0.0272,-0.1896,-2.56
70.295,0.0,-0.2,0.0,-0.0272,-0.1896,-2.56
70.346,0.0,-0.2,0.0,-0.0272,-0.1896,-2.56
70.396,0.0,-0.2,0.0,-0.0272,-0.1896,-2.56
70.447,0.0,-0.2,0.0,-0.0272,-0.1896,-2.56
70.498,0.0,-0.2,0.0,-0.0272,-0.1896,-2.56
70.549,0.0,-0.2,0.0,-0.0272,-0.1896,-2.56
70.599,0.0,-0.2,0.0,-0.0272,-0.1896,-2.56
70.65,0.0,-0.2,0.0,-0.0272,-0.1896,-2.56
70.7,0.0,-0.2,0.0,-0.0272,-0.1896,-2.56
70.751,0.0,-0.2,0.0,-0.0272,-0.1896,-2.56
70.801,0.0,-0.2,0.0,-0.0272,-0.1896,-2.56
70.852,0.0,-0.2,0.0,-0.0272,-0.1896,-2.56
70.903,0.0,-0.2,0.0,-0.0272,-0.1896,-2.56
70.953,0.0,-0.2,0.0,-0.0272,-0.1896,-2.56
71.004,0.0,-0.2,0.0,-0.0272,-0.1896,-2.56
71.055,0.0,-0.2,0.0,-0.0272,-0.1896,-2.56
71.106,0.0,-0.2,0.0,-0.0272,-0.1896,-2.56
71.156,0.0,-0.2,0.0,-0.0272,-0.1896,-2.56
71.207,0.0,-0.2,0.0,-0.0272,-0.1896,-2.56
71.258,0.0,-0.2,0.0,-0.0272,-0.1896,-2.56
71.309,0.0,-0.2,0.0,-0.0272,-0.1896,-2.56
71.36,0.0,-0.2,0.0,-0.0272,-0.1896,-2.56
71.446,0.0,-0.2,0.0,-0.0272,-0.1896,-2.56
71.498,0.0,-0.2,0.0,-0.0272,-0.1896,-2.56
71.548,0.0,-0.2,0.0,-0.0272,-0.1896,-2.56
71.6,0.0,-0.2,0.0,-0.0272,-0.1896,-2.56
71.658,0.0,-0.2,0.0,-0.0272,-0.1896,-2.56
71.713,0.0,-0.2,0.0,-0.0272,-0.1896,-2.56
71.767,0.0,-0.2,0.0,-0.0272,-0.1896,-2.56
71.824,0.0,-0.2,0.0,-0.0272,-0.1896,-2.56
71.886,0.0,-0.2,0.0,-0.0272,-0.1896,-2.56
71.944,0.0,-0.2,0.0,-0.0272,-0.1896,-2.56
72.006,0.0,-0.2,0.0,-0.0272,-0.1896,-2.56
72.06,0.0,-0.2,0.0,-0.0272,-0.1896,-2.56
72.111,0.0,-0.2,0.0,-0.0272,-0.1896,-2.56
72.164,0.0,-0.2,0.0,-0.0272,-0.1896,-2.56
72.217,0.0,-0.2,0.0,-0.0272,-0.1896,-2.56
72.268,0.0,-0.2,0.0,-0.0272,-0.1896,-2.56
72.319,0.0,-0.2,0.0,-0.0272,-0.1896,-2.56
72.37,0.0,-0.2,0.0,-0.0272,-0.1896,-2.56
72.421,0.0,-0.2,0.0,-0.0272,-0.1896,-2.56
72.472,0.0,-0.2,0.0,-0.0272,-0.1896,-2.56
72.525,0.0,-0.2,0.0,-0.0272,-0.1896,-2.56
72.58,0.0,-0.2,0.0,-0.0272,-0.1896,-2.56
72.632,0.0,-0.2,0.0,-0.0272,-0.1896,-2.56
72.687,0.0,-0.2,0.0,-0.0272,-0.1896,-2.56
72.739,0.0,-0.2,0.0,-0.0272,-0.1896,-2.56
72.812,0.0,-0.2,0.0,-0.0272,-0.1896,-2.56
72.862,0.0,-0.2,0.0,-0.0272,-0.1896,-2.56
72.914,0.0,-0.2,0.0,-0.0272,-0.1896,-2.56
72.965,0.0,-0.2,0.0,-0.0272,-0.1896,-2.55
73.016,0.0,-0.2,0.0,-0.0272,-0.1896,-2.55
73.067,0.0,-0.2,0.0,-0.0272,-0.1896,-2.55
73.121,0.0,-0.2,0.0,-0.0272,-0.1896,-2.55
73.172,0.0,-0.2,0.0,-0.0272,-0.1896,-2.56
73.225,0.0,-0.2,0.0,-0.0272,-0.1896,-2.55
73.276,0.0,-0.2,0.0,-0.0272,-0.1896,-2.55
73.326,0.0,-0.2,0.0,-0.0272,-0.1896,-2.56
73.378,0.0,-0.2,0.0,-0.0272,-0.1896,-2.56
73.428,0.0,-0.2,0.0,-0.0272,-0.1896,-2.55
73.479,0.0,-0.2,0.0,-0.0272,-0.1896,-2.55
73.53,0.0,-0.2,0.0,-0.0272,-0.1896,-2.55
73.58,0.0,-0.2,0.0,-0.0272,-0.1896,-2.55
73.634,0.0,-0.2,0.0,-0.0272,-0.1896,-2.55
73.685,0.0,-0.2,0.0,-0.0272,-0.1896,-2.55
73.736,0.0,-0.2,0.0,-0.0272,-0.1896,-2.55
73.787,0.0,-0.2,0.0,-0.0272,-0.1896,-2.55
73.838,0.0,-0.2,0.0,-0.0272,-0.1896,-2.55
73.889,0.0,-0.2,0.0,-0.0272,-0.1896,-2.55
73.94,0.0,-0.2,0.0,-0.0272,-0.1896,-2.55
73.99,0.0,-0.2,0.0,-0.0272,-0.1896,-2.55
74.041,0.0,-0.2,0.0,-0.0272,-0.1896,-2.55
74.092,0.0,-0.2,0.0,-0.0272,-0.1896,-2.55
74.171,0.0,-0.2,0.0,-0.0272,-0.1896,-2.55
74.221,1.0,0.0,0.0,-0.0272,-0.1896,-2.55
74.273,1.0,0.0,0.0,-0.0252,-0.1888,-2.57
74.323,1.0,0.0,0.0,-0.0122,-0.1853,-2.87
74.374,1.0,0.0,0.0,-0.0063,-0.1836,-2.96
74.424,1.0,0.0,0.0,-0.0063,-0.1836,-2.96
74.475,1.0,0.0,0.0,0.0692,-0.1518,-2.68
74.526,1.0,0.0,0.0,0.0692,-0.1518,-2.68
74.576,1.0,0.0,0.0,0.1397,-0.1222,-2.32
74.627,1.0,0.0,0.0,0.1853,-0.1041,-2.17
74.677,1.0,0.0,0.0,0.1853,-0.1041,-2.17
74.728,1.0,0.0,0.0,0.1853,-0.1041,-2.17
74.778,1.0,0.0,0.0,0.319,-0.0611,-1.58
74.829,1.0,0.0,0.0,0.3608,-0.0509,-1.42
74.88,1.0,0.0,0.0,0.3993,-0.0426,-1.25
74.93,1.0,0.0,0.0,0.4403,-0.0349,-1.09
74.981,1.0,0.0,0.0,0.4902,-0.0267,-0.87
75.032,1.0,0.0,0.0,0.5383,-0.0202,-0.62
75.082,1.0,0.0,0.0,0.5635,-0.0171,-0.51
75.133,1.0,0.0,0.0,0.6308,-0.0099,-0.12
75.183,1.0,0.0,0.0,0.663,-0.0071,0.03
75.234,1.0,0.0,0.0,0.7022,-0.0047,0.22
75.285,1.0,0.0,0.0,0.7404,-0.0018,0.38
75.335,1.0,0.0,0.0,0.7943,0.0022,0.77
75.386,1.0,0.0,0.0,0.7943,0.0022,0.77
75.437,1.0,0.0,0.0,0.8415,0.0053,1.1
75.488,1.0,0.0,0.0,0.8952,0.0092,1.53
75.538,1.0,0.0,0.0,0.909,0.0098,1.61
75.589,1.0,0.0,0.0,0.9491,0.0129,1.89
75.64,1.0,0.0,0.0,0.9491,0.0129,1.89
75.691,1.0,0.0,0.0,1.0218,0.0174,2.55
75.742,1.0,0.0,0.0,1.0218,0.0174,2.55
75.793,1.0,0.0,0.0,1.0387,0.0184,2.93
75.843,1.0,0.0,0.0,1.0387,0.0184,2.93
75.894,1.0,0.0,0.0,1.0369,0.0178,2.89
75.944,1.0,0.0,0.0,1.0369,0.0178,2.89
75.995,1.0,0.0,0.0,1.0346,0.0177,2.92
76.046,1.0,0.0,0.0,1.0346,0.0176,2.92
76.096,1.0,0.0,0.0,1.0345,0.0176,2.92
76.147,1.0,0.0,0.0,1.0345,0.0176,2.92
76.198,1.0,0.0,0.0,1.0345,0.0176,2.92
76.248,1.0,0.0,0.0,1.0345,0.0176,2.92
76.299,1.0,0.0,0.0,1.0345,0.0176,2.92
76.349,1.0,0.0,0.0,1.0345,0.0176,2.92
76.4,1.0,0.0,0.0,1.0345,0.0176,2.92
76.451,1.0,0.0,0.0,1.0345,0.0176,2.92
76.502,1.0,0.0,0.0,1.0345,0.0176,2.92
76.552,1.0,0.0,0.0,1.0345,0.0176,2.92
76.603,1.0,0.0,0.0,1.0345,0.0176,2.92
76.654,1.0,0.0,0.0,1.0345,0.0176,2.92
76.704,1.0,0.0,0.0,1.0345,0.0176,2.92
76.754,1.0,0.0,0.0,1.0345,0.0177,2.93
76.805,1.0,0.0,0.0,1.0345,0.0177,2.93
76.856,1.0,0.0,0.0,1.0345,0.0177,2.93
76.909,1.0,0.0,0.0,1.0345,0.0177,2.93
76.96,1.0,0.0,0.0,1.0345,0.0177,2.93
77.011,1.0,0.0,0.0,1.0345,0.0177,2.93
77.061,1.0,0.0,0.0,1.0345,0.0177,2.93
77.112,1.0,0.0,0.0,1.0345,0.0177,2.93
77.162,1.0,0.0,0.0,1.0345,0.0177,2.93
77.214,1.0,0.0,0.0,1.0345,0.0177,2.93
77.264,1.0,0.0,0.0,1.0345,0.0177,2.93
77.315,1.0,0.0,0.0,1.0345,0.0177,2.93
77.366,1.0,0.0,0.0,1.0345,0.0177,2.93
77.416,1.0,0.0,0.0,1.0345,0.0177,2.93
77.467,1.0,0.0,0.0,1.0344,0.0177,2.94
77.517,1.0,0.0,0.0,1.0344,0.0177,2.94
77.568,1.0,0.0,0.0,1.0344,0.0177,2.94
77.618,1.0,0.0,0.0,1.0344,0.0177,2.94
77.668,1.0,0.0,0.0,1.0344,0.0177,2.94
77.719,1.0,0.0,0.0,1.0344,0.0177,2.94
77.769,1.0,0.0,0.0,1.0344,0.0177,2.94
77.82,1.0,0.0,0.0,1.0344,0.0177,2.94
77.871,1.0,0.0,0.0,1.0344,0.0177,2.94
77.921,1.0,0.0,0.0,1.0344,0.0177,2.94
77.972,1.0,0.0,0.0,1.0344,0.0177,2.94
78.022,1.0,0.0,0.0,1.0344,0.0177,2.94
78.073,1.0,0.0,0.0,1.0344,0.0177,2.94
78.123,1.0,0.0,0.0,1.0344,0.0177,2.94
78.174,1.0,0.0,0.0,1.0344,0.0177,2.94
78.265,1.0,0.0,0.0,1.0344,0.0177,2.94
78.315,1.0,0.0,0.0,1.0344,0.0177,2.94
78.366,1.0,0.0,0.0,1.0344,0.0177,2.94
78.417,1.0,0.0,0.0,1.0344,0.0177,2.94
78.468,1.0,0.0,0.0,1.0344,0.0177,2.94
78.519,1.0,0.0,0.0,1.0344,0.0177,2.94
78.569,1.0,0.0,0.0,1.0344,0.0177,2.94
78.619,1.0,0.0,0.0,1.0344,0.0177,2.94
78.67,1.0,0.0,0.0,1.0344,0.0177,2.94
78.721,1.0,0.0,0.0,1.0344,0.0177,2.94
78.772,1.0,0.0,0.0,1.0344,0.0177,2.94
78.823,1.0,0.0,0.0,1.0344,0.0177,2.94
78.873,1.0,0.0,0.0,1.0344,0.0177,2.94
78.924,1.0,0.0,0.0,1.0344,0.0177,2.94
78.976,1.0,0.0,0.0,1.0344,0.0177,2.94
79.026,1.0,0.0,0.0,1.0344,0.0177,2.94
79.078,1.0,0.0,0.0,1.0344,0.0177,2.94
79.128,1.0,0.0,0.0,1.0344,0.0177,2.94
79.179,1.0,0.0,0.0,1.0344,0.0177,2.94
79.23,1.0,0.0,0.0,1.0344,0.0177,2.94
79.28,1.0,0.0,0.0,1.0344,0.0177,2.94
79.331,1.0,0.0,0.0,1.0344,0.0177,2.94
79.381,1.0,0.0,0.0,1.0344,0.0177,2.94
79.432,1.0,0.0,0.0,1.0344,0.0177,2.94
79.483,1.0,0.0,0.0,1.0344,0.0177,2.94
79.533,1.0,0.0,0.0,1.0344,0.0177,2.94
79.619,1.0,0.0,0.0,1.0344,0.0177,2.94
79.67,1.0,0.0,0.0,1.0344,0.0177,2.94
79.72,1.0,0.0,0.0,1.0344,0.0177,2.94
79.771,1.0,0.0,0.0,1.0344,0.0177,2.94
79.822,1.0,0.0,0.0,1.0344,0.0177,2.94
79.872,1.0,0.0,0.0,1.0344,0.0177,2.94
79.923,1.0,0.0,0.0,1.0344,0.0177,2.94
79.973,1.0,0.0,0.0,1.0344,0.0177,2.94
80.024,1.0,0.0,0.0,1.0344,0.0177,2.94
80.075,1.0,0.0,0.0,1.0344,0.0177,2.94
80.126,1.0,0.0,0.0,1.0344,0.0177,2.94
80.177,1.0,0.0,0.0,1.0344,0.0177,2.94
80.227,1.0,0.0,0.0,1.0344,0.0177,2.94
80.278,1.0,0.0,0.0,1.0344,0.0177,2.94
80.328,1.0,0.0,0.0,1.0344,0.0177,2.94
80.379,1.0,0.0,0.0,1.0344,0.0177,2.94
80.43,1.0,0.0,0.0,1.0344,0.0177,2.94
80.48,1.0,0.0,0.0,1.0344,0.0177,2.94
80.531,1.0,0.0,0.0,1.0344,0.0177,2.94
80.581,1.0,0.0,0.0,1.0344,0.0177,2.94
80.632,1.0,0.0,0.0,1.0344,0.0177,2.94
80.682,1.0,0.0,0.0,1.0344,0.0177,2.94
80.733,1.0,0.0,0.0,1.0344,0.0177,2.94
80.785,1.0,0.0,0.0,1.0344,0.0177,2.94
80.835,1.0,0.0,0.0,1.0344,0.0177,2.94
80.886,1.0,0.0,0.0,1.0344,0.0177,2.94
80.936,1.0,0.0,0.0,1.0344,0.0177,2.94
80.994,1.0,0.0,0.0,1.0344,0.0177,2.94
81.044,1.0,0.0,0.0,1.0344,0.0177,2.94
81.095,1.0,0.0,0.0,1.0344,0.0177,2.94
81.146,1.0,0.0,0.0,1.0344,0.0177,2.94
81.197,1.0,0.0,0.0,1.0344,0.0177,2.94
81.248,1.0,0.0,0.0,1.0344,0.0177,2.94
81.298,1.0,0.0,0.0,1.0344,0.0177,2.94
81.349,1.0,0.0,0.0,1.0344,0.0177,2.94
81.399,1.0,0.0,0.0,1.0344,0.0177,2.94
81.45,1.0,0.0,0.0,1.0344,0.0177,2.94
81.501,1.0,0.0,0.0,1.0344,0.0177,2.93
81.552,1.0,0.0,0.0,1.0344,0.0177,2.93
81.602,1.0,0.0,0.0,1.0344,0.0177,2.93
81.653,1.0,0.0,0.0,1.0344,0.0177,2.94
81.703,1.0,0.0,0.0,1.0344,0.0177,2.94
81.754,1.0,0.0,0.0,1.0344,0.0177,2.93
81.804,1.0,0.0,0.0,1.0344,0.0177,2.93
81.855,1.0,0.0,0.0,1.0344,0.0177,2.93
81.906,1.0,0.0,0.0,1.0344,0.0177,2.93
81.956,1.0,0.0,0.0,1.0344,0.0177,2.93
82.007,1.0,0.0,0.0,1.0344,0.0177,2.93
82.058,1.0,0.0,0.0,1.0344,0.0177,2.93
82.108,1.0,0.0,0.0,1.0344,0.0177,2.93
82.159,1.0,0.0,0.0,1.0345,0.0176,2.92
82.209,1.0,0.0,0.0,1.0345,0.0176,2.92
82.26,1.0,0.0,0.0,1.0345,0.0176,2.92
82.31,1.0,0.0,0.0,1.0345,0.0176,2.92
82.361,1.0,0.0,0.0,1.0345,0.0176,2.92
82.411,1.0,0.0,0.0,1.0345,0.0176,2.92
82.462,1.0,0.0,0.0,1.0345,0.0176,2.92
82.513,1.0,0.0,0.0,1.0345,0.0176,2.92
82.564,1.0,0.0,0.0,1.0345,0.0176,2.92
82.614,1.0,0.0,0.0,1.0345,0.0176,2.92
82.664,1.0,0.0,0.0,1.0345,0.0176,2.92
82.715,1.0,0.0,0.0,1.0345,0.0176,2.92
82.766,1.0,0.0,0.0,1.0345,0.0176,2.91
82.817,1.0,0.0,0.0,1.0345,0.0176,2.91
82.867,1.0,0.0,0.0,1.0345,0.0176,2.91
82.918,1.0,0.0,0.0,1.0345,0.0176,2.91
82.968,1.0,0.0,0.0,1.0345,0.0176,2.92
83.019,1.0,0.0,0.0,1.0345,0.0176,2.92
83.07,1.0,0.0,0.0,1.0345,0.0176,2.92
83.12,1.0,0.0,0.0,1.0345,0.0176,2.91
83.171,1.0,0.0,0.0,1.0345,0.0176,2.92
83.222,1.0,0.0,0.0,1.0345,0.0176,2.92
83.273,1.0,0.0,0.0,1.0345,0.0176,2.92
83.323,1.0,0.0,0.0,1.0345,0.0176,2.92
83.374,1.0,0.0,0.0,1.0345,0.0176,2.91
83.425,1.0,0.0,0.0,1.0345,0.0176,2.91
83.475,1.0,0.0,0.0,1.0345,0.0176,2.91
83.526,1.0,0.0,0.0,1.0345,0.0176,2.91
83.576,1.0,0.0,0.0,1.0345,0.0176,2.91
83.627,1.0,0.0,0.0,1.0345,0.0176,2.91
83.678,1.0,0.0,0.0,1.0345,0.0176,2.92
83.729,1.0,0.0,0.0,1.0345,0.0176,2.92
83.78,1.0,0.0,0.0,1.0345,0.0176,2.91
83.831,1.0,0.0,0.0,1.0345,0.0176,2.91
83.881,1.0,0.0,0.0,1.0345,0.0176,2.91
83.932,1.0,0.0,0.0,1.0345,0.0176,2.91
83.982,1.0,0.0,0.0,1.0345,0.0176,2.92
84.033,1.0,0.0,0.0,1.0345,0.0176,2.92
84.084,1.0,0.0,0.0,1.0345,0.0176,2.91
84.135,1.0,0.0,0.0,1.0345,0.0176,2.91
84.186,1.0,0.0,0.0,1.0345,0.0176,2.91
84.237,1.0,0.0,0.0,1.0345,0.0176,2.92
84.288,1.0,0.0,0.0,1.0345,0.0176,2.92
84.339,1.0,0.0,0.0,1.0345,0.0176,2.92
84.39,1.0,0.0,0.0,1.0345,0.0176,2.91
84.44,1.0,0.0,0.0,1.0345,0.0176,2.91
84.491,1.0,0.0,0.0,1.0345,0.0176,2.91
84.542,1.0,0.0,0.0,1.0345,0.0176,2.91
84.592,1.0,0.0,0.0,1.0345,0.0176,2.91
84.643,1.0,0.0,0.0,1.0345,0.0176,2.91
84.693,1.0,0.0,0.0,1.0345,0.0176,2.91
84.744,1.0,0.0,0.0,1.0345,0.0176,2.91
84.794,1.0,0.0,0.0,1.0345,0.0176,2.91
84.845,1.0,0.0,0.0,1.0345,0.0176,2.91
84.896,1.0,0.0,0.0,1.0345,0.0176,2.91
84.947,1.0,0.0,0.0,1.0345,0.0176,2.91
84.998,1.0,0.0,0.0,1.0345,0.0176,2.91
85.048,1.0,0.0,0.0,1.0345,0.0176,2.91
85.099,1.0,0.0,0.0,1.0345,0.0176,2.91
85.15,1.0,0.0,0.0,1.0345,0.0176,2.91
85.2,1.0,0.0,0.0,1.0345,0.0176,2.91
85.251,1.0,0.0,0.0,1.0345,0.0176,2.91
85.302,1.0,0.0,0.0,1.0345,0.0176,2.91
85.352,1.0,0.0,0.0,1.0345,0.0176,2.91
85.403,1.0,0.0,0.0,1.0345,0.0176,2.92
85.453,1.0,0.0,0.0,1.0345,0.0176,2.92
85.504,1.0,0.0,0.0,1.0345,0.0176,2.92
85.554,1.0,0.0,0.0,1.0345,0.0176,2.92
85.605,1.0,0.0,0.0,1.0345,0.0176,2.92
85.656,1.0,0.0,0.0,1.0345,0.0176,2.92
85.707,1.0,0.0,0.0,1.0345,0.0176,2.92
85.757,1.0,0.0,0.0,1.0345,0.0176,2.92
85.808,1.0,0.0,0.0,1.0345,0.0176,2.92
85.859,1.0,0.0,0.0,1.0345,0.0176,2.92
85.91,1.0,0.0,0.0,1.0345,0.0176,2.92
85.96,1.0,0.0,0.0,1.0345,0.0176,2.91
86.011,1.0,0.0,0.0,1.0345,0.0176,2.92
86.062,1.0,0.0,0.0,1.0345,0.0176,2.92
86.113,1.0,0.0,0.0,1.0345,0.0176,2.92
86.163,1.0,0.0,0.0,1.0345,0.0176,2.92
86.214,1.0,0.0,0.0,1.0345,0.0176,2.92
86.265,1.0,0.0,0.0,1.0345,0.0176,2.92
86.316,1.0,0.0,0.0,1.0345,0.0176,2.92
86.366,1.0,0.0,0.0,1.0345,0.0176,2.92
86.449,1.0,0.0,0.0,1.0345,0.0176,2.92
86.5,1.0,0.0,0.0,1.0345,0.0176,2.92
86.551,1.0,0.0,0.0,1.0345,0.0176,2.92
86.602,1.0,0.0,0.0,1.0345,0.0176,2.92
86.652,1.0,0.0,0.0,1.0345,0.0176,2.92
86.703,1.0,0.0,0.0,1.0345,0.0176,2.92
86.753,1.0,0.0,0.0,1.0345,0.0176,2.92
86.804,1.0,0.0,0.0,1.0345,0.0176,2.92
86.855,1.0,0.0,0.0,1.0345,0.0176,2.92
86.906,1.0,0.0,0.0,1.0345,0.0176,2.92
86.956,1.0,0.0,0.0,1.0345,0.0176,2.91
87.007,1.0,0.0,0.0,1.0345,0.0176,2.91
87.058,1.0,0.0,0.0,1.0345,0.0176,2.91
87.108,1.0,0.0,0.0,1.0345,0.0176,2.91
87.159,1.0,0.0,0.0,1.0345,0.0176,2.91
87.21,1.0,0.0,0.0,1.0345,0.0176,2.91
87.261,1.0,0.0,0.0,1.0345,0.0176,2.91
87.311,1.0,0.0,0.0,1.0345,0.0176,2.91
87.362,1.0,0.0,0.0,1.0345,0.0176,2.91
87.413,1.0,0.0,0.0,1.0345,0.0176,2.91
87.463,1.0,0.0,0.0,1.0345,0.0176,2.91
87.514,1.0,0.0,0.0,1.0345,0.0176,2.91
87.564,1.0,0.0,0.0,1.0345,0.0176,2.91
87.615,1.0,0.0,0.0,1.0345,0.0176,2.91
87.666,1.0,0.0,0.0,1.0345,0.0176,2.91
87.716,1.0,0.0,0.0,1.0345,0.0176,2.91
87.806,1.0,0.0,0.0,1.0345,0.0176,2.91
87.857,1.0,0.0,0.0,1.0345,0.0176,2.91
87.907,1.0,0.0,0.0,1.0345,0.0176,2.91
87.958,1.0,0.0,0.0,1.0345,0.0176,2.91
88.008,1.0,0.0,0.0,1.0345,0.0176,2.91
88.059,1.0,0.0,0.0,1.0345,0.0176,2.91
88.109,1.0,0.0,0.0,1.0345,0.0176,2.91
88.16,1.0,0.0,0.0,1.0345,0.0176,2.91
88.21,1.0,0.0,0.0,1.0345,0.0176,2.91
88.261,1.0,0.0,0.0,1.0345,0.0176,2.91
88.312,1.0,0.0,0.0,1.0345,0.0176,2.91
88.362,1.0,0.0,0.0,1.0345,0.0176,2.91
88.413,1.0,0.0,0.0,1.0345,0.0176,2.91
88.463,1.0,0.0,0.0,1.0345,0.0176,2.91
88.513,1.0,0.0,0.0,1.0345,0.0176,2.91
88.564,1.0,0.0,0.0,1.0345,0.0176,2.91
88.615,1.0,0.0,0.0,1.0345,0.0176,2.91
88.665,1.0,0.0,0.0,1.0345,0.0176,2.91
88.716,1.0,0.0,0.0,1.0345,0.0176,2.91
88.767,1.0,0.0,0.0,1.0345,0.0176,2.91
88.817,1.0,0.0,0.0,1.0345,0.0176,2.91
88.868,1.0,0.0,0.0,1.0345,0.0176,2.91
88.919,1.0,0.0,0.0,1.0345,0.0176,2.9
88.969,1.0,0.0,0.0,1.0345,0.0176,2.9
89.02,1.0,0.0,0.0,1.0345,0.0176,2.9
89.07,1.0,0.0,0.0,1.0345,0.0176,2.9
89.121,1.0,0.0,0.0,1.0345,0.0176,2.9
89.172,1.0,0.0,0.0,1.0345,0.0176,2.9
89.223,1.0,0.0,0.0,1.0346,0.0175,2.89
89.273,1.0,0.0,0.0,1.0346,0.0175,2.89
89.323,1.0,0.0,0.0,1.0345,0.0176,2.9
89.375,1.0,0.0,0.0,1.0345,0.0176,2.9
89.425,1.0,0.0,0.0,1.0345,0.0176,2.9
89.476,1.0,0.0,0.0,1.0345,0.0176,2.9
89.527,1.0,0.0,0.0,1.0345,0.0176,2.9
89.577,1.0,0.0,0.0,1.0345,0.0176,2.9
89.628,1.0,0.0,0.0,1.0345,0.0176,2.9
89.678,1.0,0.0,0.0,1.0345,0.0176,2.9
89.729,1.0,0.0,0.0,1.0345,0.0176,2.9
89.78,1.0,0.0,0.0,1.0345,0.0176,2.9
89.83,1.0,0.0,0.0,1.0345,0.0176,2.9
89.881,1.0,0.0,0.0,1.0345,0.0176,2.9
89.932,1.0,0.0,0.0,1.0345,0.0176,2.9
89.983,1.0,0.0,0.0,1.0345,0.0176,2.9
90.034,1.0,0.0,0.0,1.0345,0.0176,2.9
90.084,1.0,0.0,0.0,1.0345,0.0176,2.9
90.135,1.0,0.0,0.0,1.0345,0.0176,2.9
90.186,1.0,0.0,0.0,1.0345,0.0176,2.9
90.236,1.0,0.0,0.0,1.0345,0.0176,2.9
90.287,1.0,0.0,0.0,1.0345,0.0176,2.9
90.338,1.0,0.0,0.0,1.0345,0.0176,2.9
90.389,1.0,0.0,0.0,1.0345,0.0176,2.9
90.44,1.0,0.0,0.0,1.0345,0.0176,2.9
90.49,1.0,0.0,0.0,1.0345,0.0176,2.9
90.541,1.0,0.0,0.0,1.0345,0.0176,2.9
90.592,1.0,0.0,0.0,1.0345,0.0176,2.9
90.642,1.0,0.0,0.0,1.0345,0.0176,2.9
90.693,1.0,0.0,0.0,1.0345,0.0176,2.9
90.744,1.0,0.0,0.0,1.0345,0.0176,2.9
90.795,1.0,0.0,0.0,1.0345,0.0176,2.9
90.845,1.0,0.0,0.0,1.0345,0.0176,2.9
90.896,1.0,0.0,0.0,1.0345,0.0176,2.9
90.946,1.0,0.0,0.0,1.0345,0.0176,2.9
90.997,1.0,0.0,0.0,1.0345,0.0176,2.9
91.048,1.0,0.0,0.0,1.0345,0.0176,2.9
91.099,1.0,0.0,0.0,1.0345,0.0176,2.9
91.149,1.0,0.0,0.0,1.0345,0.0176,2.9
91.201,1.0,0.0,0.0,1.0345,0.0176,2.9
91.252,1.0,0.0,0.0,1.0345,0.0176,2.9
91.302,1.0,0.0,0.0,1.0345,0.0176,2.9
91.353,1.0,0.0,0.0,1.0345,0.0176,2.9
91.404,1.0,0.0,0.0,1.0345,0.0176,2.9
91.454,1.0,0.0,0.0,1.0345,0.0176,2.9
91.505,1.0,0.0,0.0,1.0345,0.0176,2.9
91.556,1.0,0.0,0.0,1.0345,0.0176,2.9
91.607,1.0,0.0,0.0,1.0345,0.0176,2.9
91.657,1.0,0.0,0.0,1.0345,0.0176,2.9
91.708,1.0,0.0,0.0,1.0345,0.0176,2.9
91.759,1.0,0.0,0.0,1.0345,0.0176,2.9
91.81,1.0,0.0,0.0,1.0345,0.0176,2.9
91.897,1.0,0.0,0.0,1.0345,0.0176,2.9
91.948,1.0,0.0,0.0,1.0345,0.0176,2.9
91.999,1.0,0.0,0.0,1.0345,0.0176,2.9
92.05,1.0,0.0,0.0,1.0345,0.0176,2.9
92.1,1.0,0.0,0.0,1.0345,0.0176,2.9
92.151,1.0,0.0,0.0,1.0345,0.0176,2.9
92.202,1.0,0.0,0.0,1.0345,0.0176,2.9
92.252,1.0,0.0,0.0,1.0345,0.0176,2.9
92.303,1.0,0.0,0.0,1.0345,0.0176,2.9
92.353,1.0,0.0,0.0,1.0345,0.0176,2.9
92.404,1.0,0.0,0.0,1.0345,0.0176,2.9
92.454,1.0,0.0,0.0,1.0345,0.0176,2.9
92.505,1.0,0.0,0.0,1.0345,0.0176,2.9
92.555,1.0,0.0,0.0,1.0345,0.0176,2.9
92.608,1.0,0.0,0.0,1.0345,0.0176,2.9
92.658,1.0,0.0,0.0,1.0345,0.0176,2.9
92.709,1.0,0.0,0.0,1.0345,0.0176,2.9
92.759,1.0,0.0,0.0,1.0345,0.0176,2.9
92.81,1.0,0.0,0.0,1.0345,0.0176,2.9
92.861,1.0,0.0,0.0,1.0345,0.0176,2.9
92.912,1.0,0.0,0.0,1.0345,0.0176,2.9
92.962,1.0,0.0,0.0,1.0345,0.0176,2.9
93.013,1.0,0.0,0.0,1.0345,0.0176,2.9
93.064,1.0,0.0,0.0,1.0345,0.0176,2.9
93.114,1.0,0.0,0.0,1.0345,0.0176,2.9
93.165,1.0,0.0,0.0,1.0345,0.0176,2.9
93.215,1.0,0.0,0.0,1.0345,0.0176,2.9
93.266,1.0,0.0,0.0,1.0345,0.0176,2.9
93.316,1.0,0.0,0.0,1.0345,0.0176,2.9
93.367,1.0,0.0,0.0,1.0345,0.0176,2.9
93.418,1.0,0.0,0.0,1.0345,0.0176,2.9
93.469,1.0,0.0,0.0,1.0345,0.0176,2.9
93.519,1.0,0.0,0.0,1.0345,0.0176,2.9
93.57,1.0,0.0,0.0,1.0345,0.0176,2.9
93.62,1.0,0.0,0.0,1.0345,0.0176,2.9
93.671,1.0,0.0,0.0,1.0345,0.0176,2.9
93.721,1.0,0.0,0.0,1.0345,0.0176,2.9
93.772,1.0,0.0,0.0,1.0345,0.0176,2.9
93.824,1.0,0.0,0.0,1.0345,0.0176,2.9
93.875,1.0,0.0,0.0,1.0345,0.0176,2.9
93.925,1.0,0.0,0.0,1.0345,0.0176,2.9
93.976,1.0,0.0,0.0,1.0345,0.0176,2.9
94.027,1.0,0.0,0.0,1.0345,0.0176,2.9
94.078,1.0,0.0,0.0,1.0345,0.0176,2.9
94.128,1.0,0.0,0.0,1.0345,0.0176,2.9
94.179,1.0,0.0,0.0,1.0345,0.0176,2.9
94.229,1.0,0.0,0.0,1.0345,0.0176,2.9
94.281,1.0,0.0,0.0,1.0345,0.0176,2.9
94.331,1.0,0.0,0.0,1.0345,0.0176,2.9
94.382,1.0,0.0,0.0,1.0345,0.0176,2.9
94.433,1.0,0.0,0.0,1.0345,0.0176,2.9
94.483,1.0,0.0,0.0,1.0345,0.0176,2.9
94.534,1.0,0.0,0.0,1.0345,0.0176,2.9
94.584,1.0,0.0,0.0,1.0345,0.0176,2.9
94.635,1.0,0.0,0.0,1.0345,0.0176,2.9
94.686,1.0,0.0,0.0,1.0345,0.0176,2.9
94.737,1.0,0.0,0.0,1.0345,0.0176,2.9
94.787,1.0,0.0,0.0,1.0345,0.0176,2.9
94.838,1.0,0.0,0.0,1.0345,0.0176,2.9
94.889,1.0,0.0,0.0,1.0345,0.0176,2.9
94.94,1.0,0.0,0.0,1.0345,0.0176,2.9
94.992,1.0,0.0,0.0,1.0345,0.0176,2.9
95.043,1.0,0.0,0.0,1.0345,0.0176,2.9
95.093,1.0,0.0,0.0,1.0345,0.0176,2.9
95.144,1.0,0.0,0.0,1.0345,0.0176,2.9
95.195,1.0,0.0,0.0,1.0345,0.0176,2.9
95.246,1.0,0.0,0.0,1.0345,0.0176,2.9
95.296,1.0,0.0,0.0,1.0345,0.0176,2.9
95.347,1.0,0.0,0.0,1.0345,0.0176,2.9
95.397,1.0,0.0,0.0,1.0345,0.0176,2.9
95.448,1.0,0.0,0.0,1.0345,0.0176,2.9
95.498,1.0,0.0,0.0,1.0345,0.0176,2.9
95.549,1.0,0.0,0.0,1.0345,0.0176,2.9
95.599,1.0,0.0,0.0,1.0345,0.0176,2.9
95.65,1.0,0.0,0.0,1.0345,0.0176,2.9
95.7,1.0,0.0,0.0,1.0345,0.0176,2.9
95.751,1.0,0.0,0.0,1.0345,0.0176,2.9
95.802,1.0,0.0,0.0,1.0345,0.0176,2.9
95.852,1.0,0.0,0.0,1.0345,0.0176,2.9
95.903,1.0,0.0,0.0,1.0345,0.0176,2.9
95.953,1.0,0.0,0.0,1.0345,0.0176,2.9
96.004,1.0,0.0,0.0,1.0345,0.0176,2.9
96.056,1.0,0.0,0.0,-0.0,0.0,-0.0
96.106,1.0,0.0,0.0,-0.0,0.0,-0.0
96.156,1.0,0.0,0.0,-0.0,0.0,-0.0
96.208,1.0,0.0,0.0,-0.0,0.0,-0.0
96.259,1.0,0.0,0.0,-0.0,0.0,-0.0
96.309,1.0,0.0,0.0,-0.0,0.0,-0.0
96.36,1.0,0.0,0.0,-0.0,0.0,-0.0
96.411,1.0,0.0,0.0,-0.0,0.0,-0.0
96.461,1.0,0.0,0.0,0.0,-0.0,-0.0
96.512,1.0,0.0,0.0,0.0,-0.0,-0.0
96.562,1.0,0.0,0.0,0.0,-0.0,-0.0
96.613,1.0,0.0,0.0,0.0,-0.0,-0.0
96.663,1.0,0.0,0.0,0.0,-0.0,-0.0
96.714,1.0,0.0,0.0,0.0,-0.0,-0.0
96.765,1.0,0.0,0.0,-0.0,0.0,-0.0
96.815,1.0,0.0,0.0,-0.0,0.0,-0.0
96.866,1.0,0.0,0.0,-0.0,0.0,-0.0
96.916,1.0,0.0,0.0,-0.0,0.0,-0.0
96.967,1.0,0.0,0.0,-0.0,0.0,-0.0
97.018,1.0,0.0,0.0,-0.0,0.0,-0.0
97.069,1.0,0.0,0.0,-0.0,0.0,-0.0
97.119,1.0,0.0,0.0,-0.0,0.0,-0.0
97.17,1.0,0.0,0.0,-0.0,0.0,-0.0
97.222,1.0,0.0,0.0,-0.0,0.0,-0.0
97.272,1.0,0.0,0.0,-0.0,0.0,-0.0
97.354,1.0,0.0,0.0,-0.0,0.0,-0.0
97.405,1.0,0.0,0.0,-0.0,0.0,-0.0
97.455,1.0,0.0,0.0,-0.0,0.0,0.0
97.506,1.0,0.0,0.0,-0.0,0.0,0.0
97.556,1.0,0.0,0.0,-0.0,0.0,0.0
97.607,1.0,0.0,0.0,-0.0,0.0,0.0
97.662,1.0,0.0,0.0,-0.0,0.0,0.0
97.716,1.0,0.0,0.0,-0.0,0.0,0.0
97.768,1.0,0.0,0.0,-0.0,0.0,0.0
97.82,1.0,0.0,0.0,-0.0,0.0,0.0
97.87,1.0,0.0,0.0,-0.0,0.0,0.0
97.922,1.0,0.0,0.0,-0.0,0.0,0.0
97.973,1.0,0.0,0.0,-0.0,0.0,0.0
98.024,1.0,0.0,0.0,-0.0,0.0,0.0
98.075,1.0,0.0,0.0,-0.0,0.0,0.0
98.128,1.0,0.0,0.0,-0.0,0.0,0.0
98.18,1.0,0.0,0.0,-0.0,0.0,0.0
98.23,1.0,0.0,0.0,-0.0,0.0,-0.0
98.281,1.0,0.0,0.0,-0.0,0.0,-0.0
98.332,1.0,0.0,0.0,-0.0,0.0,-0.0
98.382,1.0,0.0,0.0,-0.0,0.0,-0.0
98.433,1.0,0.0,0.0,-0.0,0.0,0.0
98.483,1.0,0.0,0.0,-0.0,0.0,-0.0
98.533,1.0,0.0,0.0,-0.0,0.0,-0.0
98.588,1.0,0.0,0.0,-0.0,0.0,-0.0
98.638,1.0,0.0,0.0,0.0,-0.0,-0.0
98.689,1.0,0.0,0.0,0.0,-0.0,-0.0
98.739,1.0,0.0,0.0,0.0,-0.0,-0.01
98.79,1.0,0.0,0.0,0.0,-0.0,-0.01
98.841,1.0,0.0,0.0,0.0,-0.0,-0.0
98.892,1.0,0.0,0.0,0.0,-0.0,-0.0
98.942,1.0,0.0,0.0,0.0,-0.0,-0.01
98.993,1.0,0.0,0.0,0.0,-0.0,-0.0
99.044,1.0,0.0,0.0,0.0,-0.0,-0.0
99.094,1.0,0.0,0.0,0.0,-0.0,-0.0
99.146,1.0,0.0,0.0,0.0,-0.0,-0.0
99.196,1.0,0.0,0.0,0.0,-0.0,-0.0
99.247,1.0,0.0,0.0,0.0,-0.0,-0.0
99.298,1.0,0.0,0.0,0.0,-0.0,-0.0
99.349,1.0,0.0,0.0,0.0,-0.0,-0.0
99.399,1.0,0.0,0.0,0.0,-0.0,-0.0
99.449,1.0,0.0,360.0,0.0,-0.0,-0.0
99.5,1.0,0.0,360.0,0.0,-0.0,-0.0
99.551,1.0,0.0,360.0,0.0104,0.0035,0.34
99.601,1.0,0.0,360.0,0.0104,0.0035,0.34
99.652,1.0,0.0,360.0,0.0583,0.0098,0.57
99.702,1.0,0.0,360.0,0.0583,0.0098,0.57
99.753,1.0,0.0,360.0,0.136,0.0125,0.64
99.804,1.0,0.0,360.0,0.174,0.0123,0.7
99.855,1.0,0.0,360.0,0.1992,0.0119,0.75
99.905,1.0,0.0,360.0,0.1992,0.0119,0.75
99.956,1.0,0.0,360.0,0.3045,0.0111,0.91
100.007,1.0,0.0,360.0,0.3045,0.0111,0.91
100.081,1.0,0.0,360.0,0.3885,0.0116,1.04
100.132,1.0,0.0,360.0,0.4346,0.012,1.13
100.182,1.0,0.0,360.0,0.4489,0.0122,1.16
100.233,1.0,0.0,360.0,0.4489,0.0122,1.16
100.283,1.0,0.0,360.0,0.5743,0.0111,1.44
100.334,1.0,0.0,360.0,0.5893,0.0108,1.47
100.384,1.0,0.0,360.0,0.6438,0.0118,1.62
100.435,1.0,0.0,360.0,0.6966,0.0129,1.74
100.486,1.0,0.0,360.0,0.7103,0.0131,1.78
100.536,1.0,0.0,360.0,0.7103,0.0131,1.78
100.587,1.0,0.0,360.0,0.8071,0.0146,2.11
100.639,1.0,0.0,360.0,0.8179,0.0146,2.14
100.69,1.0,0.0,360.0,0.8714,0.0151,2.43
100.741,1.0,0.0,360.0,0.8714,0.0151,2.43
100.791,1.0,0.0,360.0,0.9385,0.0184,2.46
100.842,1.0,0.0,360.0,0.9716,0.0194,2.58
100.893,1.0,0.0,360.0,0.9915,0.0202,2.63
100.943,1.0,0.0,360.0,0.9915,0.0202,2.63
100.994,1.0,0.0,360.0,1.0333,0.0193,2.69
101.044,1.0,0.0,360.0,1.0358,0.0187,2.8
101.095,1.0,0.0,360.0,1.0355,0.0181,2.84
101.146,1.0,0.0,360.0,1.0336,0.0185,2.95
101.197,1.0,0.0,360.0,1.0336,0.0185,2.95
101.248,1.0,0.0,360.0,1.0326,0.0183,3.05
101.298,1.0,0.0,360.0,1.0325,0.0179,3.04
101.349,1.0,0.0,360.0,1.0322,0.0179,3.05
101.4,1.0,0.0,360.0,1.0322,0.0178,3.06
101.451,1.0,0.0,360.0,1.0322,0.0178,3.06
101.502,1.0,0.0,360.0,1.0322,0.0177,3.07
101.552,1.0,0.0,360.0,1.0322,0.0177,3.07
101.603,1.0,0.0,360.0,1.0322,0.0177,3.08
101.654,1.0,0.0,360.0,1.0322,0.0177,3.08
101.704,1.0,0.0,360.0,1.0322,0.0177,3.08
101.755,1.0,0.0,360.0,1.0322,0.0177,3.08
101.805,1.0,0.0,360.0,1.0322,0.0177,3.08
101.856,1.0,0.0,360.0,1.0322,0.0177,3.08
101.906,1.0,0.0,360.0,1.0322,0.0177,3.08
101.957,1.0,0.0,360.0,1.0322,0.0176,3.08
102.008,1.0,0.0,360.0,1.0322,0.0176,3.08
102.059,1.0,0.0,360.0,1.0322,0.0176,3.08
102.11,1.0,0.0,360.0,1.0322,0.0176,3.08
102.161,1.0,0.0,360.0,1.0322,0.0176,3.08
102.212,1.0,0.0,360.0,1.0322,0.0176,3.08
102.263,1.0,0.0,360.0,1.0322,0.0176,3.08
102.313,1.0,0.0,360.0,1.0322,0.0176,3.08
102.364,1.0,0.0,360.0,1.0322,0.0176,3.08
102.414,1.0,0.0,360.0,1.0322,0.0176,3.08
102.465,1.0,0.0,360.0,1.0321,0.0176,3.08
102.516,1.0,0.0,360.0,1.0321,0.0176,3.08
102.567,1.0,0.0,360.0,1.0321,0.0176,3.08
102.618,1.0,0.0,360.0,1.0321,0.0176,3.08
102.669,1.0,0.0,360.0,1.0321,0.0176,3.08
102.72,1.0,0.0,360.0,1.0321,0.0176,3.08
102.799,1.0,0.0,360.0,1.0321,0.0176,3.08
102.85,1.0,0.0,360.0,1.0321,0.0175,3.07
102.901,1.0,0.0,360.0,1.0321,0.0175,3.07
102.952,1.0,0.0,360.0,1.0321,0.0175,3.07
103.003,1.0,0.0,360.0,1.0321,0.0175,3.07
103.054,1.0,0.0,360.0,1.0321,0.0175,3.07
103.104,1.0,0.0,360.0,1.0321,0.0175,3.07
103.155,1.0,0.0,360.0,1.0321,0.0175,3.07
103.205,1.0,0.0,360.0,1.0321,0.0175,3.07
103.256,1.0,0.0,360.0,1.0321,0.0175,3.07
103.307,1.0,0.0,360.0,1.0321,0.0175,3.07
103.358,1.0,0.0,360.0,1.0321,0.0175,3.07
103.409,1.0,0.0,360.0,1.0321,0.0175,3.07
103.46,1.0,0.0,360.0,1.0321,0.0175,3.07
103.51,1.0,0.0,360.0,1.0321,0.0175,3.07
103.561,1.0,0.0,360.0,1.0321,0.0175,3.07
103.612,1.0,0.0,360.0,1.0321,0.0175,3.07
103.662,1.0,0.0,360.0,1.0321,0.0175,3.07
103.713,1.0,0.0,360.0,1.0321,0.0175,3.07
103.763,1.0,0.0,360.0,1.0321,0.0175,3.07
103.814,1.0,0.0,360.0,1.0321,0.0175,3.07
103.864,1.0,0.0,360.0,1.0321,0.0175,3.07
103.915,1.0,0.0,360.0,1.0321,0.0175,3.07
103.966,1.0,0.0,360.0,1.0321,0.0175,3.07
104.016,1.0,0.0,360.0,1.0321,0.0175,3.07
104.067,1.0,0.0,360.0,1.0321,0.0175,3.07
104.117,1.0,0.0,360.0,1.0321,0.0175,3.07
104.168,1.0,0.0,360.0,1.0322,0.0175,3.07
104.219,1.0,0.0,360.0,1.0322,0.0175,3.07
104.27,1.0,0.0,360.0,1.0322,0.0175,3.07
104.32,1.0,0.0,360.0,1.0322,0.0175,3.07
104.371,1.0,0.0,360.0,1.0321,0.0175,3.07
104.422,1.0,0.0,360.0,1.0321,0.0175,3.07
104.472,1.0,0.0,360.0,1.0321,0.0175,3.07
104.523,1.0,0.0,360.0,1.0321,0.0175,3.07
104.574,1.0,0.0,360.0,1.0321,0.0175,3.07
104.624,1.0,0.0,360.0,1.0321,0.0175,3.07
104.676,1.0,0.0,360.0,1.0322,0.0175,3.07
104.726,1.0,0.0,360.0,1.0321,0.0175,3.07
104.777,1.0,0.0,360.0,1.0321,0.0175,3.07
104.827,1.0,0.0,360.0,1.0321,0.0175,3.07
104.878,1.0,0.0,360.0,1.0321,0.0175,3.07
104.929,1.0,0.0,360.0,1.0321,0.0175,3.07
104.979,1.0,0.0,360.0,1.0321,0.0175,3.08
105.03,1.0,0.0,360.0,1.0321,0.0175,3.08
105.08,1.0,0.0,360.0,1.0321,0.0175,3.07
105.131,1.0,0.0,360.0,1.0321,0.0175,3.07
105.182,1.0,0.0,360.0,1.0321,0.0175,3.08
105.233,1.0,0.0,360.0,1.0321,0.0175,3.08
105.284,1.0,0.0,360.0,1.0321,0.0175,3.08
105.335,1.0,0.0,360.0,1.0321,0.0175,3.08
105.385,1.0,0.0,360.0,1.0321,0.0175,3.08
105.436,1.0,0.0,360.0,1.0321,0.0175,3.08
105.52,1.0,0.0,360.0,1.0321,0.0175,3.08
105.57,1.0,0.0,360.0,1.0321,0.0175,3.08
105.622,1.0,0.0,360.0,1.0321,0.0175,3.08
105.673,1.0,0.0,360.0,1.0321,0.0175,3.08
105.723,1.0,0.0,360.0,1.0321,0.0175,3.08
105.775,1.0,0.0,360.0,1.0321,0.0175,3.08
105.827,1.0,0.0,360.0,1.0321,0.0175,3.08
105.878,1.0,0.0,360.0,1.0321,0.0175,3.08
105.929,1.0,0.0,360.0,1.0321,0.0175,3.08
105.98,1.0,0.0,360.0,1.0321,0.0175,3.08
106.03,1.0,0.0,360.0,1.0321,0.0175,3.08
106.081,1.0,0.0,360.0,1.0321,0.0175,3.08
106.132,1.0,0.0,360.0,1.0321,0.0175,3.08
106.183,1.0,0.0,360.0,1.0321,0.0175,3.08
106.233,1.0,0.0,360.0,1.0321,0.0176,3.08
106.285,1.0,0.0,360.0,1.0321,0.0175,3.08
106.335,1.0,0.0,360.0,1.0321,0.0176,3.08
106.386,1.0,0.0,360.0,1.0321,0.0175,3.08
106.437,1.0,0.0,360.0,1.0321,0.0175,3.08
106.488,1.0,0.0,360.0,1.0321,0.0175,3.08
106.538,1.0,0.0,360.0,1.0321,0.0175,3.08
106.589,1.0,0.0,360.0,1.0321,0.0176,3.08
106.64,1.0,0.0,360.0,1.0321,0.0176,3.08
106.691,1.0,0.0,360.0,1.0321,0.0176,3.08
106.741,1.0,0.0,360.0,1.0321,0.0176,3.08
106.792,1.0,0.0,360.0,1.0321,0.0176,3.08
106.842,1.0,0.0,360.0,1.0321,0.0176,3.08
106.894,1.0,0.0,360.0,1.0321,0.0176,3.08
106.945,1.0,0.0,360.0,1.0321,0.0176,3.08
106.996,1.0,0.0,360.0,1.0321,0.0176,3.08
107.047,1.0,0.0,360.0,1.0321,0.0176,3.08
107.098,1.0,0.0,360.0,1.0321,0.0176,3.08
107.148,1.0,0.0,360.0,1.0321,0.0176,3.08
107.199,1.0,0.0,360.0,1.0321,0.0176,3.08
107.25,1.0,0.0,360.0,1.0321,0.0176,3.08
107.301,1.0,0.0,360.0,1.0321,0.0176,3.08
107.352,1.0,0.0,360.0,1.0321,0.0176,3.08
107.402,1.0,0.0,360.0,1.0321,0.0176,3.08
107.453,1.0,0.0,360.0,1.0321,0.0176,3.08
107.504,1.0,0.0,360.0,1.0321,0.0176,3.09
107.554,1.0,0.0,360.0,1.0321,0.0176,3.09
107.605,1.0,0.0,360.0,1.0321,0.0176,3.09
107.656,1.0,0.0,360.0,1.0321,0.0176,3.08
107.706,1.0,0.0,360.0,1.0321,0.0176,3.08
107.756,1.0,0.0,360.0,1.0321,0.0176,3.08
107.807,1.0,0.0,360.0,1.0321,0.0176,3.08
107.857,1.0,0.0,360.0,1.0321,0.0176,3.08
107.908,1.0,0.0,360.0,1.0321,0.0176,3.08
107.958,1.0,0.0,360.0,1.0321,0.0176,3.08
108.009,1.0,0.0,360.0,1.0321,0.0176,3.08
108.06,1.0,0.0,360.0,1.0321,0.0176,3.08
108.11,1.0,0.0,360.0,1.0321,0.0176,3.08
108.161,1.0,0.0,360.0,1.0321,0.0176,3.08
108.228,1.0,0.0,360.0,1.0321,0.0176,3.08
108.279,1.0,0.0,360.0,1.0321,0.0176,3.08
108.329,1.0,0.0,360.0,1.0321,0.0176,3.08
108.38,1.0,0.0,360.0,1.0321,0.0176,3.08
108.431,1.0,0.0,360.0,1.0321,0.0176,3.08
108.481,1.0,0.0,360.0,1.0321,0.0176,3.08
108.532,1.0,0.0,360.0,1.0321,0.0176,3.08
108.582,1.0,0.0,360.0,1.0321,0.0176,3.08
108.633,1.0,0.0,360.0,1.0321,0.0176,3.08
108.683,1.0,0.0,360.0,1.0321,0.0176,3.08
108.734,1.0,0.0,360.0,1.0321,0.0176,3.08
108.784,1.0,0.0,360.0,1.0321,0.0176,3.08
108.835,1.0,0.0,360.0,1.0321,0.0176,3.08
108.886,1.0,0.0,360.0,1.0321,0.0176,3.08
108.937,1.0,0.0,360.0,1.0321,0.0176,3.08
108.988,1.0,0.0,360.0,1.0321,0.0176,3.08
109.038,1.0,0.0,360.0,1.0321,0.0176,3.08
109.089,1.0,0.0,360.0,1.0321,0.0176,3.08
109.14,1.0,0.0,360.0,1.0321,0.0176,3.09
109.19,1.0,0.0,360.0,1.0321,0.0176,3.09
109.241,1.0,0.0,360.0,1.0321,0.0176,3.09
109.292,1.0,0.0,360.0,1.0321,0.0176,3.09
109.342,1.0,0.0,360.0,1.0321,0.0176,3.09
109.393,1.0,0.0,360.0,1.0321,0.0176,3.09
109.443,1.0,0.0,360.0,1.0321,0.0176,3.09
109.494,1.0,0.0,360.0,1.0321,0.0176,3.09
109.545,1.0,0.0,360.0,1.0321,0.0176,3.09
109.611,1.0,0.0,360.0,1.0321,0.0176,3.09
109.661,1.0,0.0,360.0,1.0321,0.0176,3.09
109.712,1.0,0.0,360.0,1.0321,0.0176,3.09
109.763,1.0,0.0,360.0,1.0321,0.0176,3.09
109.814,1.0,0.0,360.0,1.0321,0.0176,3.09
109.865,1.0,0.0,360.0,1.0321,0.0176,3.09
109.915,1.0,0.0,360.0,1.0321,0.0176,3.09
109.966,1.0,0.0,360.0,1.0321,0.0176,3.09
110.017,1.0,0.0,360.0,1.0321,0.0176,3.09
110.068,1.0,0.0,360.0,1.0321,0.0176,3.09
110.119,1.0,0.0,360.0,1.0321,0.0176,3.09
110.17,1.0,0.0,360.0,1.0321,0.0176,3.09
110.221,1.0,0.0,360.0,1.0321,0.0176,3.09
110.272,1.0,0.0,360.0,1.0321,0.0176,3.09
110.323,1.0,0.0,360.0,1.0321,0.0176,3.09
110.373,1.0,0.0,360.0,1.0321,0.0176,3.09
110.424,1.0,0.0,360.0,1.0321,0.0176,3.09
110.474,1.0,0.0,360.0,1.0321,0.0176,3.09
110.525,1.0,0.0,360.0,1.0321,0.0176,3.09
110.576,1.0,0.0,360.0,1.0321,0.0176,3.09
110.626,1.0,0.0,360.0,1.0321,0.0176,3.09
110.677,1.0,0.0,360.0,1.0321,0.0176,3.09
110.731,1.0,0.0,360.0,1.0321,0.0176,3.09
110.782,1.0,0.0,360.0,1.0321,0.0176,3.09
110.834,1.0,0.0,360.0,1.0321,0.0176,3.09
110.885,1.0,0.0,360.0,1.0321,0.0176,3.09
110.935,1.0,0.0,360.0,1.0321,0.0176,3.09
110.986,1.0,0.0,360.0,1.0321,0.0176,3.09
111.036,1.0,0.0,360.0,1.0321,0.0176,3.09
111.087,1.0,0.0,360.0,1.0321,0.0176,3.09
111.137,1.0,0.0,360.0,1.0321,0.0176,3.09
111.188,1.0,0.0,360.0,1.0321,0.0176,3.09
111.239,1.0,0.0,360.0,1.0321,0.0176,3.09
111.289,1.0,0.0,360.0,1.0321,0.0176,3.09
111.34,1.0,0.0,360.0,1.0321,0.0176,3.09
111.39,1.0,0.0,360.0,1.0321,0.0176,3.09
111.441,1.0,0.0,360.0,1.0321,0.0176,3.09
111.491,1.0,0.0,360.0,1.0321,0.0176,3.09
111.542,1.0,0.0,360.0,1.0321,0.0176,3.09
111.592,1.0,0.0,360.0,1.0321,0.0176,3.09
111.643,1.0,0.0,360.0,1.0321,0.0176,3.09
111.694,1.0,0.0,360.0,1.0321,0.0176,3.09
111.745,1.0,0.0,360.0,1.0321,0.0176,3.09
111.796,1.0,0.0,360.0,1.0321,0.0176,3.09
111.847,1.0,0.0,360.0,1.0321,0.0176,3.09
111.897,1.0,0.0,360.0,1.0321,0.0176,3.09
111.948,1.0,0.0,360.0,1.0321,0.0176,3.09
111.999,1.0,0.0,360.0,1.0321,0.0176,3.09
112.05,1.0,0.0,360.0,1.0321,0.0176,3.09
112.101,1.0,0.0,360.0,1.0321,0.0176,3.09
112.151,1.0,0.0,360.0,1.0321,0.0176,3.09
112.202,1.0,0.0,360.0,1.0321,0.0176,3.09
112.253,1.0,0.0,360.0,1.0321,0.0176,3.09
112.338,1.0,0.0,360.0,1.0321,0.0176,3.09
112.389,1.0,0.0,360.0,1.0321,0.0176,3.09
112.44,1.0,0.0,360.0,1.0321,0.0176,3.09
112.491,1.0,0.0,360.0,1.0321,0.0176,3.09
112.542,1.0,0.0,360.0,1.0321,0.0176,3.09
112.593,1.0,0.0,360.0,1.0321,0.0176,3.09
112.644,1.0,0.0,360.0,1.0321,0.0176,3.09
112.695,1.0,0.0,360.0,1.0321,0.0176,3.09
112.746,1.0,0.0,360.0,1.0321,0.0176,3.09
112.797,1.0,0.0,360.0,1.0321,0.0176,3.09
112.847,1.0,0.0,360.0,1.0321,0.0176,3.09
112.898,1.0,0.0,360.0,1.0321,0.0176,3.09
112.949,1.0,0.0,360.0,1.0321,0.0176,3.09
112.999,1.0,0.0,360.0,1.0321,0.0176,3.09
113.05,1.0,0.0,360.0,1.0321,0.0176,3.09
113.102,1.0,0.0,360.0,1.0321,0.0176,3.09
113.153,1.0,0.0,360.0,1.0321,0.0176,3.09
113.203,1.0,0.0,360.0,1.0321,0.0176,3.09
113.254,1.0,0.0,360.0,1.0321,0.0176,3.09
113.305,1.0,0.0,360.0,1.0321,0.0176,3.09
113.355,1.0,0.0,360.0,1.0321,0.0176,3.09
113.406,1.0,0.0,360.0,1.0321,0.0176,3.09
113.457,1.0,0.0,360.0,1.0321,0.0176,3.09
113.508,1.0,0.0,360.0,1.0321,0.0176,3.09
113.559,1.0,0.0,360.0,1.0321,0.0176,3.09
113.61,1.0,0.0,360.0,1.0321,0.0176,3.09
113.661,1.0,0.0,360.0,1.0321,0.0176,3.09
113.711,1.0,0.0,360.0,1.0321,0.0176,3.09
113.762,1.0,0.0,360.0,1.0321,0.0176,3.09
113.813,1.0,0.0,360.0,1.0321,0.0176,3.09
113.864,1.0,0.0,360.0,1.0321,0.0176,3.09
113.914,1.0,0.0,360.0,1.0321,0.0176,3.09
113.965,1.0,0.0,360.0,1.0321,0.0176,3.09
114.016,1.0,0.0,360.0,1.0321,0.0176,3.09
114.067,1.0,0.0,360.0,1.0321,0.0176,3.09
114.117,1.0,0.0,360.0,1.0321,0.0176,3.09
114.168,1.0,0.0,360.0,1.0321,0.0176,3.09
114.219,1.0,0.0,360.0,1.0321,0.0176,3.09
114.27,1.0,0.0,360.0,1.0321,0.0176,3.09
114.32,1.0,0.0,360.0,1.0321,0.0176,3.09
114.371,1.0,0.0,360.0,1.0321,0.0176,3.09
114.422,1.0,0.0,360.0,1.0321,0.0176,3.09
114.472,1.0,0.0,360.0,1.0321,0.0176,3.09
114.523,1.0,0.0,360.0,1.0321,0.0176,3.09
114.574,1.0,0.0,360.0,1.0321,0.0176,3.09
114.625,1.0,0.0,360.0,1.0321,0.0176,3.09
114.676,1.0,0.0,360.0,1.0321,0.0176,3.09
114.727,1.0,0.0,360.0,1.0321,0.0176,3.09
114.777,1.0,0.0,360.0,1.0321,0.0176,3.09
114.829,1.0,0.0,360.0,1.0321,0.0176,3.09
114.879,1.0,0.0,360.0,1.0321,0.0176,3.09
114.93,1.0,0.0,360.0,1.0321,0.0176,3.09
114.981,1.0,0.0,360.0,1.0321,0.0176,3.09
115.069,1.0,0.0,360.0,1.0321,0.0176,3.09
115.12,1.0,0.0,360.0,1.0321,0.0176,3.09
115.17,1.0,0.0,360.0,1.0321,0.0176,3.09
115.221,1.0,0.0,360.0,1.0321,0.0176,3.09
115.271,1.0,0.0,360.0,1.0321,0.0176,3.09
115.322,1.0,0.0,360.0,1.0321,0.0176,3.09
115.373,1.0,0.0,360.0,1.0321,0.0176,3.09
115.423,1.0,0.0,360.0,1.0321,0.0176,3.09
115.474,1.0,0.0,360.0,1.0321,0.0176,3.09
115.525,1.0,0.0,360.0,1.0321,0.0176,3.09
115.576,1.0,0.0,360.0,1.0321,0.0176,3.09
115.626,1.0,0.0,360.0,1.0321,0.0176,3.09
115.677,1.0,0.0,360.0,1.0321,0.0176,3.09
115.728,1.0,0.0,360.0,1.0321,0.0176,3.09
115.779,1.0,0.0,360.0,1.0321,0.0176,3.09
115.83,1.0,0.0,360.0,1.0321,0.0176,3.09
115.88,1.0,0.0,360.0,1.0321,0.0176,3.09
115.931,1.0,0.0,360.0,1.0321,0.0176,3.09
115.982,1.0,0.0,360.0,1.0321,0.0176,3.09
116.032,1.0,0.0,360.0,1.0321,0.0176,3.09
116.084,1.0,0.0,360.0,1.0321,0.0176,3.09
116.134,1.0,0.0,360.0,0.0,0.0,-0.0
116.185,1.0,0.0,360.0,0.0,0.0,-0.0
116.236,1.0,0.0,360.0,0.0,-0.0,-0.0
116.287,1.0,0.0,360.0,0.0,-0.0,-0.0
116.337,1.0,0.0,360.0,0.0,-0.0,-0.0
116.388,1.0,0.0,360.0,0.0,-0.0,-0.0
116.438,1.0,0.0,360.0,0.0,-0.0,-0.0
116.489,1.0,0.0,360.0,0.0,-0.0,-0.0
116.54,1.0,0.0,360.0,0.0,-0.0,-0.0
116.59,1.0,0.0,360.0,0.0,-0.0,-0.0
116.641,1.0,0.0,360.0,0.0,-0.0,-0.0
116.692,1.0,0.0,360.0,0.0,-0.0,-0.0
116.742,1.0,0.0,360.0,0.0,-0.0,-0.0
116.793,1.0,0.0,360.0,0.0,-0.0,-0.0
116.844,1.0,0.0,360.0,-0.0,0.0,0.0
116.895,1.0,0.0,360.0,-0.0,0.0,0.0
116.945,1.0,0.0,360.0,0.0,-0.0,-0.0
116.996,1.0,0.0,360.0,0.0,-0.0,-0.0
117.047,1.0,0.0,360.0,0.0,-0.0,-0.0
117.097,1.0,0.0,360.0,0.0,-0.0,-0.0
117.149,1.0,0.0,360.0,0.0,-0.0,-0.0
117.2,1.0,0.0,360.0,0.0,-0.0,-0.0
117.25,1.0,0.0,360.0,0.0,-0.0,-0.0
117.301,1.0,0.0,360.0,0.0,-0.0,-0.0
117.352,1.0,0.0,360.0,0.0,-0.0,-0.0
117.403,1.0,0.0,360.0,0.0,-0.0,-0.0
117.454,1.0,0.0,360.0,0.0,-0.0,-0.0
117.504,1.0,0.0,360.0,0.0,-0.0,-0.0
117.555,1.0,0.0,360.0,0.0,-0.0,-0.0
117.606,1.0,0.0,360.0,0.0,-0.0,-0.0
117.657,1.0,0.0,360.0,0.0,-0.0,-0.0
117.708,1.0,0.0,360.0,0.0,-0.0,-0.0
117.758,1.0,0.0,360.0,0.0,-0.0,-0.0
117.809,1.0,0.0,360.0,0.0,-0.0,-0.0
117.86,1.0,0.0,360.0,-0.0,0.0,0.0
117.91,1.0,0.0,360.0,-0.0,0.0,0.0
117.961,1.0,0.0,360.0,-0.0,0.0,0.0
118.012,0.0,0.0,359.0,-0.0,0.0,0.0
118.063,0.0,0.0,359.0,-0.0,0.0,0.0
118.113,0.0,0.0,359.0,0.0,-0.0,-0.0
118.164,0.0,0.0,359.0,-0.0,0.0,0.0
118.215,0.0,0.0,359.0,-0.0,0.0,0.0
118.266,0.0,0.0,359.0,-0.0,0.0,0.0
118.316,0.0,0.0,359.0,-0.0,0.0,0.0
118.367,0.0,0.0,359.0,-0.0,0.0,0.0
118.418,0.0,0.0,359.0,-0.0,0.0,0.0
118.468,0.0,0.0,359.0,-0.0,0.0,0.0
118.519,0.0,0.0,359.0,-0.0,0.0,0.0
118.57,0.0,0.0,359.0,-0.0,0.0,0.0
118.62,0.0,0.0,359.0,-0.0,0.0,0.0
118.671,0.0,0.0,359.0,-0.0,0.0,0.0
118.721,0.0,0.0,359.0,-0.0,0.0,0.0
118.772,0.0,0.0,359.0,-0.0,0.0,0.0
118.822,0.0,0.0,359.0,-0.0,0.0,0.0
118.873,0.0,0.0,359.0,-0.0,0.0,0.0
118.924,0.0,0.0,359.0,-0.0,0.0,0.0
118.974,0.0,0.0,359.0,-0.0,0.0,0.0
119.025,0.0,0.0,359.0,-0.0,0.0,0.0
119.076,0.0,0.0,359.0,-0.0,0.0,0.0
119.157,0.0,0.0,359.0,-0.0001,0.0001,0.01
119.208,0.0,0.0,359.0,-0.0001,0.0001,0.01
119.259,0.0,0.0,359.0,-0.0001,0.0001,0.01
119.31,0.0,0.0,359.0,-0.0001,0.0001,0.01
119.36,0.0,0.0,359.0,-0.0001,0.0001,0.01
119.411,0.0,0.0,359.0,-0.0001,0.0001,0.01
119.461,0.0,0.0,359.0,-0.0001,0.0001,0.01
119.512,0.0,0.0,359.0,-0.0001,0.0001,0.01
119.564,0.0,0.0,359.0,-0.0001,0.0001,0.01
119.615,0.0,0.0,359.0,-0.0001,0.0001,0.01
119.666,0.0,0.0,359.0,-0.0001,0.0001,0.01
119.716,0.0,0.0,359.0,-0.0001,0.0001,0.01
119.767,0.0,0.0,359.0,-0.0001,0.0001,0.01
119.817,0.0,0.0,359.0,-0.0001,0.0001,0.01
119.868,0.0,0.0,359.0,-0.0001,0.0001,0.01
119.919,0.0,0.0,359.0,-0.0001,0.0001,0.01
119.971,0.0,0.0,359.0,-0.0001,0.0001,0.01
120.021,0.0,0.0,359.0,-0.0001,0.0001,0.01
120.073,0.0,0.0,359.0,-0.0001,0.0001,0.01
120.123,0.0,0.0,359.0,-0.0001,0.0001,0.01
120.174,0.0,0.0,359.0,-0.0001,0.0001,0.01
120.224,0.0,0.0,359.0,-0.0001,0.0001,0.01
120.275,0.0,0.0,359.0,-0.0001,0.0001,0.01
120.326,0.0,0.0,359.0,-0.0001,0.0001,0.01
120.377,0.0,0.0,359.0,-0.0001,0.0001,0.01
120.427,0.0,0.0,359.0,-0.0001,0.0001,0.02
120.478,0.0,0.0,359.0,-0.0001,0.0001,0.02
120.528,0.0,0.0,359.0,-0.0001,0.0001,0.02
120.579,0.0,0.0,359.0,-0.0001,0.0001,0.02
120.63,0.0,0.0,359.0,-0.0001,0.0001,0.02
120.68,0.0,0.0,359.0,-0.0001,0.0001,0.02
120.731,0.0,0.0,359.0,-0.0001,0.0001,0.02
120.782,0.0,0.0,359.0,-0.0001,0.0001,0.02
120.832,0.0,0.0,359.0,-0.0001,0.0001,0.02
120.883,0.0,0.0,359.0,-0.0001,0.0001,0.02
120.934,0.0,0.0,359.0,-0.0001,0.0001,0.02
120.985,0.0,0.0,359.0,-0.0001,0.0001,0.02
121.036,0.0,0.0,359.0,-0.0001,0.0001,0.02
121.087,0.0,0.0,359.0,-0.0001,0.0001,0.02
121.138,0.0,0.0,359.0,-0.0001,0.0001,0.02
121.189,0.0,0.0,359.0,-0.0001,0.0001,0.02
121.239,0.0,0.0,359.0,-0.0001,0.0001,0.02
121.29,0.0,0.0,359.0,-0.0001,0.0001,0.02
121.34,0.0,0.0,359.0,-0.0001,0.0001,0.02
121.391,0.0,0.0,359.0,-0.0001,0.0001,0.02
121.441,0.0,0.0,359.0,-0.0001,0.0001,0.02
121.492,0.0,0.0,359.0,-0.0001,0.0001,0.02
121.543,0.0,0.0,359.0,-0.0001,0.0001,0.02
121.593,0.0,0.0,359.0,-0.0001,0.0001,0.02
121.643,0.0,0.0,359.0,-0.0001,0.0001,0.02
121.695,0.0,0.0,359.0,-0.0001,0.0001,0.02
121.746,0.0,0.0,359.0,-0.0001,0.0001,0.02
121.796,0.0,0.0,359.0,-0.0001,0.0001,0.02
121.884,0.0,0.0,359.0,-0.0001,0.0001,0.02
121.934,0.0,0.0,359.0,-0.0001,0.0001,0.02
121.985,0.0,0.0,359.0,-0.0001,0.0001,0.02
122.035,0.0,0.0,359.0,-0.0001,0.0001,0.02
122.086,0.0,0.0,359.0,-0.0001,0.0001,0.02
122.137,0.0,0.0,359.0,-0.0001,0.0001,0.02
122.187,0.0,0.0,359.0,-0.0001,0.0001,0.02
122.238,0.0,0.0,359.0,-0.0001,0.0001,0.02
122.289,0.0,0.0,359.0,-0.0001,0.0001,0.02
122.341,0.0,0.0,359.0,-0.0001,0.0001,0.02
122.392,0.0,0.0,359.0,-0.0001,0.0001,0.02
122.443,0.0,0.0,359.0,-0.0001,0.0001,0.02
122.494,0.0,0.0,359.0,-0.0001,0.0001,0.02
122.544,0.0,0.0,359.0,-0.0001,0.0001,0.02
122.595,0.0,0.0,359.0,-0.0001,0.0001,0.02
122.645,0.0,0.0,359.0,-0.0001,0.0001,0.02
122.696,0.0,0.0,359.0,-0.0001,0.0001,0.02
122.747,0.0,0.0,359.0,-0.0001,0.0001,0.02
122.797,0.0,0.0,359.0,-0.0001,0.0001,0.03
122.848,0.0,0.0,359.0,-0.0001,0.0001,0.03
122.898,0.0,0.0,359.0,-0.0001,0.0001,0.03
122.949,0.0,0.0,359.0,-0.0001,0.0001,0.03
122.999,0.0,0.0,359.0,-0.0001,0.0001,0.03
123.05,0.0,0.0,359.0,-0.0001,0.0001,0.03
123.101,0.0,0.0,359.0,-0.0001,0.0001,0.03
123.152,0.0,0.0,359.0,-0.0001,0.0001,0.03
123.203,0.0,0.0,359.0,-0.0001,0.0001,0.03
123.253,0.0,0.0,359.0,-0.0001,0.0001,0.03
123.304,0.0,0.0,359.0,-0.0001,0.0001,0.03
123.355,0.0,0.0,359.0,-0.0001,0.0001,0.03
123.405,0.0,0.0,359.0,-0.0001,0.0001,0.03
123.456,0.0,0.0,359.0,-0.0001,0.0001,0.03
123.506,0.0,0.0,355.0,-0.0002,0.0002,0.04
123.557,0.0,0.0,355.0,-0.0002,0.0002,0.04
123.608,0.0,0.0,355.0,-0.0002,0.0002,0.04
123.658,0.0,0.0,355.0,-0.0002,0.0002,0.04
123.709,0.0,0.0,355.0,-0.0002,0.0002,0.04
123.759,0.0,0.0,355.0,-0.0002,0.0002,0.04
123.81,0.0,0.0,355.0,-0.0002,0.0002,0.04
123.86,0.0,0.0,355.0,-0.0002,0.0002,0.04
123.911,0.0,0.0,355.0,-0.0002,0.0002,0.04
123.961,0.0,0.0,355.0,-0.0002,0.0002,0.04
124.013,0.0,0.0,355.0,-0.0001,0.0001,0.03
124.063,0.0,0.0,355.0,-0.0001,0.0001,0.03
124.114,0.0,0.0,355.0,-0.0002,0.0002,0.04
124.164,0.0,0.0,355.0,-0.0001,0.0001,0.03
124.215,0.0,0.0,355.0,-0.0002,0.0002,0.04
124.266,0.0,0.0,355.0,-0.0002,0.0002,0.04
124.316,0.0,0.0,355.0,-0.0002,0.0002,0.04
124.367,0.0,0.0,355.0,-0.0002,0.0002,0.04
124.417,0.0,0.0,355.0,-0.0002,0.0002,0.04
124.468,0.0,0.0,355.0,-0.0002,0.0002,0.04
124.518,0.0,0.0,355.0,-0.0002,0.0002,0.04
124.592,0.0,0.0,355.0,-0.0002,0.0002,0.04
124.643,0.0,0.0,355.0,-0.0002,0.0002,0.04
124.695,0.0,0.0,355.0,-0.0002,0.0002,0.04
124.746,0.0,0.0,355.0,-0.0002,0.0002,0.04
124.796,0.0,0.0,355.0,-0.0002,0.0002,0.04
124.847,0.0,0.0,355.0,-0.0002,0.0002,0.04
124.898,0.0,0.0,355.0,-0.0002,0.0002,0.04
124.948,0.0,0.0,355.0,-0.0002,0.0002,0.04
124.999,0.0,0.0,355.0,-0.0002,0.0002,0.04
125.049,0.0,0.0,355.0,-0.0002,0.0002,0.04
125.1,0.0,0.0,355.0,-0.0002,0.0002,0.04
125.15,0.0,0.0,355.0,-0.0002,0.0002,0.04
125.201,0.0,0.0,355.0,-0.0002,0.0002,0.04
125.252,0.0,0.0,355.0,-0.0002,0.0002,0.04
125.303,0.0,0.0,355.0,-0.0002,0.0002,0.04
125.353,0.0,0.0,355.0,-0.0002,0.0002,0.04
125.404,0.0,0.0,355.0,-0.0002,0.0002,0.04
125.455,0.0,0.0,355.0,-0.0002,0.0002,0.04
125.505,0.0,0.0,355.0,-0.0002,0.0002,0.04
125.555,0.0,0.0,355.0,-0.0002,0.0002,0.04
125.606,0.0,0.0,355.0,-0.0002,0.0002,0.04
125.656,0.0,0.0,355.0,-0.0002,0.0002,0.04
125.707,0.0,0.0,355.0,-0.0002,0.0002,0.04
125.758,0.0,0.0,355.0,-0.0002,0.0002,0.04
125.808,0.0,0.0,355.0,-0.0002,0.0002,0.04
125.859,0.0,0.0,355.0,-0.0002,0.0002,0.04
125.91,0.0,0.0,355.0,-0.0002,0.0002,0.04
125.968,0.0,0.0,355.0,-0.0002,0.0002,0.04
126.019,0.0,0.0,355.0,-0.0002,0.0002,0.04
126.07,0.0,0.0,355.0,-0.0002,0.0002,0.04
126.121,0.0,0.0,355.0,-0.0002,0.0002,0.04
126.172,0.0,0.0,355.0,-0.0002,0.0002,0.04
126.223,0.0,0.0,355.0,-0.0002,0.0002,0.04
126.273,0.0,0.0,355.0,-0.0002,0.0002,0.04
126.324,0.0,0.0,355.0,-0.0002,0.0002,0.04
126.375,0.0,0.0,355.0,-0.0002,0.0002,0.04
126.425,0.0,0.0,355.0,-0.0002,0.0002,0.04
126.475,0.0,0.0,355.0,-0.0002,0.0002,0.04
126.526,0.0,0.0,355.0,-0.0002,0.0002,0.04
126.577,0.0,0.0,355.0,-0.0002,0.0002,0.05
126.627,0.0,0.0,355.0,-0.0002,0.0002,0.05
126.679,0.0,0.0,355.0,-0.0002,0.0002,0.05
126.73,0.0,0.0,355.0,-0.0002,0.0002,0.04
126.781,0.0,0.0,355.0,-0.0002,0.0002,0.04
126.832,0.0,0.0,355.0,-0.0002,0.0002,0.04
126.882,0.0,0.0,355.0,-0.0002,0.0002,0.04
126.933,0.0,0.0,355.0,-0.0002,0.0002,0.04
126.984,0.0,0.0,355.0,-0.0002,0.0002,0.05
127.034,0.0,0.0,355.0,-0.0002,0.0002,0.05
127.085,0.0,0.0,355.0,-0.0002,0.0002,0.04
127.136,0.0,0.0,355.0,-0.0002,0.0002,0.04
127.186,0.0,0.0,355.0,-0.0002,0.0002,0.04
127.238,0.0,0.0,355.0,-0.0002,0.0002,0.04
127.288,0.0,0.0,355.0,-0.0002,0.0002,0.05
127.343,0.0,0.0,355.0,-0.0002,0.0002,0.05
127.393,0.0,0.0,355.0,-0.0002,0.0002,0.05
127.444,0.0,0.0,355.0,-0.0002,0.0002,0.05
127.494,0.0,0.0,355.0,-0.0002,0.0002,0.05
127.545,0.0,0.0,355.0,-0.0002,0.0002,0.05
127.596,0.0,0.0,355.0,-0.0002,0.0002,0.05
127.647,0.0,0.0,355.0,-0.0002,0.0002,0.05
127.698,0.0,0.0,355.0,-0.0002,0.0002,0.05
127.748,0.0,0.0,355.0,-0.0002,0.0002,0.05
127.799,0.0,0.0,355.0,-0.0002,0.0002,0.05
127.849,0.0,0.0,355.0,-0.0002,0.0002,0.05
127.9,0.0,0.0,355.0,-0.0002,0.0002,0.06
127.951,0.0,0.0,355.0,-0.0002,0.0002,0.06
128.001,0.0,0.0,355.0,-0.0002,0.0002,0.06
128.052,0.0,0.0,355.0,-0.0002,0.0002,0.06
128.103,0.0,0.0,355.0,-0.0002,0.0002,0.06
128.154,0.0,0.0,355.0,-0.0002,0.0002,0.06
128.205,0.0,0.0,5.0,-0.0002,0.0002,0.06
128.257,0.0,0.0,5.0,-0.0003,0.0003,0.07
128.308,0.0,0.0,5.0,-0.0003,0.0003,0.07
128.358,0.0,0.0,5.0,-0.0003,0.0003,0.07
128.408,0.0,0.0,5.0,-0.0002,0.0002,0.06
128.459,0.0,0.0,5.0,-0.0003,0.0003,0.07
128.51,0.0,0.0,5.0,-0.0003,0.0003,0.07
128.56,0.0,0.0,5.0,-0.0002,0.0002,0.06
128.611,0.0,0.0,5.0,-0.0002,0.0002,0.06
128.661,0.0,0.0,5.0,-0.0002,0.0002,0.06
128.711,0.0,0.0,5.0,-0.0002,0.0002,0.06
128.764,0.0,0.0,5.0,-0.0003,0.0003,0.07
128.814,0.0,0.0,5.0,-0.0003,0.0003,0.07
128.865,0.0,0.0,5.0,-0.0003,0.0003,0.07
128.916,0.0,0.0,5.0,-0.0002,0.0002,0.06
128.966,0.0,0.0,5.0,-0.0002,0.0002,0.06
129.017,0.0,0.0,5.0,-0.0002,0.0002,0.06
129.068,0.0,0.0,5.0,-0.0002,0.0002,0.06
129.119,0.0,0.0,5.0,-0.0003,0.0003,0.07
129.169,0.0,0.0,5.0,-0.0003,0.0003,0.07
129.22,0.0,0.0,5.0,-0.0003,0.0003,0.07
129.27,0.0,0.0,5.0,-0.0003,0.0003,0.07
129.321,0.0,0.0,5.0,-0.0003,0.0003,0.07
129.372,0.0,0.0,5.0,-0.0003,0.0003,0.07
129.423,0.0,0.0,5.0,-0.0002,0.0002,0.06
129.473,0.0,0.0,5.0,-0.0002,0.0002,0.06
129.524,0.0,0.0,5.0,-0.0002,0.0002,0.06
129.574,0.0,0.0,5.0,-0.0003,0.0003,0.07
129.625,0.0,0.0,5.0,-0.0003,0.0003,0.07
129.675,0.0,0.0,5.0,-0.0003,0.0003,0.07
129.726,0.0,0.0,5.0,-0.0003,0.0003,0.07
129.777,0.0,0.0,5.0,-0.0003,0.0003,0.07
129.828,0.0,0.0,5.0,-0.0003,0.0003,0.07
129.878,0.0,0.0,5.0,-0.0003,0.0003,0.07
129.93,0.0,0.0,5.0,-0.0003,0.0003,0.07
129.981,0.0,0.0,5.0,-0.0003,0.0003,0.07
130.07,0.0,0.0,5.0,-0.0003,0.0003,0.07
130.12,0.0,0.0,5.0,-0.0003,0.0003,0.07
130.171,0.0,0.0,5.0,-0.0003,0.0003,0.07
130.222,0.0,0.0,5.0,-0.0003,0.0003,0.07
130.273,0.0,0.0,5.0,-0.0003,0.0003,0.07
130.323,0.0,0.0,5.0,-0.0003,0.0003,0.07
130.374,0.0,0.0,5.0,-0.0003,0.0003,0.07
130.424,0.0,0.0,5.0,-0.0003,0.0003,0.07
130.475,0.0,0.0,5.0,-0.0003,0.0003,0.07
130.526,0.0,0.0,5.0,-0.0003,0.0003,0.07
130.576,0.0,0.0,5.0,-0.0003,0.0003,0.07
130.627,0.0,0.0,5.0,-0.0003,0.0003,0.07
130.678,0.0,0.0,5.0,-0.0003,0.0003,0.07
130.728,0.0,0.0,5.0,-0.0003,0.0003,0.07
130.78,0.0,0.0,5.0,-0.0003,0.0003,0.07
130.831,0.0,0.0,5.0,-0.0003,0.0003,0.07
130.882,0.0,0.0,5.0,-0.0003,0.0003,0.07
130.933,0.0,0.0,5.0,-0.0003,0.0003,0.07
130.984,0.0,0.0,5.0,-0.0003,0.0003,0.07
131.034,0.0,0.0,5.0,-0.0003,0.0003,0.07
131.085,0.0,0.0,5.0,-0.0003,0.0003,0.07
131.136,0.0,0.0,5.0,-0.0003,0.0003,0.07
131.186,0.0,0.0,5.0,-0.0003,0.0003,0.07
131.237,0.0,0.0,5.0,-0.0003,0.0003,0.07
131.287,0.0,0.0,5.0,-0.0003,0.0003,0.07
131.338,0.0,0.0,5.0,-0.0003,0.0003,0.07
131.388,0.0,0.0,5.0,-0.0003,0.0003,0.07
131.439,0.0,0.0,5.0,-0.0003,0.0003,0.07
131.489,0.0,0.0,5.0,-0.0003,0.0003,0.07
131.54,0.0,0.0,5.0,-0.0003,0.0003,0.07
131.591,0.0,0.0,5.0,-0.0003,0.0003,0.07
131.642,0.0,0.0,5.0,-0.0003,0.0003,0.08
131.693,0.0,0.0,5.0,-0.0003,0.0003,0.08
131.743,0.0,0.0,5.0,-0.0003,0.0003,0.08
131.794,0.0,0.0,5.0,-0.0003,0.0003,0.08
131.845,0.0,0.0,5.0,-0.0003,0.0003,0.08
131.895,0.0,0.0,5.0,-0.0003,0.0003,0.08
131.946,0.0,0.0,5.0,-0.0003,0.0003,0.08
131.997,0.0,0.0,5.0,-0.0003,0.0003,0.08
132.048,0.0,0.0,5.0,-0.0003,0.0003,0.08
132.099,0.0,0.0,5.0,-0.0003,0.0003,0.08
132.149,0.0,0.0,5.0,-0.0003,0.0003,0.08
132.2,0.0,0.0,5.0,-0.0003,0.0003,0.08
132.251,0.0,0.0,5.0,-0.0003,0.0003,0.08
132.302,0.0,0.0,5.0,-0.0003,0.0003,0.08
132.353,0.0,0.0,5.0,-0.0003,0.0003,0.08
132.404,0.0,0.0,5.0,-0.0003,0.0003,0.08
132.454,0.0,0.0,5.0,-0.0004,0.0003,0.09
132.505,0.0,0.0,5.0,-0.0003,0.0003,0.08
132.556,0.0,0.0,5.0,-0.0003,0.0003,0.08
132.606,0.0,0.0,5.0,-0.0003,0.0003,0.08
132.657,0.0,0.0,5.0,-0.0003,0.0003,0.08
132.707,0.0,0.0,5.0,-0.0003,0.0003,0.08
132.789,0.0,0.0,5.0,-0.0003,0.0003,0.08
132.84,0.0,0.0,5.0,-0.0003,0.0003,0.08
132.891,0.0,0.0,5.0,-0.0003,0.0003,0.08
132.942,0.0,0.0,5.0,-0.0003,0.0003,0.08
132.992,0.0,0.0,5.0,-0.0003,0.0003,0.08
133.043,0.0,0.0,5.0,-0.0003,0.0003,0.08
133.093,0.0,0.0,5.0,-0.0003,0.0003,0.08
133.144,0.0,0.0,5.0,-0.0003,0.0003,0.08
133.195,0.0,0.0,5.0,-0.0003,0.0003,0.08
133.246,0.0,0.0,5.0,-0.0003,0.0003,0.08
133.296,0.0,0.0,5.0,-0.0003,0.0003,0.08
133.347,0.0,0.0,5.0,-0.0003,0.0003,0.08
133.398,0.0,0.0,5.0,-0.0003,0.0003,0.08
133.448,0.0,0.0,5.0,-0.0003,0.0003,0.08
133.499,0.0,0.0,5.0,-0.0003,0.0003,0.08
133.55,0.0,0.0,5.0,-0.0003,0.0003,0.08
133.601,0.0,0.0,5.0,-0.0003,0.0003,0.08
133.652,0.0,0.0,5.0,-0.0003,0.0003,0.08
133.703,0.0,0.0,5.0,-0.0003,0.0003,0.08
133.754,0.0,0.0,5.0,-0.0004,0.0003,0.09
133.806,0.0,0.0,5.0,-0.0004,0.0003,0.09
133.857,0.0,0.0,5.0,-0.0004,0.0003,0.09
133.908,0.0,0.0,5.0,-0.0004,0.0003,0.09
133.959,0.0,0.0,5.0,-0.0003,0.0003,0.08
134.01,0.0,0.0,5.0,-0.0003,0.0003,0.08
134.062,0.0,0.0,5.0,-0.0003,0.0003,0.08
134.112,0.0,0.0,5.0,-0.0003,0.0003,0.08
134.163,0.0,0.0,5.0,-0.0003,0.0003,0.08
134.213,0.0,0.0,5.0,-0.0003,0.0003,0.08
134.264,0.0,0.0,5.0,-0.0004,0.0003,0.09
134.315,0.0,0.0,5.0,-0.0004,0.0003,0.09
134.366,0.0,0.0,5.0,-0.0004,0.0003,0.09
134.416,0.0,0.0,5.0,-0.0004,0.0003,0.09
134.466,0.0,0.0,5.0,-0.0004,0.0003,0.09
134.517,0.0,0.0,5.0,-0.0004,0.0003,0.09
134.568,0.0,0.0,5.0,-0.0004,0.0003,0.09
134.619,0.0,0.0,5.0,-0.0004,0.0003,0.09
134.67,0.0,0.0,5.0,-0.0004,0.0004,0.09
134.722,0.0,0.0,5.0,-0.0004,0.0004,0.09
134.773,0.0,0.0,5.0,-0.0004,0.0004,0.09
134.824,0.0,0.0,5.0,-0.0004,0.0004,0.09
134.875,0.0,0.0,5.0,-0.0004,0.0004,0.09
134.925,0.0,0.0,5.0,-0.0004,0.0004,0.09
134.976,0.0,0.0,5.0,-0.0004,0.0004,0.1
135.027,0.0,0.0,5.0,-0.0004,0.0004,0.1
135.078,0.0,0.0,5.0,-0.0004,0.0004,0.1
135.129,0.0,0.0,5.0,-0.0004,0.0004,0.1
135.179,0.0,0.0,5.0,-0.0004,0.0004,0.1
135.23,0.0,0.0,5.0,-0.0004,0.0004,0.1
135.281,0.0,0.0,5.0,-0.0004,0.0004,0.1
135.332,0.0,0.0,5.0,-0.0004,0.0004,0.1
135.384,0.0,0.0,5.0,-0.0004,0.0004,0.09
135.438,0.0,0.0,5.0,-0.0004,0.0004,0.09
135.489,0.0,0.0,5.0,-0.0004,0.0004,0.1
135.539,0.0,0.0,5.0,-0.0004,0.0004,0.1
135.59,0.0,0.0,5.0,-0.0004,0.0004,0.1
135.64,0.0,0.0,5.0,-0.0004,0.0004,0.1
135.692,0.0,0.0,5.0,-0.0004,0.0004,0.1
135.742,0.0,0.0,5.0,-0.0004,0.0004,0.1
135.793,0.0,0.0,5.0,-0.0004,0.0004,0.1
135.844,0.0,0.0,5.0,-0.0004,0.0004,0.1
135.895,0.0,0.0,5.0,-0.0004,0.0004,0.1
135.946,0.0,0.0,5.0,-0.0004,0.0004,0.1
135.996,0.0,0.0,5.0,-0.0004,0.0004,0.1
136.047,0.0,0.0,5.0,-0.0004,0.0004,0.1
136.098,0.0,0.0,5.0,-0.0004,0.0004,0.1
136.149,0.0,0.0,5.0,-0.0004,0.0004,0.1
136.199,0.0,0.0,5.0,-0.0004,0.0004,0.1
136.25,0.0,0.0,5.0,-0.0004,0.0004,0.1
136.301,0.0,0.0,5.0,-0.0004,0.0004,0.1
136.352,0.0,0.0,5.0,-0.0004,0.0004,0.1
136.403,0.0,0.0,5.0,-0.0004,0.0004,0.1
136.454,0.0,0.0,5.0,-0.0004,0.0004,0.1
136.504,0.0,0.0,5.0,-0.0004,0.0004,0.1
136.555,0.0,0.0,5.0,-0.0004,0.0004,0.1
136.606,0.0,0.0,5.0,-0.0004,0.0004,0.1
136.657,0.0,0.0,5.0,-0.0004,0.0004,0.1
136.708,0.0,0.0,5.0,-0.0004,0.0004,0.1
136.758,0.0,0.0,5.0,-0.0004,0.0004,0.11
136.809,0.0,0.0,5.0,-0.0004,0.0004,0.11
136.881,0.0,0.0,5.0,-0.0004,0.0004,0.11
136.932,0.0,0.0,5.0,-0.0004,0.0004,0.11
136.983,0.0,0.0,5.0,-0.0004,0.0004,0.11
137.034,0.0,0.0,5.0,-0.0004,0.0004,0.11
137.084,0.0,0.0,5.0,-0.0004,0.0004,0.11
137.135,0.0,0.0,5.0,-0.0005,0.0004,0.12
137.186,0.0,0.0,5.0,-0.0005,0.0004,0.12
137.237,0.0,0.0,5.0,-0.0005,0.0004,0.12
137.288,0.0,0.0,5.0,-0.0005,0.0004,0.12
137.339,0.0,0.0,5.0,-0.0005,0.0004,0.12
137.39,0.0,0.0,5.0,-0.0005,0.0004,0.12
137.441,0.0,0.0,5.0,-0.0005,0.0004,0.12
137.492,0.0,0.0,5.0,-0.0005,0.0004,0.12
137.542,0.0,0.0,5.0,-0.0005,0.0004,0.12
137.593,0.0,0.0,5.0,-0.0005,0.0004,0.12
137.644,0.0,0.0,5.0,-0.0005,0.0004,0.12
137.694,0.0,0.0,5.0,-0.0005,0.0005,0.12
137.745,0.0,0.0,5.0,-0.0005,0.0005,0.12
137.796,0.0,0.0,5.0,-0.0005,0.0005,0.12
137.847,0.0,0.0,5.0,-0.0005,0.0004,0.12
137.898,0.0,0.0,5.0,-0.0005,0.0005,0.12
137.948,0.0,0.0,5.0,-0.0005,0.0005,0.12
137.999,0.0,0.0,5.0,-0.0005,0.0005,0.12
138.05,0.0,0.0,5.0,-0.0005,0.0005,0.12
138.1,0.0,0.0,5.0,-0.0005,0.0005,0.12
138.151,0.0,0.0,5.0,-0.0005,0.0005,0.12
138.202,0.0,0.0,5.0,-0.0005,0.0005,0.12
138.253,0.0,0.0,5.0,-0.0004,0.0005,0.11
138.304,0.0,0.0,5.0,-0.0004,0.0005,0.12
138.355,0.0,0.0,5.0,-0.0004,0.0005,0.12
138.406,0.0,0.0,5.0,-0.0004,0.0005,0.12
138.456,0.0,0.0,5.0,-0.0004,0.0005,0.12
138.507,0.0,0.0,5.0,-0.0004,0.0005,0.12
138.558,0.0,0.0,5.0,-0.0004,0.0005,0.12
138.609,0.0,0.0,5.0,-0.0004,0.0005,0.12
138.66,0.0,0.0,5.0,-0.0004,0.0005,0.12
138.711,0.0,0.0,5.0,-0.0004,0.0005,0.12
138.761,0.0,0.0,5.0,-0.0004,0.0005,0.12
138.813,0.0,0.0,5.0,-0.0004,0.0005,0.12
138.863,0.0,0.0,5.0,-0.0004,0.0005,0.12
138.914,0.0,0.0,5.0,-0.0004,0.0005,0.12
138.965,0.0,0.0,5.0,-0.0004,0.0005,0.12
139.016,0.0,0.0,5.0,-0.0004,0.0005,0.12
139.067,0.0,0.0,5.0,-0.0004,0.0005,0.12
139.117,0.0,0.0,5.0,-0.0004,0.0005,0.12
139.168,0.0,0.0,5.0,-0.0005,0.0005,0.13
139.218,0.0,0.0,5.0,-0.0005,0.0005,0.13
139.269,0.0,0.0,5.0,-0.0005,0.0005,0.13
139.32,0.0,0.0,5.0,-0.0005,0.0005,0.13
139.37,0.0,0.0,5.0,-0.0005,0.0005,0.13
139.421,0.0,0.0,5.0,-0.0005,0.0005,0.13
139.472,0.0,0.0,5.0,-0.0004,0.0005,0.12
139.522,0.0,0.0,5.0,-0.0004,0.0005,0.12
139.612,0.0,0.0,5.0,-0.0005,0.0005,0.13
139.663,0.0,0.0,5.0,-0.0005,0.0005,0.13
139.713,0.0,0.0,5.0,-0.0005,0.0005,0.13
139.764,0.0,0.0,5.0,-0.0005,0.0005,0.13
139.814,0.0,0.0,5.0,-0.0005,0.0005,0.13
139.865,0.0,0.0,5.0,-0.0005,0.0005,0.13
139.916,0.0,0.0,5.0,-0.0005,0.0005,0.13
139.966,0.0,0.0,5.0,-0.0005,0.0005,0.13
140.017,0.0,0.0,5.0,-0.0005,0.0005,0.13
140.068,0.0,0.0,5.0,-0.0005,0.0006,0.14
140.118,0.0,0.0,5.0,-0.0005,0.0006,0.14
140.169,0.0,0.0,5.0,-0.0005,0.0006,0.14
140.22,0.0,0.0,5.0,-0.0005,0.0006,0.14
140.271,0.0,0.0,5.0,-0.0005,0.0006,0.14
140.321,0.0,0.0,5.0,-0.0005,0.0006,0.14
140.372,0.0,0.0,5.0,-0.0005,0.0006,0.14
140.423,0.0,0.0,5.0,-0.0005,0.0006,0.14
140.473,0.0,0.0,5.0,-0.0005,0.0006,0.14
140.524,0.0,0.0,5.0,-0.0005,0.0006,0.14
140.575,0.0,0.0,5.0,-0.0005,0.0006,0.14
140.626,0.0,0.0,5.0,-0.0005,0.0006,0.14
140.677,0.0,0.0,5.0,-0.0005,0.0006,0.14
140.727,0.0,0.0,5.0,-0.0005,0.0006,0.14
140.777,0.0,0.0,5.0,-0.0005,0.0006,0.14
140.828,0.0,0.0,5.0,-0.0005,0.0006,0.14
140.879,0.0,0.0,5.0,-0.0005,0.0006,0.14
140.969,0.0,0.0,5.0,-0.0005,0.0006,0.14
141.02,0.0,0.0,5.0,-0.0005,0.0006,0.14
141.071,0.0,0.0,5.0,-0.0005,0.0006,0.14
141.121,0.0,0.0,5.0,-0.0005,0.0006,0.14
141.172,0.0,0.0,5.0,-0.0005,0.0006,0.14
141.222,0.0,0.0,5.0,-0.0005,0.0006,0.14
141.273,0.0,0.0,5.0,-0.0005,0.0006,0.14
141.324,0.0,0.0,5.0,-0.0005,0.0006,0.14
141.374,0.0,0.0,5.0,-0.0005,0.0006,0.14
141.426,0.0,0.0,5.0,-0.0005,0.0006,0.14
141.476,0.0,0.0,5.0,-0.0005,0.0006,0.14
141.527,0.0,0.0,5.0,-0.0005,0.0006,0.14
141.577,0.0,0.0,5.0,-0.0005,0.0006,0.14
141.628,0.0,0.0,5.0,-0.0005,0.0006,0.14
141.679,0.0,0.0,5.0,-0.0005,0.0006,0.14
141.73,0.0,0.0,5.0,-0.0005,0.0006,0.14
141.781,0.0,0.0,5.0,-0.0005,0.0006,0.14
141.832,0.0,0.0,5.0,-0.0005,0.0006,0.14
141.883,0.0,0.0,5.0,-0.0005,0.0006,0.14
141.933,0.0,0.0,5.0,-0.0005,0.0006,0.14
141.984,0.0,0.0,5.0,-0.0005,0.0006,0.14
142.035,0.0,0.0,5.0,-0.0005,0.0006,0.14
142.085,0.0,0.0,5.0,-0.0005,0.0006,0.14
142.136,0.0,0.0,5.0,-0.0005,0.0006,0.14
142.186,0.0,0.0,5.0,-0.0005,0.0006,0.14
142.237,0.0,0.0,5.0,-0.0005,0.0006,0.14
142.317,0.0,0.0,5.0,-0.0005,0.0006,0.14
142.368,0.0,0.0,5.0,-0.0005,0.0006,0.14
142.418,0.0,0.0,5.0,-0.0005,0.0006,0.14
142.469,0.0,0.0,5.0,-0.0005,0.0006,0.14
142.519,0.0,0.0,5.0,-0.0005,0.0006,0.14
142.57,0.0,0.0,5.0,-0.0005,0.0006,0.14
142.621,0.0,0.0,5.0,-0.0005,0.0006,0.14
142.671,0.0,0.0,5.0,-0.0005,0.0006,0.14
142.723,0.0,0.0,5.0,-0.0005,0.0006,0.14
142.774,0.0,0.0,5.0,-0.0005,0.0006,0.14
142.824,0.0,0.0,5.0,-0.0005,0.0006,0.14
142.875,0.0,0.0,5.0,-0.0005,0.0006,0.14
142.926,0.0,0.0,5.0,-0.0005,0.0006,0.14
142.976,0.0,0.0,5.0,-0.0005,0.0006,0.14
143.027,0.0,0.0,5.0,-0.0005,0.0006,0.14
143.078,0.0,0.0,5.0,-0.0005,0.0006,0.14
143.129,0.0,0.0,5.0,-0.0005,0.0006,0.14
143.179,0.0,0.0,5.0,-0.0005,0.0006,0.14
143.23,0.0,0.0,5.0,-0.0005,0.0006,0.14
143.281,0.0,0.0,5.0,-0.0005,0.0006,0.14
143.332,0.0,0.0,5.0,-0.0005,0.0006,0.14
143.383,0.0,0.0,5.0,-0.0005,0.0006,0.14
143.433,0.0,0.0,5.0,-0.0005,0.0006,0.14
143.484,0.0,0.0,5.0,-0.0005,0.0006,0.14
143.535,0.0,0.0,5.0,-0.0005,0.0006,0.14
143.586,0.0,0.0,5.0,-0.0005,0.0006,0.15
143.636,0.0,0.0,5.0,-0.0006,0.0006,0.15
143.687,0.0,0.0,5.0,-0.0005,0.0006,0.15
143.737,0.0,0.0,5.0,-0.0005,0.0006,0.15
143.788,0.0,0.0,5.0,-0.0005,0.0006,0.15
143.839,0.0,0.0,5.0,-0.0005,0.0006,0.14
143.889,0.0,0.0,5.0,-0.0005,0.0006,0.14
143.94,0.0,0.0,5.0,-0.0005,0.0006,0.14
143.991,0.0,0.0,5.0,-0.0005,0.0006,0.15
144.042,0.0,0.0,5.0,-0.0005,0.0006,0.15
144.093,0.0,0.0,5.0,-0.0005,0.0006,0.15
144.144,0.0,0.0,5.0,-0.0005,0.0006,0.15
144.194,0.0,0.0,5.0,-0.0005,0.0006,0.15
144.245,0.0,0.0,5.0,-0.0005,0.0006,0.15
144.296,0.0,0.0,5.0,-0.0005,0.0006,0.15
144.347,0.0,0.0,5.0,-0.0005,0.0006,0.15
144.397,0.0,0.0,5.0,-0.0006,0.0006,0.15
144.448,0.0,0.0,5.0,-0.0006,0.0006,0.15
144.499,0.0,0.0,5.0,-0.0005,0.0006,0.15
144.55,0.0,0.0,5.0,-0.0005,0.0006,0.15
144.601,0.0,0.0,5.0,-0.0005,0.0006,0.15
144.651,0.0,1.0,0.0,-0.0005,0.0006,0.15
144.702,0.0,1.0,0.0,0.0008,0.0016,0.0
144.752,0.0,1.0,0.0,0.0008,0.0016,0.0
144.803,0.0,1.0,0.0,0.0103,0.0219,-0.11
144.854,0.0,1.0,0.0,0.0103,0.0219,-0.11
144.905,0.0,1.0,0.0,0.0213,0.0632,0.14
144.956,0.0,1.0,0.0,0.0213,0.0632,0.14
145.006,0.0,1.0,0.0,0.0332,0.1311,0.32
145.063,0.0,1.0,0.0,0.0332,0.1311,0.32
145.114,0.0,1.0,0.0,0.0395,0.2012,0.35
145.165,0.0,1.0,0.0,0.0401,0.2126,0.37
145.215,0.0,1.0,0.0,0.0411,0.2724,0.26
145.266,0.0,1.0,0.0,0.0411,0.2724,0.26
145.317,0.0,1.0,0.0,0.0409,0.3478,0.05
145.368,0.0,1.0,0.0,0.0409,0.36,0.03
145.418,0.0,1.0,0.0,0.0407,0.4213,-0.17
145.469,0.0,1.0,0.0,0.0408,0.4323,-0.17
145.52,0.0,1.0,0.0,0.0408,0.501,-0.24
145.57,0.0,1.0,0.0,0.0408,0.501,-0.24
145.621,0.0,1.0,0.0,0.0405,0.5732,-0.31
145.671,0.0,1.0,0.0,0.0406,0.5846,-0.32
145.722,0.0,1.0,0.0,0.0402,0.6446,-0.41
145.772,0.0,1.0,0.0,0.04,0.6582,-0.43
145.823,0.0,1.0,0.0,0.0387,0.7059,-0.53
145.874,0.0,1.0,0.0,0.0374,0.7413,-0.62
145.924,0.0,1.0,0.0,0.0364,0.787,-0.66
145.975,0.0,1.0,0.0,0.0361,0.7979,-0.68
146.026,0.0,1.0,0.0,0.0347,0.8392,-0.76
146.076,0.0,1.0,0.0,0.0331,0.8689,-0.86
146.127,0.0,1.0,0.0,0.0315,0.8927,-0.91
146.179,0.0,1.0,0.0,0.0315,0.8927,-0.91
146.229,0.0,1.0,0.0,0.029,0.94,-1.05
146.28,0.0,1.0,0.0,0.0285,0.9466,-1.08
146.331,0.0,1.0,0.0,0.0263,0.9687,-1.15
146.421,0.0,1.0,0.0,0.0257,0.9739,-1.19
146.472,0.0,1.0,0.0,0.0203,0.9977,-1.3
146.522,0.0,1.0,0.0,0.0203,0.9977,-1.3
146.573,0.0,1.0,0.0,0.0193,0.9986,-1.22
146.623,0.0,1.0,0.0,0.0193,0.9986,-1.22
146.674,0.0,1.0,0.0,0.0194,0.9981,-1.18
146.725,0.0,1.0,0.0,0.0194,0.9981,-1.18
146.777,0.0,1.0,0.0,0.0194,0.9981,-1.18
146.828,0.0,1.0,0.0,0.0194,0.9981,-1.18
146.879,0.0,1.0,0.0,0.0194,0.9981,-1.18
146.93,0.0,1.0,0.0,0.0194,0.9981,-1.17
146.98,0.0,1.0,0.0,0.0194,0.9981,-1.17
147.031,0.0,1.0,0.0,0.0194,0.9981,-1.17
147.081,0.0,1.0,0.0,0.0194,0.9981,-1.17
147.132,0.0,1.0,0.0,0.0194,0.9981,-1.17
147.183,0.0,1.0,0.0,0.0194,0.9981,-1.17
147.233,0.0,1.0,0.0,0.0194,0.9981,-1.17
147.285,0.0,1.0,0.0,0.0194,0.9981,-1.17
147.335,0.0,1.0,0.0,0.0194,0.9981,-1.17
147.385,0.0,1.0,0.0,0.0194,0.9981,-1.18
147.436,0.0,1.0,0.0,0.0194,0.9981,-1.18
147.487,0.0,1.0,0.0,0.0194,0.9981,-1.18
147.538,0.0,1.0,0.0,0.0194,0.9981,-1.18
147.589,0.0,1.0,0.0,0.0194,0.9981,-1.18
147.64,0.0,1.0,0.0,0.0194,0.9981,-1.18
147.691,0.0,1.0,0.0,0.0194,0.9981,-1.17
147.777,0.0,1.0,0.0,0.0194,0.9981,-1.17
147.828,0.0,1.0,0.0,0.0194,0.9981,-1.17
147.878,0.0,1.0,0.0,0.0194,0.9981,-1.17
147.929,0.0,1.0,0.0,0.0194,0.9981,-1.17
147.979,0.0,1.0,0.0,0.0194,0.9981,-1.17
148.029,0.0,1.0,0.0,0.0194,0.9981,-1.17
148.08,0.0,1.0,0.0,0.0194,0.9981,-1.17
148.13,0.0,1.0,0.0,0.0194,0.9981,-1.17
148.181,0.0,1.0,0.0,0.0194,0.9981,-1.17
148.232,0.0,1.0,0.0,0.0194,0.9981,-1.17
148.282,0.0,1.0,0.0,0.0194,0.9981,-1.17
148.333,0.0,1.0,0.0,0.0194,0.9981,-1.17
148.383,0.0,1.0,0.0,0.0194,0.9981,-1.17
148.434,0.0,1.0,0.0,0.0194,0.9981,-1.17
148.484,0.0,1.0,0.0,0.0194,0.9981,-1.17
148.534,0.0,1.0,0.0,0.0194,0.9981,-1.17
148.585,0.0,1.0,0.0,0.0194,0.9981,-1.17
148.636,0.0,1.0,0.0,0.0194,0.9981,-1.17
148.686,0.0,1.0,0.0,0.0194,0.9981,-1.17
148.737,0.0,1.0,0.0,0.0194,0.9981,-1.17
148.787,0.0,1.0,0.0,0.0194,0.9981,-1.17
148.838,0.0,1.0,0.0,0.0194,0.9981,-1.17
148.888,0.0,1.0,0.0,0.0194,0.9981,-1.17
148.939,0.0,1.0,0.0,0.0194,0.9981,-1.17
148.989,0.0,1.0,0.0,0.0194,0.9981,-1.17
149.04,0.0,1.0,0.0,0.0194,0.9981,-1.17
149.09,0.0,1.0,0.0,0.0194,0.9981,-1.17
149.153,0.0,1.0,0.0,0.0194,0.9981,-1.17
149.204,0.0,1.0,0.0,0.0194,0.9981,-1.17
149.255,0.0,1.0,0.0,0.0194,0.9981,-1.17
149.305,0.0,1.0,0.0,0.0194,0.9981,-1.17
149.355,0.0,1.0,0.0,0.0194,0.9982,-1.16
149.406,0.0,1.0,0.0,0.0194,0.9981,-1.17
149.457,0.0,1.0,0.0,0.0194,0.9981,-1.17
149.507,0.0,1.0,0.0,0.0194,0.9981,-1.17
149.558,0.0,1.0,0.0,0.0194,0.9981,-1.17
149.609,0.0,1.0,0.0,0.0194,0.9981,-1.17
149.66,0.0,1.0,0.0,0.0194,0.9981,-1.17
149.71,0.0,1.0,0.0,0.0194,0.9981,-1.17
149.761,0.0,1.0,0.0,0.0194,0.9981,-1.17
149.811,0.0,1.0,0.0,0.0194,0.9981,-1.17
149.862,0.0,1.0,0.0,0.0194,0.9981,-1.17
149.913,0.0,1.0,0.0,0.0194,0.9981,-1.17
149.964,0.0,1.0,0.0,0.0194,0.9981,-1.17
150.015,0.0,1.0,0.0,0.0194,0.9981,-1.17
150.066,0.0,1.0,0.0,0.0194,0.9981,-1.17
150.116,0.0,1.0,0.0,0.0194,0.9981,-1.17
150.167,0.0,1.0,0.0,0.0194,0.9981,-1.17
150.218,0.0,1.0,0.0,0.0194,0.9981,-1.17
150.268,0.0,1.0,0.0,0.0194,0.9981,-1.17
150.319,0.0,1.0,0.0,0.0194,0.9981,-1.17
150.369,0.0,1.0,0.0,0.0194,0.9981,-1.17
150.42,0.0,1.0,0.0,0.0194,0.9982,-1.16
150.51,0.0,1.0,0.0,0.0194,0.9982,-1.16
150.56,0.0,1.0,0.0,0.0194,0.9982,-1.16
150.611,0.0,1.0,0.0,0.0194,0.9982,-1.16
150.662,0.0,1.0,0.0,0.0194,0.9982,-1.16
150.713,0.0,1.0,0.0,0.0194,0.9982,-1.16
150.763,0.0,1.0,0.0,0.0194,0.9982,-1.16
150.814,0.0,1.0,0.0,0.0194,0.9982,-1.16
150.864,0.0,1.0,0.0,0.0194,0.9982,-1.16
150.915,0.0,1.0,0.0,0.0194,0.9982,-1.16
150.966,0.0,1.0,0.0,0.0194,0.9982,-1.16
151.016,0.0,1.0,0.0,0.0194,0.9982,-1.16
151.067,0.0,1.0,0.0,0.0193,0.9982,-1.15
151.117,0.0,1.0,0.0,0.0193,0.9982,-1.15
151.168,0.0,1.0,0.0,0.0193,0.9982,-1.15
151.218,0.0,1.0,0.0,0.0193,0.9982,-1.15
151.269,0.0,1.0,0.0,0.0193,0.9982,-1.15
151.32,0.0,1.0,0.0,0.0193,0.9982,-1.15
151.37,0.0,1.0,0.0,0.0193,0.9982,-1.15
151.421,0.0,1.0,0.0,0.0193,0.9982,-1.15
151.472,0.0,1.0,0.0,0.0193,0.9982,-1.15
151.523,0.0,1.0,0.0,0.0193,0.9982,-1.15
151.574,0.0,1.0,0.0,0.0193,0.9982,-1.15
151.624,0.0,1.0,0.0,0.0193,0.9982,-1.15
151.675,0.0,1.0,0.0,0.0193,0.9982,-1.15
151.726,0.0,1.0,0.0,0.0193,0.9982,-1.15
151.776,0.0,1.0,0.0,0.0193,0.9982,-1.15
151.827,0.0,1.0,0.0,0.0193,0.9982,-1.15
151.88,0.0,1.0,0.0,0.0193,0.9982,-1.15
151.931,0.0,1.0,0.0,0.0193,0.9982,-1.15
151.982,0.0,1.0,0.0,0.0193,0.9982,-1.15
152.033,0.0,1.0,0.0,0.0193,0.9982,-1.15
152.084,0.0,1.0,0.0,0.0193,0.9982,-1.15
152.134,0.0,1.0,0.0,0.0193,0.9982,-1.15
152.185,0.0,1.0,0.0,0.0193,0.9982,-1.15
152.236,0.0,1.0,0.0,0.0193,0.9982,-1.15
152.287,0.0,1.0,0.0,0.0193,0.9982,-1.15
152.338,0.0,1.0,0.0,0.0193,0.9982,-1.15
152.389,0.0,1.0,0.0,0.0193,0.9983,-1.14
152.439,0.0,1.0,0.0,0.0193,0.9983,-1.14
152.49,0.0,1.0,0.0,0.0193,0.9983,-1.14
152.541,0.0,1.0,0.0,0.0193,0.9983,-1.14
152.592,0.0,1.0,0.0,0.0193,0.9983,-1.14
152.643,0.0,1.0,0.0,0.0193,0.9983,-1.14
152.693,0.0,1.0,0.0,0.0193,0.9983,-1.14
152.744,0.0,1.0,0.0,0.0193,0.9983,-1.14
152.795,0.0,1.0,0.0,0.0193,0.9983,-1.14
152.846,0.0,1.0,0.0,0.0193,0.9983,-1.14
152.897,0.0,1.0,0.0,0.0193,0.9983,-1.14
152.947,0.0,1.0,0.0,0.0193,0.9983,-1.14
152.998,0.0,1.0,0.0,0.0193,0.9983,-1.14
153.049,0.0,1.0,0.0,0.0193,0.9983,-1.14
153.1,0.0,1.0,0.0,0.0193,0.9983,-1.14
153.151,0.0,1.0,0.0,0.0193,0.9983,-1.14
153.236,0.0,1.0,0.0,0.0193,0.9983,-1.14
153.286,0.0,1.0,0.0,0.0193,0.9983,-1.14
153.337,0.0,1.0,0.0,0.0193,0.9983,-1.14
153.388,0.0,1.0,0.0,0.0193,0.9983,-1.14
153.439,0.0,1.0,0.0,0.0193,0.9983,-1.14
153.489,0.0,1.0,0.0,0.0193,0.9983,-1.14
153.54,0.0,1.0,0.0,0.0193,0.9983,-1.14
153.59,0.0,1.0,0.0,0.0193,0.9983,-1.14
153.641,0.0,1.0,0.0,0.0192,0.9983,-1.13
153.692,0.0,1.0,0.0,0.0192,0.9983,-1.13
153.742,0.0,-0.8,0.0,0.0192,0.9983,-1.13
153.793,0.0,-0.8,0.0,0.0192,0.9983,-1.13
153.844,0.0,-0.8,0.0,0.0185,0.9949,-1.27
153.895,0.0,-0.8,0.0,0.0185,0.9949,-1.27
153.946,0.0,-0.8,0.0,0.0132,0.9668,-1.87
153.996,0.0,-0.8,0.0,0.0132,0.9668,-1.87
154.047,0.0,-0.8,0.0,0.0078,0.9137,-2.2
154.098,0.0,-0.8,0.0,0.0067,0.8722,-2.21
154.149,0.0,-0.8,0.0,0.0067,0.8593,-2.2
154.199,0.0,-0.8,0.0,0.0067,0.8593,-2.2
154.25,0.0,-0.8,0.0,0.0081,0.78,-2.11
154.301,0.0,-0.8,0.0,0.0086,0.7632,-2.08
154.352,0.0,-0.8,0.0,0.0107,0.7005,-2.0
154.403,0.0,-0.8,0.0,0.0107,0.7005,-2.0
154.453,0.0,-0.8,0.0,0.0115,0.6437,-1.81
154.504,0.0,-0.8,0.0,0.0115,0.6437,-1.81
154.555,0.0,-0.8,0.0,0.0129,0.5611,-1.57
154.605,0.0,-0.8,0.0,0.0129,0.5611,-1.57
154.656,0.0,-0.8,0.0,0.0122,0.4903,-1.47
154.707,0.0,-0.8,0.0,0.0122,0.4903,-1.47
154.758,0.0,-0.8,0.0,0.0112,0.4105,-1.26
154.809,0.0,-0.8,0.0,0.0112,0.4105,-1.26
154.859,0.0,-0.8,0.0,0.0094,0.3408,-1.12
154.91,0.0,-0.8,0.0,0.0094,0.3408,-1.12
154.961,0.0,-0.8,0.0,0.0052,0.2502,-1.0
155.012,0.0,-0.8,0.0,0.002,0.2012,-1.03
155.063,0.0,-0.8,0.0,0.0013,0.1864,-1.02
155.114,0.0,-0.8,0.0,0.0013,0.1864,-1.02
155.165,0.0,-0.8,0.0,-0.0025,0.0911,-0.99
155.216,0.0,-0.8,0.0,-0.0025,0.0911,-0.99
155.267,0.0,-0.8,0.0,-0.0057,0.0375,-0.93
155.317,0.0,-0.8,0.0,-0.0057,0.0375,-0.93
155.368,0.0,-0.8,0.0,-0.0122,-0.0576,-0.82
155.419,0.0,-0.8,0.0,-0.0122,-0.0576,-0.82
155.469,0.0,-0.8,0.0,-0.0146,-0.1247,-0.78
155.52,0.0,-0.8,0.0,-0.016,-0.1734,-0.76
155.571,0.0,-0.8,0.0,-0.016,-0.1734,-0.76
155.622,0.0,-0.8,0.0,-0.0172,-0.2163,-0.78
155.672,0.0,-0.8,0.0,-0.0192,-0.2745,-0.72
155.723,0.0,-0.8,0.0,-0.0192,-0.2745,-0.72
155.774,0.0,-0.8,0.0,-0.0224,-0.3427,-0.61
155.825,0.0,-0.8,0.0,-0.0224,-0.3427,-0.61
155.876,0.0,-0.8,0.0,-0.0255,-0.4089,-0.61
155.926,0.0,-0.8,0.0,-0.0224,-0.4573,-0.93
155.978,0.0,-0.8,0.0,-0.0155,-0.4717,-0.95
156.028,0.0,-0.8,0.0,-0.0155,-0.4717,-0.95
156.079,0.0,-0.8,0.0,-0.0103,-0.5493,-3.9
156.13,0.0,-0.8,0.0,-0.0103,-0.5493,-3.9
156.18,0.0,-0.8,0.0,-0.0056,-0.5653,-7.43
156.231,0.0,-0.8,0.0,-0.0089,-0.5624,-6.99
156.283,0.0,-0.8,0.0,-0.0083,-0.5629,-7.22
156.333,0.0,-0.8,0.0,-0.0067,-0.5632,-7.62
156.384,0.0,-0.8,0.0,-0.0062,-0.5631,-7.74
156.435,0.0,-0.8,0.0,-0.0062,-0.5631,-7.74
156.486,0.0,-0.8,0.0,-0.0062,-0.5631,-7.74
156.536,0.0,-0.8,0.0,-0.0062,-0.5631,-7.74
156.587,0.0,-0.8,0.0,-0.0062,-0.5631,-7.74
156.638,0.0,-0.8,0.0,-0.0062,-0.5631,-7.74
156.688,0.0,-0.8,0.0,-0.0062,-0.5631,-7.74
156.739,0.0,-0.8,0.0,-0.0062,-0.5631,-7.74
156.79,0.0,-0.8,0.0,-0.0062,-0.5631,-7.74
156.84,0.0,-0.8,0.0,-0.0062,-0.5631,-7.74
156.891,0.0,-0.8,0.0,-0.0062,-0.5631,-7.74
156.942,0.0,-0.8,0.0,-0.0062,-0.5631,-7.74
156.992,0.0,-0.8,0.0,-0.0062,-0.5631,-7.74
157.043,0.0,-0.8,0.0,-0.0062,-0.5631,-7.74
157.094,0.0,-0.8,0.0,-0.0062,-0.5631,-7.74
157.144,0.0,-0.8,0.0,-0.0062,-0.5631,-7.74
157.195,0.0,-0.8,0.0,-0.0062,-0.5631,-7.74
157.245,0.0,-0.8,0.0,-0.0062,-0.5631,-7.74
157.327,0.0,-0.8,0.0,-0.0062,-0.5631,-7.74
157.378,0.0,-0.8,0.0,-0.0062,-0.5631,-7.74
157.429,0.0,-0.8,0.0,0.0184,-0.5704,-13.38
157.479,0.0,-0.8,0.0,0.0184,-0.5704,-13.38
157.53,0.0,-0.8,0.0,0.0199,-0.5708,-13.74
157.58,0.0,-0.8,0.0,0.0199,-0.5708,-13.74
157.631,0.0,-0.8,0.0,0.0224,-0.5717,-14.31
157.681,0.0,-0.8,0.0,0.0224,-0.5717,-14.31
157.732,0.0,-0.8,0.0,0.0216,-0.5715,-14.11
157.783,0.0,-0.8,0.0,0.0216,-0.5715,-14.11
157.834,0.0,-0.8,0.0,0.0189,-0.5702,-13.46
157.884,0.0,-0.8,0.0,0.0189,-0.5702,-13.46
157.935,0.0,-0.8,0.0,0.0169,-0.5698,-12.97
157.986,0.0,-0.8,0.0,0.0169,-0.5698,-12.97
158.037,0.0,-0.8,0.0,0.0136,-0.5688,-12.24
158.088,0.0,-0.8,0.0,0.0136,-0.5688,-12.24
158.139,0.0,-0.8,0.0,0.012,-0.5683,-11.84
158.189,0.0,-0.8,0.0,0.012,-0.5683,-11.84
158.24,0.0,-0.8,0.0,0.009,-0.5674,-11.15
158.291,0.0,-0.8,0.0,0.009,-0.5674,-11.15
158.342,0.0,-0.8,0.0,0.0068,-0.5665,-10.66
158.393,0.0,-0.8,0.0,0.0068,-0.5665,-10.66
158.443,0.0,-0.8,0.0,0.0049,-0.5659,-10.14
158.494,0.0,-0.8,0.0,0.0049,-0.5659,-10.14
158.544,0.0,-0.8,0.0,0.0037,-0.5654,-9.9
158.595,0.0,-0.8,0.0,0.0037,-0.5654,-9.9
158.646,0.0,-0.8,0.0,0.0031,-0.5656,-9.64
158.697,0.0,-0.8,0.0,0.0031,-0.5656,-9.64
158.748,0.0,-0.8,0.0,0.0033,-0.5654,-9.68
158.798,0.0,-0.8,0.0,0.0033,-0.5654,-9.68
158.849,0.0,-0.8,0.0,0.0033,-0.5654,-9.69
158.899,0.0,-0.8,0.0,0.0033,-0.5654,-9.69
158.95,0.0,-0.8,0.0,0.0031,-0.5652,-9.64
159.001,0.0,-0.8,0.0,0.0031,-0.5652,-9.64
159.052,0.0,-0.8,0.0,0.0029,-0.5651,-9.57
159.103,0.0,-0.8,0.0,0.0029,-0.5651,-9.57
159.154,0.0,-0.8,0.0,0.0027,-0.5653,-9.48
159.205,0.0,-0.8,0.0,0.0027,-0.5653,-9.48
159.255,0.0,-0.8,0.0,0.0024,-0.565,-9.42
159.306,0.0,-0.8,0.0,0.0024,-0.565,-9.42
159.357,0.0,-0.8,0.0,0.002,-0.5651,-9.31
159.407,0.0,-0.8,0.0,0.002,-0.5651,-9.31
159.458,0.0,-0.8,0.0,0.0014,-0.5647,-9.17
159.508,0.0,-0.8,0.0,0.0014,-0.5647,-9.17
159.559,0.0,-0.8,0.0,0.0012,-0.5649,-9.1
159.61,0.0,-0.8,0.0,0.001,-0.5646,-9.07
159.661,0.0,-0.8,0.0,0.0007,-0.5648,-8.94
159.712,0.0,-0.8,0.0,0.0007,-0.5648,-8.94
159.763,0.0,-0.8,0.0,0.0003,-0.5646,-8.86
159.814,0.0,-0.8,0.0,0.0003,-0.5646,-8.86
159.865,0.0,-0.8,0.0,0.0001,-0.5644,-8.8
159.916,0.0,-0.8,0.0,0.0,-0.5644,-8.79
159.967,0.0,-0.8,0.0,-0.0004,-0.5644,-8.7
160.018,0.0,-0.8,0.0,-0.0004,-0.5644,-8.7
160.07,0.0,-0.8,0.0,-0.0007,-0.5643,-8.63
160.12,0.0,-0.8,0.0,-0.0007,-0.5642,-8.62
160.171,0.0,-0.8,0.0,-0.0014,-0.564,-8.48
160.222,0.0,-0.8,0.0,-0.0014,-0.564,-8.48
160.273,0.0,-0.8,0.0,-0.0019,-0.5638,-8.37
160.324,0.0,-0.8,0.0,-0.0022,-0.564,-8.25
160.374,0.0,-0.8,0.0,-0.0029,-0.5635,-8.11
160.425,0.0,-0.8,0.0,-0.0033,-0.5633,-8.01
160.476,0.0,-0.8,0.0,-0.0034,-0.5634,-7.98
160.527,0.0,-0.8,0.0,-0.0034,-0.5634,-7.98
160.577,0.0,-0.8,0.0,-0.0024,-0.5637,-8.22
160.628,0.0,-0.8,0.0,-0.0014,-0.5639,-8.45
160.678,0.0,-0.8,0.0,0.0001,-0.5644,-8.8
160.729,0.0,-0.8,0.0,0.0009,-0.5645,-8.98
160.78,0.0,-0.8,0.0,0.003,-0.565,-9.44
160.831,0.0,-0.8,0.0,0.003,-0.565,-9.44
160.882,0.0,-0.8,0.0,0.0028,-0.5649,-9.49
160.932,0.0,-0.8,0.0,0.0027,-0.5649,-9.5
160.983,0.0,-0.8,0.0,0.0028,-0.5651,-9.63
161.035,0.0,-0.8,0.0,0.0036,-0.5654,-9.81
161.086,0.0,-0.8,0.0,0.004,-0.5654,-9.91
161.136,0.0,-0.8,0.0,0.0047,-0.5655,-10.05
161.187,0.0,-0.8,0.0,0.0048,-0.5656,-10.06
161.238,0.0,-0.8,0.0,0.0048,-0.5656,-10.06
161.289,0.0,-0.8,0.0,0.006,-0.566,-10.35
161.339,0.0,-0.8,0.0,0.006,-0.566,-10.35
161.415,0.0,-0.8,0.0,0.0073,-0.5663,-10.63
161.465,0.0,-0.8,0.0,0.0075,-0.5663,-10.69
161.516,0.0,-0.8,0.0,0.0082,-0.5665,-10.87
161.566,0.0,-0.8,0.0,0.0082,-0.5665,-10.87
161.617,0.0,-0.8,0.0,0.009,-0.5667,-11.03
161.668,0.0,-0.8,0.0,0.009,-0.5667,-11.03
161.719,0.0,-0.8,0.0,0.0097,-0.567,-11.18
161.77,0.0,-0.8,0.0,0.0097,-0.567,-11.18
161.821,0.0,-0.8,0.0,0.0105,-0.5675,-11.4
161.871,0.0,-0.8,0.0,0.0105,-0.5675,-11.4
161.922,0.0,-0.8,0.0,0.0121,-0.5679,-11.72
161.973,0.0,-0.8,0.0,0.0121,-0.5679,-11.72
162.024,0.0,-0.8,0.0,0.0124,-0.568,-11.8
162.074,0.0,-0.8,0.0,0.0124,-0.568,-11.8
162.125,0.0,-0.8,0.0,0.0124,-0.568,-11.8
162.176,0.0,-0.8,0.0,0.0124,-0.568,-11.8
162.227,0.0,-0.8,0.0,0.0124,-0.568,-11.8
162.277,0.0,-0.8,0.0,0.0124,-0.568,-11.8
162.328,0.0,-0.8,0.0,0.0124,-0.568,-11.8
162.378,0.0,-0.8,0.0,0.0124,-0.568,-11.8
162.429,0.0,-0.8,0.0,0.0124,-0.568,-11.8
162.48,0.0,-0.8,0.0,0.0124,-0.568,-11.8
162.53,0.0,-0.8,0.0,0.0124,-0.568,-11.8
162.581,0.0,-0.8,0.0,0.0124,-0.568,-11.8
162.632,0.0,-0.8,0.0,0.0124,-0.568,-11.8
162.682,0.0,-0.8,0.0,0.0124,-0.568,-11.8
162.733,0.0,-0.8,0.0,0.0124,-0.568,-11.8
162.786,0.0,-0.8,0.0,0.0124,-0.568,-11.8
162.837,0.0,-0.8,0.0,0.0124,-0.568,-11.8
162.887,0.0,-0.8,0.0,0.0124,-0.568,-11.8
162.938,0.0,-0.8,0.0,0.0124,-0.568,-11.8
162.988,0.0,-0.8,0.0,0.0124,-0.568,-11.8
163.039,0.0,-0.8,0.0,0.0124,-0.568,-11.8
163.09,0.0,-0.8,0.0,0.0124,-0.568,-11.8
163.14,0.0,-0.8,0.0,0.0124,-0.568,-11.8
163.192,0.0,-0.8,0.0,0.0124,-0.568,-11.8
163.242,0.0,-0.8,0.0,0.0124,-0.568,-11.8
163.293,0.0,-0.8,0.0,0.0124,-0.568,-11.8
163.343,0.0,-0.8,0.0,0.0124,-0.568,-11.8
163.394,0.0,-0.8,0.0,0.0124,-0.568,-11.8
163.444,0.0,-0.8,0.0,0.0124,-0.568,-11.8
163.495,0.0,-0.8,0.0,0.0124,-0.568,-11.8
163.545,0.0,-0.8,0.0,0.0124,-0.568,-11.8
163.596,0.0,-0.8,0.0,0.0124,-0.568,-11.8
163.646,0.0,-0.8,0.0,0.0124,-0.568,-11.8
163.697,0.0,-0.8,0.0,0.0124,-0.568,-11.8
163.748,0.0,-0.8,0.0,0.0124,-0.568,-11.8
163.799,0.0,-0.8,0.0,0.0124,-0.568,-11.8
163.85,0.0,-0.8,0.0,0.0124,-0.568,-11.8
163.9,0.0,-0.8,0.0,0.0124,-0.568,-11.8
163.951,0.0,-0.8,0.0,0.0124,-0.568,-11.8
164.002,0.0,-0.8,0.0,0.0124,-0.568,-11.8
164.053,0.0,-0.8,0.0,0.0124,-0.568,-11.8
164.143,0.0,-0.8,0.0,0.0124,-0.568,-11.8
164.194,0.0,-0.8,0.0,0.0124,-0.568,-11.8
164.245,0.0,-0.8,0.0,0.0124,-0.568,-11.8
164.296,0.0,-0.8,0.0,0.0124,-0.568,-11.8
164.346,0.0,-0.8,0.0,0.0124,-0.568,-11.8
164.397,0.0,-0.8,0.0,0.0124,-0.568,-11.8
164.448,0.0,-0.8,0.0,0.0124,-0.568,-11.8
164.498,0.0,-0.8,0.0,0.0124,-0.568,-11.8
164.549,0.0,-0.8,0.0,0.0124,-0.568,-11.8
164.6,0.0,-0.8,0.0,0.0124,-0.568,-11.8
164.651,0.0,-0.8,0.0,0.0124,-0.568,-11.8
164.701,0.0,-0.8,0.0,0.0124,-0.568,-11.8
164.751,0.0,-0.8,0.0,0.0124,-0.568,-11.8
164.802,0.0,-0.8,0.0,0.0124,-0.568,-11.8
164.852,0.0,-0.8,0.0,0.0124,-0.568,-11.8
164.903,0.0,-0.8,0.0,0.0124,-0.568,-11.8
164.953,0.0,-0.8,0.0,0.0124,-0.568,-11.8
165.004,0.0,-0.8,0.0,0.0124,-0.568,-11.8
165.055,0.0,-0.8,0.0,0.0124,-0.568,-11.8
165.106,0.0,-0.8,0.0,0.0124,-0.568,-11.8
165.156,0.0,-0.8,0.0,0.0124,-0.568,-11.8
165.207,0.0,-0.8,0.0,0.0124,-0.568,-11.8
165.258,0.0,-0.8,0.0,0.0124,-0.568,-11.8
165.308,0.0,-0.8,0.0,0.0124,-0.568,-11.8
165.359,0.0,-0.8,0.0,0.0124,-0.568,-11.8
165.41,0.0,-0.8,0.0,0.0124,-0.568,-11.8
165.46,0.0,-0.8,0.0,0.0124,-0.568,-11.8
165.511,0.0,-0.8,0.0,0.0124,-0.568,-11.8
165.562,0.0,-0.8,0.0,0.0124,-0.568,-11.8
165.613,0.0,-0.8,0.0,0.0124,-0.568,-11.8
165.664,0.0,-0.8,0.0,0.0124,-0.568,-11.8
165.714,0.0,-0.8,0.0,0.0124,-0.568,-11.8
165.765,0.0,-0.8,0.0,0.0124,-0.568,-11.8
165.815,0.0,-0.8,0.0,0.0124,-0.568,-11.8
165.866,0.0,-0.8,0.0,0.0124,-0.568,-11.8
165.917,0.0,-0.8,0.0,0.0124,-0.568,-11.8
165.968,0.0,-0.8,0.0,0.0124,-0.568,-11.8
166.018,0.0,-0.8,0.0,0.0124,-0.568,-11.8
166.069,0.0,-0.8,0.0,0.0124,-0.568,-11.8
166.119,0.0,-0.8,0.0,0.0124,-0.568,-11.8
166.17,0.0,-0.8,0.0,0.0124,-0.568,-11.8
166.221,0.0,-0.8,0.0,0.0124,-0.568,-11.8
166.271,0.0,-0.8,0.0,0.0124,-0.568,-11.8
166.323,0.0,-0.8,0.0,0.0124,-0.568,-11.8
166.373,0.0,-0.8,0.0,0.0124,-0.568,-11.8
166.424,0.0,-0.8,0.0,0.0124,-0.568,-11.8
166.475,0.0,-0.8,0.0,0.0124,-0.568,-11.8
166.526,0.0,-0.8,0.0,0.0124,-0.568,-11.8
166.577,0.0,-0.8,0.0,0.0124,-0.568,-11.8
166.628,0.0,-0.8,0.0,0.0124,-0.568,-11.8
166.678,0.0,-0.8,0.0,0.0124,-0.568,-11.8
166.729,0.0,-0.8,0.0,0.0124,-0.568,-11.8
166.779,0.0,-0.8,0.0,0.0124,-0.568,-11.8
166.83,0.0,-0.8,0.0,0.0124,-0.568,-11.8
166.881,0.0,-0.8,0.0,0.0124,-0.568,-11.8
166.931,0.0,-0.8,0.0,0.0124,-0.568,-11.8
166.982,0.0,-0.8,0.0,0.0124,-0.568,-11.8
167.033,0.0,-0.8,0.0,0.0124,-0.568,-11.8
167.083,0.0,-0.8,0.0,0.0124,-0.568,-11.8
167.134,0.0,-0.8,0.0,0.0124,-0.568,-11.8
167.185,0.0,-0.8,0.0,0.0124,-0.568,-11.8
167.235,0.0,-0.8,0.0,0.0124,-0.568,-11.8
167.286,0.0,-0.8,0.0,0.0124,-0.568,-11.8
167.336,0.0,-0.8,0.0,0.0124,-0.568,-11.8
167.387,0.0,-0.8,0.0,0.0124,-0.568,-11.8
167.438,0.0,-0.8,0.0,0.0124,-0.568,-11.8
167.488,0.0,-0.8,0.0,0.0124,-0.568,-11.8
167.539,0.0,-0.8,0.0,0.0124,-0.568,-11.8
167.59,0.0,-0.8,0.0,0.0124,-0.568,-11.8
167.64,0.0,-0.8,0.0,0.0124,-0.568,-11.8
167.691,0.0,-0.8,0.0,0.0124,-0.568,-11.8
167.741,0.0,-0.8,0.0,0.0124,-0.568,-11.8
167.792,0.0,-0.8,0.0,0.0124,-0.568,-11.8
167.842,0.0,-0.8,0.0,0.0124,-0.568,-11.8
167.893,0.0,-0.8,0.0,0.0124,-0.568,-11.8
167.944,0.0,-0.8,0.0,0.0124,-0.568,-11.8
167.995,0.0,-0.8,0.0,0.0124,-0.568,-11.8
168.046,0.0,-0.8,0.0,0.0124,-0.568,-11.8
168.097,0.0,-0.8,0.0,0.0124,-0.568,-11.8
168.147,0.0,-0.8,0.0,0.0124,-0.568,-11.8
168.227,0.0,-0.8,0.0,0.0124,-0.568,-11.8
168.278,0.0,-0.8,0.0,0.0124,-0.568,-11.8
168.329,0.0,-0.8,0.0,0.0124,-0.568,-11.8
168.38,0.0,-0.8,0.0,0.0124,-0.568,-11.8
168.43,0.0,-0.8,0.0,0.0124,-0.568,-11.8
168.481,0.0,-0.8,0.0,0.0124,-0.568,-11.8
168.532,0.0,-0.8,0.0,0.0124,-0.568,-11.8
168.582,0.0,-0.8,0.0,0.0124,-0.568,-11.8
168.633,0.0,-0.8,0.0,0.0124,-0.568,-11.8
168.683,0.0,-0.8,0.0,0.0124,-0.568,-11.8
168.734,0.0,-0.8,0.0,0.0124,-0.568,-11.8
168.785,0.0,-0.8,0.0,0.0124,-0.568,-11.8
168.835,0.0,-0.8,0.0,0.0124,-0.568,-11.8
168.886,0.0,-0.8,0.0,0.0124,-0.568,-11.8
168.937,0.0,-0.8,0.0,0.0124,-0.568,-11.8
168.988,0.0,-0.8,0.0,0.0124,-0.568,-11.8
169.039,0.0,-0.8,0.0,0.0124,-0.568,-11.8
169.089,0.0,-0.8,0.0,0.0124,-0.568,-11.8
169.14,0.0,-0.8,0.0,0.0124,-0.568,-11.8
169.191,0.0,-0.8,0.0,0.0124,-0.568,-11.8
169.241,0.0,-0.8,0.0,0.0124,-0.568,-11.8
169.292,0.0,-0.8,0.0,0.0124,-0.568,-11.8
169.342,0.0,-0.8,0.0,0.0124,-0.568,-11.8
169.393,0.0,-0.8,0.0,0.0124,-0.568,-11.8
169.443,0.0,-0.8,0.0,0.0124,-0.568,-11.8
169.494,0.0,-0.8,0.0,0.0124,-0.568,-11.8
169.546,0.0,-0.8,0.0,0.0124,-0.568,-11.8
169.602,0.0,-0.8,0.0,0.0124,-0.568,-11.8
169.653,0.0,-0.8,0.0,0.0124,-0.568,-11.8
169.703,0.0,-0.8,0.0,0.0124,-0.568,-11.8
169.754,0.0,-0.8,0.0,0.0124,-0.568,-11.8
169.805,0.0,-0.8,0.0,0.0124,-0.568,-11.8
169.855,0.0,-0.8,0.0,0.0124,-0.568,-11.8
169.906,0.0,-0.8,0.0,0.0124,-0.568,-11.8
169.957,0.0,-0.8,0.0,0.0124,-0.568,-11.8
170.008,0.0,-0.8,0.0,0.0124,-0.568,-11.8
170.059,0.0,-0.8,0.0,0.0124,-0.568,-11.8
170.11,0.0,-0.8,0.0,0.0124,-0.568,-11.8
170.16,0.0,-0.8,0.0,0.0124,-0.568,-11.8
170.211,0.0,-0.8,0.0,0.0124,-0.568,-11.8
170.262,0.0,-0.8,0.0,0.0124,-0.568,-11.8
170.313,0.0,-0.8,0.0,0.0124,-0.568,-11.8
170.364,0.0,-0.8,0.0,0.0124,-0.568,-11.8
170.414,0.0,-0.8,0.0,0.0124,-0.568,-11.8
170.465,0.0,-0.8,0.0,0.0124,-0.568,-11.8
170.516,0.0,-0.8,0.0,0.0124,-0.568,-11.8
170.566,0.0,-0.8,0.0,0.0124,-0.568,-11.8
170.617,0.0,-0.8,0.0,0.0124,-0.568,-11.8
170.667,0.0,-0.8,0.0,0.0124,-0.568,-11.8
170.718,0.0,-0.8,0.0,0.0124,-0.568,-11.8
170.769,0.0,-0.8,0.0,0.0124,-0.568,-11.8
170.82,0.0,-0.8,0.0,0.0124,-0.568,-11.8
170.871,0.0,-0.8,0.0,0.0124,-0.568,-11.8
170.955,0.0,-0.8,0.0,0.0124,-0.568,-11.8
171.006,0.0,-0.8,0.0,0.0124,-0.568,-11.8
171.057,0.0,-0.8,0.0,0.0124,-0.568,-11.8
171.108,0.0,-0.8,0.0,0.0124,-0.568,-11.8
171.158,0.0,-0.8,0.0,0.0124,-0.568,-11.8
171.209,0.0,-0.8,0.0,0.0124,-0.568,-11.8
171.261,0.0,-0.8,0.0,0.0124,-0.568,-11.8
171.312,0.0,-0.8,0.0,0.0124,-0.568,-11.8
171.363,0.0,-0.8,0.0,0.0124,-0.568,-11.8
171.413,0.0,-0.8,0.0,0.0124,-0.568,-11.8
171.464,0.0,-0.8,0.0,0.0124,-0.568,-11.8
171.515,0.0,-0.8,0.0,0.0124,-0.568,-11.8
171.565,0.0,-0.8,0.0,0.0124,-0.568,-11.8
171.616,0.0,-0.8,0.0,0.0124,-0.568,-11.8
171.667,0.0,-0.8,0.0,0.0124,-0.568,-11.8
171.718,0.0,-0.8,0.0,0.0124,-0.568,-11.8
171.768,0.0,-0.8,0.0,0.0124,-0.568,-11.8
171.819,0.0,-0.8,0.0,0.0124,-0.568,-11.8
171.87,0.0,-0.8,0.0,0.0124,-0.568,-11.8
171.921,0.0,-0.8,0.0,0.0124,-0.568,-11.8
171.972,0.0,-0.8,0.0,0.0124,-0.568,-11.8
172.023,0.0,-0.8,0.0,0.0124,-0.568,-11.8
172.073,0.0,-0.8,0.0,0.0124,-0.568,-11.8
172.124,0.0,-0.8,0.0,0.0124,-0.568,-11.8
172.175,0.0,-0.8,0.0,0.0124,-0.568,-11.8
172.226,0.0,-0.8,0.0,0.0124,-0.568,-11.8
172.312,0.0,-0.8,0.0,0.0124,-0.568,-11.8
172.363,0.0,-0.8,0.0,0.0124,-0.568,-11.8
172.414,0.0,-0.8,0.0,0.0124,-0.568,-11.8
172.465,0.0,-0.8,0.0,0.0124,-0.568,-11.8
172.515,0.0,-0.8,0.0,0.0124,-0.568,-11.8
172.566,0.0,-0.8,0.0,0.0124,-0.568,-11.8
172.617,0.0,-0.8,0.0,0.0124,-0.568,-11.8
172.667,0.0,-0.8,0.0,0.0124,-0.568,-11.8
172.718,0.0,-0.8,0.0,0.0124,-0.568,-11.8
172.769,0.0,-0.8,0.0,0.0124,-0.568,-11.8
172.82,0.0,-0.8,0.0,0.0124,-0.568,-11.8
172.871,0.0,-0.8,0.0,0.0124,-0.568,-11.8
172.921,0.0,-0.8,0.0,0.0124,-0.568,-11.8
172.972,0.0,-0.8,0.0,0.0124,-0.568,-11.8
173.023,0.0,-0.8,0.0,0.0124,-0.568,-11.8
173.073,0.0,-0.8,0.0,0.0124,-0.568,-11.8
173.124,0.0,-0.8,0.0,0.0124,-0.568,-11.8
173.175,0.0,-0.8,0.0,0.0124,-0.568,-11.8
173.226,0.0,-0.8,0.0,0.0124,-0.568,-11.8
173.277,0.0,-0.8,0.0,0.0124,-0.568,-11.8
173.327,0.0,-0.8,0.0,0.0124,-0.568,-11.8
173.378,0.0,-0.8,0.0,0.0124,-0.568,-11.8
173.429,0.0,-0.8,0.0,0.0124,-0.568,-11.8
173.479,0.0,-0.8,0.0,0.0124,-0.568,-11.8
173.53,0.0,-0.8,0.0,0.0124,-0.568,-11.8
173.581,0.0,-0.8,0.0,0.0124,-0.568,-11.8
173.632,0.0,-0.8,0.0,0.0124,-0.568,-11.8
173.682,0.0,-0.8,0.0,0.0124,-0.568,-11.8
173.733,0.0,-0.8,0.0,0.0124,-0.568,-11.8
173.784,0.0,-0.8,0.0,0.0124,-0.568,-11.8
173.835,0.0,-0.8,0.0,0.0124,-0.568,-11.8
173.885,0.0,-0.8,0.0,0.0124,-0.568,-11.8
173.936,0.0,-0.8,0.0,0.0124,-0.568,-11.8
173.987,0.0,-0.8,0.0,0.0124,-0.568,-11.8
174.037,0.0,-0.8,0.0,0.0124,-0.568,-11.8
174.088,0.0,-0.8,0.0,0.0124,-0.568,-11.8
174.138,0.0,-0.8,0.0,0.0124,-0.568,-11.8
174.189,0.0,-0.8,0.0,0.0124,-0.568,-11.8
174.239,0.0,-0.8,0.0,0.0124,-0.568,-11.8
174.29,0.0,-0.8,0.0,0.0124,-0.568,-11.8
174.341,0.0,-0.8,0.0,0.0124,-0.568,-11.8
174.391,0.0,-0.8,0.0,0.0124,-0.568,-11.8
174.443,0.0,-0.8,0.0,0.0124,-0.568,-11.8
174.494,0.0,-0.8,0.0,0.0124,-0.568,-11.8
174.544,0.0,-0.8,0.0,0.0124,-0.568,-11.8
174.595,0.0,-0.8,0.0,0.0124,-0.568,-11.8
174.645,0.0,-0.8,0.0,0.0124,-0.568,-11.8
174.696,0.0,-0.8,0.0,0.0124,-0.568,-11.8
174.747,0.0,-0.8,0.0,0.0124,-0.568,-11.8
174.797,0.0,-0.8,0.0,0.0124,-0.568,-11.8
174.848,0.0,-0.8,0.0,0.0124,-0.568,-11.8
174.899,0.0,-0.8,0.0,0.0124,-0.568,-11.8
174.95,0.0,-0.8,0.0,0.0124,-0.568,-11.8
175.001,0.0,-0.8,0.0,0.0124,-0.568,-11.8
175.052,0.0,-0.8,0.0,0.0124,-0.568,-11.8
175.102,0.0,-0.8,0.0,0.0124,-0.568,-11.8
175.153,0.0,-0.8,0.0,0.0124,-0.568,-11.8
175.203,0.0,-0.8,0.0,0.0124,-0.568,-11.8
175.254,0.0,-0.8,0.0,0.0124,-0.568,-11.8
175.304,0.0,-0.8,0.0,0.0124,-0.568,-11.8
175.355,0.0,-0.8,0.0,0.0124,-0.568,-11.8
175.406,0.0,-0.8,0.0,0.0124,-0.568,-11.8
175.456,0.0,-0.8,0.0,0.0124,-0.568,-11.8
175.507,0.0,-0.8,0.0,0.0124,-0.568,-11.8
175.558,0.0,-0.8,0.0,0.0124,-0.568,-11.8
175.608,0.0,-0.8,0.0,0.0124,-0.568,-11.8
175.658,0.0,-0.8,0.0,0.0124,-0.568,-11.8
175.71,0.0,-0.8,0.0,0.0124,-0.568,-11.8
175.761,0.0,-0.8,0.0,0.0124,-0.568,-11.8
175.811,0.0,-0.8,0.0,0.0124,-0.568,-11.8
175.862,0.0,-0.8,0.0,0.0124,-0.568,-11.8
175.913,0.0,-0.8,0.0,0.0124,-0.568,-11.8
175.963,0.0,-0.8,0.0,0.0124,-0.568,-11.8
176.014,0.0,-0.8,0.0,0.0124,-0.568,-11.8
176.065,0.0,-0.8,0.0,0.0124,-0.568,-11.8
176.115,0.0,-0.8,0.0,0.0124,-0.568,-11.8
176.166,0.0,-0.8,0.0,0.0124,-0.568,-11.8
176.217,0.0,-0.8,0.0,0.0124,-0.568,-11.8
176.267,0.0,-0.8,0.0,0.0124,-0.568,-11.8
176.318,0.0,-0.8,0.0,0.0124,-0.568,-11.8
176.407,0.0,-0.8,0.0,0.0124,-0.568,-11.8
176.457,0.0,-0.8,0.0,0.0124,-0.568,-11.8
176.508,0.0,-0.8,0.0,0.0124,-0.568,-11.8
176.559,0.0,-0.8,0.0,0.0124,-0.568,-11.8
176.61,0.0,-0.8,0.0,0.0124,-0.568,-11.8
176.66,0.0,-0.8,0.0,0.0124,-0.568,-11.8
176.711,0.0,-0.8,0.0,0.0124,-0.568,-11.8
176.762,0.0,-0.8,0.0,0.0124,-0.568,-11.8
176.812,0.0,-0.8,0.0,0.0124,-0.568,-11.8
176.863,0.0,-0.8,0.0,0.0124,-0.568,-11.8
176.914,0.0,-0.8,0.0,0.0124,-0.568,-11.8
176.965,0.0,-0.8,0.0,0.0124,-0.568,-11.8
177.015,0.0,-0.8,0.0,0.0124,-0.568,-11.8
177.066,0.0,-0.8,0.0,0.0124,-0.568,-11.8
177.117,0.0,-0.8,0.0,0.0124,-0.568,-11.8
177.167,0.0,-0.8,0.0,0.0124,-0.568,-11.8
177.218,0.0,-0.8,0.0,0.0124,-0.568,-11.8
177.269,0.0,-0.8,0.0,0.0124,-0.568,-11.8
177.319,0.0,-0.8,0.0,0.0124,-0.568,-11.8
177.37,0.0,-0.8,0.0,0.0124,-0.568,-11.8
177.42,0.0,-0.8,0.0,0.0124,-0.568,-11.8
177.471,0.0,-0.8,0.0,0.0124,-0.568,-11.8
177.522,0.0,-0.8,0.0,0.0124,-0.568,-11.8
177.573,0.0,-0.8,0.0,0.0124,-0.568,-11.8
177.623,0.0,-0.8,0.0,0.0124,-0.568,-11.8
177.674,0.0,-0.8,0.0,0.0124,-0.568,-11.8
177.725,0.0,-0.8,0.0,0.0124,-0.568,-11.8
177.775,0.0,-0.8,0.0,0.0124,-0.568,-11.8
177.826,0.0,-0.8,0.0,0.0124,-0.568,-11.8
177.877,0.0,-0.8,0.0,0.0124,-0.568,-11.8
177.927,0.0,-0.8,0.0,0.0124,-0.568,-11.8
177.978,0.0,-0.8,0.0,0.0124,-0.568,-11.8
178.029,0.0,-0.8,0.0,0.0124,-0.568,-11.8
178.08,0.0,-0.8,0.0,0.0124,-0.568,-11.8
178.13,0.0,-0.8,0.0,0.0124,-0.568,-11.8
178.181,0.0,-0.8,0.0,0.0124,-0.568,-11.8
178.231,0.0,-0.8,0.0,0.0124,-0.568,-11.8
178.282,0.0,-0.8,0.0,0.0124,-0.568,-11.8
178.333,0.0,-0.8,0.0,0.0124,-0.568,-11.8
178.383,0.0,-0.8,0.0,0.0124,-0.568,-11.8
178.434,0.0,-0.8,0.0,0.0124,-0.568,-11.8
178.484,0.0,-0.8,0.0,0.0124,-0.568,-11.8
178.535,0.0,-0.8,0.0,0.0124,-0.568,-11.8
178.586,0.0,-0.8,0.0,0.0124,-0.568,-11.8
178.637,0.0,-0.8,0.0,0.0124,-0.568,-11.8
178.688,0.0,-0.8,0.0,0.0124,-0.568,-11.8
178.739,0.0,-0.8,0.0,0.0124,-0.568,-11.8
178.79,0.0,-0.8,0.0,0.0124,-0.568,-11.8
178.841,0.0,-0.8,0.0,0.0124,-0.568,-11.8
178.891,0.0,-0.8,0.0,0.0124,-0.568,-11.8
178.942,0.0,-0.8,0.0,0.0124,-0.568,-11.8
178.993,0.0,-0.8,0.0,0.0124,-0.568,-11.8
179.044,0.0,-0.8,0.0,0.0124,-0.568,-11.8
179.094,0.0,-0.8,0.0,0.0124,-0.568,-11.8
179.145,0.0,-0.8,0.0,0.0124,-0.568,-11.8
179.196,0.0,-0.8,0.0,0.0124,-0.568,-11.8
179.246,0.0,-0.8,0.0,0.0124,-0.568,-11.8
179.297,0.0,-0.8,0.0,0.0124,-0.568,-11.8
179.348,0.0,-0.8,0.0,0.0124,-0.568,-11.8
179.399,0.0,-0.8,0.0,0.0124,-0.568,-11.8
179.449,0.0,-0.8,0.0,0.0124,-0.568,-11.8
179.5,0.0,-0.8,0.0,0.0124,-0.568,-11.8
179.55,0.0,-0.8,0.0,0.0124,-0.568,-11.8
179.601,0.0,-0.8,0.0,0.0124,-0.568,-11.8
179.652,0.0,-0.8,0.0,0.0124,-0.568,-11.8
179.703,0.0,-0.8,0.0,0.0124,-0.568,-11.8
179.753,0.0,-0.8,0.0,0.0124,-0.568,-11.8
179.804,0.0,-0.8,0.0,0.0124,-0.568,-11.8
179.855,0.0,-0.8,0.0,0.0124,-0.568,-11.8
179.906,0.0,-0.8,0.0,0.0124,-0.568,-11.8
179.956,0.0,-0.8,0.0,0.0124,-0.568,-11.8
180.007,0.0,-0.8,0.0,0.0124,-0.568,-11.8
180.057,0.0,-0.8,0.0,0.0124,-0.568,-11.8
180.108,0.0,-0.8,0.0,0.0124,-0.568,-11.8
180.159,0.0,-0.8,0.0,0.0124,-0.568,-11.8
180.21,0.0,-0.8,0.0,0.0124,-0.568,-11.8
180.261,0.0,-0.8,0.0,0.0,-0.0,-0.02
180.311,0.0,-0.8,0.0,0.0,-0.0,-0.02
180.362,0.0,-0.8,0.0,0.0,-0.0,-0.02
180.413,0.0,-0.8,0.0,-0.0,0.0,-0.01
180.493,0.0,-0.8,0.0,0.0,-0.0,-0.02
180.544,0.0,-0.8,0.0,0.0,-0.0,-0.01
180.594,0.0,-0.8,0.0,0.0,-0.0,-0.01
180.645,0.0,-0.8,0.0,0.0,-0.0,-0.02
180.696,0.0,-0.8,0.0,0.0,-0.0,-0.02
180.747,0.0,-0.8,0.0,0.0,-0.0,-0.02
180.798,0.0,-0.8,0.0,0.0,-0.0,-0.02
180.848,0.0,-0.8,0.0,0.0,-0.0,-0.02
180.899,0.0,-0.8,0.0,0.0,-0.0,-0.01
180.95,0.0,-0.8,0.0,0.0,-0.0,-0.01
181.001,0.0,-0.8,0.0,0.0,-0.0,-0.01
181.051,0.0,-0.8,0.0,-0.0,0.0,-0.01
181.102,0.0,-0.8,0.0,-0.0,0.0,-0.01
181.153,0.0,-0.8,0.0,-0.0,0.0,-0.01
181.203,0.0,-0.8,0.0,-0.0,0.0,-0.01
181.254,0.0,-0.8,0.0,-0.0,0.0,-0.01
181.305,0.0,-0.8,0.0,-0.0,0.0,-0.01
181.356,0.0,-0.8,0.0,-0.0,0.0,-0.01
181.406,0.0,-0.8,0.0,-0.0,0.0,-0.01
181.457,0.0,-0.8,0.0,-0.0,0.0,-0.01
181.507,0.0,-0.8,0.0,-0.0,0.0,-0.01
181.558,0.0,-0.8,0.0,-0.0,0.0,-0.01
181.609,0.0,-0.8,0.0,-0.0,0.0,-0.01
181.66,0.0,-0.8,0.0,-0.0,0.0,-0.01
181.711,0.0,-0.8,0.0,-0.0,0.0,-0.01
181.762,0.0,-0.8,0.0,-0.0,0.0,-0.01
181.812,0.0,-0.8,0.0,0.0,-0.0,-0.01
181.863,0.0,-0.8,0.0,-0.0,0.0,-0.01
181.914,0.0,-0.8,0.0,-0.0,0.0,-0.01
181.965,0.0,-0.8,0.0,0.0,-0.0,-0.01
182.015,0.0,-0.8,0.0,0.0,-0.0,-0.01
182.066,0.0,-0.8,0.0,0.0,-0.0,-0.02
182.117,0.0,-0.8,0.0,0.0,-0.0,-0.02
182.167,0.0,-0.8,0.0,0.0,-0.0,-0.02
182.218,0.0,-0.8,0.0,0.0,-0.0,-0.02
182.269,0.0,-0.8,0.0,0.0,-0.0,-0.02
182.319,0.0,-0.8,0.0,0.0,-0.0,-0.02
182.37,0.0,-0.8,0.0,0.0,-0.0,-0.02
182.42,0.0,-0.8,0.0,0.0,-0.0,-0.02
182.471,0.0,-0.8,0.0,0.0,-0.0,-0.01
182.522,0.0,-0.8,0.0,0.0,-0.0,-0.01
182.572,0.0,-0.8,0.0,0.0001,-0.0001,-0.02
182.623,0.0,-0.8,0.0,0.0001,-0.0,-0.02
182.674,0.0,-0.8,0.0,0.0001,-0.0,-0.02
182.725,0.0,-0.8,0.0,0.0001,-0.0,-0.02
182.775,0.0,-0.8,0.0,0.0001,-0.0,-0.02
182.826,0.0,-0.8,0.0,0.0001,-0.0,-0.02
182.877,0.0,-0.8,0.0,0.0001,-0.0,-0.02
182.928,0.0,-0.8,0.0,0.0001,-0.0,-0.02
182.978,0.0,-0.8,0.0,0.0001,-0.0,-0.02
183.029,0.0,-0.8,0.0,0.0001,-0.0,-0.02
183.08,0.0,-0.8,0.0,0.0001,-0.0,-0.02
183.13,0.0,-0.8,0.0,0.0001,-0.0,-0.02
183.182,0.0,-0.8,0.0,0.0001,-0.0,-0.02
183.233,0.0,-0.8,0.0,0.0001,-0.0,-0.02
183.284,0.0,-0.8,0.0,0.0001,-0.0,-0.02
183.335,0.0,-0.8,0.0,0.0001,-0.0,-0.02
183.385,0.0,-0.8,0.0,0.0001,-0.0,-0.02
183.436,0.0,-0.8,0.0,0.0001,-0.0,-0.02
183.486,0.0,-0.8,0.0,0.0001,-0.0,-0.02
183.536,0.0,-0.8,0.0,0.0,-0.0,-0.01
183.587,0.0,-0.8,0.0,0.0,-0.0,-0.01
183.638,0.0,-0.8,0.0,0.0001,-0.0,-0.02
183.688,0.0,-0.8,0.0,0.0001,-0.0001,-0.02
183.739,0.0,-0.8,0.0,0.0001,-0.0001,-0.02
183.789,0.0,-0.8,0.0,0.0001,-0.0001,-0.02
183.84,0.0,-0.8,0.0,0.0001,-0.0001,-0.02
183.89,0.0,-0.8,0.0,0.0,-0.0,-0.01
183.941,0.0,-0.8,0.0,0.0,-0.0,-0.01
183.992,0.0,-0.8,0.0,0.0,-0.0,-0.01
184.042,0.0,-0.8,0.0,0.0001,-0.0001,-0.02
184.093,0.0,-0.8,0.0,0.0001,-0.0001,-0.02
184.144,0.0,-0.8,0.0,0.0001,-0.0001,-0.02
184.195,0.0,-0.8,0.0,0.0001,-0.0001,-0.02
184.245,0.0,-0.8,0.0,0.0001,-0.0001,-0.02
184.296,0.0,-0.8,0.0,0.0001,-0.0001,-0.02
184.347,0.0,-0.8,0.0,0.0001,-0.0001,-0.02
184.398,0.0,-0.8,0.0,0.0001,-0.0001,-0.02
184.449,0.0,-0.8,0.0,0.0001,-0.0001,-0.02
184.5,0.0,-0.8,0.0,0.0001,-0.0001,-0.02
184.55,0.0,-0.8,0.0,0.0001,-0.0,-0.02
184.601,0.0,-0.8,0.0,0.0001,-0.0001,-0.02
184.651,0.0,-0.8,0.0,0.0001,-0.0001,-0.02
184.702,0.0,-0.8,0.0,0.0001,-0.0,-0.02
184.753,0.0,-0.8,0.0,0.0001,-0.0,-0.02
184.804,0.0,-0.8,0.0,0.0001,-0.0,-0.02
184.855,0.0,-0.8,0.0,0.0001,-0.0001,-0.02
184.906,0.0,-0.8,0.0,0.0001,-0.0,-0.02
184.956,0.0,-0.8,0.0,0.0001,-0.0,-0.02
185.008,0.0,-0.8,0.0,0.0001,-0.0,-0.02
185.058,0.0,-0.8,0.0,0.0001,-0.0,-0.02
185.109,0.0,-0.8,0.0,0.0001,-0.0001,-0.02
185.16,0.0,-0.8,0.0,0.0001,-0.0001,-0.02
185.21,0.0,-0.8,0.0,0.0001,-0.0001,-0.02
185.261,0.0,-0.8,0.0,0.0001,-0.0001,-0.02
185.312,0.0,-0.8,0.0,0.0001,-0.0001,-0.02
185.363,0.0,-0.8,0.0,0.0001,-0.0001,-0.02
185.413,0.0,-0.8,0.0,0.0001,-0.0001,-0.02
185.464,0.0,-0.8,0.0,0.0001,-0.0001,-0.02
185.515,0.0,-0.8,0.0,0.0001,-0.0001,-0.02
185.565,0.0,-0.8,0.0,0.0001,-0.0001,-0.02
185.616,0.0,-0.8,0.0,0.0001,-0.0001,-0.02
185.667,0.0,-0.8,0.0,0.0001,-0.0001,-0.02
185.718,0.0,-0.8,0.0,0.0001,-0.0001,-0.02
185.769,0.0,-0.8,0.0,0.0001,-0.0001,-0.02
185.82,0.0,-0.8,0.0,0.0001,-0.0001,-0.02
185.871,0.0,-0.8,0.0,0.0001,-0.0001,-0.02
185.957,0.0,-0.8,0.0,0.0001,-0.0001,-0.02
186.007,0.0,-0.8,0.0,0.0,-0.0,-0.02
186.058,0.0,-0.8,0.0,0.0,-0.0,-0.02
186.108,0.0,-0.8,0.0,0.0001,-0.0001,-0.02
186.159,0.0,-0.8,0.0,0.0001,-0.0001,-0.02
186.21,0.0,-0.8,0.0,0.0001,-0.0001,-0.02
186.26,0.0,-0.8,0.0,0.0,-0.0,-0.01
186.311,0.0,-0.8,0.0,0.0,-0.0,-0.01
186.361,0.0,-0.8,0.0,0.0,-0.0,-0.01
186.412,0.0,-0.8,0.0,0.0,-0.0,-0.01
186.463,0.0,-0.8,0.0,0.0,-0.0,-0.01
186.514,0.0,-0.8,0.0,0.0,-0.0,-0.01
186.565,0.0,-0.8,0.0,0.0001,-0.0001,-0.02
186.616,0.0,-0.8,0.0,0.0001,-0.0001,-0.02
186.666,0.0,-0.8,0.0,0.0001,-0.0001,-0.02
186.717,0.0,-0.8,0.0,0.0001,-0.0001,-0.02
186.768,0.0,-0.8,0.0,0.0001,-0.0001,-0.02
186.819,0.0,-0.8,0.0,0.0001,-0.0001,-0.02
186.869,0.0,-0.8,0.0,0.0001,-0.0001,-0.02
186.92,0.0,-0.8,0.0,0.0001,-0.0001,-0.02
186.972,0.0,-0.8,0.0,0.0001,-0.0001,-0.02
187.023,0.0,-0.8,0.0,0.0001,-0.0001,-0.02
187.074,0.0,-0.8,0.0,0.0001,-0.0001,-0.02
187.124,0.0,-0.8,0.0,0.0001,-0.0001,-0.02
187.175,0.0,-0.8,0.0,0.0001,-0.0001,-0.02
187.226,0.0,-0.8,0.0,0.0,-0.0,-0.01
187.277,0.0,-0.8,0.0,0.0,-0.0,-0.01
187.327,0.0,-0.8,0.0,0.0,-0.0,-0.01
187.378,0.0,-0.8,0.0,0.0,-0.0,-0.01
187.428,0.0,-0.8,0.0,0.0,-0.0,-0.01
187.479,0.0,-0.8,0.0,0.0,-0.0,-0.01
187.529,0.0,-0.8,0.0,0.0,-0.0,-0.01
187.58,0.0,-0.8,0.0,0.0,-0.0,-0.01
187.631,0.0,-0.8,0.0,0.0,-0.0,-0.01
187.682,0.0,-0.8,0.0,-0.0,0.0,-0.01
187.732,0.0,-0.8,0.0,-0.0,0.0,-0.01
187.783,0.0,-0.8,0.0,-0.0,0.0,-0.01
187.834,0.0,-0.8,0.0,-0.0,0.0,-0.01
187.884,0.0,-0.8,0.0,-0.0,0.0,-0.01
187.935,0.0,-0.8,0.0,-0.0,0.0,-0.01
187.986,0.0,-0.8,0.0,-0.0,0.0,-0.01
188.037,0.0,-0.8,0.0,-0.0,0.0,-0.01
188.087,0.0,-0.8,0.0,-0.0,0.0,-0.01
188.138,0.0,-0.8,0.0,-0.0,0.0,-0.01
188.19,0.0,-0.8,0.0,-0.0,0.0,-0.01
188.24,0.0,-0.8,0.0,-0.0,0.0,-0.01
188.291,0.0,-0.8,0.0,-0.0,0.0,-0.01
188.342,0.0,-0.8,0.0,-0.0,0.0,-0.01
188.392,0.0,-0.8,0.0,-0.0,0.0,-0.01
188.443,0.0,-0.8,0.0,-0.0,0.0,-0.01
188.494,0.0,-0.8,0.0,-0.0,0.0,-0.01
188.544,0.0,-0.8,0.0,-0.0,0.0,-0.01
188.595,0.0,-0.8,0.0,-0.0,0.0,-0.01
188.683,0.0,-0.8,0.0,-0.0,0.0,-0.0
188.734,0.0,-0.8,0.0,-0.0,0.0,-0.0
188.785,0.0,-0.8,0.0,-0.0,0.0,-0.0
188.835,0.0,-0.8,0.0,-0.0,0.0,-0.0
188.886,0.0,-0.8,0.0,-0.0,0.0,-0.0
188.937,0.0,-0.8,0.0,-0.0,0.0,-0.0
188.988,0.0,-0.8,0.0,-0.0,0.0,-0.0
189.038,0.0,-0.8,0.0,-0.0,0.0,-0.0
189.09,0.0,-0.8,0.0,-0.0,0.0,-0.0
189.14,0.0,-0.8,0.0,-0.0,0.0,-0.0
189.191,0.0,-0.8,0.0,-0.0001,0.0001,0.01
189.241,0.0,-0.8,0.0,-0.0001,0.0001,0.01
189.292,0.0,-0.8,0.0,-0.0001,0.0001,0.01
189.343,0.0,-0.8,0.0,-0.0,0.0,-0.0
189.394,0.0,-0.8,0.0,-0.0,0.0,-0.0
189.445,0.0,-0.8,0.0,-0.0,0.0,-0.0
189.495,0.0,-0.8,0.0,-0.0001,0.0001,0.01
189.546,0.0,-0.8,0.0,-0.0001,0.0001,0.01
189.597,0.0,-0.8,0.0,-0.0001,0.0001,0.01
189.647,0.0,-0.8,0.0,-0.0001,0.0001,0.01
189.698,0.0,-0.8,0.0,-0.0001,0.0001,0.01
189.749,0.0,-0.8,0.0,-0.0001,0.0001,0.01
189.8,0.0,-0.8,0.0,-0.0001,0.0001,0.01
189.851,0.0,-0.8,0.0,-0.0001,0.0001,0.01
189.902,0.0,-0.8,0.0,-0.0001,0.0001,0.01
189.953,0.0,-0.8,0.0,-0.0001,0.0001,0.01
190.038,0.0,-0.8,0.0,-0.0001,0.0001,0.01
190.089,0.0,-0.8,0.0,-0.0001,0.0001,0.01
190.14,0.0,-0.8,0.0,-0.0001,0.0001,0.01
190.19,0.0,-0.8,0.0,-0.0001,0.0001,0.01
190.241,0.0,-0.8,0.0,-0.0001,0.0001,0.01
190.292,0.0,-0.8,0.0,-0.0001,0.0001,0.01
190.342,0.0,-0.8,0.0,-0.0001,0.0001,0.01
190.393,0.0,-0.8,0.0,-0.0001,0.0001,0.01
190.444,0.0,-0.8,0.0,-0.0001,0.0001,0.01
190.495,0.0,-0.8,0.0,-0.0001,0.0001,0.01
190.545,0.0,-0.8,0.0,-0.0001,0.0001,0.01
190.595,0.0,-0.8,0.0,-0.0001,0.0001,0.01
190.646,0.0,-0.8,0.0,-0.0001,0.0001,0.01
190.697,0.0,-0.8,0.0,-0.0001,0.0001,0.01
190.748,0.0,-0.8,0.0,-0.0001,0.0001,0.01
190.798,0.0,-0.8,0.0,-0.0001,0.0001,0.01
190.849,0.0,-0.8,0.0,-0.0001,0.0001,0.01
190.9,0.0,-0.8,0.0,-0.0001,0.0001,0.01
190.951,0.0,-0.8,0.0,-0.0001,0.0001,0.01
191.002,0.0,-0.8,0.0,-0.0001,0.0001,0.01
191.052,0.0,-0.8,0.0,-0.0001,0.0001,0.01
191.103,0.0,-0.8,0.0,-0.0001,0.0001,0.01
191.154,0.0,-0.8,0.0,-0.0001,0.0001,0.01
191.205,0.0,-0.8,0.0,-0.0001,0.0001,0.01
191.255,0.0,-0.8,0.0,-0.0001,0.0001,0.01
191.306,0.0,-0.8,0.0,-0.0001,0.0001,0.02
191.357,0.0,-0.8,0.0,-0.0001,0.0001,0.02
191.412,0.0,-0.8,0.0,-0.0001,0.0001,0.02
191.463,0.0,-0.8,0.0,-0.0001,0.0001,0.02
191.514,0.0,-0.8,0.0,-0.0001,0.0001,0.02
191.565,0.0,-0.8,0.0,-0.0001,0.0001,0.02
191.616,0.0,-0.8,0.0,-0.0001,0.0001,0.02
191.666,0.0,-0.8,0.0,-0.0001,0.0001,0.02
191.717,0.0,-0.8,0.0,-0.0001,0.0001,0.02
191.767,0.0,-0.8,0.0,-0.0001,0.0001,0.02
191.818,0.0,-0.8,0.0,-0.0001,0.0001,0.02
191.869,0.0,-0.8,0.0,-0.0001,0.0001,0.02
191.92,0.0,-0.8,0.0,-0.0001,0.0001,0.02
191.971,0.0,-0.8,0.0,-0.0001,0.0001,0.02
192.021,0.0,-0.8,0.0,-0.0001,0.0001,0.02
192.072,0.0,-0.8,0.0,-0.0001,0.0001,0.02
192.123,0.0,-0.8,0.0,-0.0001,0.0001,0.02
192.174,0.0,-0.8,0.0,-0.0001,0.0001,0.02
192.225,0.0,-0.8,0.0,-0.0001,0.0001,0.02
192.275,0.0,-0.8,0.0,-0.0001,0.0001,0.02
192.326,0.0,-0.8,0.0,-0.0001,0.0001,0.02
192.377,0.0,-0.8,0.0,-0.0001,0.0001,0.02
192.427,0.0,-0.8,0.0,-0.0001,0.0001,0.02
192.478,0.0,-0.8,0.0,-0.0001,0.0001,0.02
192.529,0.0,-0.8,0.0,-0.0001,0.0001,0.02
192.58,0.0,-0.8,0.0,-0.0001,0.0001,0.02
192.631,0.0,-0.8,0.0,-0.0001,0.0001,0.02
192.682,0.0,-0.8,0.0,-0.0001,0.0001,0.02
192.767,0.0,-0.8,0.0,-0.0001,0.0001,0.03
192.818,0.0,-0.8,0.0,-0.0001,0.0001,0.03
192.869,0.0,-0.8,0.0,-0.0001,0.0001,0.03
192.92,0.0,-0.8,0.0,-0.0001,0.0001,0.03
192.971,0.0,-0.8,0.0,-0.0001,0.0001,0.03
193.023,0.0,-0.8,0.0,-0.0001,0.0001,0.03
193.073,0.0,-0.8,0.0,-0.0001,0.0001,0.03
193.125,0.0,-0.8,0.0,-0.0001,0.0001,0.03
193.175,0.0,-0.8,0.0,-0.0001,0.0001,0.03
193.226,0.0,-0.8,0.0,-0.0001,0.0001,0.03
193.277,0.0,-0.8,0.0,-0.0001,0.0001,0.03
193.328,0.0,-0.8,0.0,-0.0001,0.0001,0.03
193.379,0.0,-0.8,0.0,-0.0001,0.0001,0.03
193.429,0.0,-0.8,0.0,-0.0001,0.0001,0.03
193.48,0.0,-0.8,0.0,-0.0001,0.0001,0.03
193.533,0.0,-0.8,0.0,-0.0001,0.0001,0.03
193.584,0.0,-0.8,0.0,-0.0001,0.0001,0.03
193.635,0.0,-0.8,0.0,-0.0001,0.0001,0.03
193.685,0.0,-0.8,0.0,-0.0001,0.0001,0.03
193.736,0.0,-0.8,0.0,-0.0001,0.0001,0.03
193.786,0.0,-0.8,0.0,-0.0001,0.0001,0.03
193.837,0.0,-0.8,0.0,-0.0001,0.0001,0.03
193.887,0.0,-0.8,0.0,-0.0001,0.0001,0.03
193.938,0.0,-0.8,0.0,-0.0002,0.0002,0.03
193.989,0.0,-0.8,0.0,-0.0002,0.0002,0.03
194.041,0.0,-0.8,0.0,-0.0002,0.0002,0.03
194.126,0.0,-0.8,0.0,-0.0002,0.0002,0.03
194.177,0.0,-0.8,0.0,-0.0002,0.0002,0.03
194.228,0.0,-0.8,0.0,-0.0002,0.0002,0.03
194.278,0.0,-0.8,0.0,-0.0002,0.0002,0.03
194.329,0.0,-0.8,0.0,-0.0002,0.0002,0.03
194.38,0.0,-0.8,0.0,-0.0002,0.0002,0.03
194.43,0.0,-0.8,0.0,-0.0002,0.0002,0.03
194.481,0.0,-0.8,0.0,-0.0002,0.0002,0.03
194.531,0.0,-0.8,0.0,-0.0002,0.0002,0.03
194.582,0.0,-0.8,0.0,-0.0002,0.0002,0.03
194.632,0.0,-0.8,0.0,-0.0002,0.0002,0.03
194.683,0.0,-0.8,0.0,-0.0002,0.0002,0.03
194.733,0.0,-0.8,0.0,-0.0002,0.0002,0.03
194.784,0.0,-0.8,0.0,-0.0002,0.0002,0.03
194.835,0.0,-0.8,0.0,-0.0002,0.0002,0.03
194.886,0.0,-0.8,0.0,-0.0002,0.0002,0.03
194.936,0.0,-0.8,0.0,-0.0002,0.0002,0.03
194.987,0.0,-0.8,0.0,-0.0002,0.0002,0.03
195.038,0.0,-0.8,0.0,-0.0002,0.0002,0.03
195.089,0.0,-0.8,0.0,-0.0002,0.0002,0.03
195.14,0.0,-0.8,0.0,-0.0002,0.0002,0.03
195.191,0.0,-0.8,0.0,-0.0002,0.0002,0.03
195.241,0.0,-0.8,0.0,-0.0002,0.0002,0.03
195.292,0.0,-0.8,0.0,-0.0002,0.0002,0.03
195.343,0.0,-0.8,0.0,-0.0002,0.0002,0.03
195.393,0.0,-0.8,0.0,-0.0002,0.0002,0.03
195.444,0.0,-0.8,0.0,-0.0002,0.0002,0.03
195.496,0.0,-0.8,0.0,-0.0002,0.0002,0.03
195.547,0.0,-0.8,0.0,-0.0002,0.0002,0.03
195.598,0.0,-0.8,0.0,-0.0002,0.0002,0.04
195.648,0.0,-0.8,0.0,-0.0002,0.0002,0.04
195.699,0.0,-0.8,0.0,-0.0002,0.0002,0.04
195.75,0.0,-0.8,0.0,-0.0002,0.0002,0.04
195.801,0.0,-0.8,0.0,-0.0002,0.0002,0.04
195.851,0.0,-0.8,0.0,-0.0002,0.0002,0.04
195.902,0.0,-0.8,0.0,-0.0002,0.0002,0.04
195.953,0.0,-0.8,0.0,-0.0002,0.0002,0.04
196.003,0.0,-0.8,0.0,-0.0002,0.0002,0.05
196.054,0.0,-0.8,0.0,-0.0002,0.0002,0.05
196.105,0.0,-0.8,0.0,-0.0002,0.0002,0.05
196.155,0.0,-0.8,0.0,-0.0002,0.0002,0.05
196.206,0.0,-0.8,0.0,-0.0002,0.0002,0.05
196.256,0.0,-0.8,0.0,-0.0002,0.0002,0.05
196.307,0.0,-0.8,0.0,-0.0002,0.0002,0.05
196.358,0.0,-0.8,0.0,-0.0002,0.0002,0.05
196.408,0.0,-0.8,0.0,-0.0003,0.0002,0.06
196.459,0.0,-0.8,0.0,-0.0003,0.0002,0.06
196.51,0.0,-0.8,0.0,-0.0003,0.0002,0.06
196.561,0.0,-0.8,0.0,-0.0003,0.0002,0.06
196.612,0.0,-0.8,0.0,-0.0003,0.0002,0.06
196.662,0.0,-0.8,0.0,-0.0003,0.0002,0.06
196.713,0.0,-0.8,0.0,-0.0003,0.0002,0.06
196.764,0.0,-0.8,0.0,-0.0003,0.0002,0.06
196.815,0.0,-0.8,0.0,-0.0003,0.0002,0.06
196.865,0.0,-0.8,0.0,-0.0003,0.0002,0.06
196.916,0.0,-0.8,0.0,-0.0003,0.0002,0.06
196.967,0.0,-0.8,0.0,-0.0003,0.0002,0.06
197.017,0.0,-0.8,0.0,-0.0003,0.0002,0.06
197.068,0.0,-0.8,0.0,-0.0003,0.0002,0.06
197.119,0.0,-0.8,0.0,-0.0003,0.0003,0.06
197.17,0.0,-0.8,0.0,-0.0003,0.0003,0.06
197.222,0.0,-0.8,0.0,-0.0003,0.0003,0.06
197.272,0.0,-0.8,0.0,-0.0003,0.0003,0.06
197.323,0.0,-0.8,0.0,-0.0003,0.0003,0.06
197.373,0.0,-0.8,0.0,-0.0003,0.0003,0.06
197.424,0.0,-0.8,0.0,-0.0003,0.0003,0.06
197.475,0.0,-0.8,0.0,-0.0003,0.0003,0.06
197.526,0.0,-0.8,0.0,-0.0003,0.0003,0.06
197.576,0.0,-0.8,0.0,-0.0003,0.0003,0.06
197.627,0.0,-0.8,0.0,-0.0003,0.0003,0.07
197.677,0.0,-0.8,0.0,-0.0003,0.0003,0.07
197.728,0.0,-0.8,0.0,-0.0003,0.0003,0.06
197.779,0.0,-0.8,0.0,-0.0003,0.0003,0.06
197.829,0.0,-0.8,0.0,-0.0003,0.0003,0.07
197.88,0.3,0.0,0.0,-0.0003,0.0003,0.07
197.931,0.3,0.0,0.0,-0.0003,0.0003,0.06
197.981,0.3,0.0,0.0,0.0065,0.0018,0.12
198.032,0.3,0.0,0.0,0.0065,0.0018,0.12
198.083,0.3,0.0,0.0,0.0381,0.0039,0.17
198.134,0.3,0.0,0.0,0.0381,0.0039,0.17
198.224,0.3,0.0,0.0,0.0777,0.0042,0.34
198.275,0.3,0.0,0.0,0.1218,0.0046,0.54
198.325,0.3,0.0,0.0,0.1467,0.0051,0.68
198.376,0.3,0.0,0.0,0.1705,0.0053,0.8
198.426,0.3,0.0,0.0,0.1705,0.0053,0.8
198.477,0.3,0.0,0.0,0.1997,0.0058,0.95
198.528,0.3,0.0,0.0,0.1997,0.0058,0.95
198.578,0.3,0.0,0.0,0.2337,0.0069,1.08
198.629,0.3,0.0,0.0,0.249,0.0077,1.11
198.68,0.3,0.0,0.0,0.2528,0.0078,1.13
198.73,0.3,0.0,0.0,0.2528,0.0078,1.13
198.781,0.3,0.0,0.0,0.2779,0.0099,1.22
198.832,0.3,0.0,0.0,0.2779,0.0099,1.22
198.882,0.3,0.0,0.0,0.2841,0.0109,1.29
198.933,0.3,0.0,0.0,0.2838,0.0113,1.33
198.984,0.3,0.0,0.0,0.2837,0.0113,1.33
199.035,0.3,0.0,0.0,0.2837,0.0113,1.33
199.085,0.3,0.0,0.0,0.2832,0.011,1.27
199.136,0.3,0.0,0.0,0.2832,0.011,1.27
199.186,0.3,0.0,0.0,0.2832,0.011,1.27
199.237,0.3,0.0,0.0,0.2832,0.0109,1.27
199.287,0.3,0.0,0.0,0.2832,0.0109,1.27
199.338,0.3,0.0,0.0,0.2832,0.0109,1.27
199.389,0.3,0.0,0.0,0.2832,0.0109,1.27
199.44,0.3,0.0,0.0,0.2832,0.0109,1.27
199.49,0.3,0.0,0.0,0.2832,0.0109,1.27
199.541,0.3,0.0,0.0,0.2832,0.0109,1.27
199.591,0.3,0.0,0.0,0.2832,0.0109,1.27
199.642,0.3,0.0,0.0,0.2832,0.0109,1.27
199.695,0.3,0.0,0.0,0.2832,0.0109,1.27
199.746,0.3,0.0,0.0,0.2832,0.0109,1.27
199.797,0.3,0.0,0.0,0.2832,0.0109,1.27
199.847,0.3,0.0,0.0,0.2832,0.0109,1.27
199.898,0.3,0.0,0.0,0.2832,0.0109,1.27
199.948,0.3,0.0,0.0,0.2832,0.0109,1.27
199.999,0.3,0.0,0.0,0.2832,0.0109,1.27
200.05,0.3,0.0,0.0,0.2832,0.0109,1.27
200.1,0.3,0.0,0.0,0.2833,0.0109,1.26
200.151,0.3,0.0,0.0,0.2833,0.0109,1.26
200.201,0.3,0.0,0.0,0.2832,0.0109,1.27
200.252,0.3,0.0,0.0,0.2832,0.0109,1.27
200.303,0.3,0.0,0.0,0.2832,0.0109,1.27
200.353,0.3,0.0,0.0,0.2832,0.0109,1.27
200.404,0.3,0.0,0.0,0.2832,0.0109,1.27
200.455,0.3,0.0,0.0,0.2832,0.0109,1.27
200.505,0.3,0.0,0.0,0.2832,0.011,1.27
200.556,0.3,0.0,0.0,0.2832,0.011,1.27
200.607,0.3,0.0,0.0,0.2832,0.011,1.27
200.658,0.3,0.0,0.0,0.2832,0.011,1.27
200.708,0.3,0.0,0.0,0.2832,0.011,1.27
200.759,0.3,0.0,0.0,0.2832,0.011,1.27
200.81,0.3,0.0,0.0,0.2832,0.011,1.27
200.86,0.3,0.0,0.0,0.2832,0.011,1.27
200.947,0.3,0.0,0.0,0.2832,0.011,1.28
200.997,0.3,0.0,0.0,0.2832,0.011,1.28
201.049,0.3,0.0,0.0,0.2832,0.011,1.28
201.1,0.3,0.0,0.0,0.2832,0.011,1.29
201.15,0.3,0.0,0.0,0.2832,0.011,1.29
201.201,0.3,0.0,0.0,0.2832,0.011,1.29
201.252,0.3,0.0,0.0,0.2832,0.011,1.29
201.302,0.3,0.0,0.0,0.2832,0.011,1.29
201.353,0.3,0.0,0.0,0.2832,0.011,1.29
201.403,0.3,0.0,0.0,0.2831,0.011,1.29
201.454,0.3,0.0,0.0,0.2831,0.011,1.29
201.504,0.3,0.0,0.0,0.2831,0.011,1.29
201.555,0.3,0.0,0.0,0.2831,0.011,1.29
201.606,0.3,0.0,0.0,0.2831,0.011,1.29
201.656,0.3,0.0,0.0,0.2831,0.011,1.29
201.708,0.3,0.0,0.0,0.2831,0.011,1.29
201.758,0.3,0.0,0.0,0.2831,0.011,1.29
201.809,0.3,0.0,0.0,0.2831,0.011,1.29
201.86,0.3,0.0,0.0,0.2831,0.011,1.29
201.91,0.3,0.0,0.0,0.2831,0.011,1.29
201.961,0.3,0.0,0.0,0.2831,0.011,1.29
202.012,0.3,0.0,0.0,0.2831,0.011,1.29
202.062,0.3,0.0,0.0,0.2831,0.011,1.29
202.113,0.3,0.0,0.0,0.2831,0.011,1.29
202.164,0.3,0.0,0.0,0.2831,0.011,1.29
202.214,0.3,0.0,0.0,0.2831,0.0111,1.3
202.265,0.3,0.0,0.0,0.2831,0.0111,1.3
202.316,-0.3,0.0,0.0,0.2831,0.0111,1.3
202.366,-0.3,0.0,0.0,0.2831,0.0111,1.3
202.417,-0.3,0.0,0.0,0.2831,0.0111,1.31
202.468,-0.3,0.0,0.0,0.2831,0.0111,1.31
202.518,-0.3,0.0,0.0,0.2831,0.0111,1.31
202.569,-0.3,0.0,0.0,0.2831,0.0111,1.31
202.62,-0.3,0.0,0.0,0.226,-0.0005,2.11
202.671,-0.3,0.0,0.0,0.226,-0.0005,2.11
202.721,-0.3,0.0,0.0,0.226,-0.0005,2.11
202.772,-0.3,0.0,0.0,0.1352,-0.0088,2.49
202.823,-0.3,0.0,0.0,0.1223,-0.0093,2.51
202.874,-0.3,0.0,0.0,0.1223,-0.0093,2.51
202.926,-0.3,0.0,0.0,0.1223,-0.0093,2.51
202.977,-0.3,0.0,0.0,-0.0176,-0.01,2.31
203.027,-0.3,0.0,0.0,-0.0563,-0.0097,2.21
203.078,-0.3,0.0,0.0,-0.0563,-0.0097,2.21
203.129,-0.3,0.0,0.0,-0.1351,-0.0087,1.92
203.18,-0.3,0.0,0.0,-0.148,-0.0083,1.87
203.23,-0.3,0.0,0.0,-0.148,-0.0083,1.87
203.281,-0.3,0.0,0.0,-0.148,-0.0083,1.87
203.332,-0.3,0.0,0.0,-0.2515,-0.0051,0.62
203.382,-0.3,0.0,0.0,-0.2515,-0.0051,0.62
203.433,-0.3,0.0,0.0,-0.2515,-0.0051,0.62
203.484,-0.3,0.0,0.0,-0.2974,-0.003,-0.51
203.536,-0.3,0.0,0.0,-0.3002,-0.0028,-0.57
203.586,-0.3,0.0,0.0,-0.3002,-0.0028,-0.57
203.639,-0.3,0.0,0.0,-0.3002,-0.0028,-0.57
203.689,-0.3,0.0,0.0,-0.3029,-0.0024,-0.61
203.74,-0.3,0.0,0.0,-0.3028,-0.0024,-0.61
203.791,-0.3,0.0,0.0,-0.3028,-0.0024,-0.61
203.841,-0.3,0.0,0.0,-0.3028,-0.0024,-0.61
203.892,-0.3,0.0,0.0,-0.3028,-0.0024,-0.62
203.942,-0.3,0.0,0.0,-0.3028,-0.0024,-0.62
203.993,-0.3,0.0,0.0,-0.3028,-0.0024,-0.62
204.043,-0.3,0.0,0.0,-0.3028,-0.0023,-0.61
204.095,-0.3,0.0,0.0,-0.3028,-0.0023,-0.61
204.146,-0.3,0.0,0.0,-0.3028,-0.0023,-0.61
204.196,-0.3,0.0,0.0,-0.3028,-0.0023,-0.61
204.247,-0.3,0.0,0.0,-0.3028,-0.0023,-0.61
204.297,-0.3,0.0,0.0,-0.3028,-0.0023,-0.61
204.348,-0.3,0.0,0.0,-0.3028,-0.0023,-0.61
204.398,-0.3,0.0,0.0,-0.3028,-0.0023,-0.61
204.449,-0.3,0.0,0.0,-0.3028,-0.0023,-0.61
204.499,-0.3,0.0,0.0,-0.3028,-0.0023,-0.61
204.55,-0.3,0.0,0.0,-0.3028,-0.0023,-0.61
204.601,-0.3,0.0,0.0,-0.3028,-0.0023,-0.61
204.652,-0.3,0.0,0.0,-0.3029,-0.0022,-0.6
204.703,-0.3,0.0,0.0,-0.3029,-0.0022,-0.6
204.753,-0.3,0.0,0.0,-0.3029,-0.0022,-0.6
204.803,-0.3,0.0,0.0,-0.3029,-0.0022,-0.6
204.854,-0.3,0.0,0.0,-0.3029,-0.0022,-0.6
204.904,-0.3,0.0,0.0,-0.3029,-0.0022,-0.6
204.956,-0.3,0.0,0.0,-0.3029,-0.0022,-0.6
205.038,-0.3,0.0,0.0,-0.3029,-0.0022,-0.6
205.089,-0.3,0.0,0.0,-0.3029,-0.0022,-0.6
205.139,-0.3,0.0,0.0,-0.3029,-0.0022,-0.59
205.19,-0.3,0.0,0.0,-0.3029,-0.0022,-0.59
205.241,-0.3,0.0,0.0,-0.3029,-0.0022,-0.59
205.292,-0.3,0.0,0.0,-0.3029,-0.0022,-0.59
205.343,-0.3,0.0,0.0,-0.3029,-0.0022,-0.59
205.393,-0.3,0.0,0.0,-0.3029,-0.0022,-0.59
205.444,-0.3,0.0,0.0,-0.3029,-0.0022,-0.6
205.495,-0.3,0.0,0.0,-0.3029,-0.0022,-0.6
205.545,-0.3,0.0,0.0,-0.3029,-0.0022,-0.6
205.596,-0.3,0.0,0.0,-0.3029,-0.0022,-0.6
205.647,-0.3,0.0,0.0,-0.3029,-0.0022,-0.6
205.697,-0.3,0.0,0.0,-0.3029,-0.0022,-0.6
205.749,-0.3,0.0,0.0,-0.3029,-0.0022,-0.6
205.8,-0.3,0.0,0.0,-0.3029,-0.0022,-0.6
205.851,-0.3,0.0,0.0,-0.3029,-0.0022,-0.6
205.901,-0.3,0.0,0.0,-0.3029,-0.0022,-0.6
205.952,-0.3,0.0,0.0,-0.3029,-0.0022,-0.6
206.003,-0.3,0.0,0.0,-0.3029,-0.0022,-0.6
206.053,-0.3,0.0,0.0,-0.3029,-0.0022,-0.6
206.104,-0.3,0.0,0.0,-0.3029,-0.0022,-0.6
206.155,-0.3,0.0,0.0,-0.3029,-0.0022,-0.59
206.205,-0.3,0.0,0.0,-0.3029,-0.0022,-0.59
206.256,-0.3,0.0,0.0,-0.3029,-0.0022,-0.59
206.307,-0.3,0.0,0.0,-0.3029,-0.0022,-0.59
206.396,-0.3,0.0,0.0,-0.3029,-0.0022,-0.59
206.447,-0.3,0.0,0.0,-0.3029,-0.0022,-0.59
206.497,-0.3,0.0,0.0,-0.3029,-0.0022,-0.59
206.548,-0.3,0.0,0.0,-0.3029,-0.0022,-0.59
206.599,-0.3,0.0,0.0,-0.3029,-0.0022,-0.59
206.651,-0.3,0.0,0.0,-0.3029,-0.0022,-0.59
206.702,-0.3,0.0,0.0,-0.3029,-0.0022,-0.59
206.752,-0.3,0.0,0.0,-0.3029,-0.0022,-0.59
206.803,-0.3,0.0,0.0,-0.3029,-0.0022,-0.59
206.854,-0.3,0.0,0.0,-0.3029,-0.0022,-0.59
206.904,-0.3,0.0,0.0,-0.3029,-0.0022,-0.59
206.955,-0.3,0.0,0.0,-0.3029,-0.0022,-0.59
207.006,-0.3,0.0,0.0,-0.3029,-0.0022,-0.59
207.057,-0.3,0.0,0.0,-0.3029,-0.0022,-0.59
207.107,-0.3,0.0,0.0,-0.3029,-0.0022,-0.59
207.158,-0.3,0.0,0.0,-0.3029,-0.0022,-0.58
207.209,-0.3,0.0,0.0,-0.3029,-0.0022,-0.58
207.26,-0.3,0.0,0.0,-0.3029,-0.0022,-0.58
207.311,-0.3,0.0,0.0,-0.3029,-0.0022,-0.58
207.362,-0.3,0.0,0.0,-0.3029,-0.0022,-0.58
207.412,-0.3,0.0,0.0,-0.3029,-0.0022,-0.58
207.463,-0.3,0.0,0.0,-0.3029,-0.0022,-0.58
207.514,-0.3,0.0,0.0,-0.3029,-0.0022,-0.58
207.565,-0.3,0.0,0.0,-0.303,-0.0021,-0.57
207.616,-0.3,0.0,0.0,-0.303,-0.0021,-0.57
207.667,-0.3,0.0,0.0,-0.303,-0.0021,-0.57
207.718,-0.3,0.0,0.0,-0.303,-0.0021,-0.57
207.768,-0.3,0.0,0.0,-0.303,-0.0021,-0.57
207.819,-0.3,0.0,0.0,-0.303,-0.0021,-0.57
207.869,-0.3,0.0,0.0,-0.303,-0.0021,-0.57
207.92,-0.3,0.0,0.0,-0.303,-0.0021,-0.57
207.97,-0.3,0.0,0.0,-0.303,-0.0021,-0.57
208.021,-0.3,0.0,0.0,-0.303,-0.0021,-0.57
208.071,-0.3,0.0,0.0,-0.303,-0.0021,-0.57
208.122,-0.3,0.0,0.0,-0.303,-0.0021,-0.57
208.173,-0.3,0.0,0.0,-0.303,-0.0021,-0.57
208.223,-0.3,0.0,0.0,-0.303,-0.0021,-0.57
208.274,-0.3,0.0,0.0,-0.303,-0.0021,-0.57
208.324,-0.3,0.0,0.0,-0.303,-0.0021,-0.57
208.375,-0.3,0.0,0.0,-0.303,-0.0021,-0.57
208.426,-0.3,0.0,0.0,-0.303,-0.0021,-0.57
208.477,-0.3,0.0,0.0,-0.303,-0.0021,-0.57
208.527,-0.3,0.0,0.0,-0.303,-0.0021,-0.57
208.578,-0.3,0.0,0.0,-0.303,-0.0021,-0.57
208.629,-0.3,0.0,0.0,-0.303,-0.0021,-0.57
208.68,-0.3,0.0,0.0,-0.303,-0.0021,-0.57
208.73,-0.3,0.0,0.0,-0.303,-0.0021,-0.57
208.782,-0.3,0.0,0.0,-0.303,-0.0021,-0.57
208.832,-0.3,0.0,0.0,-0.303,-0.0021,-0.57
208.883,-0.3,0.0,0.0,-0.303,-0.0021,-0.57
208.934,-0.3,0.0,0.0,-0.303,-0.0021,-0.57
208.984,-0.3,0.0,0.0,-0.303,-0.0021,-0.57
209.035,-0.3,0.0,0.0,-0.303,-0.0021,-0.57
209.121,-0.3,0.0,0.0,-0.303,-0.0021,-0.57
209.172,-0.3,0.0,0.0,-0.303,-0.0021,-0.57
209.223,-0.3,0.0,0.0,-0.303,-0.0021,-0.57
209.274,-0.3,0.0,0.0,-0.303,-0.0021,-0.57
209.325,-0.3,0.0,0.0,-0.303,-0.0021,-0.57
209.376,-0.3,0.0,0.0,-0.303,-0.0021,-0.57
209.427,0.6,0.0,0.0,-0.303,-0.0021,-0.57
209.477,0.6,0.0,0.0,-0.303,-0.0021,-0.57
209.528,0.6,0.0,0.0,-0.2933,-0.0014,-0.48
209.579,0.6,0.0,0.0,-0.2828,-0.0006,-0.44
209.629,0.6,0.0,0.0,-0.2479,0.0005,-0.35
209.68,0.6,0.0,0.0,-0.2479,0.0005,-0.35
209.73,0.6,0.0,0.0,-0.1717,0.0016,-0.13
209.781,0.6,0.0,0.0,-0.1585,0.0019,-0.09
209.832,0.6,0.0,0.0,-0.0896,0.0024,0.09
209.882,0.6,0.0,0.0,-0.0896,0.0024,0.09
209.933,0.6,0.0,0.0,-0.0031,0.0029,0.31
209.983,0.6,0.0,0.0,0.0089,0.003,0.34
210.034,0.6,0.0,0.0,0.071,0.0037,0.5
210.085,0.6,0.0,0.0,0.071,0.0037,0.5
210.135,0.6,0.0,0.0,0.1594,0.0051,0.72
210.186,0.6,0.0,0.0,0.1866,0.0055,0.76
210.237,0.6,0.0,0.0,0.2506,0.0066,0.87
210.287,0.6,0.0,0.0,0.2506,0.0066,0.87
210.338,0.6,0.0,0.0,0.3242,0.0084,1.02
210.389,0.6,0.0,0.0,0.3406,0.0089,1.06
210.439,0.6,0.0,0.0,0.4096,0.0111,1.23
210.493,0.6,0.0,0.0,0.4096,0.0111,1.23
210.544,0.6,0.0,0.0,0.486,0.0141,1.49
210.594,0.6,0.0,0.0,0.4972,0.0145,1.52
210.645,0.6,0.0,0.0,0.5504,0.0167,1.68
210.695,0.6,0.0,0.0,0.5504,0.0167,1.68
210.746,0.6,0.0,0.0,0.6039,0.0195,1.86
210.797,0.6,0.0,0.0,0.6136,0.0201,1.83
210.847,0.6,0.0,0.0,0.6308,0.0212,1.78
210.898,0.6,0.0,0.0,0.6308,0.0212,1.78
210.948,0.6,0.0,0.0,0.633,0.0213,1.73
210.999,0.6,0.0,0.0,0.6309,0.021,1.76
211.05,0.6,0.0,0.0,0.6295,0.0205,1.74
211.1,0.6,0.0,0.0,0.6295,0.0205,1.74
211.151,0.6,0.0,0.0,0.6284,0.0199,1.67
211.202,0.6,0.0,0.0,0.6283,0.0199,1.66
211.253,0.6,0.0,0.0,0.628,0.0198,1.67
211.304,0.6,0.0,0.0,0.628,0.0198,1.67
211.354,0.6,0.0,0.0,0.628,0.0198,1.67
211.405,0.6,0.0,0.0,0.628,0.0198,1.67
211.456,0.6,0.0,0.0,0.628,0.0198,1.67
211.507,0.6,0.0,0.0,0.628,0.0198,1.67
211.558,0.6,0.0,0.0,0.628,0.0198,1.67
211.608,0.6,0.0,0.0,0.628,0.0198,1.67
211.659,0.6,0.0,0.0,0.6279,0.0198,1.67
211.71,0.6,0.0,0.0,0.6279,0.0198,1.67
211.761,0.6,0.0,0.0,0.6279,0.0198,1.67
211.811,0.6,0.0,0.0,0.6279,0.0197,1.67
211.862,0.6,0.0,0.0,0.6279,0.0197,1.67
211.913,0.6,0.0,0.0,0.6279,0.0197,1.67
211.963,0.6,0.0,0.0,0.6279,0.0197,1.67
212.014,0.6,0.0,0.0,0.6279,0.0197,1.67
212.065,0.6,0.0,0.0,0.6279,0.0197,1.67
212.115,0.6,0.0,0.0,0.6279,0.0197,1.67
212.166,0.6,0.0,0.0,0.6279,0.0198,1.68
212.217,0.6,0.0,0.0,0.6273,0.0198,1.77
212.268,0.6,0.0,0.0,0.626,0.0199,1.91
212.319,0.6,0.0,0.0,0.6258,0.0197,1.92
212.369,0.6,0.0,0.0,0.6257,0.0194,1.94
212.42,0.6,0.0,0.0,0.6257,0.0194,1.94
212.47,0.6,0.0,0.0,0.6257,0.0194,1.94
212.521,0.6,0.0,0.0,0.6257,0.0194,1.93
212.571,0.6,0.0,0.0,0.6257,0.0194,1.93
212.622,0.6,0.0,0.0,0.6256,0.0194,1.94
212.672,0.6,0.0,0.0,0.6256,0.0194,1.94
212.723,0.6,0.0,0.0,0.6256,0.0194,1.94
212.774,0.6,0.0,0.0,0.6256,0.0194,1.94
212.825,0.6,0.0,0.0,0.6256,0.0194,1.94
212.876,0.6,0.0,0.0,0.6256,0.0194,1.94
212.927,0.6,0.0,0.0,0.6256,0.0194,1.94
212.978,0.6,0.0,0.0,0.6256,0.0194,1.94
213.029,0.6,0.0,0.0,0.6256,0.0194,1.94
213.079,0.6,0.0,0.0,0.6256,0.0194,1.94
213.13,0.6,0.0,0.0,0.6255,0.0194,1.94
213.181,0.6,0.0,0.0,0.6255,0.0194,1.94
213.232,0.6,0.0,0.0,0.6255,0.0194,1.94
213.285,0.6,0.0,0.0,0.6254,0.0193,1.94
213.336,0.6,0.0,0.0,0.6254,0.0193,1.94
213.387,0.6,0.0,0.0,0.6254,0.0193,1.94
213.437,0.6,0.0,0.0,0.6253,0.0192,1.94
213.488,0.6,0.0,0.0,0.6253,0.0192,1.94
213.538,0.6,0.0,0.0,0.6252,0.0191,1.94
213.59,0.6,0.0,0.0,0.6252,0.0191,1.94
213.64,0.6,0.0,0.0,0.6252,0.0191,1.94
213.691,0.6,0.0,0.0,0.6252,0.0191,1.94
213.742,0.6,0.0,0.0,0.6251,0.0191,1.95
213.793,0.6,0.0,0.0,0.6251,0.0191,1.95
213.844,0.6,0.0,0.0,0.6251,0.0191,1.94
213.894,0.6,0.0,0.0,0.6251,0.0191,1.94
213.945,0.6,0.0,0.0,0.6251,0.0191,1.95
213.995,0.6,0.0,0.0,0.6251,0.0191,1.95
214.046,0.6,0.0,0.0,0.6251,0.019,1.95
214.097,0.6,0.0,0.0,0.6251,0.019,1.95
214.148,0.6,0.0,0.0,0.6251,0.019,1.95
214.198,0.6,0.0,0.0,0.6251,0.019,1.95
214.249,0.6,0.0,0.0,0.6251,0.019,1.95
214.3,0.6,0.0,0.0,0.6251,0.019,1.95
214.35,0.6,0.0,0.0,0.6251,0.019,1.95
214.401,0.6,0.0,0.0,0.6251,0.019,1.95
214.452,0.6,0.0,0.0,0.6251,0.019,1.95
214.502,0.6,0.0,0.0,0.6251,0.019,1.95
214.553,0.6,0.0,0.0,0.6251,0.019,1.95
214.603,0.6,0.0,0.0,0.6251,0.019,1.95
214.654,0.6,0.0,0.0,0.6251,0.019,1.95
214.705,0.6,0.0,0.0,0.6251,0.019,1.95
214.755,0.6,0.0,0.0,0.6251,0.019,1.95
214.806,0.6,0.0,0.0,0.6251,0.019,1.95
214.857,0.6,0.0,0.0,0.6251,0.019,1.95
214.907,0.6,0.0,0.0,0.6251,0.019,1.95
214.958,0.6,0.0,0.0,0.6251,0.019,1.95
215.009,0.6,0.0,0.0,0.6251,0.019,1.95
215.06,0.6,0.0,0.0,0.6251,0.019,1.95
215.111,0.6,0.0,0.0,0.6251,0.019,1.95
215.162,0.6,0.0,0.0,0.6251,0.019,1.95
215.213,0.6,0.0,0.0,0.6251,0.019,1.95
215.264,0.6,0.0,0.0,0.6251,0.019,1.95
215.315,0.6,0.0,0.0,0.6251,0.019,1.95
215.365,0.6,0.0,0.0,0.6251,0.019,1.95
215.416,0.6,0.0,0.0,0.6251,0.019,1.95
215.467,0.6,0.0,0.0,0.6251,0.019,1.95
215.518,0.6,0.0,0.0,0.6251,0.019,1.95
215.569,0.6,0.0,0.0,0.6251,0.019,1.95
215.619,0.6,0.0,0.0,0.6251,0.019,1.95
215.67,0.6,0.0,0.0,0.6251,0.019,1.95
215.72,0.6,0.0,0.0,0.6251,0.019,1.95
215.771,0.6,0.0,0.0,0.6251,0.019,1.95
215.821,0.6,0.0,0.0,0.6251,0.019,1.95
215.872,0.6,0.0,0.0,0.6251,0.019,1.95
215.923,0.6,0.0,0.0,0.6251,0.019,1.95
215.973,0.6,0.0,0.0,0.6251,0.019,1.95
216.024,0.6,0.0,0.0,0.6251,0.019,1.95
216.075,0.6,0.0,0.0,0.6251,0.019,1.95
216.125,0.6,0.0,0.0,0.6251,0.019,1.95
216.176,0.6,0.0,0.0,0.6251,0.019,1.95
216.226,0.6,0.0,0.0,0.6251,0.019,1.95
216.277,0.6,0.0,0.0,0.6251,0.019,1.95
216.327,0.6,0.0,0.0,0.6251,0.0191,1.96
216.378,0.6,0.0,0.0,0.6251,0.0191,1.96
216.429,0.6,0.0,0.0,0.6251,0.0191,1.96
216.479,0.6,0.0,0.0,0.6251,0.0191,1.96
216.53,0.6,0.0,0.0,0.6251,0.0191,1.96
216.581,0.6,0.0,0.0,0.6251,0.0191,1.96
216.631,-0.6,0.0,0.0,0.625,0.0191,1.96
216.684,-0.6,0.0,0.0,0.6242,0.0183,1.81
216.735,-0.6,0.0,0.0,0.6177,0.0181,1.75
216.786,-0.6,0.0,0.0,0.5921,0.0176,1.81
216.837,-0.6,0.0,0.0,0.565,0.0175,1.87
216.888,-0.6,0.0,0.0,0.5431,0.0174,1.86
216.938,-0.6,0.0,0.0,0.5431,0.0174,1.86
216.99,-0.6,0.0,0.0,0.4676,0.0178,1.76
217.04,-0.6,0.0,0.0,0.4676,0.0178,1.76
217.091,-0.6,0.0,0.0,0.3742,0.0182,1.68
217.141,-0.6,0.0,0.0,0.3469,0.0183,1.68
217.192,-0.6,0.0,0.0,0.308,0.0181,1.66
217.243,-0.6,0.0,0.0,0.2668,0.0175,1.62
217.31,-0.6,0.0,0.0,0.2091,0.016,1.55
217.361,-0.6,0.0,0.0,0.1558,0.0146,1.46
217.412,-0.6,0.0,0.0,0.1112,0.0136,1.39
217.463,-0.6,0.0,0.0,0.0815,0.0128,1.36
217.515,-0.6,0.0,0.0,0.0398,0.0116,1.28
217.565,-0.6,0.0,0.0,0.0398,0.0116,1.28
217.616,-0.6,0.0,0.0,-0.0484,0.0094,1.15
217.666,-0.6,0.0,0.0,-0.0623,0.0092,1.13
217.717,-0.6,0.0,0.0,-0.1305,0.0081,1.02
217.768,-0.6,0.0,0.0,-0.1423,0.008,0.99
217.819,-0.6,0.0,0.0,-0.21,0.0074,0.87
217.869,-0.6,0.0,0.0,-0.21,0.0074,0.87
217.92,-0.6,0.0,0.0,-0.301,0.0061,0.64
217.971,-0.6,0.0,0.0,-0.301,0.0061,0.64
218.021,-0.6,0.0,0.0,-0.3842,0.0061,0.37
218.072,-0.6,0.0,0.0,-0.3958,0.0064,0.33
218.123,-0.6,0.0,0.0,-0.4484,0.0067,0.08
218.173,-0.6,0.0,0.0,-0.4819,0.0067,-0.11
218.225,-0.6,0.0,0.0,-0.5158,0.0065,-0.32
218.275,-0.6,0.0,0.0,-0.5567,0.0062,-0.6
218.329,-0.6,0.0,0.0,-0.5753,0.0061,-0.74
218.38,-0.6,0.0,0.0,-0.5846,0.006,-0.82
218.431,-0.6,0.0,0.0,-0.6209,0.0061,-0.62
218.484,-0.6,0.0,0.0,-0.6209,0.0061,-0.62
218.536,-0.6,0.0,0.0,-0.6317,0.0033,-1.0
218.587,-0.6,0.0,0.0,-0.6315,0.0031,-1.05
218.638,-0.6,0.0,0.0,-0.6313,0.0035,-1.1
218.689,-0.6,0.0,0.0,-0.6313,0.0035,-1.1
218.739,-0.6,0.0,0.0,-0.6313,0.0036,-1.11
218.79,-0.6,0.0,0.0,-0.6313,0.0036,-1.11
218.841,-0.6,0.0,0.0,-0.6313,0.0036,-1.11
218.892,-0.6,0.0,0.0,-0.6313,0.0036,-1.11
218.943,-0.6,0.0,0.0,-0.6313,0.0036,-1.11
218.993,-0.6,0.0,0.0,-0.6313,0.0036,-1.11
219.044,-0.6,0.0,0.0,-0.6313,0.0036,-1.11
219.094,-0.6,0.0,0.0,-0.6313,0.0036,-1.11
219.145,-0.6,0.0,0.0,-0.6313,0.0036,-1.11
219.196,-0.6,0.0,0.0,-0.6313,0.0036,-1.11
219.247,-0.6,0.0,0.0,-0.6313,0.0036,-1.11
219.298,-0.6,0.0,0.0,-0.6313,0.0036,-1.11
219.349,-0.6,0.0,0.0,-0.6313,0.0036,-1.11
219.4,-0.6,0.0,0.0,-0.6313,0.0036,-1.11
219.451,-0.6,0.0,0.0,-0.6313,0.0036,-1.11
219.502,-0.6,0.0,0.0,-0.6313,0.0036,-1.11
219.554,-0.6,0.0,0.0,-0.6313,0.0036,-1.11
219.605,-0.6,0.0,0.0,-0.6313,0.0036,-1.11
219.655,-0.6,0.0,0.0,-0.6313,0.0036,-1.11
219.706,-0.6,0.0,0.0,-0.6313,0.0036,-1.11
219.757,-0.6,0.0,0.0,-0.6313,0.0036,-1.11
219.808,-0.6,0.0,0.0,-0.6313,0.0036,-1.11
219.859,-0.6,0.0,0.0,-0.6313,0.0036,-1.11
219.91,-0.6,0.0,0.0,-0.6313,0.0036,-1.11
219.961,-0.6,0.0,0.0,-0.6313,0.0036,-1.11
220.037,-0.6,0.0,0.0,-0.6313,0.0036,-1.11
220.088,-0.6,0.0,0.0,-0.6313,0.0036,-1.11
220.139,-0.6,0.0,0.0,-0.6313,0.0036,-1.11
220.189,-0.6,0.0,0.0,-0.6313,0.0036,-1.11
220.24,-0.6,0.0,0.0,-0.6313,0.0036,-1.11
220.29,-0.6,0.0,0.0,-0.6313,0.0036,-1.11
220.341,-0.6,0.0,0.0,-0.6313,0.0036,-1.11
220.392,-0.6,0.0,0.0,-0.6313,0.0036,-1.11
220.442,-0.6,0.0,0.0,-0.6313,0.0036,-1.11
220.492,-0.6,0.0,0.0,-0.6313,0.0036,-1.11
220.543,-0.6,0.0,0.0,-0.6313,0.0036,-1.11
220.595,-0.6,0.0,0.0,-0.6313,0.0036,-1.1
220.645,-0.6,0.0,0.0,-0.6313,0.0037,-1.1
220.696,-0.6,0.0,0.0,-0.6313,0.0037,-1.1
220.746,-0.6,0.0,0.0,-0.6313,0.0037,-1.1
220.797,-0.6,0.0,0.0,-0.6313,0.0037,-1.1
220.847,-0.6,0.0,0.0,-0.6313,0.0037,-1.1
220.897,-0.6,0.0,0.0,-0.6313,0.0037,-1.1
220.948,-0.6,0.0,0.0,-0.6313,0.0037,-1.1
220.999,-0.6,0.0,0.0,-0.6313,0.0037,-1.1
221.049,-0.6,0.0,0.0,-0.6313,0.0037,-1.1
221.1,-0.6,0.0,0.0,-0.6313,0.0037,-1.1
221.151,-0.6,0.0,0.0,-0.6313,0.0037,-1.1
221.201,-0.6,0.0,0.0,-0.6313,0.0037,-1.1
221.252,-0.6,0.0,0.0,-0.6313,0.0037,-1.1
221.303,-0.6,0.0,0.0,-0.6313,0.0037,-1.1
221.353,-0.6,0.0,0.0,-0.6313,0.0037,-1.1
221.405,-0.6,0.0,0.0,-0.6313,0.0037,-1.1
221.455,-0.6,0.0,0.0,-0.6313,0.0037,-1.1
221.506,-0.6,0.0,0.0,-0.6313,0.0037,-1.1
221.557,-0.6,0.0,0.0,-0.6313,0.0037,-1.1
221.609,-0.6,0.0,0.0,-0.6313,0.0037,-1.1
221.663,-0.6,0.0,0.0,-0.6313,0.0037,-1.1
221.714,-0.6,0.0,0.0,-0.6313,0.0037,-1.1
221.765,-0.6,0.0,0.0,-0.6313,0.0037,-1.1
221.816,-0.6,0.0,0.0,-0.6313,0.0037,-1.1
221.867,-0.6,0.0,0.0,-0.6313,0.0037,-1.1
221.917,-0.6,0.0,0.0,-0.6313,0.0037,-1.1
221.968,-0.6,0.0,0.0,-0.6313,0.0037,-1.1
222.018,-0.6,0.0,0.0,-0.6313,0.0037,-1.1
222.069,-0.6,0.0,0.0,-0.6313,0.0037,-1.1
222.12,-0.6,0.0,0.0,-0.6313,0.0037,-1.1
222.17,-0.6,0.0,0.0,-0.6313,0.0037,-1.1
222.22,-0.6,0.0,0.0,-0.6313,0.0037,-1.1
222.271,-0.6,0.0,0.0,-0.6313,0.0037,-1.1
222.322,-0.6,0.0,0.0,-0.6313,0.0037,-1.1
222.373,-0.6,0.0,0.0,-0.6313,0.0037,-1.1
222.423,-0.6,0.0,0.0,-0.6313,0.0037,-1.1
222.475,-0.6,0.0,0.0,-0.6313,0.0037,-1.1
222.525,-0.6,0.0,0.0,-0.6313,0.0037,-1.1
222.576,-0.6,0.0,0.0,-0.6313,0.0037,-1.1
222.628,-0.6,0.0,0.0,-0.6313,0.0037,-1.1
222.678,-0.6,0.0,0.0,-0.6313,0.0037,-1.1
222.729,-0.6,0.0,0.0,-0.6313,0.0037,-1.1
222.78,-0.6,0.0,0.0,-0.6313,0.0037,-1.1
222.83,-0.6,0.0,0.0,-0.6313,0.0037,-1.1
222.88,-0.6,0.0,0.0,-0.6314,0.0038,-1.09
222.931,-0.6,0.0,0.0,-0.6314,0.0038,-1.09
222.982,-0.6,0.0,0.0,-0.6314,0.0038,-1.09
223.032,-0.6,0.0,0.0,-0.6314,0.0038,-1.09
223.083,-0.6,0.0,0.0,-0.6314,0.0038,-1.08
223.134,-0.6,0.0,0.0,-0.6314,0.0038,-1.08
223.184,-0.6,0.0,0.0,-0.6314,0.0038,-1.08
223.234,-0.6,0.0,0.0,-0.6314,0.0038,-1.08
223.285,-0.6,0.0,0.0,-0.6314,0.0038,-1.08
223.335,-0.6,0.0,0.0,-0.6314,0.0038,-1.08
223.386,-0.6,0.0,0.0,-0.6314,0.0038,-1.08
223.437,-0.6,0.0,0.0,-0.6314,0.0038,-1.08
223.488,-0.6,0.0,0.0,-0.6314,0.0038,-1.08
223.538,-0.6,0.0,0.0,-0.6314,0.0038,-1.08
223.589,-0.6,0.0,0.0,-0.6314,0.0038,-1.08
223.64,-0.6,0.0,0.0,-0.6314,0.0038,-1.08
223.691,-0.6,0.0,0.0,-0.6314,0.0038,-1.08
223.742,-0.6,0.0,0.0,-0.6314,0.0038,-1.08
223.792,-0.6,0.0,0.0,-0.6314,0.0038,-1.08
223.843,-0.6,0.0,0.0,-0.6314,0.0038,-1.08
223.893,-0.6,0.0,0.0,-0.6314,0.0038,-1.08
223.944,-0.6,0.0,0.0,-0.6314,0.0038,-1.08
223.995,-0.6,0.0,0.0,-0.6314,0.0038,-1.08
224.046,-0.6,0.0,0.0,-0.6314,0.0038,-1.08
224.127,-0.6,0.0,0.0,-0.6314,0.0038,-1.08
224.178,-0.6,0.0,0.0,-0.6314,0.0038,-1.08
224.228,-0.6,0.0,0.0,-0.6314,0.0038,-1.08
224.279,-0.6,0.0,0.0,-0.6314,0.0038,-1.08
224.33,-0.6,0.0,0.0,-0.6314,0.0038,-1.08
224.381,-0.6,0.0,0.0,-0.6314,0.0038,-1.08
224.431,-0.6,0.0,0.0,-0.6314,0.0038,-1.08
224.482,-0.6,0.0,0.0,-0.6314,0.0038,-1.08
224.533,-0.6,0.0,0.0,-0.6314,0.0038,-1.08
224.583,-0.6,0.0,0.0,-0.6314,0.0038,-1.08
224.634,-0.6,0.0,0.0,-0.6314,0.0038,-1.08
224.685,-0.6,0.0,0.0,-0.6314,0.0038,-1.08
224.735,-0.6,0.0,0.0,-0.6314,0.0038,-1.08
224.786,-0.6,0.0,0.0,-0.6314,0.0038,-1.08
224.837,-0.6,0.0,0.0,-0.6314,0.0038,-1.08
224.888,-0.6,0.0,0.0,-0.6314,0.0038,-1.08
224.938,-0.6,0.0,0.0,-0.6314,0.0038,-1.08
224.989,-0.6,0.0,0.0,-0.6314,0.0038,-1.08
225.039,-0.6,0.0,0.0,-0.6314,0.0038,-1.08
225.09,-0.6,0.0,0.0,-0.6314,0.0038,-1.08
225.141,-0.6,0.0,0.0,-0.6314,0.0038,-1.08
225.192,-0.6,0.0,0.0,-0.6314,0.0038,-1.08
225.242,-0.6,0.0,0.0,-0.6314,0.0038,-1.08
225.294,-0.6,0.0,0.0,-0.6314,0.0038,-1.08
225.345,-0.6,0.0,0.0,-0.6314,0.0038,-1.08
225.395,-0.6,0.0,0.0,-0.6314,0.0038,-1.08
225.446,-0.6,0.0,0.0,-0.6314,0.0038,-1.08
225.497,-0.6,0.0,0.0,-0.6314,0.0038,-1.08
225.548,-0.6,0.0,0.0,-0.6314,0.0038,-1.08
225.599,-0.6,0.0,0.0,-0.6314,0.0038,-1.08
225.649,-0.6,0.0,0.0,-0.6314,0.0038,-1.08
225.7,-0.6,0.0,0.0,-0.6314,0.0038,-1.08
225.751,-0.6,0.0,0.0,-0.6314,0.0038,-1.08
225.802,-0.6,0.0,0.0,-0.6314,0.0038,-1.08
225.852,-0.6,0.0,0.0,-0.6314,0.0038,-1.08
225.903,-0.6,0.0,0.0,-0.6314,0.0038,-1.08
225.953,-0.6,0.0,0.0,-0.6314,0.0038,-1.08
226.004,-0.6,0.0,0.0,-0.6314,0.0038,-1.08
226.054,-0.6,0.0,0.0,-0.6314,0.0038,-1.08
226.106,-0.6,0.0,0.0,-0.6314,0.0038,-1.08
226.156,-0.6,0.0,0.0,-0.6314,0.0038,-1.08
226.207,-0.6,0.0,0.0,-0.6314,0.0038,-1.08
226.258,-0.6,0.0,0.0,-0.6314,0.0038,-1.08
226.309,-0.6,0.0,0.0,-0.6314,0.0038,-1.08
226.363,-0.6,0.0,0.0,-0.6314,0.0038,-1.08
226.414,-0.6,0.0,0.0,-0.6314,0.0038,-1.08
226.466,-0.6,0.0,0.0,-0.6314,0.0038,-1.08
226.516,-0.6,0.0,0.0,-0.6314,0.0038,-1.08
226.567,-0.6,0.0,0.0,-0.6314,0.0038,-1.08
226.618,-0.6,0.0,0.0,-0.6314,0.0038,-1.08
226.668,-0.6,0.0,0.0,-0.6314,0.0038,-1.08
226.719,-0.6,0.0,0.0,-0.6314,0.0038,-1.08
226.77,-0.6,0.0,0.0,-0.6314,0.0038,-1.08
226.843,-0.6,0.0,0.0,-0.6314,0.0038,-1.08
226.894,-0.6,0.0,0.0,-0.6314,0.0038,-1.08
226.946,-0.6,0.0,0.0,-0.6314,0.0038,-1.08
226.996,-0.6,0.0,0.0,-0.6314,0.0038,-1.08
227.047,-0.6,0.0,0.0,-0.6314,0.0038,-1.08
227.098,-0.6,0.0,0.0,-0.6314,0.0038,-1.08
227.149,-0.6,0.0,0.0,-0.6314,0.0038,-1.08
227.199,-0.6,0.0,0.0,-0.6314,0.0038,-1.08
227.251,-0.6,0.0,0.0,-0.6314,0.0038,-1.08
227.302,-0.6,0.0,0.0,-0.6314,0.0038,-1.08
227.353,-0.6,0.0,0.0,-0.6314,0.0038,-1.08
227.404,-0.6,0.0,0.0,-0.6314,0.0038,-1.08
227.455,-0.6,0.0,0.0,-0.6314,0.0038,-1.08
227.506,-0.6,0.0,0.0,-0.6314,0.0038,-1.08
227.557,-0.6,0.0,0.0,-0.6314,0.0038,-1.08
227.609,-0.6,0.0,0.0,-0.6314,0.0038,-1.08
227.66,-0.6,0.0,0.0,-0.6314,0.0038,-1.08
227.711,-0.6,0.0,0.0,-0.6314,0.0038,-1.08
227.762,-0.6,0.0,0.0,-0.6314,0.0038,-1.08
227.813,-0.6,0.0,0.0,-0.6314,0.0038,-1.08
227.864,-0.6,0.0,0.0,-0.6314,0.0038,-1.08
227.915,-0.6,0.0,0.0,-0.6314,0.0038,-1.08
227.966,-0.6,0.0,0.0,-0.6314,0.0038,-1.08
228.016,-0.6,0.0,0.0,-0.6314,0.0038,-1.08
228.067,-0.6,0.0,0.0,-0.6314,0.0038,-1.08
228.118,-0.6,0.0,0.0,-0.6314,0.0038,-1.08
228.169,-0.6,0.0,0.0,-0.6314,0.0038,-1.08
228.22,-0.6,0.0,0.0,-0.6314,0.0038,-1.08
228.27,-0.6,0.0,0.0,-0.6314,0.0038,-1.08
228.321,-0.6,0.0,0.0,-0.6314,0.0038,-1.08
228.372,-0.6,0.0,0.0,-0.6314,0.0038,-1.08
228.422,-0.6,0.0,0.0,-0.6314,0.0038,-1.08
228.473,-0.6,0.0,0.0,-0.6314,0.0038,-1.08
228.524,-0.6,0.0,0.0,-0.6314,0.0038,-1.08
228.575,-0.6,0.0,0.0,-0.6314,0.0038,-1.08
228.625,-0.6,0.0,0.0,-0.6314,0.0038,-1.08
228.677,-0.6,0.0,0.0,-0.6314,0.0038,-1.08
228.728,-0.6,0.0,0.0,-0.6314,0.0038,-1.08
228.778,-0.6,0.0,0.0,-0.6314,0.0038,-1.08
228.829,-0.6,0.0,0.0,-0.6314,0.0038,-1.08
228.88,-0.6,0.0,0.0,-0.6314,0.0038,-1.08
228.931,-0.6,0.0,0.0,-0.6314,0.0038,-1.08
228.982,-0.6,0.0,0.0,-0.6314,0.0038,-1.08
229.032,-0.6,0.0,0.0,-0.6314,0.0038,-1.08
229.083,-0.6,0.0,0.0,-0.6314,0.0038,-1.08
229.134,-0.6,0.0,0.0,-0.6314,0.0038,-1.08
229.185,-0.6,0.0,0.0,-0.6314,0.0038,-1.08
229.235,-0.6,0.0,0.0,-0.6314,0.0038,-1.08
229.286,-0.6,0.0,0.0,-0.6314,0.0038,-1.08
229.337,-0.6,0.0,0.0,-0.6314,0.0038,-1.08
229.387,-0.6,0.0,0.0,-0.6314,0.0038,-1.08
229.438,-0.6,0.0,0.0,-0.6314,0.0038,-1.08
229.489,-0.6,0.0,0.0,-0.6314,0.0038,-1.08
229.577,-0.6,0.0,0.0,-0.6314,0.0038,-1.08
229.627,-0.6,0.0,0.0,-0.6314,0.0038,-1.08
229.678,-0.6,0.0,0.0,-0.6314,0.0038,-1.08
229.728,-0.6,0.0,0.0,-0.6314,0.0038,-1.08
229.779,-0.6,0.0,0.0,-0.6314,0.0038,-1.08
229.829,-0.6,0.0,0.0,-0.6314,0.0038,-1.08
229.879,-0.6,0.0,0.0,-0.6314,0.0038,-1.08
229.93,-0.6,0.0,0.0,-0.6314,0.0038,-1.08
229.981,-0.6,0.0,0.0,-0.6314,0.0038,-1.08
230.032,-0.6,0.0,0.0,-0.6314,0.0038,-1.08
230.082,-0.6,0.0,0.0,-0.6314,0.0038,-1.08
230.133,-0.6,0.0,0.0,-0.6314,0.0038,-1.08
230.183,-0.6,0.0,0.0,-0.6314,0.0038,-1.08
230.235,-0.6,0.0,0.0,-0.6314,0.0038,-1.08
230.286,-0.6,0.0,0.0,-0.6314,0.0038,-1.08
230.336,-0.6,0.0,0.0,-0.6314,0.0038,-1.08
230.387,-0.6,0.0,0.0,-0.6314,0.0038,-1.08
230.438,-0.6,0.0,0.0,-0.6314,0.0038,-1.08
230.489,-0.6,0.0,0.0,-0.6314,0.0038,-1.08
230.54,-0.6,0.0,0.0,-0.6314,0.0038,-1.08
230.591,-0.6,0.0,0.0,-0.6314,0.0038,-1.08
230.642,-0.6,0.0,0.0,-0.6314,0.0038,-1.08
230.692,-0.6,0.0,0.0,-0.6314,0.0038,-1.08
230.743,-0.6,0.0,0.0,-0.6314,0.0038,-1.08
230.793,-0.6,0.0,0.0,-0.6314,0.0038,-1.08
230.844,-0.6,0.0,0.0,-0.6314,0.0038,-1.08
230.898,-0.6,0.0,0.0,-0.6314,0.0038,-1.08
230.949,-0.6,0.0,0.0,-0.6314,0.0038,-1.08
231.0,-0.6,0.0,0.0,-0.6314,0.0038,-1.08
231.05,-0.6,0.0,0.0,-0.6314,0.0038,-1.08
231.101,-0.6,0.0,0.0,-0.6314,0.0038,-1.08
231.151,-0.6,0.0,0.0,-0.6314,0.0038,-1.08
231.202,-0.6,0.0,0.0,-0.6314,0.0038,-1.08
231.253,-0.6,0.0,0.0,-0.6314,0.0038,-1.08
231.303,-0.6,0.0,0.0,-0.6314,0.0038,-1.08
231.354,-0.6,0.0,0.0,-0.6314,0.0038,-1.08
231.406,-0.6,0.0,0.0,-0.6314,0.0038,-1.08
231.456,-0.6,0.0,0.0,-0.6314,0.0038,-1.08
231.507,-0.6,0.0,0.0,-0.6314,0.0038,-1.08
231.558,-0.6,0.0,0.0,-0.6314,0.0038,-1.08
231.608,-0.6,0.0,0.0,-0.6314,0.0038,-1.08
231.659,-0.6,0.0,0.0,-0.6314,0.0038,-1.08
231.709,-0.6,0.0,0.0,-0.6314,0.0038,-1.08
231.76,-0.6,0.0,0.0,-0.6314,0.0038,-1.08
231.811,-0.6,0.0,0.0,-0.6314,0.0038,-1.08
231.862,-0.6,0.0,0.0,-0.6314,0.0038,-1.08
231.912,-0.6,0.0,0.0,-0.6314,0.0038,-1.08
231.964,-0.6,0.0,0.0,-0.6314,0.0038,-1.08
232.014,-0.6,0.0,0.0,-0.6314,0.0038,-1.08
232.065,-0.6,0.0,0.0,-0.6314,0.0038,-1.08
232.116,-0.6,0.0,0.0,-0.6314,0.0038,-1.08
232.167,-0.6,0.0,0.0,-0.6314,0.0038,-1.08
232.218,-0.6,0.0,0.0,-0.6314,0.0038,-1.08
232.285,-0.6,0.0,0.0,-0.6314,0.0038,-1.08
232.336,-0.6,0.0,0.0,-0.6314,0.0038,-1.08
232.386,-0.6,0.0,0.0,-0.6314,0.0038,-1.08
232.437,-0.6,0.0,0.0,-0.6314,0.0038,-1.08
232.488,-0.6,0.0,0.0,-0.6314,0.0038,-1.08
232.538,-0.6,0.0,0.0,-0.6314,0.0038,-1.08
232.589,-0.6,0.0,0.0,-0.6314,0.0038,-1.08
232.64,-0.6,0.0,0.0,-0.6314,0.0038,-1.08
232.691,-0.6,0.0,0.0,-0.6314,0.0038,-1.08
232.742,-0.6,0.0,0.0,-0.6314,0.0038,-1.08
232.792,-0.6,0.0,0.0,-0.6314,0.0038,-1.08
232.843,-0.6,0.0,0.0,-0.6314,0.0038,-1.08
232.893,-0.6,0.0,0.0,-0.6314,0.0038,-1.08
232.944,-0.6,0.0,0.0,-0.6314,0.0038,-1.08
232.994,-0.6,0.0,0.0,-0.6314,0.0038,-1.08
233.045,-0.6,0.0,0.0,-0.6314,0.0038,-1.08
233.096,-0.6,0.0,0.0,-0.6314,0.0038,-1.08
233.147,-0.6,0.0,0.0,-0.6314,0.0038,-1.08
233.197,-0.6,0.0,0.0,-0.6314,0.0038,-1.08
233.248,-0.6,0.0,0.0,-0.6314,0.0038,-1.08
233.299,-0.6,0.0,0.0,-0.6314,0.0038,-1.08
233.35,-0.6,0.0,0.0,-0.6314,0.0038,-1.08
233.401,-0.6,0.0,0.0,-0.6314,0.0038,-1.08
233.451,-0.6,0.0,0.0,-0.6314,0.0038,-1.08
233.502,-0.6,0.0,0.0,-0.6314,0.0038,-1.08
233.552,-0.6,0.0,0.0,-0.6314,0.0038,-1.08
233.603,-0.6,0.0,0.0,-0.6314,0.0038,-1.08
233.662,-0.6,0.0,0.0,-0.6314,0.0038,-1.08
233.712,-0.6,0.0,0.0,-0.6314,0.0038,-1.08
233.763,-0.6,0.0,0.0,-0.6314,0.0038,-1.08
233.814,-0.6,0.0,0.0,-0.6314,0.0038,-1.08
233.865,-0.6,0.0,0.0,-0.6314,0.0038,-1.08
233.915,-0.6,0.0,0.0,-0.6314,0.0038,-1.08
233.966,-0.6,0.0,0.0,-0.6314,0.0038,-1.08
234.017,-0.6,0.0,0.0,-0.6314,0.0038,-1.08
234.067,-0.6,0.0,0.0,-0.6314,0.0038,-1.08
234.118,-0.6,0.0,0.0,-0.6314,0.0038,-1.08
234.169,-0.6,0.0,0.0,-0.6314,0.0038,-1.08
234.219,-0.6,0.0,0.0,-0.6314,0.0038,-1.08
234.27,-0.6,0.0,0.0,-0.6314,0.0038,-1.08
234.321,-0.6,0.0,0.0,-0.6314,0.0038,-1.08
234.372,-0.6,0.0,0.0,-0.6314,0.0038,-1.08
234.423,-0.6,0.0,0.0,-0.6314,0.0038,-1.08
234.473,-0.6,0.0,0.0,-0.6314,0.0038,-1.08
234.524,-0.6,0.0,0.0,-0.6314,0.0038,-1.08
234.575,-0.6,0.0,0.0,-0.6314,0.0038,-1.08
234.625,-0.6,0.0,0.0,-0.6314,0.0038,-1.08
234.676,-0.6,0.0,0.0,-0.6314,0.0038,-1.08
234.727,-0.6,0.0,0.0,-0.6314,0.0038,-1.08
234.778,-0.6,0.0,0.0,-0.6314,0.0038,-1.08
234.829,-0.6,0.0,0.0,-0.6314,0.0038,-1.08
234.879,-0.6,0.0,0.0,-0.6314,0.0038,-1.08
234.93,-0.6,0.0,0.0,-0.6314,0.0038,-1.08
234.981,-0.6,0.0,0.0,-0.6314,0.0038,-1.08
235.031,-0.6,0.0,0.0,-0.6314,0.0038,-1.08
235.081,-0.6,0.0,0.0,-0.6314,0.0038,-1.08
235.132,-0.6,0.0,0.0,-0.6314,0.0038,-1.08
235.182,-0.6,0.0,0.0,-0.6314,0.0038,-1.08
235.233,-0.6,0.0,0.0,-0.6314,0.0038,-1.08
235.284,-0.6,0.0,0.0,-0.6314,0.0038,-1.08
235.334,-0.6,0.0,0.0,-0.6314,0.0038,-1.08
235.385,-0.6,0.0,0.0,-0.6314,0.0038,-1.08
235.435,-0.6,0.0,0.0,-0.6314,0.0038,-1.08
235.486,-0.6,0.0,0.0,-0.6314,0.0038,-1.08
235.537,-0.6,0.0,0.0,-0.6314,0.0038,-1.08
235.588,-0.6,0.0,0.0,-0.6314,0.0038,-1.08
235.638,-0.6,0.0,0.0,-0.6314,0.0038,-1.08
235.689,-0.6,0.0,0.0,-0.6314,0.0038,-1.08
235.74,-0.6,0.0,0.0,-0.6314,0.0038,-1.08
235.79,-0.6,0.0,0.0,-0.6314,0.0038,-1.08
235.841,-0.6,0.0,0.0,-0.6314,0.0038,-1.08
235.891,-0.6,0.0,0.0,-0.6314,0.0038,-1.08
235.942,-0.6,0.0,0.0,-0.6314,0.0038,-1.08
235.992,-0.6,0.0,0.0,-0.6314,0.0038,-1.08
236.043,-0.6,0.0,0.0,-0.6314,0.0038,-1.08
236.094,-0.6,0.0,0.0,-0.6314,0.0038,-1.08
236.145,-0.6,0.0,0.0,-0.6314,0.0038,-1.08
236.195,-0.6,0.0,0.0,-0.6314,0.0038,-1.08
236.246,-0.6,0.0,0.0,-0.6314,0.0038,-1.08
236.296,-0.6,0.0,0.0,-0.6314,0.0038,-1.08
236.347,-0.6,0.0,0.0,-0.6314,0.0038,-1.08
236.398,-0.6,0.0,0.0,-0.6314,0.0038,-1.08
236.449,-0.6,0.0,0.0,-0.6314,0.0038,-1.08
236.499,-0.6,0.0,0.0,-0.6314,0.0038,-1.08
236.55,-0.6,0.0,0.0,-0.6314,0.0038,-1.08
236.6,-0.6,0.0,0.0,-0.6314,0.0038,-1.08
236.651,-0.6,0.0,0.0,-0.6314,0.0038,-1.08
236.701,-0.6,0.0,0.0,-0.6314,0.0038,-1.08
236.752,-0.6,0.0,0.0,-0.6314,0.0038,-1.08
236.802,-0.6,0.0,0.0,-0.6314,0.0038,-1.08
236.854,-0.6,0.0,0.0,-0.6314,0.0038,-1.08
236.905,-0.6,0.0,0.0,-0.6314,0.0038,-1.08
236.956,-0.6,0.0,0.0,-0.6314,0.0038,-1.08
237.006,-0.6,0.0,0.0,-0.6314,0.0038,-1.08
237.057,-0.6,0.0,0.0,-0.6314,0.0038,-1.08
237.108,-0.6,0.0,0.0,-0.6314,0.0038,-1.08
237.158,-0.6,0.0,0.0,-0.6314,0.0038,-1.08
237.209,-0.6,0.0,0.0,-0.6314,0.0038,-1.08
237.26,-0.6,0.0,0.0,-0.6314,0.0038,-1.08
237.31,-0.6,0.0,0.0,-0.6314,0.0038,-1.08
237.361,-0.6,0.0,0.0,-0.6314,0.0038,-1.08
237.411,-0.6,0.0,0.0,-0.6314,0.0038,-1.08
237.462,-0.6,0.0,0.0,-0.6314,0.0038,-1.08
237.513,-0.6,0.0,0.0,-0.6314,0.0038,-1.08
237.563,-0.6,0.0,0.0,-0.6314,0.0038,-1.08
237.614,-0.6,0.0,0.0,-0.6314,0.0038,-1.08
237.664,-0.6,0.0,0.0,-0.6314,0.0038,-1.08
237.752,-0.6,0.0,0.0,-0.6314,0.0038,-1.08
237.803,-0.6,0.0,0.0,-0.6314,0.0038,-1.08
237.855,-0.6,0.0,0.0,-0.6314,0.0038,-1.08
237.906,-0.6,0.0,0.0,-0.6314,0.0038,-1.08
237.957,-0.6,0.0,0.0,-0.6314,0.0038,-1.08
238.008,-0.6,0.0,0.0,-0.6314,0.0038,-1.08
238.059,-0.6,0.0,0.0,-0.6314,0.0038,-1.08
238.109,-0.6,0.0,0.0,-0.6314,0.0038,-1.08
238.16,-0.6,0.0,0.0,-0.6314,0.0038,-1.08
238.211,-0.6,0.0,0.0,-0.6314,0.0038,-1.08
238.261,-0.6,0.0,0.0,-0.6314,0.0038,-1.08
238.313,-0.6,0.0,0.0,-0.6314,0.0038,-1.08
238.363,-0.6,0.0,0.0,-0.6314,0.0038,-1.08
238.414,-0.6,0.0,0.0,-0.6314,0.0038,-1.08
238.465,-0.6,0.0,0.0,-0.6314,0.0038,-1.08
238.516,-0.6,0.0,0.0,-0.6314,0.0038,-1.08
238.567,-0.6,0.0,0.0,-0.6314,0.0038,-1.08
238.618,-0.6,0.0,0.0,-0.6314,0.0038,-1.08
238.668,-0.6,0.0,0.0,-0.6314,0.0038,-1.08
238.719,-0.6,0.0,0.0,-0.6314,0.0038,-1.08
238.77,-0.6,0.0,0.0,-0.6314,0.0038,-1.08
238.821,-0.6,0.0,0.0,-0.6314,0.0038,-1.08
238.872,-0.6,0.0,0.0,-0.6314,0.0038,-1.08
238.922,-0.6,0.0,0.0,-0.6314,0.0038,-1.08
238.973,-0.6,0.0,0.0,-0.6314,0.0038,-1.08
239.025,-0.6,0.0,0.0,-0.6314,0.0038,-1.08
239.108,-0.6,0.0,0.0,-0.6314,0.0038,-1.08
239.159,-0.6,0.0,0.0,-0.6314,0.0038,-1.08
239.21,-0.6,0.0,0.0,-0.6314,0.0038,-1.08
239.261,-0.6,0.0,0.0,-0.6314,0.0038,-1.08
239.312,-0.6,0.0,0.0,-0.6314,0.0038,-1.08
239.362,-0.6,0.0,0.0,-0.6314,0.0038,-1.08
239.412,-0.6,0.0,0.0,-0.6314,0.0038,-1.08
239.463,-0.6,0.0,0.0,-0.6314,0.0038,-1.08
239.514,-0.6,0.0,0.0,-0.6314,0.0038,-1.08
239.565,-0.6,0.0,0.0,-0.6314,0.0038,-1.08
239.616,-0.6,0.0,0.0,-0.6314,0.0038,-1.08
239.666,-0.6,0.0,0.0,-0.6314,0.0038,-1.08
239.717,-0.6,0.0,0.0,-0.6314,0.0038,-1.08
239.767,-0.6,0.0,0.0,-0.6314,0.0038,-1.08
239.818,-0.6,0.0,0.0,0.0,-0.0,-0.01
239.869,-0.6,0.0,0.0,0.0,0.0,-0.01
239.92,-0.6,0.0,0.0,-0.0,0.0,0.0
239.97,-0.6,0.0,0.0,-0.0,0.0,0.0
240.021,-0.6,0.0,0.0,-0.0,0.0,0.0
240.072,-0.6,0.0,0.0,-0.0,0.0,0.0
240.122,-0.6,0.0,0.0,-0.0,0.0,0.0
240.173,-0.6,0.0,0.0,-0.0,0.0,0.0
240.223,-0.6,0.0,0.0,-0.0,0.0,0.0
240.274,-0.6,0.0,0.0,-0.0,0.0,0.0
240.324,-0.6,0.0,0.0,-0.0,0.0,0.0
240.375,-0.6,0.0,0.0,-0.0,0.0,0.0
240.425,-0.6,0.0,0.0,-0.0,0.0,0.0
240.481,-0.6,0.0,0.0,-0.0,0.0,0.0
240.531,-0.6,0.0,0.0,-0.0001,0.0001,0.01
240.582,-0.6,0.0,0.0,-0.0001,0.0001,0.01
240.633,-0.6,0.0,0.0,-0.0001,0.0001,0.01
240.684,-0.6,0.0,0.0,-0.0001,0.0001,0.01
240.734,-0.6,0.0,0.0,-0.0001,0.0001,0.01
240.785,-0.6,0.0,0.0,-0.0001,0.0001,0.01
240.835,-0.6,0.0,0.0,-0.0001,0.0001,0.01
240.886,-0.6,0.0,0.0,-0.0001,0.0001,0.01
240.936,-0.6,0.0,0.0,-0.0001,0.0001,0.01
240.987,-0.6,0.0,0.0,-0.0001,0.0001,0.01
241.039,-0.6,0.0,0.0,-0.0001,0.0001,0.01
241.091,-0.6,0.0,0.0,-0.0001,0.0001,0.01
241.141,-0.6,0.0,0.0,-0.0001,0.0001,0.01
241.192,-0.6,0.0,0.0,-0.0001,0.0001,0.01
241.242,-0.6,0.0,0.0,-0.0001,0.0001,0.01
241.293,-0.6,0.0,0.0,-0.0001,0.0001,0.01
241.344,-0.6,0.0,0.0,-0.0001,0.0001,0.02
241.394,-0.6,0.0,0.0,-0.0001,0.0001,0.02
241.445,-0.6,0.0,0.0,-0.0001,0.0001,0.02
241.495,-0.6,0.0,0.0,-0.0001,0.0001,0.02
241.546,-0.6,0.0,0.0,-0.0001,0.0001,0.02
241.597,-0.6,0.0,0.0,-0.0001,0.0001,0.02
241.647,-0.6,0.0,0.0,-0.0001,0.0001,0.02
241.698,-0.6,0.0,0.0,-0.0001,0.0001,0.02
241.749,-0.6,0.0,0.0,-0.0001,0.0001,0.02
241.8,-0.6,0.0,0.0,-0.0001,0.0001,0.02
241.851,-0.6,0.0,0.0,-0.0001,0.0001,0.02
241.902,-0.6,0.0,0.0,-0.0001,0.0001,0.02
241.953,-0.6,0.0,0.0,-0.0001,0.0001,0.02
242.003,-0.6,0.0,0.0,-0.0001,0.0001,0.03
242.054,-0.6,0.0,0.0,-0.0001,0.0001,0.03
242.104,0.0,0.5,0.0,-0.0001,0.0001,0.03
242.156,0.0,0.5,0.0,-0.0001,0.0001,0.02
242.206,0.0,0.5,0.0,-0.0,0.0061,0.09
242.257,0.0,0.5,0.0,0.0003,0.0236,0.31
242.308,0.0,0.5,0.0,0.0003,0.0295,0.38
242.359,0.0,0.5,0.0,0.0019,0.0687,0.63
242.409,0.0,0.5,0.0,0.0035,0.0952,0.75
242.46,0.0,0.5,0.0,0.0035,0.0952,0.75
242.511,0.0,0.5,0.0,0.0075,0.1741,0.87
242.562,0.0,0.5,0.0,0.0075,0.1741,0.87
242.612,0.0,0.5,0.0,0.0095,0.2233,0.85
242.663,0.0,0.5,0.0,0.0095,0.2233,0.85
242.713,0.0,0.5,0.0,0.013,0.2928,0.86
242.764,0.0,0.5,0.0,0.013,0.2928,0.86
242.815,0.0,0.5,0.0,0.0146,0.3407,0.82
242.865,0.0,0.5,0.0,0.0146,0.3407,0.82
242.916,0.0,0.5,0.0,0.017,0.3906,0.82
242.966,0.0,0.5,0.0,0.017,0.3906,0.82
243.017,0.0,0.5,0.0,0.019,0.4183,0.79
243.067,0.0,0.5,0.0,0.019,0.4183,0.79
243.118,0.0,0.5,0.0,0.0204,0.452,0.73
243.204,0.0,0.5,0.0,0.0208,0.4654,0.71
243.254,0.0,0.5,0.0,0.0208,0.4654,0.71
243.305,0.0,0.5,0.0,0.0208,0.4765,0.72
243.356,0.0,0.5,0.0,0.0208,0.4773,0.72
243.407,0.0,0.5,0.0,0.0205,0.4788,0.69
243.457,0.0,0.5,0.0,0.0205,0.4788,0.69
243.508,0.0,0.5,0.0,0.0204,0.4779,0.65
243.558,0.0,0.5,0.0,0.0204,0.478,0.65
243.609,0.0,0.5,0.0,0.0201,0.4784,0.64
243.659,0.0,0.5,0.0,0.0201,0.4784,0.65
243.71,0.0,0.5,0.0,0.0201,0.4782,0.64
243.761,0.0,0.5,0.0,0.0201,0.4782,0.64
243.811,0.0,0.5,0.0,0.0201,0.4783,0.64
243.862,0.0,0.5,0.0,0.0201,0.4783,0.64
243.912,0.0,0.5,0.0,0.0201,0.4782,0.64
243.963,0.0,0.5,0.0,0.0201,0.4783,0.64
244.014,0.0,0.5,0.0,0.0201,0.4783,0.65
244.064,0.0,0.5,0.0,0.0201,0.4783,0.65
244.115,0.0,0.5,0.0,0.0201,0.4783,0.65
244.166,0.0,0.5,0.0,0.0201,0.4783,0.65
244.217,0.0,0.5,0.0,0.0201,0.4783,0.65
244.268,0.0,0.5,0.0,0.0201,0.4783,0.65
244.318,0.0,0.5,0.0,0.0201,0.4783,0.65
244.369,0.0,0.5,0.0,0.0201,0.4783,0.65
244.419,0.0,0.5,0.0,0.0201,0.4783,0.65
244.471,0.0,0.5,0.0,0.0201,0.4783,0.65
244.521,0.0,0.5,0.0,0.0201,0.4783,0.65
244.572,0.0,0.5,0.0,0.0201,0.4783,0.65
244.623,0.0,0.5,0.0,0.0201,0.4783,0.65
244.675,0.0,0.5,0.0,0.0201,0.4783,0.65
244.726,0.0,0.5,0.0,0.0201,0.4783,0.65
244.777,0.0,0.5,0.0,0.0201,0.4783,0.65
244.827,0.0,0.5,0.0,0.0201,0.4783,0.65
244.878,0.0,0.5,0.0,0.0201,0.4783,0.65
244.929,0.0,0.5,0.0,0.0201,0.4783,0.65
244.98,0.0,0.5,0.0,0.0201,0.4783,0.65
245.03,0.0,0.5,0.0,0.0201,0.4783,0.65
245.081,0.0,0.5,0.0,0.0201,0.4783,0.65
245.131,0.0,0.5,0.0,0.0201,0.4783,0.65
245.182,0.0,0.5,0.0,0.0201,0.4783,0.65
245.233,0.0,0.5,0.0,0.0201,0.4783,0.65
245.285,0.0,0.5,0.0,0.0201,0.4783,0.65
245.335,0.0,0.5,0.0,0.0201,0.4783,0.65
245.386,0.0,0.5,0.0,0.0201,0.4783,0.65
245.436,0.0,0.5,0.0,0.0201,0.4783,0.65
245.487,0.0,0.5,0.0,0.0201,0.4783,0.65
245.539,0.0,0.5,0.0,0.0201,0.4783,0.65
245.589,0.0,0.5,0.0,0.0201,0.4783,0.65
245.641,0.0,0.5,0.0,0.0201,0.4783,0.65
245.692,0.0,0.5,0.0,0.0201,0.4783,0.65
245.743,0.0,0.5,0.0,0.0201,0.4783,0.65
245.794,0.0,0.5,0.0,0.0201,0.4783,0.65
245.845,0.0,0.5,0.0,0.0201,0.4783,0.65
245.927,0.0,0.5,0.0,0.0201,0.4783,0.65
245.977,0.0,0.5,0.0,0.0201,0.4783,0.65
246.029,0.0,0.5,0.0,0.0201,0.4783,0.65
246.079,0.0,0.5,0.0,0.0201,0.4783,0.65
246.131,0.0,0.5,0.0,0.0201,0.4783,0.65
246.181,0.0,0.5,0.0,0.0201,0.4783,0.65
246.231,0.0,0.5,0.0,0.0201,0.4783,0.65
246.282,0.0,0.5,0.0,0.0201,0.4783,0.65
246.333,0.0,0.5,0.0,0.0201,0.4783,0.65
246.383,0.0,0.5,0.0,0.0201,0.4783,0.65
246.434,0.0,0.5,0.0,0.0201,0.4783,0.65
246.484,0.0,0.5,0.0,0.0201,0.4783,0.65
246.535,0.0,0.5,0.0,0.0201,0.4783,0.65
246.586,0.0,0.5,0.0,0.0201,0.4783,0.65
246.637,0.0,0.5,0.0,0.0201,0.4783,0.65
246.688,0.0,0.5,0.0,0.0201,0.4783,0.65
246.738,0.0,0.5,0.0,0.0201,0.4783,0.65
246.789,0.0,0.5,0.0,0.0201,0.4783,0.65
246.84,0.0,0.5,0.0,0.0201,0.4783,0.65
246.89,0.0,0.5,0.0,0.0201,0.4783,0.65
246.941,0.0,0.5,0.0,0.0201,0.4783,0.65
246.992,0.0,0.5,0.0,0.0201,0.4783,0.65
247.042,0.0,0.5,0.0,0.0201,0.4783,0.65
247.093,0.0,0.5,0.0,0.0201,0.4783,0.65
247.145,0.0,0.5,0.0,0.0201,0.4783,0.65
247.196,0.0,0.5,0.0,0.0201,0.4783,0.65
247.246,0.0,0.5,0.0,0.0201,0.4783,0.65
247.297,0.0,0.5,0.0,0.0201,0.4783,0.65
247.347,0.0,0.5,0.0,0.0201,0.4783,0.65
247.398,0.0,-0.5,0.0,0.0201,0.4783,0.65
247.448,0.0,-0.5,0.0,0.0201,0.4783,0.65
247.499,0.0,-0.5,0.0,0.0175,0.4743,0.74
247.55,0.0,-0.5,0.0,0.0159,0.4714,0.81
247.6,0.0,-0.5,0.0,0.007,0.4438,0.46
247.651,0.0,-0.5,0.0,0.0051,0.4369,0.36
247.702,0.0,-0.5,0.0,-0.0046,0.3915,0.1
247.753,0.0,-0.5,0.0,-0.0059,0.3822,0.09
247.805,0.0,-0.5,0.0,-0.0127,0.3322,0.02
247.855,0.0,-0.5,0.0,-0.0127,0.3322,0.02
247.906,0.0,-0.5,0.0,-0.0196,0.2592,0.15
247.957,0.0,-0.5,0.0,-0.0205,0.2476,0.14
248.008,0.0,-0.5,0.0,-0.023,0.186,0.26
248.058,0.0,-0.5,0.0,-0.0233,0.1734,0.3
248.109,0.0,-0.5,0.0,-0.0234,0.1135,0.4
248.16,0.0,-0.5,0.0,-0.0234,0.1015,0.43
248.211,0.0,-0.5,0.0,-0.0228,0.0379,0.6
248.261,0.0,-0.5,0.0,-0.0228,0.0379,0.6
248.312,0.0,-0.5,0.0,-0.0225,-0.0431,0.92
248.363,0.0,-0.5,0.0,-0.0224,-0.0555,0.98
248.413,0.0,-0.5,0.0,-0.0224,-0.0555,0.98
248.464,0.0,-0.5,0.0,-0.0216,-0.1535,1.22
248.515,0.0,-0.5,0.0,-0.0211,-0.1925,1.3
248.566,0.0,-0.5,0.0,-0.0208,-0.2047,1.34
248.616,0.0,-0.5,0.0,-0.0208,-0.2047,1.34
248.668,0.0,-0.5,0.0,-0.0194,-0.2816,1.53
248.718,0.0,-0.5,0.0,-0.0183,-0.326,1.69
248.769,0.0,-0.5,0.0,-0.0183,-0.326,1.69
248.82,0.0,-0.5,0.0,-0.0183,-0.326,1.69
248.87,0.0,-0.5,0.0,-0.0166,-0.391,1.93
248.921,0.0,-0.5,0.0,-0.0166,-0.391,1.93
248.972,0.0,-0.5,0.0,-0.0147,-0.4412,2.05
249.023,0.0,-0.5,0.0,-0.0147,-0.4412,2.05
249.074,0.0,-0.5,0.0,-0.0121,-0.4804,2.14
249.124,0.0,-0.5,0.0,-0.0121,-0.4804,2.14
249.175,0.0,-0.5,0.0,-0.0104,-0.4959,2.2
249.226,0.0,-0.5,0.0,-0.0105,-0.4973,2.23
249.276,0.0,-0.5,0.0,-0.0105,-0.4973,2.23
249.327,0.0,-0.5,0.0,-0.0111,-0.4966,2.3
249.377,0.0,-0.5,0.0,-0.0112,-0.4964,2.33
249.428,0.0,-0.5,0.0,-0.011,-0.4965,2.31
249.48,0.0,-0.5,0.0,-0.011,-0.4965,2.31
249.531,0.0,-0.5,0.0,-0.011,-0.4965,2.31
249.581,0.0,-0.5,0.0,-0.011,-0.4965,2.31
249.632,0.0,-0.5,0.0,-0.011,-0.4965,2.31
249.683,0.0,-0.5,0.0,-0.011,-0.4965,2.31
249.733,0.0,-0.5,0.0,-0.011,-0.4965,2.31
249.784,0.0,-0.5,0.0,-0.0111,-0.4965,2.32
249.835,0.0,-0.5,0.0,-0.0111,-0.4965,2.32
249.885,0.0,-0.5,0.0,-0.0111,-0.4965,2.32
249.936,0.0,-0.5,0.0,-0.0111,-0.4965,2.32
250.016,0.0,-0.5,0.0,-0.0111,-0.4965,2.32
250.067,0.0,-0.5,0.0,-0.0111,-0.4965,2.32
250.118,0.0,-0.5,0.0,-0.0111,-0.4965,2.32
250.168,0.0,-0.5,0.0,-0.0111,-0.4965,2.32
250.219,0.0,-0.5,0.0,-0.0111,-0.4965,2.32
250.269,0.0,-0.5,0.0,-0.011,-0.4965,2.31
250.32,0.0,-0.5,0.0,-0.011,-0.4965,2.31
250.37,0.0,-0.5,0.0,-0.011,-0.4965,2.31
250.421,0.0,-0.5,0.0,-0.011,-0.4965,2.31
250.472,0.0,-0.5,0.0,-0.011,-0.4965,2.31
250.522,0.0,-0.5,0.0,-0.011,-0.4965,2.31
250.573,0.0,-0.5,0.0,-0.011,-0.4965,2.31
250.624,0.0,-0.5,0.0,-0.011,-0.4965,2.31
250.675,0.0,-0.5,0.0,-0.011,-0.4965,2.31
250.726,0.0,-0.5,0.0,-0.011,-0.4965,2.31
250.777,0.0,-0.5,0.0,-0.011,-0.4965,2.31
250.827,0.0,-0.5,0.0,-0.011,-0.4965,2.31
250.878,0.0,-0.5,0.0,-0.011,-0.4965,2.31
250.929,0.0,-0.5,0.0,-0.011,-0.4965,2.31
250.98,0.0,-0.5,0.0,-0.011,-0.4965,2.31
251.03,0.0,-0.5,0.0,-0.011,-0.4965,2.31
251.081,0.0,-0.5,0.0,-0.011,-0.4965,2.31
251.132,0.0,-0.5,0.0,-0.011,-0.4965,2.31
251.182,0.0,-0.5,0.0,-0.011,-0.4965,2.31
251.233,0.0,-0.5,0.0,-0.011,-0.4965,2.31
251.284,0.0,-0.5,0.0,-0.0111,-0.4965,2.32
251.334,0.0,-0.5,0.0,-0.011,-0.4965,2.31
251.385,0.0,-0.5,0.0,-0.011,-0.4965,2.31
251.436,0.0,-0.5,0.0,-0.0111,-0.4965,2.32
251.486,0.0,-0.5,0.0,-0.011,-0.4965,2.31
251.537,0.0,-0.5,0.0,-0.011,-0.4965,2.31
251.588,0.0,-0.5,0.0,-0.011,-0.4965,2.31
251.64,0.0,-0.5,0.0,-0.011,-0.4965,2.31
251.69,0.0,-0.5,0.0,-0.011,-0.4965,2.31
251.741,0.0,-0.5,0.0,-0.011,-0.4965,2.31
251.792,0.0,-0.5,0.0,-0.011,-0.4965,2.31
251.843,0.0,-0.5,0.0,-0.011,-0.4965,2.31
251.893,0.0,-0.5,0.0,-0.011,-0.4965,2.31
251.944,0.0,-0.5,0.0,-0.011,-0.4965,2.31
251.995,0.0,-0.5,0.0,-0.011,-0.4965,2.31
252.046,0.0,-0.5,0.0,-0.011,-0.4965,2.31
252.096,0.0,-0.5,0.0,-0.011,-0.4965,2.31
252.147,0.0,-0.5,0.0,-0.011,-0.4965,2.31
252.198,0.0,-0.5,0.0,-0.011,-0.4965,2.31
252.248,0.0,-0.5,0.0,-0.011,-0.4965,2.31
252.299,0.0,-0.5,0.0,-0.011,-0.4965,2.31
252.35,0.0,-0.5,0.0,-0.011,-0.4965,2.31
252.401,0.0,-0.5,0.0,-0.011,-0.4965,2.31
252.452,0.0,-0.5,0.0,-0.011,-0.4965,2.31
252.503,0.0,-0.5,0.0,-0.011,-0.4965,2.31
252.554,0.0,-0.5,0.0,-0.011,-0.4965,2.31
252.604,0.0,-0.5,0.0,-0.011,-0.4965,2.31
252.655,0.0,-0.5,0.0,-0.011,-0.4965,2.31
252.705,0.0,-0.5,0.0,-0.011,-0.4965,2.31
252.756,0.0,-0.5,0.0,-0.011,-0.4965,2.31
252.807,0.0,-0.5,0.0,-0.011,-0.4965,2.31
252.857,0.0,-0.5,0.0,-0.011,-0.4965,2.31
252.908,0.0,-0.5,0.0,-0.011,-0.4965,2.31
252.959,0.0,-0.5,0.0,-0.011,-0.4965,2.31
253.01,0.0,-0.5,0.0,-0.011,-0.4965,2.31
253.061,0.0,-0.5,0.0,-0.0111,-0.4965,2.32
253.111,0.0,-0.5,0.0,-0.0111,-0.4965,2.32
253.162,0.0,-0.5,0.0,-0.0111,-0.4965,2.32
253.213,0.0,-0.5,0.0,-0.0111,-0.4965,2.32
253.264,0.0,-0.5,0.0,-0.0111,-0.4965,2.32
253.315,0.0,-0.5,0.0,-0.0111,-0.4965,2.32
253.365,0.0,-0.5,0.0,-0.0111,-0.4965,2.32
253.416,0.0,-0.5,0.0,-0.0111,-0.4965,2.32
253.466,0.0,-0.5,0.0,-0.0111,-0.4965,2.32
253.517,0.0,-0.5,0.0,-0.0111,-0.4965,2.32
253.567,0.0,-0.5,0.0,-0.0111,-0.4965,2.32
253.618,0.0,-0.5,0.0,-0.0111,-0.4965,2.32
253.669,0.0,-0.5,0.0,-0.0111,-0.4965,2.32
253.719,0.0,-0.5,0.0,-0.0111,-0.4965,2.32
253.77,0.0,-0.5,0.0,-0.0111,-0.4965,2.32
253.82,0.0,-0.5,0.0,-0.0111,-0.4965,2.32
253.871,0.0,-0.5,0.0,-0.0111,-0.4965,2.32
253.921,0.0,-0.5,0.0,-0.0111,-0.4965,2.32
253.972,0.0,-0.5,0.0,-0.0111,-0.4965,2.32
254.023,0.0,-0.5,0.0,-0.0111,-0.4965,2.32
254.108,0.0,-0.5,0.0,-0.0111,-0.4965,2.32
254.158,0.0,-0.5,0.0,-0.0111,-0.4965,2.32
254.209,0.0,-0.5,0.0,-0.0111,-0.4965,2.32
254.26,0.0,-0.5,0.0,-0.0111,-0.4965,2.32
254.311,0.0,-0.5,0.0,-0.0111,-0.4965,2.32
254.362,0.0,-0.5,0.0,-0.0111,-0.4965,2.32
254.412,0.0,-0.5,0.0,-0.0111,-0.4965,2.32
254.463,0.0,-0.5,0.0,-0.0111,-0.4965,2.32
254.514,0.0,-0.5,0.0,-0.0111,-0.4965,2.32
254.564,0.0,-0.5,0.0,-0.0111,-0.4965,2.32
254.615,0.0,-0.5,0.0,-0.0111,-0.4965,2.32
254.666,0.0,-0.5,0.0,-0.0111,-0.4965,2.32
254.717,0.0,-0.5,0.0,-0.0111,-0.4965,2.32
254.768,0.0,-0.5,0.0,-0.0111,-0.4965,2.32
254.818,0.0,-0.5,0.0,-0.0111,-0.4965,2.32
254.869,0.0,-0.5,0.0,-0.0111,-0.4965,2.32
254.919,0.0,-0.5,0.0,-0.0111,-0.4965,2.32
254.97,0.0,-0.5,0.0,-0.0111,-0.4965,2.32
255.021,0.0,-0.5,0.0,-0.0111,-0.4965,2.32
255.071,0.0,-0.5,0.0,-0.0111,-0.4965,2.32
255.122,0.0,-0.5,0.0,-0.0111,-0.4965,2.32
255.174,0.0,-0.5,0.0,-0.0111,-0.4965,2.32
255.224,0.0,-0.5,0.0,-0.0111,-0.4965,2.32
255.274,0.0,-0.5,0.0,-0.0111,-0.4965,2.32
255.325,0.0,-0.5,0.0,-0.0111,-0.4965,2.32
255.376,0.0,-0.5,0.0,-0.0111,-0.4965,2.32
255.465,0.0,-0.5,0.0,-0.0111,-0.4964,2.32
255.516,0.0,-0.5,0.0,-0.0111,-0.4964,2.32
255.567,0.0,-0.5,0.0,-0.0111,-0.4964,2.32
255.618,0.0,-0.5,0.0,-0.0111,-0.4965,2.32
255.668,0.0,-0.5,0.0,-0.0111,-0.4965,2.32
255.719,0.0,-0.5,0.0,-0.0111,-0.4965,2.32
255.77,0.0,-0.5,0.0,-0.0111,-0.4965,2.32
255.82,0.0,-0.5,0.0,-0.0111,-0.4965,2.32
255.871,0.0,-0.5,0.0,-0.0111,-0.4965,2.32
255.922,0.0,-0.5,0.0,-0.0111,-0.4965,2.32
255.972,0.0,-0.5,0.0,-0.0111,-0.4965,2.32
256.023,0.0,-0.5,0.0,-0.0111,-0.4965,2.32
256.074,0.0,-0.5,0.0,-0.0111,-0.4965,2.32
256.125,0.0,-0.5,0.0,-0.0111,-0.4965,2.32
256.175,0.0,-0.5,0.0,-0.0111,-0.4965,2.32
256.226,0.0,-0.5,0.0,-0.0111,-0.4965,2.32
256.277,0.0,-0.5,0.0,-0.0111,-0.4965,2.32
256.328,0.0,-0.5,0.0,-0.0111,-0.4965,2.32
256.379,0.0,-0.5,0.0,-0.0111,-0.4965,2.32
256.429,0.0,-0.5,0.0,-0.0111,-0.4965,2.32
256.48,0.0,-0.5,0.0,-0.0111,-0.4965,2.32
256.53,0.0,-0.5,0.0,-0.0111,-0.4965,2.32
256.581,0.0,-0.5,0.0,-0.0111,-0.4965,2.32
256.631,0.0,-0.5,0.0,-0.0111,-0.4965,2.32
256.682,0.0,-0.5,0.0,-0.0111,-0.4965,2.32
256.733,0.0,-0.5,0.0,-0.0111,-0.4965,2.32
256.784,0.0,-0.5,0.0,-0.0111,-0.4965,2.32
256.841,0.0,-0.5,0.0,-0.0111,-0.4965,2.32
256.892,0.0,-0.5,0.0,-0.0111,-0.4965,2.32
256.943,0.0,-0.5,0.0,-0.0111,-0.4965,2.32
256.994,0.0,-0.5,0.0,-0.0111,-0.4965,2.32
257.045,0.0,-0.5,0.0,-0.0111,-0.4965,2.32
257.095,0.0,-0.5,0.0,-0.0111,-0.4965,2.32
257.146,0.0,-0.5,0.0,-0.0111,-0.4965,2.32
257.197,0.0,-0.5,0.0,-0.011,-0.4965,2.31
257.247,0.0,-0.5,0.0,-0.011,-0.4965,2.31
257.298,0.0,-0.5,0.0,-0.011,-0.4965,2.31
257.349,0.0,-0.5,0.0,-0.011,-0.4965,2.31
257.4,0.0,-0.5,0.0,-0.011,-0.4965,2.31
257.45,0.0,-0.5,0.0,-0.011,-0.4965,2.31
257.501,0.0,-0.5,0.0,-0.011,-0.4965,2.31
257.551,0.0,-0.5,0.0,-0.011,-0.4965,2.31
257.602,0.0,-0.5,0.0,-0.011,-0.4965,2.31
257.653,0.0,-0.5,0.0,-0.011,-0.4965,2.31
257.703,0.0,-0.5,0.0,-0.011,-0.4965,2.31
257.754,0.0,-0.5,0.0,-0.011,-0.4965,2.31
257.804,0.0,-0.5,0.0,-0.011,-0.4965,2.31
257.855,0.0,-0.5,0.0,-0.011,-0.4965,2.31
257.905,0.0,-0.5,0.0,-0.011,-0.4965,2.31
257.956,0.0,-0.5,0.0,-0.011,-0.4965,2.31
258.007,0.0,-0.5,0.0,-0.011,-0.4965,2.31
258.057,0.0,-0.5,0.0,-0.011,-0.4965,2.31
258.107,0.0,-0.5,0.0,-0.011,-0.4965,2.31
258.158,0.0,-0.5,0.0,-0.011,-0.4965,2.31
258.209,0.0,-0.5,0.0,-0.011,-0.4965,2.31
258.259,0.0,-0.5,0.0,-0.011,-0.4965,2.31
258.31,0.0,-0.5,0.0,-0.011,-0.4965,2.31
258.361,0.0,-0.5,0.0,-0.011,-0.4965,2.31
258.412,0.0,-0.5,0.0,-0.011,-0.4965,2.31
258.462,0.0,-0.5,0.0,-0.011,-0.4965,2.31
258.513,0.0,-0.5,0.0,-0.011,-0.4965,2.31
258.564,0.0,-0.5,0.0,-0.0111,-0.4965,2.32
258.615,0.0,-0.5,0.0,-0.0111,-0.4965,2.32
258.666,0.0,-0.5,0.0,-0.0111,-0.4965,2.32
258.717,0.0,-0.5,0.0,-0.0111,-0.4965,2.32
258.768,0.0,-0.5,0.0,-0.011,-0.4965,2.31
258.819,0.0,-0.5,0.0,-0.011,-0.4965,2.31
258.869,0.0,-0.7,0.0,-0.011,-0.4965,2.31
258.92,0.0,-0.7,0.0,-0.011,-0.4968,2.26
258.971,0.0,-0.7,0.0,-0.0113,-0.4979,2.22
259.022,0.0,-0.7,0.0,-0.0113,-0.4979,2.22
259.073,0.0,-0.7,0.0,-0.0126,-0.52,2.09
259.123,0.0,-0.7,0.0,-0.0126,-0.52,2.09
259.174,0.0,-0.7,0.0,-0.0124,-0.5443,2.24
259.225,0.0,-0.7,0.0,-0.0124,-0.5443,2.24
259.275,0.0,-0.7,0.0,-0.012,-0.5644,2.4
259.326,0.0,-0.7,0.0,-0.012,-0.5644,2.4
259.376,0.0,-0.7,0.0,-0.0108,-0.5927,2.67
259.427,0.0,-0.7,0.0,-0.0108,-0.5927,2.67
259.478,0.0,-0.7,0.0,-0.0095,-0.6107,2.85
259.557,0.0,-0.7,0.0,-0.0093,-0.6134,2.89
259.608,0.0,-0.7,0.0,-0.0085,-0.6233,3.0
259.659,0.0,-0.7,0.0,-0.0085,-0.6233,3.0
259.709,0.0,-0.7,0.0,-0.0073,-0.6329,3.11
259.76,0.0,-0.7,0.0,-0.0066,-0.6367,3.19
259.811,0.0,-0.7,0.0,-0.0065,-0.6377,3.23
259.861,0.0,-0.7,0.0,-0.0065,-0.6377,3.23
259.912,0.0,-0.7,0.0,-0.0059,-0.6443,3.44
259.962,0.0,-0.7,0.0,-0.0059,-0.6443,3.44
260.013,0.0,-0.7,0.0,-0.0046,-0.6487,3.73
260.064,0.0,-0.7,0.0,-0.0046,-0.6487,3.73
260.115,0.0,-0.7,0.0,-0.0041,-0.6504,3.85
260.165,0.0,-0.7,0.0,-0.0041,-0.6504,3.85
260.216,0.0,-0.7,0.0,-0.0036,-0.6513,3.93
260.268,0.0,-0.7,0.0,-0.0036,-0.6513,3.93
260.318,0.0,-0.7,0.0,-0.0034,-0.6518,3.97
260.369,0.0,-0.7,0.0,-0.0035,-0.6517,3.98
260.419,0.0,-0.7,0.0,-0.0035,-0.6518,3.98
260.471,0.0,-0.7,0.0,-0.0035,-0.6518,3.98
260.522,0.0,-0.7,0.0,-0.0035,-0.6518,3.99
260.573,0.0,-0.7,0.0,-0.0035,-0.6519,3.99
260.623,0.0,-0.7,0.0,-0.0036,-0.6519,4.01
260.674,0.0,-0.7,0.0,-0.0036,-0.6519,4.01
260.724,0.0,-0.7,0.0,-0.0035,-0.6522,4.06
260.775,0.0,-0.7,0.0,-0.0034,-0.6524,4.07
260.826,0.0,-0.7,0.0,-0.0034,-0.6524,4.07
260.876,0.0,-0.7,0.0,-0.0034,-0.6524,4.07
260.927,0.0,-0.7,0.0,-0.0034,-0.6524,4.07
260.978,0.0,-0.7,0.0,-0.0034,-0.6524,4.07
261.028,0.0,-0.7,0.0,-0.0034,-0.6524,4.07
261.08,0.0,-0.7,0.0,-0.0034,-0.6524,4.07
261.131,0.0,-0.7,0.0,-0.0034,-0.6524,4.07
261.181,0.0,-0.7,0.0,-0.0034,-0.6524,4.07
261.233,0.0,-0.7,0.0,-0.0034,-0.6524,4.07
261.284,0.0,-0.7,0.0,-0.0034,-0.6524,4.07
261.334,0.0,-0.7,0.0,-0.0034,-0.6524,4.06
261.385,0.0,-0.7,0.0,-0.0034,-0.6524,4.06
261.436,0.0,-0.7,0.0,-0.0034,-0.6524,4.06
261.487,0.0,-0.7,0.0,-0.0034,-0.6524,4.06
261.538,0.0,-0.7,0.0,-0.0034,-0.6524,4.06
261.588,0.0,-0.7,0.0,-0.0034,-0.6524,4.06
261.639,0.0,-0.7,0.0,-0.0034,-0.6524,4.06
261.69,0.0,-0.7,0.0,-0.0034,-0.6524,4.06
261.741,0.0,-0.7,0.0,-0.0034,-0.6524,4.06
261.792,0.0,-0.7,0.0,-0.0034,-0.6524,4.06
261.843,0.0,-0.7,0.0,-0.0034,-0.6524,4.06
261.893,0.0,-0.7,0.0,-0.0034,-0.6524,4.06
261.944,0.0,-0.7,0.0,-0.0034,-0.6524,4.06
261.995,0.0,-0.7,0.0,-0.0034,-0.6524,4.06
262.046,0.0,-0.7,0.0,-0.0034,-0.6524,4.06
262.096,0.0,-0.7,0.0,-0.0034,-0.6524,4.06
262.147,0.0,-0.7,0.0,-0.0034,-0.6524,4.06
262.198,0.0,-0.7,0.0,-0.0034,-0.6524,4.06
262.248,0.0,-0.7,0.0,-0.0034,-0.6524,4.06
262.299,0.0,-0.7,0.0,-0.0034,-0.6524,4.06
262.35,0.0,-0.7,0.0,-0.0034,-0.6524,4.06
262.401,0.0,-0.7,0.0,-0.0034,-0.6524,4.06
262.451,0.0,-0.7,0.0,-0.0034,-0.6524,4.06
262.502,0.0,-0.7,0.0,-0.0034,-0.6524,4.06
262.552,0.0,-0.7,0.0,-0.0034,-0.6524,4.06
262.603,0.0,-0.7,0.0,-0.0034,-0.6524,4.06
262.654,0.0,-0.7,0.0,-0.0034,-0.6524,4.06
262.704,0.0,-0.7,0.0,-0.0034,-0.6524,4.06
262.755,0.0,-0.7,0.0,-0.0034,-0.6524,4.06
262.806,0.0,-0.7,0.0,-0.0034,-0.6524,4.06
262.857,0.0,-0.7,0.0,-0.0034,-0.6524,4.06
262.907,0.0,-0.7,0.0,-0.0034,-0.6524,4.06
262.958,0.0,-0.7,0.0,-0.0034,-0.6524,4.06
263.011,0.0,-0.7,0.0,-0.0034,-0.6524,4.06
263.062,0.0,-0.7,0.0,-0.0034,-0.6524,4.06
263.113,0.0,-0.7,0.0,-0.0034,-0.6524,4.06
263.163,0.0,-0.7,0.0,-0.0034,-0.6524,4.06
263.214,0.0,-0.7,0.0,-0.0034,-0.6524,4.06
263.265,0.0,-0.7,0.0,-0.0034,-0.6524,4.06
263.316,0.0,-0.7,0.0,-0.0034,-0.6524,4.06
263.367,0.0,-0.7,0.0,-0.0034,-0.6524,4.06
263.417,0.0,-0.7,0.0,-0.0034,-0.6524,4.06
263.468,0.0,-0.7,0.0,-0.0034,-0.6524,4.06
263.519,0.0,-0.7,0.0,-0.0034,-0.6524,4.06
263.569,0.0,-0.7,0.0,-0.0034,-0.6524,4.06
263.647,0.0,-0.7,0.0,-0.0034,-0.6524,4.06
263.698,0.0,-0.7,0.0,-0.0034,-0.6525,4.05
263.748,0.0,-0.7,0.0,-0.0034,-0.6525,4.05
263.799,0.0,-0.7,0.0,-0.0034,-0.6524,4.06
263.85,0.0,-0.7,0.0,-0.0034,-0.6524,4.06
263.9,0.0,-0.7,0.0,-0.0034,-0.6525,4.05
263.951,0.0,-0.7,0.0,-0.0034,-0.6525,4.05
264.002,0.0,-0.7,0.0,-0.0034,-0.6525,4.05
264.053,0.0,-0.7,0.0,-0.0034,-0.6525,4.05
264.103,0.0,-0.7,0.0,-0.0034,-0.6525,4.05
264.154,0.0,-0.7,0.0,-0.0034,-0.6525,4.05
264.204,0.0,-0.7,0.0,-0.0034,-0.6525,4.05
264.255,0.0,-0.7,0.0,-0.0034,-0.6525,4.05
264.305,0.0,-0.7,0.0,-0.0033,-0.6525,4.04
264.356,0.0,-0.7,0.0,-0.0033,-0.6525,4.04
264.407,0.0,-0.7,0.0,-0.0033,-0.6525,4.04
264.458,0.0,-0.7,0.0,-0.0033,-0.6525,4.04
264.508,0.0,-0.7,0.0,-0.0033,-0.6525,4.04
264.559,0.0,-0.7,0.0,-0.0033,-0.6525,4.04
264.61,0.0,-0.7,0.0,-0.0033,-0.6525,4.04
264.66,0.0,-0.7,0.0,-0.0033,-0.6525,4.04
264.711,0.0,-0.7,0.0,-0.0034,-0.6525,4.05
264.761,0.0,-0.7,0.0,-0.0034,-0.6525,4.05
264.812,0.0,-0.7,0.0,-0.0034,-0.6525,4.05
264.863,0.0,-0.7,0.0,-0.0033,-0.6525,4.04
264.914,0.0,-0.7,0.0,-0.0034,-0.6525,4.05
264.964,0.0,-0.7,0.0,-0.0034,-0.6525,4.05
265.015,0.0,-0.7,0.0,-0.0034,-0.6525,4.05
265.066,0.0,-0.7,0.0,-0.0034,-0.6525,4.05
265.116,0.0,-0.7,0.0,-0.0033,-0.6525,4.04
265.167,0.0,-0.7,0.0,-0.0033,-0.6525,4.04
265.218,0.0,-0.7,0.0,-0.0034,-0.6525,4.05
265.269,0.0,-0.7,0.0,-0.0034,-0.6525,4.05
265.319,0.0,-0.7,0.0,-0.0034,-0.6525,4.05
265.37,0.0,-0.7,0.0,-0.0034,-0.6525,4.05
265.421,0.0,-0.7,0.0,-0.0034,-0.6525,4.05
265.472,0.0,-0.7,0.0,-0.0034,-0.6525,4.05
265.523,0.0,-0.7,0.0,-0.0034,-0.6525,4.05
265.573,0.0,-0.7,0.0,-0.0034,-0.6525,4.05
265.624,0.0,-0.7,0.0,-0.0034,-0.6525,4.05
265.675,0.0,-0.7,0.0,-0.0034,-0.6525,4.05
265.726,0.0,-0.7,0.0,-0.0034,-0.6525,4.05
265.776,0.0,-0.7,0.0,-0.0033,-0.6525,4.04
265.827,0.0,-0.7,0.0,-0.0034,-0.6525,4.05
265.878,0.0,-0.7,0.0,-0.0034,-0.6525,4.05
265.928,0.0,-0.7,0.0,-0.0034,-0.6525,4.05
265.979,0.0,0.7,0.0,-0.0034,-0.6525,4.05
266.03,0.0,0.7,0.0,-0.0034,-0.6525,4.05
266.081,0.0,0.7,0.0,-0.0024,-0.6497,4.09
266.132,0.0,0.7,0.0,0.0067,-0.6276,4.2
266.183,0.0,0.7,0.0,0.0113,-0.614,4.37
266.233,0.0,0.7,0.0,0.022,-0.5819,4.58
266.284,0.0,0.7,0.0,0.0273,-0.5639,4.7
266.335,0.0,0.7,0.0,0.041,-0.5132,4.88
266.386,0.0,0.7,0.0,0.0462,-0.4929,4.91
266.437,0.0,0.7,0.0,0.0562,-0.4516,4.93
266.487,0.0,0.7,0.0,0.0589,-0.4397,4.92
266.538,0.0,0.7,0.0,0.0715,-0.3703,4.97
266.588,0.0,0.7,0.0,0.0734,-0.3592,4.97
266.639,0.0,0.7,0.0,0.0802,-0.3051,5.06
266.69,0.0,0.7,0.0,0.0802,-0.3051,5.06
266.741,0.0,0.7,0.0,0.0802,-0.3051,5.06
266.792,0.0,0.7,0.0,0.0865,-0.2106,5.05
266.843,0.0,0.7,0.0,0.0865,-0.2106,5.05
266.894,0.0,0.7,0.0,0.0887,-0.1172,4.96
266.944,0.0,0.7,0.0,0.0887,-0.1172,4.96
266.995,0.0,0.7,0.0,0.0885,-0.0553,4.93
267.045,0.0,0.7,0.0,0.0885,-0.0553,4.93
267.096,0.0,0.7,0.0,0.0826,0.0592,4.91
267.148,0.0,0.7,0.0,0.0826,0.0592,4.91
267.199,0.0,0.7,0.0,0.0794,0.1143,4.81
267.25,0.0,0.7,0.0,0.0794,0.1143,4.81
267.301,0.0,0.7,0.0,0.0751,0.1762,4.77
267.352,0.0,0.7,0.0,0.0751,0.1762,4.77
267.402,0.0,0.7,0.0,0.0692,0.26,4.73
267.453,0.0,0.7,0.0,0.0651,0.3092,4.78
267.503,0.0,0.7,0.0,0.0651,0.3092,4.78
267.554,0.0,0.7,0.0,0.0651,0.3092,4.78
267.604,0.0,0.7,0.0,0.0578,0.4006,4.76
267.655,0.0,0.7,0.0,0.0578,0.4006,4.76
267.706,0.0,0.7,0.0,0.0513,0.4818,4.67
267.757,0.0,0.7,0.0,0.0513,0.4818,4.67
267.807,0.0,0.7,0.0,0.0468,0.5337,4.52
267.858,0.0,0.7,0.0,0.0468,0.5337,4.52
267.909,0.0,0.7,0.0,0.0406,0.5957,4.24
267.959,0.0,0.7,0.0,0.0406,0.5957,4.24
268.01,0.0,0.7,0.0,0.036,0.6285,4.02
268.061,0.0,0.7,0.0,0.036,0.6285,4.02
268.111,0.0,0.7,0.0,0.0309,0.6681,3.68
268.162,0.0,0.7,0.0,0.0309,0.6681,3.68
268.213,0.0,0.7,0.0,0.0272,0.6881,3.47
268.264,0.0,0.7,0.0,0.0272,0.6881,3.47
268.314,0.0,0.7,0.0,0.0227,0.6958,3.41
268.365,0.0,0.7,0.0,0.0227,0.6958,3.41
268.416,0.0,0.7,0.0,0.023,0.6945,3.43
268.467,0.0,0.7,0.0,0.023,0.6945,3.43
268.518,0.0,0.7,0.0,0.0233,0.6947,3.48
268.568,0.0,0.7,0.0,0.0233,0.6947,3.48
268.619,0.0,0.7,0.0,0.0233,0.6946,3.45
268.67,0.0,0.7,0.0,0.0233,0.6946,3.45
268.721,0.0,0.7,0.0,0.0233,0.6946,3.45
268.771,0.0,0.7,0.0,0.0233,0.6946,3.45
268.821,0.0,0.7,0.0,0.0233,0.6946,3.45
268.872,0.0,0.7,0.0,0.0233,0.6946,3.45
268.922,0.0,0.7,0.0,0.0233,0.6946,3.46
268.973,0.0,0.7,0.0,0.0233,0.6946,3.46
269.024,0.0,0.7,0.0,0.0233,0.6946,3.46
269.11,0.0,0.7,0.0,0.0233,0.6946,3.46
269.161,0.0,0.7,0.0,0.0233,0.6946,3.46
269.211,0.0,0.7,0.0,0.0233,0.6946,3.45
269.262,0.0,0.7,0.0,0.0233,0.6946,3.45
269.313,0.0,0.7,0.0,0.0233,0.6946,3.45
269.364,0.0,0.7,0.0,0.0233,0.6946,3.45
269.414,0.0,0.7,0.0,0.0233,0.6946,3.45
269.465,0.0,0.7,0.0,0.0233,0.6946,3.45
269.516,0.0,0.7,0.0,0.0233,0.6946,3.46
269.567,0.0,0.7,0.0,0.0233,0.6946,3.46
269.617,0.0,0.7,0.0,0.0233,0.6946,3.46
269.668,0.0,0.7,0.0,0.0233,0.6946,3.46
269.719,0.0,0.7,0.0,0.0233,0.6946,3.46
269.77,0.0,0.7,0.0,0.0233,0.6946,3.46
269.82,0.0,0.7,0.0,0.0233,0.6946,3.46
269.871,0.0,0.7,0.0,0.0233,0.6946,3.46
269.921,0.0,0.7,0.0,0.0233,0.6946,3.46
269.973,0.0,0.7,0.0,0.0233,0.6946,3.46
270.024,0.0,0.7,0.0,0.0233,0.6946,3.46
270.074,0.0,0.7,0.0,0.0233,0.6946,3.46
270.125,0.0,0.7,0.0,0.0233,0.6946,3.46
270.176,0.0,0.7,0.0,0.0233,0.6946,3.46
270.228,0.0,0.7,0.0,0.0233,0.6946,3.46
270.278,0.0,0.7,0.0,0.0233,0.6946,3.45
270.329,0.0,0.7,0.0,0.0233,0.6946,3.45
270.38,0.0,0.7,0.0,0.0233,0.6946,3.45
270.47,0.0,0.7,0.0,0.0233,0.6946,3.45
270.52,0.0,0.7,0.0,0.0233,0.6946,3.45
270.571,0.0,0.7,0.0,0.0233,0.6946,3.45
270.622,0.0,0.7,0.0,0.0233,0.6946,3.45
270.673,0.0,0.7,0.0,0.0233,0.6946,3.45
270.724,0.0,0.7,0.0,0.0233,0.6946,3.45
270.774,0.0,0.7,0.0,0.0233,0.6946,3.45
270.825,0.0,0.7,0.0,0.0233,0.6946,3.45
270.875,0.0,0.7,0.0,0.0233,0.6946,3.45
270.926,0.0,0.7,0.0,0.0233,0.6946,3.45
270.976,0.0,0.7,0.0,0.0233,0.6946,3.45
271.026,0.0,0.7,0.0,0.0233,0.6946,3.45
271.076,0.0,0.7,0.0,0.0233,0.6946,3.45
271.127,0.0,0.7,0.0,0.0233,0.6946,3.45
271.178,0.0,0.7,0.0,0.0233,0.6946,3.45
271.228,0.0,0.7,0.0,0.0233,0.6946,3.45
271.279,0.0,0.7,0.0,0.0233,0.6946,3.45
271.329,0.0,0.7,0.0,0.0233,0.6946,3.45
271.38,0.0,0.7,0.0,0.0233,0.6946,3.45
271.431,0.0,0.7,0.0,0.0233,0.6946,3.45
271.482,0.0,0.7,0.0,0.0233,0.6946,3.45
271.533,0.0,0.7,0.0,0.0233,0.6946,3.45
271.583,0.0,0.7,0.0,0.0233,0.6946,3.45
271.634,0.0,0.7,0.0,0.0233,0.6946,3.45
271.684,0.0,0.7,0.0,0.0233,0.6946,3.45
271.735,0.0,0.7,0.0,0.0233,0.6946,3.45
271.825,0.0,0.7,0.0,0.0233,0.6946,3.45
271.876,0.0,0.7,0.0,0.0233,0.6946,3.45
271.927,0.0,0.7,0.0,0.0233,0.6946,3.45
271.977,0.0,0.7,0.0,0.0233,0.6946,3.45
272.029,0.0,0.7,0.0,0.0233,0.6946,3.45
272.079,0.0,0.7,0.0,0.0233,0.6946,3.45
272.13,0.0,0.7,0.0,0.0233,0.6946,3.45
272.18,0.0,0.7,0.0,0.0233,0.6946,3.45
272.231,0.0,0.7,0.0,0.0233,0.6946,3.45
272.282,0.0,0.7,0.0,0.0233,0.6946,3.45
272.332,0.0,0.7,0.0,0.0233,0.6946,3.45
272.384,0.0,0.7,0.0,0.0233,0.6946,3.45
272.434,0.0,0.7,0.0,0.0233,0.6946,3.45
272.485,0.0,0.7,0.0,0.0233,0.6946,3.45
272.535,0.0,0.7,0.0,0.0234,0.6945,3.44
272.586,0.0,0.7,0.0,0.0234,0.6945,3.44
272.636,0.0,0.7,0.0,0.0234,0.6945,3.44
272.687,0.0,0.7,0.0,0.0234,0.6945,3.44
272.738,0.0,0.7,0.0,0.0234,0.6945,3.44
272.789,0.0,0.7,0.0,0.0234,0.6945,3.44
272.84,0.0,0.7,0.0,0.0234,0.6945,3.44
272.891,0.0,0.7,0.0,0.0234,0.6945,3.44
272.941,0.0,0.7,0.0,0.0234,0.6945,3.44
272.992,0.0,0.7,0.0,0.0234,0.6945,3.44
273.042,0.0,0.7,0.0,0.0234,0.6945,3.44
273.093,0.0,0.7,0.0,0.0234,0.6945,3.44
273.143,0.0,0.7,0.0,0.0234,0.6945,3.44
273.196,0.0,0.7,0.0,0.0234,0.6945,3.44
273.246,0.0,0.7,0.0,0.0234,0.6945,3.44
273.297,0.0,0.7,0.0,0.0234,0.6945,3.44
273.347,0.0,0.7,0.0,0.0234,0.6945,3.44
273.398,0.0,0.7,0.0,0.0234,0.6945,3.44
273.449,0.0,0.7,0.0,0.0234,0.6945,3.44
273.5,0.0,0.7,0.0,0.0234,0.6945,3.44
273.55,0.0,0.7,0.0,0.0234,0.6945,3.43
273.601,0.0,0.7,0.0,0.0234,0.6945,3.43
273.653,0.0,0.7,0.0,0.0234,0.6945,3.43
273.703,0.0,0.7,0.0,0.0234,0.6945,3.42
273.754,0.0,0.7,0.0,0.0234,0.6945,3.42
273.804,0.0,0.7,0.0,0.0234,0.6945,3.42
273.855,0.0,0.7,0.0,0.0234,0.6945,3.42
273.905,0.0,0.7,0.0,0.0234,0.6945,3.42
273.956,0.0,0.7,0.0,0.0234,0.6945,3.42
274.007,0.0,0.7,0.0,0.0234,0.6945,3.42
274.057,0.0,0.7,0.0,0.0234,0.6945,3.43
274.108,0.0,0.7,0.0,0.0234,0.6945,3.43
274.159,0.0,0.7,0.0,0.0234,0.6945,3.43
274.21,0.0,0.7,0.0,0.0234,0.6945,3.43
274.261,0.0,0.7,0.0,0.0234,0.6945,3.43
274.312,0.0,0.7,0.0,0.0234,0.6945,3.43
274.363,0.0,0.7,0.0,0.0234,0.6945,3.43
274.413,0.0,0.7,0.0,0.0234,0.6945,3.43
274.464,0.0,0.7,0.0,0.0234,0.6945,3.43
274.515,0.0,0.7,0.0,0.0234,0.6945,3.43
274.566,0.0,0.7,0.0,0.0234,0.6945,3.43
274.617,0.0,0.7,0.0,0.0234,0.6945,3.43
274.667,0.0,0.7,0.0,0.0234,0.6945,3.43
274.719,0.0,0.7,0.0,0.0234,0.6945,3.43
274.77,0.0,0.7,0.0,0.0234,0.6945,3.42
274.821,0.0,0.7,0.0,0.0234,0.6945,3.42
274.872,0.0,0.7,0.0,0.0234,0.6945,3.42
274.922,0.0,0.7,0.0,0.0234,0.6945,3.42
274.973,0.0,0.7,0.0,0.0234,0.6945,3.42
275.024,0.0,0.7,0.0,0.0234,0.6945,3.42
275.075,0.0,0.7,0.0,0.0234,0.6945,3.42
275.126,0.0,0.7,0.0,0.0234,0.6945,3.42
275.177,0.0,0.7,0.0,0.0234,0.6945,3.42
275.227,0.0,0.7,0.0,0.0234,0.6945,3.42
275.278,0.0,0.7,0.0,0.0234,0.6945,3.42
275.329,0.0,0.7,0.0,0.0234,0.6945,3.42
275.38,0.0,0.7,0.0,0.0234,0.6945,3.42
275.43,0.0,0.7,0.0,0.0234,0.6945,3.42
275.481,0.0,0.7,0.0,0.0234,0.6945,3.42
275.532,0.0,0.7,0.0,0.0234,0.6945,3.42
275.583,0.0,0.7,0.0,0.0234,0.6945,3.42
275.633,0.0,0.7,0.0,0.0234,0.6945,3.42
275.684,0.0,0.7,0.0,0.0234,0.6945,3.42
275.734,0.0,0.7,0.0,0.0234,0.6945,3.42
275.785,0.0,0.7,0.0,0.0234,0.6945,3.42
275.836,0.0,0.7,0.0,0.0234,0.6945,3.42
275.886,0.0,0.7,0.0,0.0234,0.6945,3.42
275.937,0.0,0.7,0.0,0.0234,0.6945,3.42
275.987,0.0,0.7,0.0,0.0234,0.6945,3.42
276.038,0.0,0.7,0.0,0.0234,0.6945,3.42
276.089,0.0,0.7,0.0,0.0235,0.6945,3.41
276.14,0.0,0.7,0.0,0.0235,0.6945,3.42
276.19,0.0,0.7,0.0,0.0235,0.6945,3.42
276.241,0.0,0.7,0.0,0.0235,0.6945,3.42
276.292,0.0,0.7,0.0,0.0235,0.6945,3.41
276.343,0.0,0.7,0.0,0.0235,0.6945,3.41
276.393,0.0,0.7,0.0,0.0235,0.6945,3.41
276.444,0.0,0.7,0.0,0.0235,0.6945,3.41
276.495,0.0,0.7,0.0,0.0235,0.6945,3.41
276.546,0.0,0.7,0.0,0.0235,0.6945,3.41
276.596,0.0,0.7,0.0,0.0235,0.6945,3.41
276.647,0.0,0.7,0.0,0.0235,0.6945,3.41
276.697,0.0,0.7,0.0,0.0234,0.6945,3.42
276.748,0.0,0.7,0.0,0.0235,0.6945,3.41
276.798,0.0,0.7,0.0,0.0235,0.6945,3.41
276.849,0.0,0.7,0.0,0.0235,0.6945,3.41
276.9,0.0,0.7,0.0,0.0235,0.6945,3.41
276.951,0.0,0.7,0.0,0.0235,0.6945,3.41
277.001,0.0,0.7,0.0,0.0235,0.6945,3.41
277.052,0.0,0.7,0.0,0.0235,0.6945,3.41
277.102,0.0,0.7,0.0,0.0235,0.6945,3.41
277.153,0.0,0.7,0.0,0.0235,0.6945,3.41
277.203,0.0,0.7,0.0,0.0235,0.6945,3.41
277.282,0.0,0.7,0.0,0.0235,0.6945,3.41
277.333,0.0,0.7,0.0,0.0235,0.6945,3.41
277.384,0.0,0.7,0.0,0.0235,0.6945,3.41
277.435,0.0,0.7,0.0,0.0235,0.6945,3.41
277.485,0.0,0.7,0.0,0.0235,0.6945,3.41
277.536,0.0,0.7,0.0,0.0235,0.6945,3.41
277.587,0.0,0.7,0.0,0.0235,0.6945,3.41
277.638,0.0,0.7,0.0,0.0235,0.6945,3.41
277.688,0.0,0.7,0.0,0.0235,0.6945,3.41
277.739,0.0,0.7,0.0,0.0235,0.6945,3.41
277.789,0.0,0.7,0.0,0.0234,0.6945,3.42
277.84,0.0,0.7,0.0,0.0234,0.6945,3.42
277.89,0.0,0.7,0.0,0.0234,0.6945,3.42
277.941,0.0,0.7,0.0,0.0234,0.6945,3.42
277.992,0.0,0.7,0.0,0.0234,0.6945,3.42
278.043,0.0,0.7,0.0,0.0235,0.6945,3.41
278.094,0.0,0.7,0.0,0.0235,0.6945,3.41
278.145,0.0,0.7,0.0,0.0235,0.6945,3.41
278.195,0.0,0.7,0.0,0.0235,0.6945,3.41
278.246,0.0,0.7,0.0,0.0234,0.6945,3.42
278.297,0.0,0.7,0.0,0.0234,0.6945,3.42
278.348,0.0,0.7,0.0,0.0234,0.6945,3.42
278.398,0.0,0.7,0.0,0.0234,0.6945,3.42
278.449,0.0,0.7,0.0,0.0234,0.6945,3.42
278.5,0.0,0.7,0.0,0.0234,0.6945,3.42
278.55,0.0,0.7,0.0,0.0234,0.6945,3.42
278.64,0.0,0.7,0.0,0.0234,0.6945,3.42
278.691,0.0,0.7,0.0,0.0234,0.6945,3.42
278.742,0.0,0.7,0.0,0.0234,0.6945,3.42
278.793,0.0,0.7,0.0,0.0234,0.6945,3.42
278.844,0.0,0.7,0.0,0.0234,0.6945,3.42
278.894,0.0,0.7,0.0,0.0234,0.6945,3.42
278.945,0.0,0.7,0.0,0.0234,0.6945,3.42
278.996,0.0,0.7,0.0,0.0234,0.6945,3.42
279.046,0.0,0.7,0.0,0.0234,0.6945,3.42
279.098,0.0,0.7,0.0,0.0234,0.6945,3.42
279.149,0.0,0.7,0.0,0.0234,0.6945,3.42
279.199,0.0,0.7,0.0,0.0234,0.6945,3.42
279.25,0.0,0.7,0.0,0.0234,0.6945,3.42
279.3,0.0,0.7,0.0,0.0234,0.6945,3.42
279.351,0.0,0.7,0.0,0.0234,0.6945,3.42
279.402,0.0,0.7,0.0,0.0234,0.6945,3.42
279.453,0.0,0.7,0.0,0.0234,0.6945,3.42
279.504,0.0,0.7,0.0,0.0234,0.6945,3.42
279.554,0.0,0.0,30.0,0.0234,0.6945,3.42
279.604,0.0,0.0,30.0,0.0234,0.6945,3.42
279.655,0.0,0.0,30.0,0.0234,0.6945,3.42
279.706,0.0,0.0,30.0,0.023,0.6931,6.94
279.756,0.0,0.0,30.0,0.0223,0.6889,8.61
279.807,0.0,0.0,30.0,0.0223,0.6889,8.61
279.858,0.0,0.0,30.0,0.0223,0.6889,8.61
279.908,0.0,0.0,30.0,0.0065,0.6258,14.98
279.959,0.0,0.0,30.0,0.0011,0.5988,16.51
280.01,0.0,0.0,30.0,0.0011,0.5988,16.51
280.061,0.0,0.0,30.0,0.0011,0.5988,16.51
280.112,0.0,0.0,30.0,-0.0223,0.4883,21.68
280.163,0.0,0.0,30.0,-0.0318,0.4296,23.48
280.213,0.0,0.0,30.0,-0.0318,0.4296,23.48
280.264,0.0,0.0,30.0,-0.0408,0.3531,24.64
280.315,0.0,0.0,30.0,-0.0438,0.315,24.9
280.366,0.0,0.0,30.0,-0.0438,0.315,24.9
280.417,0.0,0.0,30.0,-0.0477,0.2433,25.26
280.468,0.0,0.0,30.0,-0.0494,0.2104,25.36
280.519,0.0,0.0,30.0,-0.0494,0.2104,25.36
280.57,0.0,0.0,30.0,-0.0537,0.1256,25.54
280.621,0.0,0.0,30.0,-0.0543,0.116,25.57
280.671,0.0,0.0,30.0,-0.0543,0.116,25.57
280.722,0.0,0.0,30.0,-0.0584,0.0471,25.49
280.772,0.0,0.0,30.0,-0.0585,0.0399,25.47
280.823,0.0,0.0,30.0,-0.0607,0.0061,25.42
280.874,0.0,0.0,30.0,-0.0607,-0.0132,25.36
280.924,0.0,0.0,30.0,-0.0607,-0.0132,25.36
280.975,0.0,0.0,30.0,-0.0553,-0.0207,25.31
281.025,0.0,0.0,30.0,-0.0523,-0.0206,25.31
281.076,0.0,0.0,30.0,-0.0523,-0.0206,25.31
281.126,0.0,0.0,30.0,-0.0466,-0.0197,25.36
281.177,0.0,0.0,30.0,-0.0446,-0.0193,25.39
281.228,0.0,0.0,30.0,-0.0446,-0.0193,25.39
281.279,0.0,0.0,30.0,-0.04,-0.0178,25.41
281.329,0.0,0.0,30.0,-0.0375,-0.0166,25.47
281.38,0.0,0.0,30.0,-0.0352,-0.0157,25.58
281.431,0.0,0.0,30.0,-0.034,-0.0153,25.62
281.482,0.0,0.0,30.0,-0.034,-0.0153,25.62
281.533,0.0,0.0,30.0,-0.034,-0.0153,25.62
281.584,0.0,0.0,30.0,-0.0294,-0.0144,25.62
281.634,0.0,0.0,30.0,-0.0292,-0.0144,25.63
281.685,0.0,0.0,30.0,-0.0292,-0.0144,25.63
281.736,0.0,0.0,30.0,-0.029,-0.0143,25.7
281.787,0.0,0.0,30.0,-0.029,-0.0143,25.7
281.838,0.0,0.0,30.0,-0.029,-0.0143,25.7
281.889,0.0,0.0,30.0,-0.029,-0.0143,25.7
281.942,0.0,0.0,30.0,-0.029,-0.0143,25.7
281.992,0.0,0.0,30.0,-0.029,-0.0143,25.7
282.042,0.0,0.0,30.0,-0.029,-0.0143,25.7
282.093,0.0,0.0,30.0,-0.029,-0.0143,25.7
282.143,0.0,0.0,30.0,-0.029,-0.0143,25.7
282.194,0.0,0.0,30.0,-0.029,-0.0143,25.7
282.245,0.0,0.0,30.0,-0.029,-0.0143,25.7
282.296,0.0,0.0,30.0,-0.029,-0.0143,25.7
282.346,0.0,0.0,30.0,-0.029,-0.0143,25.7
282.398,0.0,0.0,30.0,-0.0289,-0.0143,25.69
282.448,0.0,0.0,30.0,-0.029,-0.0143,25.7
282.499,0.0,0.0,30.0,-0.029,-0.0143,25.7
282.55,0.0,0.0,30.0,-0.0289,-0.0143,25.69
282.6,0.0,0.0,30.0,-0.0289,-0.0143,25.69
282.651,0.0,0.0,30.0,-0.0289,-0.0143,25.69
282.734,0.0,0.0,30.0,-0.0289,-0.0144,25.69
282.784,0.0,0.0,30.0,-0.0289,-0.0144,25.69
282.835,0.0,0.0,30.0,-0.0289,-0.0144,25.69
282.886,0.0,0.0,30.0,-0.0289,-0.0144,25.69
282.937,0.0,0.0,30.0,-0.0289,-0.0144,25.69
282.987,0.0,0.0,30.0,-0.0289,-0.0144,25.69
283.038,0.0,0.0,30.0,-0.0289,-0.0144,25.69
283.088,0.0,0.0,30.0,-0.0289,-0.0144,25.69
283.139,0.0,0.0,30.0,-0.0289,-0.0144,25.69
283.19,0.0,0.0,30.0,-0.0289,-0.0144,25.69
283.241,0.0,0.0,30.0,-0.0289,-0.0144,25.69
283.292,0.0,0.0,30.0,-0.0289,-0.0144,25.69
283.343,0.0,0.0,30.0,-0.0289,-0.0144,25.69
283.394,0.0,0.0,30.0,-0.0289,-0.0144,25.69
283.444,0.0,0.0,30.0,-0.0289,-0.0144,25.69
283.495,0.0,0.0,30.0,-0.0289,-0.0144,25.69
283.546,0.0,0.0,30.0,-0.0289,-0.0144,25.69
283.597,0.0,0.0,30.0,-0.0289,-0.0144,25.69
283.648,0.0,0.0,30.0,-0.0289,-0.0144,25.69
283.698,0.0,0.0,30.0,-0.0289,-0.0144,25.69
283.749,0.0,0.0,30.0,-0.0289,-0.0144,25.69
283.8,0.0,0.0,30.0,-0.0289,-0.0144,25.69
283.851,0.0,0.0,30.0,-0.0288,-0.0144,25.68
283.901,0.0,0.0,30.0,-0.0288,-0.0144,25.68
283.952,0.0,0.0,30.0,-0.0288,-0.0144,25.68
284.003,0.0,0.0,30.0,-0.0288,-0.0144,25.68
284.054,0.0,0.0,30.0,-0.0288,-0.0144,25.68
284.106,0.0,0.0,30.0,-0.0288,-0.0144,25.68
284.156,0.0,0.0,30.0,-0.0288,-0.0144,25.68
284.207,0.0,0.0,30.0,-0.0288,-0.0144,25.68
284.258,0.0,0.0,30.0,-0.0288,-0.0144,25.68
284.308,0.0,0.0,30.0,-0.0288,-0.0144,25.68
284.36,0.0,0.0,30.0,-0.0288,-0.0144,25.68
284.41,0.0,0.0,30.0,-0.0288,-0.0144,25.68
284.461,0.0,0.0,30.0,-0.0288,-0.0144,25.68
284.511,0.0,0.0,30.0,-0.0288,-0.0144,25.68
284.563,0.0,0.0,30.0,-0.0288,-0.0144,25.68
284.613,0.0,0.0,30.0,-0.0288,-0.0144,25.68
284.664,0.0,0.0,30.0,-0.0288,-0.0144,25.68
284.715,0.0,0.0,30.0,-0.0289,-0.0144,25.69
284.766,0.0,0.0,30.0,-0.0289,-0.0144,25.69
284.817,0.0,0.0,30.0,-0.0289,-0.0144,25.69
284.868,0.0,0.0,30.0,-0.0289,-0.0144,25.69
284.919,0.0,0.0,30.0,-0.0288,-0.0144,25.68
284.97,0.0,0.0,30.0,-0.0288,-0.0144,25.68
285.02,0.0,0.0,30.0,-0.0288,-0.0144,25.68
285.071,0.0,0.0,30.0,-0.0288,-0.0144,25.68
285.122,0.0,0.0,30.0,-0.0288,-0.0144,25.68
285.172,0.0,0.0,30.0,-0.0288,-0.0144,25.68
285.223,0.0,0.0,30.0,-0.0288,-0.0144,25.68
285.273,0.0,0.0,30.0,-0.0288,-0.0144,25.68
285.325,0.0,0.0,30.0,-0.0288,-0.0144,25.68
285.376,0.0,0.0,30.0,-0.0288,-0.0144,25.68
285.426,0.0,0.0,30.0,-0.0288,-0.0144,25.68
285.477,0.0,0.0,30.0,-0.0288,-0.0144,25.68
285.528,0.0,0.0,30.0,-0.0288,-0.0144,25.68
285.579,0.0,0.0,30.0,-0.0288,-0.0144,25.68
285.629,0.0,0.0,30.0,-0.0288,-0.0144,25.68
285.681,0.0,0.0,30.0,-0.0288,-0.0144,25.68
285.731,0.0,0.0,30.0,-0.0288,-0.0144,25.68
285.782,0.0,0.0,30.0,-0.0288,-0.0144,25.68
285.833,0.0,0.0,30.0,-0.0288,-0.0144,25.68
285.884,0.0,0.0,30.0,-0.0288,-0.0144,25.68
285.934,0.0,0.0,30.0,-0.0289,-0.0144,25.69
285.986,0.0,0.0,30.0,-0.0289,-0.0144,25.69
286.037,0.0,0.0,30.0,-0.0289,-0.0144,25.69
286.088,0.0,0.0,30.0,-0.0289,-0.0144,25.69
286.139,0.0,0.0,30.0,-0.0288,-0.0144,25.68
286.189,0.0,0.0,30.0,-0.0288,-0.0144,25.68
286.24,0.0,0.0,30.0,-0.0288,-0.0144,25.68
286.291,0.0,0.0,30.0,-0.0288,-0.0144,25.68
286.342,0.0,0.0,30.0,-0.0288,-0.0144,25.68
286.392,0.0,0.0,30.0,-0.0288,-0.0144,25.68
286.443,0.0,0.0,30.0,-0.0288,-0.0144,25.68
286.493,0.0,0.0,30.0,-0.0288,-0.0144,25.68
286.544,0.0,0.0,30.0,-0.0288,-0.0144,25.68
286.595,0.0,0.0,30.0,-0.0288,-0.0144,25.68
286.646,0.0,0.0,30.0,-0.0288,-0.0144,25.68
286.696,0.0,0.0,30.0,-0.0288,-0.0144,25.68
286.747,0.0,0.0,30.0,-0.0289,-0.0144,25.69
286.818,0.0,0.0,30.0,-0.0288,-0.0144,25.68
286.869,0.0,0.0,30.0,-0.0288,-0.0144,25.68
286.92,0.0,0.0,30.0,-0.0288,-0.0144,25.68
286.97,0.0,0.0,30.0,-0.0288,-0.0144,25.68
287.021,0.0,0.0,30.0,-0.0288,-0.0144,25.68
287.072,0.0,0.0,30.0,-0.0288,-0.0144,25.68
287.122,0.0,0.0,30.0,-0.0288,-0.0144,25.68
287.173,0.0,0.0,30.0,-0.0288,-0.0144,25.68
287.224,0.0,0.0,30.0,-0.0288,-0.0144,25.68
287.275,0.0,0.0,30.0,-0.0288,-0.0144,25.68
287.326,0.0,0.0,30.0,-0.0288,-0.0144,25.68
287.377,0.0,0.0,30.0,-0.0288,-0.0144,25.68
287.428,0.0,0.0,30.0,-0.0288,-0.0144,25.68
287.478,0.0,0.0,30.0,-0.0288,-0.0144,25.68
287.529,0.0,0.0,30.0,-0.0288,-0.0144,25.68
287.58,0.0,0.0,30.0,-0.0288,-0.0144,25.68
287.631,0.0,0.0,30.0,-0.0288,-0.0144,25.68
287.682,0.0,0.0,30.0,-0.0288,-0.0144,25.68
287.732,0.0,0.0,30.0,-0.0288,-0.0144,25.68
287.783,0.0,0.0,30.0,-0.0288,-0.0144,25.68
287.834,0.0,0.0,30.0,-0.0288,-0.0144,25.68
287.884,0.0,0.0,30.0,-0.0288,-0.0144,25.68
287.935,0.0,0.0,30.0,-0.0288,-0.0144,25.68
287.986,0.0,0.0,30.0,-0.0288,-0.0144,25.68
288.036,0.0,0.0,30.0,-0.0288,-0.0144,25.68
288.088,0.0,0.0,30.0,-0.0288,-0.0144,25.68
288.139,0.0,0.0,30.0,-0.0288,-0.0144,25.68
288.194,0.0,0.0,30.0,-0.0288,-0.0144,25.68
288.244,0.0,0.0,30.0,-0.0288,-0.0144,25.68
288.295,0.0,0.0,30.0,-0.0288,-0.0144,25.68
288.345,0.0,0.0,30.0,-0.0288,-0.0144,25.68
288.396,0.0,0.0,30.0,-0.0288,-0.0144,25.68
288.446,0.0,0.0,30.0,-0.0288,-0.0144,25.68
288.497,0.0,0.0,30.0,-0.0288,-0.0144,25.68
288.548,0.0,0.0,30.0,-0.0288,-0.0144,25.68
288.598,0.0,0.0,30.0,-0.0288,-0.0144,25.68
288.65,0.0,0.0,30.0,-0.0288,-0.0144,25.68
288.7,0.0,0.0,30.0,-0.0288,-0.0144,25.68
288.751,0.0,0.0,30.0,-0.0288,-0.0144,25.68
288.802,0.0,0.0,30.0,-0.0288,-0.0144,25.68
288.853,0.0,0.0,30.0,-0.0288,-0.0144,25.68
288.903,0.0,0.0,30.0,-0.0288,-0.0144,25.68
288.954,0.0,0.0,30.0,-0.0288,-0.0144,25.68
289.004,0.0,0.0,30.0,-0.0288,-0.0144,25.68
289.055,0.0,0.0,30.0,-0.0288,-0.0144,25.68
289.106,0.0,0.0,30.0,-0.0288,-0.0144,25.68
289.157,0.0,0.0,30.0,-0.0288,-0.0144,25.68
289.208,0.0,0.0,70.0,-0.0288,-0.0144,25.68
289.258,0.0,0.0,70.0,-0.0293,-0.0142,26.45
289.309,0.0,0.0,70.0,-0.0295,-0.0141,27.55
289.36,0.0,0.0,70.0,-0.0294,-0.0145,33.97
289.411,0.0,0.0,70.0,-0.029,-0.0154,38.23
289.461,0.0,0.0,70.0,-0.0283,-0.0159,40.73
289.546,0.0,0.0,70.0,-0.0278,-0.0172,47.87
289.597,0.0,0.0,70.0,-0.0267,-0.0176,50.59
289.649,0.0,0.0,70.0,-0.0257,-0.0177,55.22
289.699,0.0,0.0,70.0,-0.0232,-0.0169,58.08
289.75,0.0,0.0,70.0,-0.0214,-0.0165,60.81
289.801,0.0,0.0,70.0,-0.0191,-0.0163,63.28
289.852,0.0,0.0,70.0,-0.0186,-0.016,63.82
289.902,0.0,0.0,70.0,-0.0177,-0.015,64.25
289.953,0.0,0.0,70.0,-0.0176,-0.0149,64.21
290.004,0.0,0.0,70.0,-0.0176,-0.0147,64.19
290.054,0.0,0.0,70.0,-0.0176,-0.0147,64.19
290.105,0.0,0.0,70.0,-0.0177,-0.0148,64.2
290.155,0.0,0.0,70.0,-0.0177,-0.0148,64.2
290.206,0.0,0.0,70.0,-0.0177,-0.0148,64.2
290.257,0.0,0.0,70.0,-0.0177,-0.0148,64.2
290.307,0.0,0.0,70.0,-0.0177,-0.0148,64.2
290.358,0.0,0.0,70.0,-0.0177,-0.0148,64.2
290.408,0.0,0.0,70.0,-0.0177,-0.0148,64.2
290.459,0.0,0.0,70.0,-0.0177,-0.0148,64.2
290.51,0.0,0.0,70.0,-0.0177,-0.0148,64.2
290.56,0.0,0.0,70.0,-0.0176,-0.0147,64.19
290.611,0.0,0.0,70.0,-0.0176,-0.0147,64.19
290.661,0.0,0.0,70.0,-0.0176,-0.0147,64.19
290.712,0.0,0.0,70.0,-0.0176,-0.0147,64.19
290.763,0.0,0.0,70.0,-0.0176,-0.0147,64.19
290.814,0.0,0.0,70.0,-0.0176,-0.0147,64.19
290.865,0.0,0.0,70.0,-0.0176,-0.0147,64.19
290.915,0.0,0.0,70.0,-0.0177,-0.0147,64.19
290.965,0.0,0.0,70.0,-0.0177,-0.0147,64.19
291.016,0.0,0.0,70.0,-0.0177,-0.0147,64.19
291.067,0.0,0.0,70.0,-0.0177,-0.0147,64.19
291.118,0.0,0.0,70.0,-0.0177,-0.0147,64.2
291.168,0.0,0.0,70.0,-0.0177,-0.0147,64.2
291.219,0.0,0.0,70.0,-0.0177,-0.0147,64.2
291.27,0.0,0.0,70.0,-0.0177,-0.0147,64.2
291.32,0.0,0.0,70.0,-0.0177,-0.0147,64.2
291.371,0.0,0.0,70.0,-0.0177,-0.0147,64.2
291.423,0.0,0.0,70.0,-0.0177,-0.0147,64.2
291.473,0.0,0.0,70.0,-0.0177,-0.0147,64.2
291.524,0.0,0.0,70.0,-0.0178,-0.0147,64.21
291.575,0.0,0.0,70.0,-0.0178,-0.0147,64.21
291.626,0.0,0.0,70.0,-0.0177,-0.0147,64.2
291.677,0.0,0.0,70.0,-0.0177,-0.0147,64.2
291.728,0.0,0.0,70.0,-0.0177,-0.0147,64.2
291.778,0.0,0.0,70.0,-0.0177,-0.0147,64.2
291.829,0.0,0.0,70.0,-0.0177,-0.0147,64.2
291.879,0.0,0.0,70.0,-0.0177,-0.0147,64.2
291.93,0.0,0.0,70.0,-0.0177,-0.0147,64.2
291.981,0.0,0.0,70.0,-0.0177,-0.0147,64.2
292.031,0.0,0.0,70.0,-0.0177,-0.0147,64.2
292.083,0.0,0.0,70.0,-0.0177,-0.0147,64.2
292.134,0.0,0.0,70.0,-0.0177,-0.0147,64.2
292.184,0.0,0.0,70.0,-0.0177,-0.0147,64.2
292.235,0.0,0.0,70.0,-0.0177,-0.0147,64.2
292.286,0.0,0.0,70.0,-0.0177,-0.0147,64.2
292.338,0.0,0.0,70.0,-0.0177,-0.0147,64.2
292.389,0.0,0.0,70.0,-0.0177,-0.0147,64.2
292.44,0.0,0.0,70.0,-0.0177,-0.0147,64.2
292.49,0.0,0.0,70.0,-0.0177,-0.0147,64.2
292.541,0.0,0.0,70.0,-0.0177,-0.0147,64.2
292.592,0.0,0.0,70.0,-0.0177,-0.0147,64.2
292.643,0.0,0.0,70.0,-0.0177,-0.0147,64.2
292.693,0.0,0.0,70.0,-0.0177,-0.0147,64.2
292.744,0.0,0.0,70.0,-0.0177,-0.0147,64.2
292.795,0.0,0.0,70.0,-0.0177,-0.0147,64.2
292.846,0.0,0.0,70.0,-0.0177,-0.0147,64.2
292.896,0.0,0.0,70.0,-0.0177,-0.0147,64.2
292.947,0.0,0.0,70.0,-0.0177,-0.0147,64.2
292.997,0.0,0.0,70.0,-0.0177,-0.0147,64.2
293.048,0.0,0.0,70.0,-0.0177,-0.0147,64.2
293.098,0.0,0.0,70.0,-0.0177,-0.0147,64.2
293.149,0.0,0.0,70.0,-0.0177,-0.0147,64.2
293.2,0.0,0.0,70.0,-0.0177,-0.0147,64.2
293.251,0.0,0.0,70.0,-0.0177,-0.0147,64.2
293.301,0.0,0.0,70.0,-0.0177,-0.0147,64.2
293.352,0.0,0.0,70.0,-0.0177,-0.0147,64.2
293.402,0.0,0.0,70.0,-0.0177,-0.0147,64.2
293.453,0.0,0.0,70.0,-0.0177,-0.0147,64.2
293.504,0.0,0.0,70.0,-0.0177,-0.0147,64.2
293.554,0.0,0.0,70.0,-0.0177,-0.0147,64.2
293.634,0.0,0.0,70.0,-0.0177,-0.0147,64.2
293.685,0.0,0.0,70.0,-0.0177,-0.0147,64.2
293.735,0.0,0.0,70.0,-0.0177,-0.0147,64.2
293.787,0.0,0.0,70.0,-0.0177,-0.0147,64.2
293.838,0.0,0.0,70.0,-0.0177,-0.0147,64.2
293.888,0.0,0.0,70.0,-0.0177,-0.0147,64.2
293.94,0.0,0.0,70.0,-0.0177,-0.0147,64.2
293.991,0.0,0.0,70.0,-0.0177,-0.0147,64.2
294.042,0.0,0.0,70.0,-0.0177,-0.0147,64.2
294.092,0.0,0.0,70.0,-0.0177,-0.0147,64.2
294.143,0.0,0.0,70.0,-0.0177,-0.0147,64.2
294.194,0.0,0.0,70.0,-0.0177,-0.0147,64.2
294.244,0.0,0.0,70.0,-0.0177,-0.0147,64.2
294.295,0.0,0.0,70.0,-0.0177,-0.0147,64.2
294.346,0.0,0.0,70.0,-0.0177,-0.0147,64.2
294.397,0.0,0.0,70.0,-0.0177,-0.0147,64.2
294.448,0.0,0.0,70.0,-0.0177,-0.0147,64.2
294.499,0.0,0.0,70.0,-0.0177,-0.0147,64.2
294.549,0.0,0.0,70.0,-0.0177,-0.0147,64.2
294.6,0.0,0.0,70.0,-0.0177,-0.0147,64.19
294.65,0.0,0.0,70.0,-0.0177,-0.0147,64.19
294.701,0.0,0.0,70.0,-0.0177,-0.0147,64.19
294.752,0.0,0.0,70.0,-0.0177,-0.0147,64.19
294.802,0.0,0.0,70.0,-0.0177,-0.0147,64.19
294.853,0.0,0.0,70.0,-0.0177,-0.0147,64.2
294.904,0.0,0.0,70.0,-0.0177,-0.0147,64.2
294.955,0.0,0.0,70.0,-0.0177,-0.0147,64.2
295.007,0.0,0.0,70.0,-0.0177,-0.0147,64.2
295.058,0.0,0.0,70.0,-0.0177,-0.0147,64.2
295.109,0.0,0.0,70.0,-0.0177,-0.0147,64.2
295.159,0.0,0.0,70.0,-0.0177,-0.0147,64.2
295.21,0.0,0.0,70.0,-0.0177,-0.0147,64.2
295.26,0.0,0.0,70.0,-0.0177,-0.0147,64.2
295.311,0.0,0.0,70.0,-0.0177,-0.0147,64.2
295.362,0.0,0.0,70.0,-0.0177,-0.0147,64.2
295.412,0.0,0.0,70.0,-0.0177,-0.0147,64.2
295.463,0.0,0.0,70.0,-0.0177,-0.0147,64.2
295.514,0.0,0.0,70.0,-0.0177,-0.0147,64.2
295.565,0.0,0.0,70.0,-0.0177,-0.0147,64.2
295.615,0.0,0.0,70.0,-0.0177,-0.0147,64.2
295.666,0.0,0.0,70.0,-0.0177,-0.0147,64.2
295.716,0.0,0.0,70.0,-0.0177,-0.0147,64.2
295.767,0.0,0.0,70.0,-0.0177,-0.0147,64.2
295.818,0.0,0.0,70.0,-0.0177,-0.0147,64.2
295.869,0.0,0.0,70.0,-0.0177,-0.0147,64.2
295.919,0.0,0.0,70.0,-0.0177,-0.0147,64.2
295.97,0.0,0.0,70.0,-0.0177,-0.0147,64.2
296.021,0.0,0.0,70.0,-0.0177,-0.0147,64.2
296.072,0.0,0.0,70.0,-0.0177,-0.0147,64.2
296.123,0.0,0.0,70.0,-0.0177,-0.0147,64.2
296.174,0.0,0.0,70.0,-0.0177,-0.0147,64.2
296.224,0.0,0.0,70.0,-0.0177,-0.0147,64.2
296.276,0.0,0.0,70.0,-0.0177,-0.0147,64.2
296.361,0.0,0.0,70.0,-0.0177,-0.0147,64.2
296.411,0.0,0.0,70.0,-0.0177,-0.0147,64.2
296.462,0.0,0.0,70.0,-0.0177,-0.0147,64.2
296.513,0.0,0.0,70.0,-0.0177,-0.0147,64.2
296.563,0.0,0.0,70.0,-0.0177,-0.0147,64.2
296.614,0.0,0.0,70.0,-0.0177,-0.0147,64.2
296.666,0.0,0.0,70.0,-0.0177,-0.0147,64.2
296.717,0.0,0.0,70.0,-0.0177,-0.0147,64.2
296.767,0.0,0.0,70.0,-0.0177,-0.0147,64.2
296.818,0.0,0.0,70.0,-0.0177,-0.0147,64.2
296.869,0.0,0.0,70.0,-0.0177,-0.0147,64.2
296.92,0.0,0.0,70.0,-0.0177,-0.0147,64.2
296.971,0.0,0.0,70.0,-0.0178,-0.0147,64.21
297.022,0.0,0.0,70.0,-0.0178,-0.0147,64.21
297.073,0.0,0.0,70.0,-0.0177,-0.0147,64.2
297.123,0.0,0.0,70.0,-0.0177,-0.0147,64.2
297.174,0.0,0.0,70.0,-0.0177,-0.0147,64.2
297.225,0.0,0.0,70.0,-0.0177,-0.0147,64.2
297.276,0.0,0.0,70.0,-0.0177,-0.0147,64.2
297.327,0.0,0.0,70.0,-0.0177,-0.0147,64.2
297.377,0.0,0.0,70.0,-0.0178,-0.0147,64.21
297.428,0.0,0.0,70.0,-0.0178,-0.0147,64.21
297.479,0.0,0.0,70.0,-0.0177,-0.0147,64.2
297.53,0.0,0.0,70.0,-0.0177,-0.0147,64.2
297.581,0.0,0.0,70.0,-0.0177,-0.0147,64.2
297.632,0.0,0.0,70.0,-0.0177,-0.0147,64.2
297.683,0.0,0.0,70.0,-0.0177,-0.0147,64.2
297.734,0.0,0.0,70.0,-0.0177,-0.0147,64.2
297.785,0.0,0.0,70.0,-0.0177,-0.0147,64.2
297.836,0.0,0.0,70.0,-0.0177,-0.0147,64.2
297.887,0.0,0.0,70.0,-0.0177,-0.0147,64.2
297.938,0.0,0.0,70.0,-0.0177,-0.0147,64.2
297.988,0.0,0.0,70.0,-0.0177,-0.0147,64.2
298.04,0.0,0.0,70.0,-0.0177,-0.0147,64.2
298.09,0.0,0.0,70.0,-0.0177,-0.0147,64.2
298.142,0.0,0.0,70.0,-0.0177,-0.0147,64.2
298.193,0.0,0.0,70.0,-0.0177,-0.0147,64.2
298.243,0.0,0.0,70.0,-0.0177,-0.0147,64.2
298.293,0.0,0.0,70.0,-0.0177,-0.0147,64.2
298.344,0.0,0.0,70.0,-0.0178,-0.0147,64.21
298.395,0.0,0.0,70.0,-0.0178,-0.0147,64.21
298.445,0.0,0.0,70.0,-0.0178,-0.0147,64.21
298.496,0.0,0.0,70.0,-0.0178,-0.0147,64.21
298.547,0.0,0.0,70.0,-0.0178,-0.0147,64.21
298.598,0.0,0.0,70.0,-0.0178,-0.0147,64.21
298.648,0.0,0.0,70.0,-0.0178,-0.0147,64.21
298.7,0.0,0.0,70.0,-0.0178,-0.0147,64.21
298.751,0.0,0.0,70.0,-0.0178,-0.0147,64.21
298.801,0.0,0.0,70.0,-0.0178,-0.0148,64.21
298.852,0.0,0.0,70.0,-0.0178,-0.0148,64.21
298.903,0.0,0.0,70.0,-0.0178,-0.0148,64.21
298.953,0.0,0.0,70.0,-0.0178,-0.0148,64.21
299.004,0.0,0.0,70.0,-0.0178,-0.0148,64.21
299.089,0.0,0.0,70.0,-0.0178,-0.0148,64.21
299.139,0.0,0.0,70.0,-0.0178,-0.0148,64.21
299.19,0.0,0.0,70.0,-0.0178,-0.0148,64.21
299.241,0.0,0.0,70.0,-0.0178,-0.0147,64.21
299.292,0.0,0.0,70.0,-0.0178,-0.0147,64.21
299.343,0.0,0.0,70.0,-0.0178,-0.0147,64.21
299.393,0.0,0.0,70.0,-0.0178,-0.0147,64.21
299.444,0.0,0.0,70.0,-0.0178,-0.0147,64.21
299.494,0.0,0.0,70.0,-0.0178,-0.0147,64.21
299.545,0.0,0.0,70.0,-0.0178,-0.0147,64.21
299.595,0.0,0.0,70.0,-0.0178,-0.0147,64.21
299.646,0.0,0.0,70.0,-0.0178,-0.0148,64.21
299.696,0.0,0.0,70.0,-0.0178,-0.0148,64.21
299.747,0.0,0.0,70.0,-0.0178,-0.0148,64.21
299.798,0.0,0.0,70.0,-0.0178,-0.0148,64.21
299.849,0.0,0.0,70.0,-0.0178,-0.0148,64.21
299.9,0.0,0.0,70.0,-0.0178,-0.0148,64.21
299.95,0.0,0.0,70.0,-0.0178,-0.0148,64.21
300.001,0.0,0.0,70.0,-0.0178,-0.0148,64.21
300.052,0.0,0.0,70.0,-0.0178,-0.0148,64.21
300.103,0.0,0.0,70.0,-0.0178,-0.0148,64.21
300.153,0.0,0.0,70.0,-0.0178,-0.0148,64.21
300.204,0.0,0.0,70.0,-0.0178,-0.0148,64.21
300.255,0.0,0.0,70.0,-0.0178,-0.0148,64.21
300.305,0.0,0.0,70.0,-0.0178,-0.0148,64.21
300.356,0.0,0.0,70.0,-0.0178,-0.0148,64.22
300.406,0.0,0.0,70.0,-0.0178,-0.0148,64.22
300.457,0.0,0.0,70.0,-0.0178,-0.0148,64.21
300.508,0.0,0.0,70.0,-0.0178,-0.0148,64.21
300.558,0.0,0.0,70.0,-0.0178,-0.0148,64.21
300.609,0.0,0.0,70.0,-0.0178,-0.0148,64.21
300.66,0.0,0.0,70.0,-0.0178,-0.0148,64.22
300.71,0.0,0.0,70.0,-0.0178,-0.0148,64.22
300.761,0.0,0.0,70.0,-0.0178,-0.0148,64.22
300.812,0.0,0.0,70.0,-0.0178,-0.0148,64.22
300.862,0.0,0.0,70.0,-0.0178,-0.0148,64.22
300.913,0.0,0.0,70.0,-0.0178,-0.0148,64.22
300.964,0.0,0.0,70.0,-0.0178,-0.0148,64.22
301.015,0.0,0.0,70.0,-0.0178,-0.0148,64.22
301.065,0.0,0.0,70.0,-0.0178,-0.0148,64.22
301.116,0.0,0.0,70.0,-0.0178,-0.0148,64.22
301.167,0.0,0.0,70.0,-0.0178,-0.0148,64.22
301.218,0.0,0.0,70.0,-0.0178,-0.0148,64.22
301.268,0.0,0.0,70.0,-0.0179,-0.0148,64.23
301.319,0.0,0.0,70.0,-0.0179,-0.0148,64.23
301.369,0.0,0.0,70.0,-0.0179,-0.0148,64.23
301.419,0.0,0.0,70.0,-0.0179,-0.0148,64.23
301.47,0.0,0.0,70.0,-0.0179,-0.0148,64.23
301.52,0.0,0.0,70.0,-0.0179,-0.0148,64.23
301.571,0.0,0.0,70.0,-0.0179,-0.0148,64.23
301.622,0.0,0.0,70.0,-0.0179,-0.0148,64.23
301.673,0.0,0.0,70.0,-0.0179,-0.0148,64.23
301.724,0.0,0.0,70.0,-0.0179,-0.0148,64.23
301.775,0.0,0.0,70.0,-0.0179,-0.0148,64.23
301.826,0.0,0.0,70.0,-0.0179,-0.0148,64.23
301.876,0.0,0.0,70.0,-0.0179,-0.0148,64.23
301.927,0.0,0.0,70.0,-0.0179,-0.0148,64.23
301.978,0.0,0.0,70.0,-0.0179,-0.0148,64.23
302.029,0.0,0.0,70.0,-0.0179,-0.0148,64.23
302.08,0.0,0.0,70.0,-0.0179,-0.0148,64.23
302.13,0.0,0.0,70.0,-0.0179,-0.0148,64.23
302.181,0.0,0.0,70.0,-0.0179,-0.0148,64.23
302.232,0.0,0.0,70.0,-0.0179,-0.0148,64.23
302.283,0.0,0.0,70.0,-0.0179,-0.0148,64.23
302.333,0.0,0.0,70.0,-0.0179,-0.0148,64.23
302.384,0.0,0.0,70.0,-0.0179,-0.0148,64.23
302.435,0.0,0.0,70.0,-0.0179,-0.0148,64.23
302.486,0.0,0.0,70.0,-0.0179,-0.0148,64.23
302.537,0.0,0.0,70.0,-0.0179,-0.0148,64.23
302.588,0.0,0.0,70.0,-0.0179,-0.0148,64.23
302.639,0.0,0.0,70.0,-0.0179,-0.0148,64.23
302.69,0.0,0.0,70.0,-0.0179,-0.0148,64.23
302.741,0.0,0.0,70.0,-0.0179,-0.0148,64.23
302.791,0.0,0.0,70.0,-0.0179,-0.0148,64.23
302.843,0.0,0.0,180.0,-0.0179,-0.0148,64.23
302.895,0.0,0.0,180.0,-0.0179,-0.0148,64.23
302.945,0.0,0.0,180.0,-0.0179,-0.0148,64.23
302.995,0.0,0.0,180.0,-0.0193,-0.0157,69.29
303.046,0.0,0.0,180.0,-0.0193,-0.0157,69.29
303.097,0.0,0.0,180.0,-0.018,-0.0171,76.53
303.177,0.0,0.0,180.0,-0.018,-0.0171,76.53
303.228,0.0,0.0,180.0,-0.0151,-0.0192,88.87
303.279,0.0,0.0,180.0,-0.0151,-0.0192,88.87
303.329,0.0,0.0,180.0,-0.0132,-0.0215,98.64
303.38,0.0,0.0,180.0,-0.0114,-0.0226,104.76
303.431,0.0,0.0,180.0,-0.0099,-0.0234,112.16
303.482,0.0,0.0,180.0,-0.0093,-0.0231,113.16
303.533,0.0,0.0,180.0,-0.0073,-0.0241,119.68
303.583,0.0,0.0,180.0,-0.0058,-0.0261,125.71
303.633,0.0,0.0,180.0,-0.0046,-0.0255,128.48
303.684,0.0,0.0,180.0,-0.0046,-0.0255,128.48
303.735,0.0,0.0,180.0,-0.0007,-0.0265,140.96
303.785,0.0,0.0,180.0,-0.0007,-0.0265,140.96
303.836,0.0,0.0,180.0,0.0023,-0.0274,150.45
303.887,0.0,0.0,180.0,0.0037,-0.0287,155.82
303.937,0.0,0.0,180.0,0.0045,-0.0285,158.88
303.987,0.0,0.0,180.0,0.0045,-0.0285,158.88
304.038,0.0,0.0,180.0,0.0065,-0.0299,167.14
304.088,0.0,0.0,180.0,0.007,-0.0305,168.2
304.139,0.0,0.0,180.0,0.0087,-0.0313,173.09
304.19,0.0,0.0,180.0,0.0087,-0.0313,173.09
304.241,0.0,0.0,180.0,0.0092,-0.0261,175.75
304.292,0.0,0.0,180.0,0.009,-0.0236,176.02
304.343,0.0,0.0,180.0,0.009,-0.0211,176.05
304.394,0.0,0.0,180.0,0.009,-0.0211,176.05
304.445,0.0,0.0,180.0,0.0091,-0.0221,176.09
304.496,0.0,0.0,180.0,0.0091,-0.0222,176.08
304.547,0.0,0.0,180.0,0.0091,-0.0222,176.08
304.597,0.0,0.0,180.0,0.0091,-0.0222,176.08
304.648,0.0,0.0,180.0,0.0091,-0.0222,176.08
304.699,0.0,0.0,180.0,0.0091,-0.0222,176.08
304.75,0.0,0.0,180.0,0.0091,-0.0222,176.08
304.8,0.0,0.0,180.0,0.0091,-0.0222,176.08
304.851,0.0,0.0,180.0,0.0091,-0.0222,176.08
304.901,0.0,0.0,180.0,0.0091,-0.0222,176.08
304.952,0.0,0.0,180.0,0.0091,-0.0222,176.08
305.003,0.0,0.0,180.0,0.0091,-0.0222,176.08
305.053,0.0,0.0,180.0,0.0091,-0.0222,176.08
305.104,0.0,0.0,180.0,0.0091,-0.0222,176.08
305.155,0.0,0.0,180.0,0.0091,-0.0222,176.08
305.205,0.0,0.0,180.0,0.0091,-0.0222,176.08
305.256,0.0,0.0,180.0,0.0091,-0.0222,176.08
305.306,0.0,0.0,180.0,0.0091,-0.0222,176.08
305.357,0.0,0.0,180.0,0.0091,-0.0222,176.08
305.407,0.0,0.0,180.0,0.0091,-0.0222,176.08
305.458,0.0,0.0,180.0,0.0091,-0.0222,176.08
305.508,0.0,0.0,180.0,0.0091,-0.0222,176.08
305.559,0.0,0.0,180.0,0.0091,-0.0222,176.08
305.61,0.0,0.0,180.0,0.0091,-0.0222,176.08
305.66,0.0,0.0,180.0,0.0091,-0.0222,176.08
305.711,0.0,0.0,180.0,0.0091,-0.0222,176.08
305.761,0.0,0.0,180.0,0.0091,-0.0222,176.08
305.812,0.0,0.0,180.0,0.0091,-0.0222,176.08
305.863,0.0,0.0,180.0,0.0091,-0.0222,176.08
305.913,0.0,0.0,180.0,0.0091,-0.0222,176.08
305.964,0.0,0.0,180.0,0.0091,-0.0222,176.07
306.015,0.0,0.0,180.0,0.0091,-0.0222,176.07
306.066,0.0,0.0,180.0,0.0091,-0.0222,176.08
306.117,0.0,0.0,180.0,0.0091,-0.0222,176.08
306.168,0.0,0.0,180.0,0.0091,-0.0222,176.07
306.219,0.0,0.0,180.0,0.0091,-0.0222,176.08
306.27,0.0,0.0,180.0,0.0091,-0.0222,176.07
306.321,0.0,0.0,180.0,0.0091,-0.0222,176.07
306.371,0.0,0.0,180.0,0.0091,-0.0222,176.07
306.422,0.0,0.0,180.0,0.0091,-0.0222,176.08
306.472,0.0,0.0,180.0,0.0091,-0.0222,176.08
306.523,0.0,0.0,180.0,0.0091,-0.0222,176.07
306.574,0.0,0.0,180.0,0.0091,-0.0222,176.08
306.625,0.0,0.0,180.0,0.0091,-0.0222,176.08
306.676,0.0,0.0,180.0,0.0091,-0.0222,176.08
306.726,0.0,0.0,180.0,0.0091,-0.0222,176.07
306.777,0.0,0.0,180.0,0.0091,-0.0222,176.07
306.828,0.0,0.0,180.0,0.0091,-0.0222,176.07
306.879,0.0,0.0,180.0,0.0091,-0.0222,176.07
306.929,0.0,0.0,180.0,0.0091,-0.0222,176.07
306.98,0.0,0.0,180.0,0.0091,-0.0222,176.07
307.031,0.0,0.0,180.0,0.0091,-0.0222,176.07
307.081,0.0,0.0,180.0,0.0091,-0.0222,176.07
307.131,0.0,0.0,180.0,0.0091,-0.0222,176.07
307.182,0.0,0.0,180.0,0.0091,-0.0222,176.07
307.233,0.0,0.0,180.0,0.0091,-0.0222,176.07
307.283,0.0,0.0,180.0,0.0091,-0.0222,176.07
307.334,0.0,0.0,180.0,0.0091,-0.0222,176.07
307.386,0.0,0.0,180.0,0.0091,-0.0222,176.07
307.436,0.0,0.0,180.0,0.0091,-0.0222,176.07
307.487,0.0,0.0,180.0,0.0091,-0.0222,176.07
307.538,0.0,0.0,180.0,0.0091,-0.0222,176.08
307.588,0.0,0.0,180.0,0.0091,-0.0222,176.08
307.639,0.0,0.0,180.0,0.0091,-0.0222,176.08
307.689,0.0,0.0,180.0,0.0091,-0.0222,176.08
307.74,0.0,0.0,180.0,0.0091,-0.0222,176.08
307.791,0.0,0.0,180.0,0.0091,-0.0222,176.08
307.841,0.0,0.0,180.0,0.0091,-0.0222,176.08
307.892,0.0,0.0,180.0,0.0091,-0.0222,176.08
307.943,0.0,0.0,180.0,0.0091,-0.0222,176.08
307.994,0.0,0.0,180.0,0.0091,-0.0222,176.08
308.045,0.0,0.0,180.0,0.0091,-0.0222,176.08
308.095,0.0,0.0,180.0,0.0091,-0.0222,176.08
308.146,0.0,0.0,180.0,0.0091,-0.0222,176.08
308.197,0.0,0.0,180.0,0.0091,-0.0222,176.08
308.247,0.0,0.0,180.0,0.0091,-0.0222,176.09
308.297,0.0,0.0,180.0,0.0091,-0.0222,176.09
308.348,0.0,0.0,180.0,0.0091,-0.0222,176.09
308.399,0.0,0.0,180.0,0.0091,-0.0222,176.09
308.449,0.0,0.0,180.0,0.0091,-0.0222,176.09
308.5,0.0,0.0,180.0,0.0091,-0.0222,176.09
308.55,0.0,0.0,180.0,0.0091,-0.0222,176.09
308.636,0.0,0.0,180.0,0.0091,-0.0222,176.09
308.686,0.0,0.0,180.0,0.0091,-0.0222,176.09
308.737,0.0,0.0,180.0,0.0091,-0.0222,176.09
308.787,0.0,0.0,180.0,0.0091,-0.0222,176.08
308.838,0.0,0.0,180.0,0.0091,-0.0222,176.08
308.889,0.0,0.0,180.0,0.0091,-0.0222,176.08
308.939,0.0,0.0,180.0,0.0091,-0.0222,176.08
308.989,0.0,0.0,180.0,0.0091,-0.0222,176.08
309.04,0.0,0.0,180.0,0.0091,-0.0222,176.08
309.09,0.0,0.0,180.0,0.0091,-0.0222,176.08
309.141,0.0,0.0,180.0,0.0091,-0.0222,176.08
309.192,0.0,0.0,180.0,0.0091,-0.0222,176.08
309.242,0.0,0.0,180.0,0.0091,-0.0222,176.08
309.292,0.0,0.0,180.0,0.0091,-0.0222,176.08
309.343,0.0,0.0,180.0,0.0091,-0.0222,176.08
309.394,0.0,0.0,180.0,0.0091,-0.0222,176.08
309.445,0.0,0.0,180.0,0.0091,-0.0222,176.08
309.495,0.0,0.0,180.0,0.0091,-0.0222,176.08
309.546,0.0,0.0,180.0,0.0091,-0.0222,176.08
309.597,0.0,0.0,180.0,0.0091,-0.0222,176.08
309.648,0.0,0.0,180.0,0.0091,-0.0222,176.08
309.699,0.0,0.0,180.0,0.0091,-0.0222,176.08
309.75,0.0,0.0,180.0,0.0091,-0.0222,176.09
309.8,0.0,0.0,180.0,0.0091,-0.0222,176.08
309.852,0.0,0.0,180.0,0.0091,-0.0222,176.09
309.902,0.0,0.0,180.0,0.0091,-0.0222,176.09
309.953,0.0,0.0,180.0,0.0091,-0.0222,176.09
310.004,0.0,0.0,180.0,0.0091,-0.0222,176.09
310.055,0.0,0.0,180.0,0.0091,-0.0222,176.09
310.106,0.0,0.0,180.0,0.0091,-0.0222,176.09
310.158,0.0,0.0,180.0,0.0091,-0.0222,176.09
310.208,0.0,0.0,180.0,0.0091,-0.0222,176.09
310.259,0.0,0.0,180.0,0.0091,-0.0222,176.09
310.309,0.0,0.0,180.0,0.0091,-0.0222,176.09
310.36,0.0,0.0,180.0,0.0091,-0.0222,176.09
310.411,0.0,0.0,180.0,0.0091,-0.0222,176.09
310.462,0.0,0.0,180.0,0.0091,-0.0222,176.09
310.512,0.0,0.0,180.0,0.0091,-0.0222,176.09
310.563,0.0,0.0,180.0,0.0091,-0.0222,176.09
310.614,0.0,0.0,180.0,0.0091,-0.0222,176.09
310.664,0.0,0.0,180.0,0.0091,-0.0222,176.09
310.716,0.0,0.0,180.0,0.0091,-0.0222,176.09
310.767,0.0,0.0,180.0,0.0091,-0.0222,176.09
310.818,0.0,0.0,180.0,0.0091,-0.0222,176.09
310.868,0.0,0.0,180.0,0.0091,-0.0222,176.09
310.919,0.0,0.0,180.0,0.0091,-0.0222,176.09
310.97,0.0,0.0,180.0,0.0091,-0.0222,176.09
311.02,0.0,0.0,180.0,0.0091,-0.0222,176.09
311.071,0.0,0.0,180.0,0.0091,-0.0222,176.09
311.122,0.0,0.0,180.0,0.0091,-0.0222,176.09
311.173,0.0,0.0,180.0,0.0091,-0.0222,176.09
311.224,0.0,0.0,180.0,0.0091,-0.0222,176.09
311.274,0.0,0.0,180.0,0.0091,-0.0222,176.09
311.325,0.0,0.0,180.0,0.0091,-0.0222,176.09
311.376,0.0,0.0,180.0,0.0091,-0.0222,176.09
311.427,0.0,0.0,180.0,0.0092,-0.0223,176.09
311.478,0.0,0.0,180.0,0.0092,-0.0223,176.09
311.528,0.0,0.0,180.0,0.0092,-0.0223,176.09
311.579,0.0,0.0,180.0,0.0092,-0.0223,176.09
311.63,0.0,0.0,180.0,0.0092,-0.0223,176.09
311.68,0.0,0.0,180.0,0.0092,-0.0223,176.09
311.731,0.0,0.0,180.0,0.0092,-0.0223,176.09
311.781,0.0,0.0,180.0,0.0092,-0.0223,176.09
311.832,0.0,0.0,180.0,0.0092,-0.0223,176.1
311.883,0.0,0.0,180.0,0.0092,-0.0223,176.1
311.935,0.0,0.0,180.0,0.0092,-0.0223,176.09
311.986,0.0,0.0,180.0,0.0092,-0.0223,176.09
312.037,0.0,0.0,180.0,0.0092,-0.0223,176.09
312.087,0.0,0.0,180.0,0.0092,-0.0223,176.09
312.138,0.0,0.0,180.0,0.0092,-0.0223,176.09
312.189,0.0,0.0,180.0,0.0092,-0.0223,176.09
312.24,0.0,0.0,180.0,0.0091,-0.0222,176.09
312.291,0.0,0.0,180.0,0.0091,-0.0222,176.09
312.342,0.0,0.0,180.0,0.0092,-0.0223,176.1
312.392,0.0,0.0,180.0,0.0092,-0.0223,176.1
312.443,0.0,0.0,180.0,0.0092,-0.0223,176.1
312.494,0.0,0.0,180.0,0.0092,-0.0223,176.1
312.544,0.0,0.0,180.0,0.0092,-0.0223,176.1
312.595,0.0,0.0,180.0,0.0092,-0.0223,176.1
312.646,0.0,0.0,180.0,0.0092,-0.0223,176.1
312.72,0.0,0.0,180.0,0.0092,-0.0223,176.1
312.772,0.0,0.0,180.0,0.0092,-0.0223,176.1
312.823,0.0,0.0,180.0,0.0092,-0.0223,176.1
312.874,0.0,0.0,180.0,0.0092,-0.0223,176.1
312.924,0.0,0.0,180.0,0.0092,-0.0223,176.1
312.976,0.0,0.0,180.0,0.0092,-0.0223,176.1
313.027,0.0,0.0,180.0,0.0092,-0.0223,176.1
313.078,0.0,0.0,180.0,0.0092,-0.0223,176.1
313.128,0.0,0.0,180.0,0.0092,-0.0223,176.1
313.179,0.0,0.0,180.0,0.0092,-0.0223,176.1
313.23,0.0,0.0,180.0,0.0092,-0.0223,176.1
313.28,0.0,0.0,180.0,0.0092,-0.0223,176.1
313.331,0.0,0.0,180.0,0.0092,-0.0223,176.1
313.381,0.0,0.0,180.0,0.0092,-0.0223,176.1
313.432,0.0,0.0,180.0,0.0092,-0.0223,176.1
313.482,0.0,0.0,180.0,0.0092,-0.0223,176.1
313.533,0.0,0.0,180.0,0.0092,-0.0223,176.1
313.584,0.0,0.0,180.0,0.0092,-0.0223,176.1
313.635,0.0,0.0,180.0,0.0092,-0.0223,176.1
313.685,0.0,0.0,180.0,0.0092,-0.0223,176.1
313.736,0.0,0.0,180.0,0.0092,-0.0223,176.1
313.787,0.0,0.0,180.0,0.0092,-0.0223,176.1
313.837,0.0,0.0,180.0,0.0092,-0.0223,176.1
313.888,0.0,0.0,180.0,0.0092,-0.0223,176.1
313.939,0.0,0.0,180.0,0.0092,-0.0223,176.1
313.989,0.0,0.0,180.0,0.0092,-0.0223,176.1
314.04,0.0,0.0,180.0,0.0092,-0.0223,176.1
314.093,0.0,0.0,180.0,0.0092,-0.0223,176.1
314.144,0.0,0.0,180.0,0.0092,-0.0223,176.1
314.194,0.0,0.0,180.0,0.0092,-0.0223,176.1
314.246,0.0,0.0,180.0,0.0092,-0.0223,176.1
314.296,0.0,0.0,180.0,0.0092,-0.0223,176.1
314.347,0.0,0.0,180.0,0.0092,-0.0223,176.1
314.397,0.0,0.0,180.0,0.0092,-0.0223,176.1
314.448,0.0,0.0,180.0,0.0092,-0.0223,176.1
314.499,0.0,0.0,180.0,0.0092,-0.0223,176.1
314.55,0.0,0.0,180.0,0.0092,-0.0223,176.1
314.6,0.0,0.0,180.0,0.0092,-0.0223,176.1
314.651,0.0,0.0,180.0,0.0092,-0.0223,176.1
314.702,0.0,0.0,180.0,0.0092,-0.0223,176.1
314.753,0.0,0.0,180.0,0.0092,-0.0223,176.1
314.803,0.0,0.0,180.0,0.0092,-0.0223,176.1
314.854,0.0,0.0,180.0,0.0092,-0.0223,176.1
314.905,0.0,0.0,180.0,0.0092,-0.0223,176.1
314.956,0.0,0.0,180.0,0.0092,-0.0223,176.1
315.006,0.0,0.0,180.0,0.0092,-0.0223,176.1
315.057,0.0,0.0,180.0,0.0092,-0.0223,176.1
315.108,0.0,0.0,180.0,0.0092,-0.0223,176.1
315.158,0.0,0.0,180.0,0.0092,-0.0223,176.1
315.209,0.0,0.0,180.0,0.0092,-0.0223,176.1
315.26,0.0,0.0,180.0,0.0092,-0.0223,176.1
315.31,0.0,0.0,180.0,0.0092,-0.0223,176.1
315.361,0.0,0.0,20.0,0.0092,-0.0223,176.1
315.451,0.0,0.0,20.0,0.0087,-0.0221,175.56
315.501,0.0,0.0,20.0,0.0087,-0.0224,169.16
315.552,0.0,0.0,20.0,0.0088,-0.0226,167.16
315.603,0.0,0.0,20.0,0.008,-0.0235,159.1
315.653,0.0,0.0,20.0,0.008,-0.0235,159.1
315.704,0.0,0.0,20.0,0.0074,-0.027,149.27
315.754,0.0,0.0,20.0,0.0069,-0.0271,146.79
315.805,0.0,0.0,20.0,0.0055,-0.0286,139.32
315.856,0.0,0.0,20.0,0.0055,-0.0286,139.32
315.906,0.0,0.0,20.0,0.0038,-0.0314,129.3
315.957,0.0,0.0,20.0,0.0033,-0.0319,127.16
316.007,0.0,0.0,20.0,0.0017,-0.033,118.93
316.058,0.0,0.0,20.0,0.0017,-0.033,118.93
316.108,0.0,0.0,20.0,0.0017,-0.033,118.93
316.158,0.0,0.0,20.0,0.0017,-0.033,118.93
316.21,0.0,0.0,20.0,-0.0031,-0.0347,98.56
316.26,0.0,0.0,20.0,-0.0036,-0.0351,96.18
316.31,0.0,0.0,20.0,-0.0054,-0.0347,87.54
316.361,0.0,0.0,20.0,-0.0054,-0.0347,87.54
316.411,0.0,0.0,20.0,-0.0072,-0.0339,77.41
316.462,0.0,0.0,20.0,-0.008,-0.0331,73.76
316.513,0.0,0.0,20.0,-0.0084,-0.0326,70.1
316.563,0.0,0.0,20.0,-0.01,-0.0316,63.18
316.614,0.0,0.0,20.0,-0.0119,-0.0311,56.66
316.664,0.0,0.0,20.0,-0.012,-0.0308,54.69
316.715,0.0,0.0,20.0,-0.0134,-0.0304,48.15
316.765,0.0,0.0,20.0,-0.0134,-0.0304,48.15
316.82,0.0,0.0,20.0,-0.0141,-0.0305,38.74
316.871,0.0,0.0,20.0,-0.0144,-0.0302,36.17
316.923,0.0,0.0,20.0,-0.0156,-0.0303,31.25
316.974,0.0,0.0,20.0,-0.0156,-0.0303,31.25
317.025,0.0,0.0,20.0,-0.016,-0.0303,26.21
317.076,0.0,0.0,20.0,-0.0133,-0.0293,24.71
317.126,0.0,0.0,20.0,-0.0071,-0.0262,23.92
317.177,0.0,0.0,20.0,-0.0071,-0.0262,23.92
317.228,0.0,0.0,20.0,-0.0033,-0.0239,23.66
317.279,0.0,0.0,20.0,-0.0033,-0.0239,23.66
317.33,0.0,0.0,20.0,-0.0033,-0.0236,23.67
317.38,0.0,0.0,20.0,-0.0033,-0.0236,23.67
317.432,0.0,0.0,20.0,-0.0033,-0.0236,23.66
317.482,0.0,0.0,20.0,-0.0033,-0.0236,23.66
317.533,0.0,0.0,20.0,-0.0033,-0.0236,23.66
317.583,0.0,0.0,20.0,-0.0033,-0.0236,23.66
317.634,0.0,0.0,20.0,-0.0033,-0.0236,23.66
317.685,0.0,0.0,20.0,-0.0033,-0.0236,23.66
317.736,0.0,0.0,20.0,-0.0033,-0.0236,23.66
317.786,0.0,0.0,20.0,-0.0033,-0.0236,23.66
317.837,0.0,0.0,20.0,-0.0033,-0.0236,23.66
317.888,0.0,0.0,20.0,-0.0033,-0.0236,23.66
317.939,0.0,0.0,20.0,-0.0033,-0.0236,23.66
317.99,0.0,0.0,20.0,-0.0033,-0.0236,23.66
318.04,0.0,0.0,20.0,-0.0033,-0.0236,23.66
318.091,0.0,0.0,20.0,-0.0033,-0.0236,23.66
318.141,0.0,0.0,20.0,-0.0033,-0.0236,23.66
318.192,0.0,0.0,20.0,-0.0033,-0.0236,23.66
318.242,0.0,0.0,20.0,-0.0033,-0.0236,23.66
318.293,0.0,0.0,20.0,-0.0033,-0.0236,23.66
318.345,0.0,0.0,20.0,-0.0033,-0.0236,23.66
318.396,0.0,0.0,20.0,-0.0033,-0.0236,23.66
318.447,0.0,0.0,20.0,-0.0033,-0.0236,23.66
318.498,0.0,0.0,20.0,-0.0033,-0.0236,23.65
318.549,0.0,0.0,20.0,-0.0033,-0.0236,23.65
318.603,0.0,0.0,20.0,-0.0033,-0.0236,23.66
318.654,0.0,0.0,20.0,-0.0033,-0.0236,23.66
318.705,0.0,0.0,20.0,-0.0033,-0.0236,23.66
318.755,0.0,0.0,20.0,-0.0033,-0.0236,23.66
318.806,0.0,0.0,20.0,-0.0033,-0.0236,23.66
318.857,0.0,0.0,20.0,-0.0033,-0.0236,23.66
318.907,0.0,0.0,20.0,-0.0033,-0.0236,23.66
318.963,0.0,0.0,20.0,-0.0033,-0.0236,23.66
319.015,0.0,0.0,20.0,-0.0033,-0.0236,23.66
319.066,0.0,0.0,20.0,-0.0033,-0.0236,23.66
319.117,0.0,0.0,20.0,-0.0033,-0.0236,23.66
319.167,0.0,0.0,20.0,-0.0033,-0.0236,23.66
319.218,0.0,0.0,20.0,-0.0033,-0.0236,23.66
319.268,0.0,0.0,20.0,-0.0033,-0.0236,23.66
319.319,0.0,0.0,20.0,-0.0033,-0.0236,23.66
319.37,0.0,0.0,20.0,-0.0033,-0.0236,23.66
319.421,0.0,0.0,20.0,-0.0033,-0.0236,23.66
319.471,0.0,0.0,20.0,-0.0033,-0.0236,23.66
319.521,0.0,0.0,20.0,-0.0033,-0.0236,23.66
319.572,0.0,0.0,20.0,-0.0033,-0.0236,23.66
319.622,0.0,0.0,20.0,-0.0033,-0.0236,23.66
319.673,0.0,0.0,20.0,-0.0033,-0.0236,23.66
319.723,0.0,0.0,20.0,-0.0033,-0.0236,23.66
319.774,0.0,0.0,20.0,-0.0033,-0.0236,23.66
319.825,0.0,0.0,20.0,-0.0033,-0.0236,23.66
319.877,0.0,0.0,20.0,-0.0033,-0.0236,23.66
319.928,0.0,0.0,20.0,-0.0033,-0.0236,23.66
319.979,0.0,0.0,20.0,-0.0033,-0.0236,23.66
320.03,0.0,0.0,20.0,-0.0033,-0.0236,23.66
320.082,0.0,0.0,20.0,-0.0033,-0.0236,23.66
320.132,0.0,0.0,20.0,-0.0033,-0.0236,23.66
320.183,0.0,0.0,20.0,-0.0033,-0.0236,23.66
320.234,0.0,0.0,20.0,-0.0033,-0.0236,23.66
320.284,0.0,0.0,20.0,-0.0033,-0.0236,23.66
320.335,0.0,0.0,20.0,-0.0033,-0.0236,23.66
320.386,0.0,0.0,20.0,-0.0033,-0.0236,23.66
320.437,0.0,0.0,20.0,-0.0034,-0.0236,23.67
320.488,0.0,0.0,20.0,-0.0034,-0.0236,23.67
320.539,0.0,0.0,20.0,-0.0034,-0.0236,23.67
320.59,0.0,0.0,20.0,-0.0034,-0.0236,23.67
320.641,0.0,0.0,20.0,-0.0034,-0.0236,23.67
320.692,0.0,0.0,20.0,-0.0034,-0.0236,23.67
320.744,0.0,0.0,20.0,-0.0034,-0.0236,23.67
320.794,0.0,0.0,20.0,-0.0034,-0.0236,23.67
320.845,0.0,0.0,20.0,-0.0034,-0.0236,23.67
320.906,0.0,0.0,20.0,-0.0034,-0.0236,23.67
320.956,0.0,0.0,20.0,-0.0034,-0.0236,23.67
321.007,0.0,0.0,20.0,-0.0034,-0.0236,23.67
321.058,0.0,0.0,20.0,-0.0034,-0.0236,23.67
321.109,0.0,0.0,20.0,-0.0034,-0.0236,23.67
321.16,0.0,0.0,20.0,-0.0034,-0.0236,23.67
321.211,0.0,0.0,20.0,-0.0034,-0.0236,23.67
321.264,0.0,0.0,20.0,-0.0034,-0.0236,23.67
321.315,0.0,0.0,20.0,-0.0034,-0.0236,23.67
321.366,0.0,0.0,20.0,-0.0034,-0.0236,23.67
321.417,0.0,0.0,20.0,-0.0034,-0.0236,23.67
321.468,0.0,0.0,20.0,-0.0034,-0.0236,23.68
321.519,0.0,0.0,20.0,-0.0034,-0.0236,23.68
321.569,0.0,0.0,20.0,-0.0034,-0.0236,23.68
321.62,0.0,0.0,20.0,-0.0034,-0.0236,23.68
321.671,0.0,0.0,20.0,-0.0034,-0.0236,23.68
321.721,0.0,0.0,20.0,-0.0034,-0.0236,23.68
321.772,0.0,0.0,20.0,-0.0034,-0.0236,23.68
321.823,0.0,0.0,20.0,-0.0034,-0.0236,23.68
321.874,0.0,0.0,20.0,-0.0034,-0.0236,23.68
321.924,0.0,0.0,20.0,-0.0034,-0.0236,23.68
321.975,0.0,0.0,20.0,-0.0034,-0.0236,23.68
322.026,0.0,0.0,20.0,-0.0034,-0.0236,23.68
322.076,0.0,0.0,20.0,-0.0034,-0.0236,23.68
322.127,0.0,0.0,20.0,-0.0034,-0.0236,23.68
322.178,0.0,0.0,20.0,-0.0034,-0.0236,23.68
322.266,0.0,0.0,20.0,-0.0034,-0.0236,23.68
322.316,0.0,0.0,20.0,-0.0034,-0.0236,23.68
322.367,0.0,0.0,20.0,-0.0035,-0.0236,23.69
322.418,0.0,0.0,20.0,-0.0035,-0.0236,23.69
322.468,0.0,0.0,20.0,-0.0035,-0.0236,23.69
322.519,0.0,0.0,20.0,-0.0035,-0.0236,23.69
322.57,0.0,0.0,20.0,-0.0035,-0.0236,23.69
322.62,0.0,0.0,20.0,-0.0035,-0.0236,23.69
322.671,0.0,0.0,20.0,-0.0035,-0.0236,23.69
322.721,0.0,0.0,20.0,-0.0035,-0.0236,23.69
322.772,0.0,0.0,20.0,-0.0035,-0.0236,23.69
322.822,0.0,0.0,20.0,-0.0035,-0.0236,23.69
322.873,0.0,0.0,20.0,-0.0035,-0.0236,23.69
322.923,0.0,0.0,20.0,-0.0035,-0.0236,23.69
322.974,0.0,0.0,20.0,-0.0035,-0.0236,23.69
323.025,0.0,0.0,20.0,-0.0035,-0.0236,23.69
323.076,0.0,0.0,20.0,-0.0035,-0.0236,23.69
323.126,0.0,0.0,20.0,-0.0035,-0.0236,23.69
323.177,0.0,0.0,20.0,-0.0035,-0.0236,23.69
323.228,0.0,0.0,20.0,-0.0035,-0.0236,23.69
323.279,0.0,0.0,20.0,-0.0035,-0.0236,23.69
323.329,0.0,0.0,20.0,-0.0035,-0.0236,23.69
323.38,0.0,0.0,20.0,-0.0035,-0.0236,23.69
323.431,0.0,0.0,20.0,-0.0035,-0.0236,23.69
323.482,0.0,0.0,20.0,-0.0035,-0.0236,23.69
323.533,0.0,0.0,20.0,-0.0035,-0.0236,23.69
323.584,0.0,0.0,20.0,-0.0035,-0.0236,23.69
323.635,0.0,0.0,20.0,-0.0035,-0.0236,23.69
323.686,0.0,0.0,20.0,-0.0035,-0.0236,23.69
323.736,0.0,0.0,20.0,-0.0035,-0.0236,23.69
323.787,0.0,0.0,20.0,-0.0035,-0.0236,23.69
323.838,0.0,0.0,20.0,-0.0035,-0.0236,23.69
323.888,0.0,0.0,20.0,-0.0035,-0.0236,23.69
323.939,0.0,0.0,20.0,-0.0035,-0.0236,23.69
323.99,0.0,0.0,20.0,-0.0035,-0.0236,23.69
324.04,0.0,0.0,20.0,-0.0035,-0.0236,23.69
324.091,0.0,0.0,20.0,-0.0035,-0.0236,23.69
324.142,0.0,0.0,20.0,-0.0035,-0.0236,23.69
324.192,0.0,0.0,20.0,-0.0035,-0.0236,23.69
324.243,0.0,0.0,20.0,-0.0035,-0.0236,23.69
324.293,0.0,0.0,20.0,-0.0035,-0.0236,23.69
324.344,0.0,0.0,20.0,-0.0035,-0.0236,23.69
324.395,0.0,0.0,20.0,-0.0035,-0.0236,23.69
324.445,0.0,0.0,20.0,-0.0035,-0.0236,23.69
324.496,0.0,0.0,20.0,-0.0035,-0.0236,23.69
324.547,0.0,0.0,20.0,-0.0035,-0.0236,23.7
324.598,0.0,0.0,20.0,-0.0035,-0.0236,23.7
324.649,0.0,0.0,20.0,-0.0035,-0.0236,23.7
324.699,0.0,0.0,20.0,-0.0035,-0.0236,23.69
324.75,0.0,0.0,20.0,-0.0035,-0.0236,23.69
324.801,0.0,0.0,20.0,-0.0035,-0.0236,23.69
324.852,0.0,0.0,20.0,-0.0035,-0.0236,23.69
324.903,0.0,0.0,20.0,-0.0035,-0.0236,23.69
324.992,0.0,0.0,20.0,-0.0035,-0.0236,23.7
325.044,0.0,0.0,20.0,-0.0035,-0.0236,23.7
325.095,0.0,0.0,20.0,-0.0035,-0.0236,23.7
325.145,0.0,0.0,20.0,-0.0035,-0.0236,23.7
325.196,0.0,0.0,20.0,-0.0035,-0.0236,23.7
325.247,0.0,0.0,20.0,-0.0035,-0.0236,23.7
325.298,0.0,0.0,20.0,-0.0035,-0.0236,23.7
325.348,0.0,0.0,20.0,-0.0035,-0.0236,23.7
325.399,0.0,0.0,20.0,-0.0035,-0.0236,23.7
325.449,0.0,0.0,20.0,-0.0035,-0.0236,23.7
325.5,0.0,0.0,20.0,-0.0035,-0.0236,23.7
325.551,0.0,0.0,20.0,-0.0035,-0.0236,23.7
325.601,0.0,0.0,20.0,-0.0035,-0.0236,23.7
325.652,0.0,0.0,20.0,-0.0035,-0.0236,23.7
325.703,0.0,0.0,20.0,-0.0035,-0.0236,23.7
325.754,0.0,0.0,20.0,-0.0035,-0.0235,23.71
325.804,0.0,0.0,20.0,-0.0035,-0.0235,23.71
325.855,0.0,0.0,20.0,-0.0035,-0.0235,23.71
325.906,0.0,0.0,20.0,-0.0035,-0.0235,23.71
325.956,0.0,0.0,20.0,-0.0035,-0.0236,23.7
326.007,0.0,0.0,20.0,-0.0035,-0.0236,23.7
326.057,0.0,0.0,20.0,-0.0035,-0.0236,23.7
326.108,0.0,0.0,20.0,-0.0035,-0.0236,23.7
326.159,0.0,0.0,20.0,-0.0035,-0.0236,23.7
326.21,0.0,0.0,20.0,-0.0035,-0.0236,23.7
326.26,0.0,0.0,20.0,-0.0035,-0.0236,23.7
326.311,0.0,0.0,20.0,-0.0035,-0.0236,23.7
326.362,0.0,0.0,20.0,-0.0035,-0.0236,23.7
326.413,0.0,0.0,20.0,-0.0035,-0.0236,23.7
326.464,0.0,0.0,20.0,-0.0035,-0.0235,23.71
326.515,0.0,0.0,20.0,-0.0035,-0.0235,23.71
326.565,0.0,0.0,20.0,-0.0035,-0.0235,23.71
326.616,0.0,0.0,20.0,-0.0035,-0.0235,23.71
326.667,0.0,0.0,20.0,-0.0035,-0.0236,23.7
326.718,0.0,0.0,20.0,-0.0035,-0.0235,23.71
326.769,0.0,0.0,20.0,-0.0035,-0.0235,23.71
326.819,0.0,0.0,20.0,-0.0035,-0.0235,23.71
326.87,0.0,0.0,20.0,-0.0035,-0.0236,23.7
326.92,0.0,0.0,20.0,-0.0035,-0.0236,23.7
326.971,0.0,0.0,20.0,-0.0035,-0.0236,23.7
327.022,0.0,0.0,20.0,-0.0035,-0.0236,23.7
327.073,0.0,0.0,20.0,-0.0035,-0.0236,23.7
327.123,0.0,0.0,20.0,-0.0035,-0.0236,23.7
327.173,0.0,0.0,20.0,-0.0035,-0.0236,23.7
327.224,0.0,0.0,20.0,-0.0035,-0.0235,23.71
327.275,0.0,0.0,20.0,-0.0035,-0.0235,23.71
327.325,0.0,0.0,20.0,-0.0035,-0.0235,23.71
327.376,0.0,0.0,20.0,-0.0035,-0.0235,23.71
327.427,0.0,0.0,20.0,-0.0035,-0.0235,23.71
327.477,0.0,0.0,20.0,-0.0035,-0.0236,23.7
327.528,0.0,0.0,20.0,-0.0035,-0.0236,23.7
327.579,0.0,0.0,20.0,-0.0035,-0.0236,23.7
327.63,0.0,0.0,20.0,-0.0035,-0.0236,23.7
327.714,0.0,0.0,20.0,-0.0035,-0.0236,23.7
327.764,0.0,0.0,20.0,-0.0035,-0.0236,23.7
327.815,0.0,0.0,20.0,-0.0035,-0.0235,23.71
327.866,0.0,0.0,20.0,-0.0035,-0.0235,23.71
327.916,0.0,0.0,20.0,-0.0035,-0.0235,23.71
327.967,0.0,0.0,20.0,-0.0035,-0.0235,23.71
328.017,0.0,0.0,20.0,-0.0035,-0.0236,23.7
328.068,0.0,0.0,20.0,-0.0035,-0.0236,23.7
328.118,0.0,0.0,20.0,-0.0035,-0.0236,23.7
328.169,0.0,0.0,20.0,-0.0035,-0.0236,23.7
328.22,0.0,0.0,20.0,-0.0035,-0.0236,23.7
328.27,0.0,0.0,20.0,-0.0035,-0.0236,23.7
328.321,0.0,0.0,20.0,-0.0035,-0.0236,23.7
328.372,0.0,0.0,20.0,-0.0035,-0.0236,23.7
328.423,0.0,0.0,20.0,-0.0035,-0.0236,23.7
328.473,0.0,0.0,20.0,-0.0035,-0.0236,23.7
328.524,0.0,0.0,20.0,-0.0035,-0.0236,23.7
328.574,0.0,0.0,20.0,-0.0035,-0.0236,23.7
328.626,0.0,0.0,20.0,-0.0035,-0.0236,23.7
328.677,0.0,0.0,20.0,-0.0035,-0.0236,23.7
328.727,0.0,0.0,20.0,-0.0035,-0.0236,23.7
328.778,0.0,0.0,20.0,-0.0035,-0.0236,23.7
328.829,0.0,0.0,20.0,-0.0035,-0.0236,23.7
328.879,0.0,0.0,20.0,-0.0035,-0.0236,23.7
328.93,0.0,0.0,20.0,-0.0035,-0.0236,23.7
328.98,0.0,0.0,20.0,-0.0035,-0.0236,23.7
329.031,0.0,0.0,20.0,-0.0035,-0.0236,23.7
329.087,0.0,0.0,20.0,-0.0035,-0.0236,23.7
329.138,0.0,0.0,20.0,-0.0035,-0.0236,23.7
329.188,0.0,0.0,20.0,-0.0035,-0.0236,23.7
329.239,0.0,0.0,20.0,-0.0035,-0.0235,23.71
329.29,0.0,0.0,20.0,-0.0035,-0.0235,23.71
329.34,0.0,0.0,20.0,-0.0035,-0.0235,23.71
329.391,0.0,0.0,20.0,-0.0035,-0.0235,23.71
329.441,0.0,0.0,20.0,-0.0035,-0.0235,23.71
329.492,0.0,0.0,20.0,-0.0035,-0.0235,23.71
329.542,0.0,0.0,20.0,-0.0035,-0.0235,23.71
329.594,0.0,0.0,20.0,-0.0035,-0.0235,23.71
329.644,0.0,0.0,20.0,-0.0035,-0.0235,23.71
329.695,0.0,0.0,20.0,-0.0035,-0.0235,23.71
329.746,0.0,0.0,20.0,-0.0035,-0.0235,23.71
329.797,0.0,0.0,20.0,-0.0035,-0.0235,23.71
329.848,0.0,0.0,20.0,-0.0035,-0.0235,23.71
329.898,0.0,0.0,20.0,-0.0035,-0.0235,23.71
329.949,0.0,0.0,20.0,-0.0035,-0.0235,23.71
330.0,0.0,0.0,20.0,-0.0035,-0.0235,23.71
330.051,0.0,0.0,20.0,-0.0035,-0.0235,23.71
330.101,0.0,0.0,20.0,-0.0036,-0.0235,23.72
330.152,0.0,0.0,20.0,-0.0036,-0.0235,23.72
330.203,0.0,0.0,20.0,-0.0036,-0.0235,23.72
330.253,0.0,0.0,20.0,-0.0036,-0.0235,23.72
330.304,0.0,0.0,20.0,-0.0036,-0.0235,23.72
330.354,0.0,0.0,20.0,-0.0036,-0.0235,23.72
330.406,0.0,0.0,20.0,-0.0036,-0.0235,23.72
330.456,0.0,0.0,20.0,-0.0036,-0.0235,23.72
330.507,0.0,0.0,20.0,-0.0036,-0.0235,23.72
330.558,0.0,0.0,20.0,-0.0036,-0.0235,23.72
330.609,0.0,0.0,20.0,-0.0036,-0.0235,23.72
330.66,0.0,0.0,20.0,-0.0036,-0.0235,23.72
330.71,0.0,0.0,20.0,-0.0036,-0.0235,23.72
330.761,0.0,0.0,20.0,-0.0036,-0.0235,23.72
330.812,0.0,0.0,20.0,-0.0036,-0.0235,23.72
330.863,0.0,0.0,20.0,-0.0036,-0.0235,23.72
330.913,0.0,0.0,20.0,-0.0036,-0.0235,23.72
330.964,0.0,0.0,20.0,-0.0036,-0.0235,23.72
331.014,0.0,0.0,20.0,-0.0036,-0.0235,23.72
331.065,0.0,0.0,20.0,-0.0036,-0.0235,23.72
331.116,0.0,0.0,20.0,-0.0036,-0.0235,23.72
331.166,0.0,0.0,20.0,-0.0036,-0.0235,23.72
331.217,0.0,0.0,20.0,-0.0036,-0.0235,23.72
331.267,0.0,0.0,20.0,-0.0036,-0.0235,23.72
331.318,0.0,0.0,20.0,-0.0036,-0.0235,23.72
331.368,0.0,0.0,20.0,-0.0036,-0.0235,23.72
331.419,0.0,0.0,20.0,-0.0036,-0.0235,23.72
331.47,0.0,0.0,20.0,-0.0036,-0.0235,23.72
331.52,0.0,0.0,20.0,-0.0036,-0.0235,23.72
331.571,0.0,0.0,20.0,-0.0036,-0.0235,23.72
331.622,0.0,0.0,20.0,-0.0036,-0.0235,23.72
331.672,0.0,0.0,20.0,-0.0036,-0.0235,23.72
331.723,0.0,0.0,20.0,-0.0036,-0.0235,23.72
331.813,0.0,0.0,20.0,-0.0036,-0.0235,23.72
331.864,0.0,0.0,20.0,-0.0036,-0.0235,23.72
331.914,0.0,0.0,20.0,-0.0036,-0.0235,23.72
331.965,0.0,0.0,20.0,-0.0036,-0.0235,23.72
332.016,0.0,0.0,20.0,-0.0036,-0.0235,23.72
332.067,0.0,0.0,20.0,-0.0036,-0.0235,23.72
332.117,0.0,0.0,20.0,-0.0036,-0.0235,23.72
332.168,0.0,0.0,20.0,-0.0036,-0.0235,23.72
332.218,0.0,0.0,20.0,-0.0036,-0.0235,23.72
332.269,0.0,0.0,20.0,-0.0036,-0.0235,23.72
332.32,0.0,0.0,20.0,-0.0036,-0.0235,23.72
332.371,0.0,0.0,20.0,-0.0036,-0.0235,23.72
332.422,0.0,0.0,20.0,-0.0036,-0.0235,23.72
332.473,0.0,0.0,20.0,-0.0036,-0.0235,23.72
332.523,0.0,0.0,20.0,-0.0036,-0.0235,23.72
332.574,0.0,0.0,20.0,-0.0036,-0.0235,23.72
332.625,0.0,0.0,20.0,-0.0036,-0.0235,23.72
332.676,0.0,0.0,20.0,-0.0036,-0.0235,23.72
332.726,0.0,0.0,20.0,-0.0036,-0.0235,23.72
332.777,0.0,0.0,20.0,-0.0036,-0.0235,23.72
332.828,0.0,0.0,20.0,-0.0036,-0.0235,23.72
332.878,0.0,0.0,20.0,-0.0036,-0.0235,23.72
332.929,0.0,0.0,20.0,-0.0036,-0.0235,23.72
332.979,0.0,0.0,20.0,-0.0036,-0.0235,23.72
333.03,0.0,0.0,20.0,-0.0036,-0.0235,23.72
333.08,0.0,0.0,20.0,-0.0036,-0.0235,23.72
333.131,0.0,0.0,20.0,-0.0036,-0.0235,23.72
333.182,0.0,0.0,20.0,-0.0036,-0.0235,23.72
333.233,0.0,0.0,20.0,-0.0036,-0.0235,23.72
333.284,0.0,0.0,20.0,-0.0036,-0.0235,23.72
333.334,0.0,0.0,20.0,-0.0036,-0.0235,23.72
333.385,0.0,0.0,20.0,-0.0036,-0.0235,23.72
333.436,0.0,0.0,20.0,-0.0036,-0.0235,23.72
333.487,0.0,0.0,20.0,-0.0036,-0.0235,23.72
333.538,0.0,0.0,20.0,-0.0036,-0.0235,23.72
333.588,0.0,0.0,20.0,-0.0036,-0.0235,23.72
333.639,0.0,0.0,20.0,-0.0036,-0.0235,23.72
333.689,0.0,0.0,20.0,-0.0036,-0.0235,23.72
333.74,0.0,0.0,20.0,-0.0036,-0.0235,23.72
333.829,0.0,0.0,20.0,-0.0036,-0.0235,23.72
333.88,0.0,0.0,20.0,-0.0036,-0.0235,23.72
333.93,0.0,0.0,20.0,-0.0036,-0.0235,23.72
333.981,0.0,0.0,20.0,-0.0036,-0.0235,23.72
334.031,0.0,0.0,20.0,-0.0036,-0.0235,23.72
334.082,0.0,0.0,20.0,-0.0036,-0.0235,23.72
334.133,0.0,0.0,20.0,-0.0036,-0.0235,23.72
334.184,0.0,0.0,20.0,-0.0036,-0.0235,23.72
334.234,0.0,0.0,20.0,-0.0036,-0.0235,23.72
334.285,0.0,0.0,20.0,-0.0036,-0.0235,23.72
334.336,0.0,0.0,20.0,-0.0036,-0.0235,23.72
334.386,0.0,0.0,20.0,-0.0036,-0.0235,23.72
334.437,0.0,0.0,20.0,-0.0036,-0.0235,23.72
334.489,0.0,0.0,20.0,-0.0036,-0.0235,23.72
334.54,0.0,0.0,20.0,-0.0036,-0.0235,23.72
334.591,0.0,0.0,20.0,-0.0036,-0.0235,23.72
334.642,0.0,0.0,20.0,-0.0036,-0.0235,23.72
334.692,0.0,0.0,20.0,-0.0036,-0.0235,23.72
334.743,0.0,0.0,20.0,-0.0036,-0.0235,23.72
334.794,0.0,0.0,20.0,-0.0036,-0.0235,23.72
334.845,0.0,0.0,20.0,-0.0036,-0.0235,23.72
334.895,0.0,0.0,20.0,-0.0036,-0.0235,23.72
334.945,0.0,0.0,20.0,-0.0036,-0.0235,23.72
334.996,0.0,0.0,20.0,-0.0036,-0.0235,23.72
335.047,0.0,0.0,20.0,-0.0036,-0.0235,23.72
335.097,0.0,0.0,20.0,-0.0036,-0.0235,23.72
335.148,0.0,0.0,20.0,-0.0036,-0.0235,23.72
335.198,0.0,0.0,20.0,-0.0036,-0.0235,23.72
335.249,0.0,0.0,20.0,-0.0036,-0.0235,23.72
335.3,0.0,0.0,20.0,-0.0036,-0.0235,23.72
335.35,0.0,0.0,20.0,-0.0036,-0.0235,23.72
335.401,0.0,0.0,20.0,-0.0036,-0.0235,23.72
335.452,0.0,0.0,20.0,-0.0036,-0.0235,23.72
335.502,0.0,0.0,20.0,-0.0036,-0.0235,23.72
335.553,0.0,0.0,20.0,-0.0036,-0.0235,23.72
335.604,0.0,0.0,20.0,-0.0036,-0.0235,23.72
335.654,0.0,0.0,20.0,-0.0036,-0.0235,23.72
335.705,0.0,0.0,20.0,-0.0036,-0.0235,23.72
335.756,0.0,0.0,20.0,-0.0036,-0.0235,23.72
335.807,0.0,0.0,20.0,-0.0036,-0.0235,23.72
335.892,0.0,0.0,20.0,-0.0036,-0.0235,23.72
335.942,0.0,0.0,20.0,-0.0036,-0.0235,23.72
335.993,0.0,0.0,20.0,-0.0036,-0.0235,23.72
336.044,0.0,0.0,20.0,-0.0036,-0.0235,23.72
336.094,0.0,0.0,20.0,-0.0036,-0.0235,23.72
336.145,0.0,0.0,20.0,-0.0036,-0.0235,23.72
336.195,0.0,0.0,20.0,-0.0036,-0.0235,23.72
336.246,0.0,0.0,20.0,-0.0036,-0.0235,23.72
336.297,0.0,0.0,20.0,-0.0036,-0.0235,23.72
336.348,0.0,0.0,20.0,-0.0036,-0.0235,23.72
336.399,0.0,0.0,20.0,-0.0036,-0.0235,23.72
336.45,0.0,0.0,20.0,-0.0036,-0.0235,23.72
336.5,0.0,0.0,20.0,-0.0035,-0.0235,23.71
336.551,0.0,0.0,20.0,-0.0035,-0.0235,23.71
336.603,0.0,0.0,20.0,-0.0035,-0.0236,23.7
336.654,0.0,0.0,20.0,-0.0035,-0.0236,23.7
336.704,0.0,0.0,20.0,-0.0035,-0.0236,23.7
336.755,0.0,0.0,20.0,-0.0035,-0.0236,23.7
336.806,0.0,0.0,20.0,-0.0035,-0.0236,23.7
336.857,0.0,0.0,20.0,-0.0035,-0.0236,23.7
336.908,0.0,0.0,20.0,-0.0035,-0.0236,23.7
336.959,0.0,0.0,20.0,-0.0035,-0.0236,23.7
337.009,0.0,0.0,20.0,-0.0035,-0.0236,23.7
337.06,0.0,0.0,20.0,-0.0035,-0.0236,23.7
337.111,0.0,0.0,20.0,-0.0035,-0.0236,23.7
337.162,0.0,0.0,20.0,-0.0035,-0.0236,23.7
337.212,0.0,0.0,20.0,-0.0035,-0.0236,23.7
337.263,0.0,0.0,20.0,-0.0035,-0.0236,23.7
337.314,0.0,0.0,20.0,-0.0035,-0.0236,23.7
337.365,0.0,0.0,20.0,-0.0035,-0.0236,23.7
337.416,0.0,0.0,20.0,-0.0035,-0.0236,23.7
337.466,0.0,0.0,20.0,-0.0035,-0.0236,23.7
337.517,0.0,0.0,20.0,-0.0035,-0.0236,23.7
337.568,0.0,0.0,20.0,-0.0035,-0.0236,23.7
337.619,0.0,0.0,20.0,-0.0035,-0.0236,23.7
337.67,0.0,0.0,20.0,-0.0035,-0.0236,23.7
337.72,0.0,0.0,20.0,-0.0035,-0.0236,23.7
337.772,0.0,0.0,20.0,-0.0035,-0.0236,23.7
337.823,0.0,0.0,20.0,-0.0035,-0.0235,23.71
337.873,0.0,0.0,20.0,-0.0035,-0.0235,23.71
337.924,0.0,0.0,20.0,-0.0035,-0.0235,23.71
337.975,0.0,0.0,20.0,-0.0035,-0.0235,23.71
338.026,0.0,0.0,20.0,-0.0035,-0.0235,23.71
338.077,0.0,0.0,20.0,-0.0035,-0.0235,23.71
338.127,0.0,0.0,20.0,-0.0035,-0.0235,23.71
338.178,0.0,0.0,20.0,-0.0035,-0.0235,23.71
338.229,0.0,0.0,20.0,-0.0036,-0.0235,23.72
338.28,0.0,0.0,20.0,-0.0036,-0.0235,23.72
338.33,0.0,0.0,20.0,-0.0036,-0.0235,23.72
338.382,0.0,0.0,20.0,-0.0036,-0.0235,23.72
338.433,0.0,0.0,20.0,-0.0036,-0.0235,23.72
338.483,0.0,0.0,20.0,-0.0036,-0.0235,23.72
338.534,0.0,0.0,20.0,-0.0036,-0.0235,23.71
338.624,0.0,0.0,20.0,-0.0036,-0.0235,23.71
338.675,0.0,0.0,20.0,-0.0036,-0.0235,23.71
338.726,0.0,0.0,20.0,-0.0036,-0.0235,23.71
338.777,0.0,0.0,20.0,-0.0036,-0.0235,23.72
338.827,0.0,0.0,20.0,-0.0036,-0.0235,23.72
338.878,0.0,0.0,20.0,-0.0036,-0.0235,23.72
338.929,0.0,0.0,20.0,-0.0036,-0.0235,23.72
338.98,0.0,0.0,20.0,-0.0036,-0.0235,23.72
339.031,0.0,0.0,20.0,-0.0036,-0.0235,23.72
339.082,0.0,0.0,20.0,-0.0036,-0.0235,23.72
339.133,0.0,0.0,20.0,-0.0036,-0.0235,23.72
339.183,0.0,0.0,20.0,-0.0036,-0.0235,23.72
339.234,0.0,0.0,20.0,-0.0036,-0.0235,23.72
339.285,0.0,0.0,20.0,-0.0036,-0.0235,23.72
339.336,0.0,0.0,20.0,-0.0036,-0.0235,23.72
339.386,0.0,0.0,20.0,-0.0036,-0.0235,23.72
339.437,0.0,0.0,20.0,-0.0036,-0.0235,23.72
339.488,0.0,0.0,20.0,-0.0036,-0.0235,23.72
339.539,0.0,0.0,20.0,-0.0036,-0.0235,23.72
339.59,0.0,0.0,20.0,-0.0036,-0.0235,23.72
339.641,0.0,0.0,20.0,-0.0036,-0.0235,23.72
339.691,0.0,0.0,20.0,-0.0036,-0.0235,23.72
339.742,0.0,0.0,20.0,-0.0036,-0.0235,23.72
339.793,0.0,0.0,20.0,-0.0036,-0.0235,23.72
339.843,0.0,0.0,20.0,-0.0036,-0.0235,23.72
339.894,0.0,0.0,20.0,-0.0036,-0.0235,23.72
339.985,0.0,0.0,20.0,-0.0036,-0.0235,23.72
340.036,0.0,0.0,20.0,-0.0036,-0.0235,23.72
340.087,0.0,0.0,20.0,-0.0036,-0.0235,23.72
340.138,0.0,0.0,20.0,-0.0036,-0.0235,23.72
340.188,0.0,0.0,20.0,-0.0036,-0.0235,23.72
340.239,0.0,0.0,20.0,-0.0036,-0.0235,23.72
340.29,0.0,0.0,20.0,-0.0036,-0.0235,23.72
340.34,0.0,0.0,20.0,-0.0036,-0.0235,23.72
340.391,0.0,0.0,20.0,-0.0036,-0.0235,23.72
340.442,0.0,0.0,20.0,-0.0036,-0.0235,23.72
340.492,0.0,0.0,20.0,-0.0036,-0.0235,23.72
340.543,0.0,0.0,20.0,-0.0036,-0.0235,23.72
340.594,0.0,0.0,20.0,-0.0036,-0.0235,23.72
340.645,0.0,0.0,20.0,-0.0036,-0.0235,23.72
340.695,0.0,0.0,20.0,-0.0036,-0.0235,23.72
340.746,0.0,0.0,20.0,-0.0036,-0.0235,23.72
340.796,0.0,0.0,20.0,-0.0036,-0.0235,23.72
340.847,0.0,0.0,20.0,-0.0036,-0.0235,23.72
340.898,0.0,0.0,20.0,-0.0036,-0.0235,23.72
340.949,0.0,0.0,20.0,-0.0036,-0.0235,23.72
341.0,0.0,0.0,20.0,-0.0037,-0.0235,23.73
341.051,0.0,0.0,20.0,-0.0037,-0.0235,23.73
341.102,0.0,0.0,20.0,-0.0036,-0.0235,23.72
341.152,0.0,0.0,20.0,-0.0036,-0.0235,23.72
341.203,0.0,0.0,20.0,-0.0037,-0.0235,23.73
341.254,0.0,0.0,20.0,-0.0036,-0.0235,23.72
341.304,0.0,0.0,20.0,-0.0036,-0.0235,23.72
341.355,0.0,0.0,20.0,-0.0036,-0.0235,23.72
341.406,0.0,0.0,20.0,-0.0037,-0.0235,23.73
341.457,0.0,0.0,20.0,-0.0037,-0.0235,23.73
341.508,0.0,0.0,20.0,-0.0037,-0.0235,23.73
341.558,0.0,0.0,20.0,-0.0037,-0.0235,23.73
341.609,0.0,0.0,20.0,-0.0037,-0.0235,23.73
341.66,0.0,0.0,20.0,-0.0037,-0.0235,23.73
341.711,0.0,0.0,20.0,-0.0037,-0.0235,23.73
341.762,0.0,0.0,20.0,-0.0037,-0.0235,23.73
341.813,0.0,0.0,20.0,-0.0037,-0.0235,23.73
341.863,0.0,0.0,20.0,-0.0037,-0.0235,23.73
341.913,0.0,0.0,20.0,-0.0037,-0.0235,23.73
341.965,0.0,0.0,20.0,-0.0037,-0.0235,23.73
342.015,0.0,0.0,20.0,-0.0037,-0.0235,23.73
342.066,0.0,0.0,20.0,-0.0037,-0.0235,23.73
342.117,0.0,0.0,20.0,-0.0037,-0.0235,23.73
342.167,0.0,0.0,20.0,-0.0037,-0.0235,23.73
342.219,0.0,0.0,20.0,-0.0037,-0.0235,23.73
342.27,0.0,0.0,20.0,-0.0037,-0.0235,23.73
342.321,0.0,0.0,20.0,-0.0037,-0.0235,23.74
342.372,0.0,0.0,20.0,-0.0037,-0.0235,23.73
342.422,0.0,0.0,20.0,-0.0037,-0.0235,23.73
342.473,0.0,0.0,20.0,-0.0037,-0.0235,23.73
342.523,0.0,0.0,20.0,-0.0037,-0.0235,23.73
342.574,0.0,0.0,20.0,-0.0037,-0.0235,23.74
342.625,0.0,0.0,20.0,-0.0037,-0.0235,23.74
342.708,0.0,0.0,20.0,-0.0037,-0.0235,23.74
342.759,0.0,0.0,20.0,-0.0037,-0.0235,23.74
342.81,0.0,0.0,20.0,-0.0037,-0.0235,23.74
342.86,0.0,0.0,20.0,-0.0037,-0.0235,23.74
342.911,0.0,0.0,20.0,-0.0037,-0.0235,23.74
342.962,0.0,0.0,20.0,-0.0037,-0.0235,23.74
343.012,0.0,0.0,20.0,-0.0037,-0.0235,23.74
343.063,0.0,0.0,20.0,-0.0037,-0.0235,23.74
343.113,0.0,0.0,20.0,-0.0037,-0.0235,23.74
343.164,0.0,0.0,20.0,-0.0037,-0.0235,23.74
343.215,0.0,0.0,20.0,-0.0037,-0.0235,23.74
343.265,0.0,0.0,20.0,-0.0037,-0.0235,23.74
343.316,0.0,0.0,20.0,-0.0037,-0.0235,23.74
343.367,0.0,0.0,20.0,-0.0037,-0.0235,23.74
343.417,0.0,0.0,20.0,-0.0037,-0.0235,23.74
343.468,0.0,0.0,20.0,-0.0037,-0.0235,23.74
343.519,0.0,0.0,20.0,-0.0037,-0.0235,23.74
343.57,0.0,0.0,20.0,-0.0037,-0.0235,23.74
343.621,0.0,0.0,20.0,-0.0037,-0.0235,23.74
343.672,0.0,0.0,20.0,-0.0037,-0.0235,23.74
343.723,0.0,0.0,20.0,-0.0037,-0.0235,23.74
343.774,0.0,0.0,20.0,-0.0037,-0.0235,23.74
343.824,0.0,0.0,20.0,-0.0037,-0.0235,23.74
343.875,0.0,0.0,20.0,-0.0037,-0.0235,23.74
343.926,0.0,0.0,20.0,-0.0037,-0.0235,23.74
343.977,0.0,0.0,20.0,-0.0037,-0.0235,23.74
344.027,0.0,0.0,20.0,-0.0037,-0.0235,23.74
344.078,0.0,0.0,20.0,-0.0037,-0.0235,23.74
344.128,0.0,0.0,20.0,-0.0037,-0.0235,23.74
344.179,0.0,0.0,20.0,-0.0037,-0.0235,23.74
344.23,0.0,0.0,20.0,-0.0037,-0.0235,23.74
344.28,0.0,0.0,20.0,-0.0037,-0.0235,23.75
344.331,0.0,0.0,20.0,-0.0037,-0.0235,23.75
344.382,0.0,0.0,20.0,-0.0037,-0.0235,23.75
344.433,0.0,0.0,20.0,-0.0037,-0.0235,23.75
344.483,0.0,0.0,20.0,-0.0037,-0.0235,23.74
344.534,0.0,0.0,20.0,-0.0037,-0.0235,23.74
344.585,0.0,0.0,20.0,-0.0037,-0.0235,23.75
344.636,0.0,0.0,20.0,-0.0037,-0.0235,23.75
344.686,0.0,0.0,20.0,-0.0037,-0.0235,23.75
344.737,0.0,0.0,20.0,-0.0037,-0.0235,23.75
344.788,0.0,0.0,20.0,-0.0037,-0.0235,23.75
344.839,0.0,0.0,20.0,-0.0037,-0.0235,23.75
344.889,0.0,0.0,20.0,-0.0037,-0.0235,23.75
344.94,0.0,0.0,20.0,-0.0037,-0.0235,23.75
344.991,0.0,0.0,20.0,-0.0037,-0.0235,23.75
345.043,0.0,0.0,20.0,-0.0038,-0.0235,23.75
345.093,0.0,0.0,20.0,-0.0038,-0.0235,23.75
345.144,0.0,0.0,20.0,-0.0038,-0.0235,23.75
345.195,0.0,0.0,20.0,-0.0038,-0.0235,23.75
345.245,0.0,0.0,20.0,-0.0038,-0.0235,23.75
345.297,0.0,0.0,20.0,-0.0038,-0.0235,23.75
345.348,0.0,0.0,20.0,-0.0038,-0.0235,23.75
345.398,0.0,0.0,20.0,-0.0038,-0.0235,23.75
345.45,0.0,0.0,20.0,-0.0037,-0.0235,23.75
345.501,0.0,0.0,20.0,-0.0038,-0.0235,23.75
345.552,0.0,0.0,20.0,-0.0038,-0.0235,23.75
345.602,0.0,0.0,20.0,-0.0037,-0.0235,23.75
345.653,0.0,0.0,20.0,-0.0037,-0.0235,23.75
345.704,0.0,0.0,20.0,-0.0038,-0.0235,23.75
345.755,0.0,0.0,20.0,-0.0038,-0.0235,23.75
345.806,0.0,0.0,20.0,-0.0038,-0.0235,23.75
345.857,0.0,0.0,20.0,-0.0038,-0.0235,23.75
345.908,0.0,0.0,20.0,-0.0038,-0.0235,23.75
345.958,0.0,0.0,20.0,-0.0038,-0.0235,23.75
346.009,0.0,0.0,20.0,-0.0038,-0.0235,23.75
346.059,0.0,0.0,20.0,-0.0038,-0.0235,23.75
346.11,0.0,0.0,20.0,-0.0038,-0.0235,23.75
346.161,0.0,0.0,20.0,-0.0038,-0.0235,23.75
346.212,0.0,0.0,20.0,-0.0038,-0.0235,23.75
346.264,0.0,0.0,20.0,-0.0038,-0.0235,23.75
346.314,0.0,0.0,20.0,-0.0038,-0.0235,23.75
346.365,0.0,0.0,20.0,-0.0038,-0.0235,23.75
346.416,0.0,0.0,20.0,-0.0038,-0.0235,23.75
346.467,0.0,0.0,20.0,-0.0038,-0.0235,23.75
346.517,0.0,0.0,20.0,-0.0038,-0.0235,23.75
346.568,0.0,0.0,20.0,-0.0038,-0.0235,23.75
346.619,0.0,0.0,20.0,-0.0038,-0.0235,23.75
346.669,0.0,0.0,20.0,-0.0038,-0.0235,23.75
346.72,0.0,0.0,20.0,-0.0038,-0.0235,23.75
346.798,0.0,0.0,20.0,-0.0038,-0.0235,23.75
346.849,0.0,0.0,20.0,-0.0038,-0.0235,23.75
346.899,0.0,0.0,20.0,-0.0038,-0.0235,23.75
346.951,0.0,0.0,20.0,-0.0038,-0.0235,23.75
347.001,0.0,0.0,20.0,-0.0038,-0.0235,23.75
347.052,0.0,0.0,20.0,-0.0038,-0.0235,23.75
347.103,0.0,0.0,20.0,-0.0038,-0.0235,23.75
347.154,0.0,0.0,20.0,-0.0038,-0.0235,23.75
347.205,0.0,0.0,20.0,-0.0038,-0.0235,23.75
347.256,0.0,0.0,20.0,-0.0038,-0.0235,23.76
347.307,0.0,0.0,20.0,-0.0038,-0.0235,23.76
347.357,0.0,0.0,20.0,-0.0038,-0.0235,23.75
347.408,0.0,0.0,20.0,-0.0038,-0.0235,23.75
347.46,0.0,0.0,20.0,-0.0038,-0.0235,23.75
347.511,0.0,0.0,20.0,-0.0038,-0.0235,23.75
347.562,0.0,0.0,20.0,-0.0038,-0.0235,23.75
347.613,0.0,0.0,20.0,-0.0038,-0.0235,23.75
347.663,0.0,0.0,20.0,-0.0038,-0.0235,23.76
347.714,0.0,0.0,20.0,-0.0038,-0.0235,23.75
347.764,0.0,0.0,20.0,-0.0038,-0.0235,23.75
347.815,0.0,0.0,20.0,-0.0038,-0.0235,23.75
347.866,0.0,0.0,20.0,-0.0038,-0.0235,23.75
347.916,0.0,0.0,20.0,-0.0038,-0.0235,23.75
347.967,0.0,0.0,20.0,-0.0038,-0.0235,23.75
348.019,0.0,0.0,20.0,-0.0038,-0.0235,23.75
348.07,0.0,0.0,20.0,-0.0038,-0.0235,23.75
348.12,0.0,0.0,20.0,-0.0038,-0.0235,23.75
348.171,0.0,0.0,20.0,-0.0038,-0.0235,23.75
348.222,0.0,0.0,20.0,-0.0038,-0.0235,23.75
348.272,0.0,0.0,20.0,-0.0038,-0.0235,23.75
348.323,0.0,0.0,20.0,-0.0038,-0.0235,23.75
348.374,0.0,0.0,20.0,-0.0038,-0.0235,23.75
348.424,0.0,0.0,20.0,-0.0038,-0.0235,23.75
348.475,0.0,0.0,20.0,-0.0038,-0.0235,23.75
348.526,0.0,0.0,20.0,-0.0038,-0.0235,23.75
348.577,0.0,0.0,20.0,-0.0038,-0.0235,23.75
348.627,0.0,0.0,20.0,-0.0038,-0.0235,23.75
348.678,0.0,0.0,20.0,-0.0038,-0.0235,23.75
348.728,0.0,0.0,20.0,-0.0038,-0.0235,23.75
348.779,0.0,0.0,20.0,-0.0037,-0.0235,23.75
348.83,0.0,0.0,20.0,-0.0037,-0.0235,23.75
348.881,0.0,0.0,20.0,-0.0037,-0.0235,23.75
348.931,0.0,0.0,20.0,-0.0037,-0.0235,23.75
348.982,0.0,0.0,20.0,-0.0037,-0.0235,23.75
349.032,0.0,0.0,20.0,-0.0037,-0.0235,23.75
349.083,0.0,0.0,20.0,-0.0037,-0.0235,23.75
349.135,0.0,0.0,20.0,-0.0037,-0.0235,23.75
349.185,0.0,0.0,20.0,-0.0037,-0.0235,23.75
349.236,0.0,0.0,20.0,-0.0037,-0.0235,23.75
349.287,0.0,0.0,20.0,-0.0037,-0.0235,23.75
349.338,0.0,0.0,20.0,-0.0037,-0.0235,23.75
349.388,0.0,0.0,20.0,-0.0037,-0.0235,23.75
349.439,0.0,0.0,20.0,-0.0037,-0.0235,23.75
349.491,0.0,0.0,20.0,-0.0037,-0.0235,23.75
349.541,0.0,0.0,20.0,-0.0037,-0.0235,23.75
349.592,0.0,0.0,20.0,-0.0037,-0.0235,23.75
349.643,0.0,0.0,20.0,-0.0037,-0.0235,23.75
349.693,0.0,0.0,20.0,-0.0037,-0.0235,23.75
349.744,0.0,0.0,20.0,-0.0037,-0.0235,23.75
349.795,0.0,0.0,20.0,-0.0037,-0.0235,23.75
349.846,0.0,0.0,20.0,-0.0037,-0.0235,23.75
349.896,0.0,0.0,20.0,-0.0037,-0.0235,23.75
349.947,0.0,0.0,20.0,-0.0037,-0.0235,23.75
349.998,0.0,0.0,20.0,-0.0037,-0.0235,23.75
350.048,0.0,0.0,20.0,-0.0037,-0.0235,23.75
350.099,0.0,0.0,20.0,-0.0037,-0.0235,23.74
350.15,0.0,0.0,20.0,-0.0037,-0.0235,23.75
350.2,0.0,0.0,20.0,-0.0037,-0.0235,23.74
350.251,0.0,0.0,20.0,-0.0037,-0.0235,23.74
350.302,0.0,0.0,20.0,-0.0037,-0.0235,23.74
350.353,0.0,0.0,20.0,-0.0037,-0.0235,23.74
350.403,0.0,0.0,20.0,-0.0037,-0.0235,23.74
350.455,0.0,0.0,20.0,-0.0037,-0.0235,23.74
350.506,0.0,0.0,20.0,-0.0037,-0.0235,23.74
350.556,0.0,0.0,20.0,-0.0037,-0.0235,23.74
350.607,0.0,0.0,20.0,-0.0037,-0.0235,23.74
350.657,0.0,0.0,20.0,-0.0037,-0.0235,23.74
350.708,0.0,0.0,20.0,-0.0037,-0.0235,23.74
350.759,0.0,0.0,20.0,-0.0037,-0.0235,23.74
350.81,0.0,0.0,20.0,-0.0037,-0.0235,23.74
350.89,0.0,0.0,20.0,-0.0037,-0.0235,23.74
350.942,0.0,0.0,20.0,-0.0037,-0.0235,23.74
350.993,0.0,0.0,20.0,-0.0037,-0.0235,23.74
351.044,0.0,0.0,20.0,-0.0037,-0.0235,23.74
351.094,0.0,0.0,20.0,-0.0037,-0.0235,23.74
351.146,0.0,0.0,20.0,-0.0037,-0.0235,23.73
351.196,0.0,0.0,20.0,-0.0037,-0.0235,23.73
351.247,0.0,0.0,20.0,-0.0037,-0.0235,23.73
351.298,0.0,0.0,20.0,-0.0037,-0.0235,23.73
351.349,0.0,0.0,20.0,-0.0037,-0.0235,23.73
351.4,0.0,0.0,20.0,-0.0037,-0.0235,23.73
351.451,0.0,0.0,20.0,-0.0037,-0.0235,23.73
351.501,0.0,0.0,20.0,-0.0037,-0.0235,23.73
351.552,0.0,0.0,20.0,-0.0037,-0.0235,23.73
351.603,0.0,0.0,20.0,-0.0037,-0.0235,23.73
351.653,0.0,0.0,20.0,-0.0037,-0.0235,23.73
351.704,0.0,0.0,20.0,-0.0037,-0.0235,23.73
351.754,0.0,0.0,20.0,-0.0037,-0.0235,23.73
351.805,0.0,0.0,20.0,-0.0037,-0.0235,23.73
351.856,0.0,0.0,20.0,-0.0037,-0.0235,23.73
351.906,0.0,0.0,20.0,-0.0037,-0.0235,23.73
351.956,0.0,0.0,20.0,-0.0037,-0.0235,23.73
352.007,0.0,0.0,20.0,-0.0037,-0.0235,23.73
352.057,0.0,0.0,20.0,-0.0037,-0.0235,23.73
352.108,0.0,0.0,20.0,-0.0037,-0.0235,23.73
352.159,0.0,0.0,20.0,-0.0037,-0.0235,23.73
352.209,0.0,0.0,20.0,-0.0037,-0.0235,23.73
352.26,0.0,0.0,20.0,-0.0037,-0.0235,23.73
352.311,0.0,0.0,20.0,-0.0037,-0.0235,23.73
352.362,0.0,0.0,20.0,-0.0037,-0.0235,23.73
352.412,0.0,0.0,20.0,-0.0037,-0.0235,23.73
352.463,0.0,0.0,20.0,-0.0037,-0.0235,23.73
352.514,0.0,0.0,20.0,-0.0037,-0.0235,23.73
352.564,0.0,0.0,20.0,-0.0037,-0.0235,23.73
352.615,0.0,0.0,20.0,-0.0037,-0.0235,23.73
352.665,0.0,0.0,20.0,-0.0037,-0.0235,23.73
352.716,0.0,0.0,20.0,-0.0037,-0.0235,23.73
352.766,0.0,0.0,20.0,-0.0037,-0.0235,23.73
352.817,0.0,0.0,20.0,-0.0037,-0.0235,23.73
352.868,0.0,0.0,20.0,-0.0037,-0.0235,23.73
352.919,0.0,0.0,20.0,-0.0037,-0.0235,23.73
352.97,0.0,0.0,20.0,-0.0037,-0.0235,23.73
353.021,0.0,0.0,20.0,-0.0037,-0.0235,23.73
353.071,0.0,0.0,20.0,-0.0037,-0.0235,23.73
353.122,0.0,0.0,20.0,-0.0037,-0.0235,23.73
353.173,0.0,0.0,20.0,-0.0037,-0.0235,23.73
353.225,0.0,0.0,20.0,-0.0037,-0.0235,23.73
353.275,0.0,0.0,20.0,-0.0037,-0.0235,23.73
353.326,0.0,0.0,20.0,-0.0037,-0.0235,23.73
353.377,0.0,0.0,20.0,-0.0037,-0.0235,23.73
353.427,0.0,0.0,20.0,-0.0037,-0.0235,23.73
353.478,0.0,0.0,20.0,-0.0037,-0.0235,23.73
353.528,0.0,0.0,20.0,-0.0036,-0.0235,23.72
353.579,0.0,0.0,20.0,-0.0036,-0.0235,23.72
353.629,0.0,0.0,20.0,-0.0036,-0.0235,23.72
353.68,0.0,0.0,20.0,-0.0037,-0.0235,23.73
353.73,0.0,0.0,20.0,-0.0037,-0.0235,23.73
353.782,0.0,0.0,20.0,-0.0036,-0.0235,23.72
353.832,0.0,0.0,20.0,-0.0036,-0.0235,23.72
353.883,0.0,0.0,20.0,-0.0036,-0.0235,23.72
353.934,0.0,0.0,20.0,-0.0036,-0.0235,23.72
353.985,0.0,0.0,20.0,-0.0036,-0.0235,23.72
354.035,0.0,0.0,20.0,-0.0037,-0.0235,23.73
354.086,0.0,0.0,20.0,-0.0037,-0.0235,23.73
354.137,0.0,0.0,20.0,-0.0037,-0.0235,23.73
354.187,0.0,0.0,20.0,-0.0037,-0.0235,23.73
354.238,0.0,0.0,20.0,-0.0037,-0.0235,23.73
354.289,0.0,0.0,20.0,-0.0037,-0.0235,23.73
354.339,0.0,0.0,20.0,-0.0037,-0.0235,23.73
354.39,0.0,0.0,20.0,-0.0037,-0.0235,23.73
354.441,0.0,0.0,20.0,-0.0037,-0.0235,23.73
354.491,0.0,0.0,20.0,-0.0037,-0.0235,23.73
354.542,0.0,0.0,20.0,-0.0037,-0.0235,23.73
354.593,0.0,0.0,20.0,-0.0037,-0.0235,23.73
354.644,0.0,0.0,20.0,-0.0037,-0.0235,23.73
354.695,0.0,0.0,20.0,-0.0037,-0.0235,23.73
354.746,0.0,0.0,20.0,-0.0037,-0.0235,23.73
354.796,0.0,0.0,20.0,-0.0037,-0.0235,23.73
354.847,0.0,0.0,20.0,-0.0037,-0.0235,23.73
354.898,0.0,0.0,20.0,-0.0037,-0.0235,23.73
354.976,0.0,0.0,20.0,-0.0037,-0.0235,23.73
355.027,0.0,0.0,20.0,-0.0036,-0.0235,23.72
355.078,0.0,0.0,20.0,-0.0036,-0.0235,23.72
355.129,0.0,0.0,20.0,-0.0037,-0.0235,23.73
355.179,0.0,0.0,20.0,-0.0037,-0.0235,23.73
355.23,0.0,0.0,20.0,-0.0037,-0.0235,23.73
355.281,0.0,0.0,20.0,-0.0037,-0.0235,23.73
355.332,0.0,0.0,20.0,-0.0037,-0.0235,23.73
355.382,0.0,0.0,20.0,-0.0036,-0.0235,23.72
355.433,0.0,0.0,20.0,-0.0037,-0.0235,23.73
355.483,0.0,0.0,20.0,-0.0037,-0.0235,23.73
355.534,0.0,0.0,20.0,-0.0037,-0.0235,23.73
355.584,0.0,0.0,20.0,-0.0037,-0.0235,23.73
355.635,0.0,0.0,20.0,-0.0037,-0.0235,23.73
355.686,0.0,0.0,20.0,-0.0037,-0.0235,23.73
355.736,0.0,0.0,20.0,-0.0037,-0.0235,23.73
355.787,0.0,0.0,20.0,-0.0037,-0.0235,23.73
355.838,0.0,0.0,20.0,-0.0037,-0.0235,23.73
355.889,0.0,0.0,20.0,-0.0037,-0.0235,23.73
355.939,0.0,0.0,20.0,-0.0037,-0.0235,23.73
355.99,0.0,0.0,20.0,-0.0037,-0.0235,23.73
356.041,0.0,0.0,20.0,-0.0037,-0.0235,23.73
356.091,0.0,0.0,20.0,-0.0037,-0.0235,23.73
356.143,0.0,0.0,20.0,-0.0036,-0.0235,23.72
356.194,0.0,0.0,20.0,-0.0036,-0.0235,23.72
356.244,0.0,0.0,20.0,-0.0036,-0.0235,23.72
356.296,0.0,0.0,20.0,-0.0036,-0.0235,23.72
356.346,0.0,0.0,20.0,-0.0036,-0.0235,23.72
356.397,0.0,0.0,20.0,-0.0036,-0.0235,23.72
356.448,0.0,0.0,20.0,-0.0036,-0.0235,23.72
356.499,0.0,0.0,20.0,-0.0036,-0.0235,23.72
356.55,0.0,0.0,20.0,-0.0036,-0.0235,23.72
356.601,0.0,0.0,20.0,-0.0036,-0.0235,23.72
356.652,0.0,0.0,20.0,-0.0036,-0.0235,23.72
356.702,0.0,0.0,20.0,-0.0036,-0.0235,23.72
356.754,0.0,0.0,20.0,-0.0036,-0.0235,23.72
356.804,0.0,0.0,20.0,-0.0036,-0.0235,23.72
356.855,0.0,0.0,20.0,-0.0036,-0.0235,23.72
356.906,0.0,0.0,20.0,-0.0036,-0.0235,23.72
356.957,0.0,0.0,20.0,-0.0036,-0.0235,23.72
357.008,0.0,0.0,20.0,-0.0036,-0.0235,23.72
357.058,0.0,0.0,20.0,-0.0036,-0.0235,23.72
357.109,0.0,0.0,20.0,-0.0037,-0.0235,23.73
357.16,0.0,0.0,20.0,-0.0037,-0.0235,23.73
357.21,0.0,0.0,20.0,-0.0037,-0.0235,23.73
357.261,0.0,0.0,20.0,-0.0037,-0.0235,23.73
357.311,0.0,0.0,20.0,-0.0036,-0.0235,23.72
357.364,0.0,0.0,20.0,-0.0036,-0.0235,23.72
357.415,0.0,0.0,20.0,-0.0036,-0.0235,23.72
357.465,0.0,0.0,20.0,-0.0036,-0.0235,23.72
357.516,0.0,0.0,20.0,-0.0036,-0.0235,23.72
357.567,0.0,0.0,20.0,-0.0036,-0.0235,23.72
357.618,0.0,0.0,20.0,-0.0036,-0.0235,23.72
357.669,0.0,0.0,20.0,-0.0036,-0.0235,23.72
357.719,0.0,0.0,20.0,-0.0036,-0.0235,23.72
357.77,0.0,0.0,20.0,-0.0036,-0.0235,23.72
357.821,0.0,0.0,20.0,-0.0036,-0.0235,23.72
357.872,0.0,0.0,20.0,-0.0036,-0.0235,23.72
357.923,0.0,0.0,20.0,-0.0036,-0.0235,23.72
357.973,0.0,0.0,20.0,-0.0036,-0.0235,23.72
358.024,0.0,0.0,20.0,-0.0036,-0.0235,23.72
358.075,0.0,0.0,20.0,-0.0036,-0.0235,23.72
358.126,0.0,0.0,20.0,-0.0036,-0.0235,23.72
358.177,0.0,0.0,20.0,-0.0036,-0.0235,23.72
358.228,0.0,0.0,20.0,-0.0036,-0.0235,23.72
358.278,0.0,0.0,20.0,-0.0036,-0.0235,23.72
358.329,0.0,0.0,20.0,-0.0036,-0.0235,23.72
358.38,0.0,0.0,20.0,-0.0036,-0.0235,23.72
358.43,0.0,0.0,20.0,-0.0036,-0.0235,23.72
358.481,0.0,0.0,20.0,-0.0036,-0.0235,23.72
358.531,0.0,0.0,20.0,-0.0036,-0.0235,23.72
358.582,0.0,0.0,20.0,-0.0036,-0.0235,23.72
358.633,0.0,0.0,20.0,-0.0035,-0.0235,23.71
358.684,0.0,0.0,20.0,-0.0036,-0.0235,23.72
358.734,0.0,0.0,20.0,-0.0035,-0.0235,23.71
358.785,0.0,0.0,20.0,-0.0035,-0.0235,23.71
358.835,0.0,0.0,20.0,-0.0035,-0.0235,23.71
358.886,0.0,0.0,20.0,-0.0035,-0.0235,23.71
358.937,0.0,0.0,20.0,-0.0035,-0.0235,23.71
358.988,0.0,0.0,20.0,-0.0035,-0.0235,23.71
359.076,0.0,0.0,20.0,-0.0036,-0.0235,23.72
359.127,0.0,0.0,20.0,-0.0036,-0.0235,23.72
359.178,0.0,0.0,20.0,-0.0036,-0.0235,23.72
359.229,0.0,0.0,20.0,-0.0036,-0.0235,23.72
359.279,0.0,0.0,20.0,-0.0036,-0.0235,23.72
359.33,0.0,0.0,20.0,-0.0036,-0.0235,23.72
359.381,0.0,0.0,20.0,-0.0036,-0.0235,23.72
359.431,0.0,0.0,20.0,-0.0036,-0.0235,23.72
359.482,0.0,0.0,20.0,-0.0036,-0.0235,23.72
359.533,0.0,0.0,20.0,-0.0036,-0.0235,23.72
359.583,0.0,0.0,20.0,-0.0036,-0.0235,23.72
359.634,0.0,0.0,20.0,-0.0036,-0.0235,23.72
359.684,0.0,0.0,20.0,-0.0036,-0.0235,23.72
359.735,0.0,0.0,20.0,-0.0036,-0.0235,23.72
359.785,0.0,0.0,20.0,-0.0036,-0.0235,23.72
359.836,0.0,0.0,20.0,-0.0035,-0.0235,23.71
359.887,0.0,0.0,20.0,-0.0035,-0.0235,23.71
359.937,0.0,0.0,20.0,-0.0035,-0.0235,23.71
359.988,0.0,0.0,20.0,-0.0035,-0.0235,23.71
360.038,0.0,0.0,20.0,-0.0035,-0.0235,23.71
360.089,0.0,0.0,20.0,-0.0035,-0.0235,23.71
360.14,0.0,0.0,20.0,-0.0035,-0.0235,23.71
360.19,0.0,0.0,20.0,-0.0035,-0.0235,23.71
360.241,0.0,0.0,20.0,-0.0035,-0.0235,23.71
360.292,0.0,0.0,20.0,-0.0035,-0.0236,23.7
360.342,0.0,0.0,20.0,-0.0035,-0.0236,23.7
360.393,0.0,0.0,20.0,-0.0035,-0.0236,23.7
360.444,0.0,0.0,20.0,-0.0035,-0.0235,23.71
360.495,0.0,0.0,20.0,-0.0035,-0.0236,23.7
360.545,0.0,0.0,20.0,-0.0035,-0.0236,23.7
360.596,0.0,0.0,20.0,-0.0035,-0.0236,23.7
360.647,0.0,0.0,20.0,-0.0035,-0.0236,23.7
360.698,0.0,0.0,20.0,-0.0035,-0.0236,23.7
360.748,0.0,0.0,20.0,-0.0035,-0.0236,23.7
360.799,0.0,0.0,20.0,-0.0035,-0.0236,23.7
360.85,0.0,0.0,20.0,-0.0035,-0.0236,23.7
360.901,0.0,0.0,20.0,-0.0035,-0.0236,23.7
360.952,0.0,0.0,20.0,-0.0035,-0.0236,23.7
361.003,0.0,0.0,20.0,-0.0035,-0.0236,23.7
361.054,0.0,0.0,20.0,-0.0035,-0.0236,23.69
361.104,0.0,0.0,20.0,-0.0035,-0.0236,23.69
361.155,0.0,0.0,20.0,-0.0035,-0.0236,23.69
361.206,0.0,0.0,20.0,-0.0035,-0.0236,23.69
361.256,0.0,0.0,20.0,-0.0035,-0.0236,23.69
361.307,0.0,0.0,20.0,-0.0035,-0.0236,23.69
361.358,0.0,0.0,20.0,-0.0035,-0.0236,23.69
361.409,0.0,0.0,20.0,-0.0035,-0.0236,23.69
361.46,0.0,0.0,20.0,-0.0035,-0.0236,23.69
361.511,0.0,0.0,20.0,-0.0035,-0.0236,23.69
361.562,0.0,0.0,20.0,-0.0035,-0.0236,23.69
361.612,0.0,0.0,20.0,-0.0035,-0.0236,23.69
361.663,0.0,0.0,20.0,-0.0035,-0.0236,23.69
361.714,0.0,0.0,20.0,-0.0034,-0.0236,23.68
361.795,0.0,0.0,20.0,-0.0035,-0.0236,23.68
361.846,0.0,0.0,20.0,-0.0035,-0.0236,23.68
361.897,0.0,0.0,20.0,-0.0035,-0.0236,23.69
361.948,0.0,0.0,20.0,-0.0035,-0.0236,23.69
361.999,0.0,0.0,20.0,-0.0035,-0.0236,23.69
362.049,0.0,0.0,20.0,-0.0035,-0.0236,23.69
362.1,0.0,0.0,20.0,-0.0035,-0.0236,23.69
362.151,0.0,0.0,20.0,-0.0035,-0.0236,23.69
362.201,0.0,0.0,20.0,-0.0036,-0.0236,23.7
362.252,0.0,0.0,20.0,-0.0035,-0.0236,23.69
362.303,0.0,0.0,20.0,-0.0035,-0.0236,23.69
362.353,0.0,0.0,20.0,-0.0035,-0.0236,23.69
362.405,0.0,0.0,20.0,-0.0035,-0.0236,23.68
362.456,0.0,0.0,20.0,-0.0035,-0.0236,23.68
362.507,0.0,0.0,20.0,-0.0035,-0.0236,23.68
362.557,0.0,0.0,20.0,-0.0035,-0.0236,23.68
362.608,0.0,0.0,20.0,-0.0035,-0.0236,23.68
362.659,0.0,0.0,20.0,-0.0035,-0.0236,23.68
362.71,0.0,0.0,20.0,-0.0035,-0.0236,23.68
362.76,0.0,0.0,20.0,-0.0035,-0.0236,23.68
362.811,0.0,0.0,20.0,-0.0035,-0.0236,23.68
362.862,0.0,0.0,20.0,-0.0035,-0.0236,23.68
362.912,0.0,0.0,20.0,-0.0035,-0.0236,23.68
362.963,0.0,0.0,20.0,-0.0035,-0.0236,23.68
363.014,0.0,0.0,20.0,-0.0035,-0.0236,23.68
363.065,0.0,0.0,20.0,-0.0035,-0.0236,23.68
363.116,0.0,0.0,20.0,-0.0035,-0.0236,23.69
363.167,0.0,0.0,20.0,-0.0035,-0.0236,23.69
363.218,0.0,0.0,20.0,-0.0035,-0.0236,23.69
363.269,0.0,0.0,20.0,-0.0035,-0.0236,23.69
363.319,0.0,0.0,20.0,-0.0035,-0.0236,23.69
363.37,0.0,0.0,20.0,-0.0035,-0.0236,23.69
363.421,0.0,0.0,20.0,-0.0035,-0.0236,23.69
363.472,0.0,0.0,20.0,-0.0035,-0.0236,23.69
363.522,0.0,0.0,20.0,-0.0035,-0.0236,23.68
363.573,0.0,0.0,20.0,-0.0035,-0.0236,23.68
363.623,0.0,0.0,20.0,-0.0035,-0.0236,23.68
363.674,0.0,0.0,20.0,-0.0035,-0.0236,23.68
363.724,0.0,0.0,20.0,-0.0035,-0.0236,23.68
363.775,0.0,0.0,20.0,-0.0035,-0.0236,23.68
363.825,0.0,0.0,20.0,-0.0035,-0.0236,23.68
363.876,0.0,0.0,20.0,-0.0035,-0.0236,23.68
363.927,0.0,0.0,20.0,-0.0035,-0.0236,23.68
363.978,0.0,0.0,20.0,-0.0035,-0.0236,23.68
364.029,0.0,0.0,20.0,-0.0035,-0.0236,23.68
364.08,0.0,0.0,20.0,-0.0035,-0.0236,23.68
364.13,0.0,0.0,20.0,-0.0035,-0.0236,23.68
364.181,0.0,0.0,20.0,-0.0035,-0.0236,23.68
364.232,0.0,0.0,20.0,-0.0035,-0.0236,23.68
364.282,0.0,0.0,20.0,-0.0035,-0.0236,23.68
364.333,0.0,0.0,20.0,-0.0035,-0.0236,23.68
364.384,0.0,0.0,20.0,-0.0035,-0.0236,23.68
364.436,0.0,0.0,20.0,-0.0034,-0.0236,23.68
364.525,0.0,0.0,20.0,-0.0034,-0.0236,23.68
364.576,0.0,0.0,20.0,-0.0034,-0.0236,23.68
364.626,0.0,0.0,20.0,-0.0034,-0.0236,23.68
364.677,0.0,0.0,20.0,-0.0034,-0.0236,23.68
364.728,0.0,0.0,20.0,-0.0034,-0.0236,23.68
364.778,0.0,0.0,20.0,-0.0034,-0.0236,23.68
364.829,0.0,0.0,20.0,-0.0034,-0.0236,23.68
364.879,0.0,0.0,20.0,-0.0034,-0.0236,23.68
364.93,0.0,0.0,20.0,-0.0034,-0.0236,23.68
364.981,0.0,0.0,20.0,-0.0034,-0.0236,23.68
365.032,0.0,0.0,20.0,-0.0034,-0.0236,23.68
365.082,0.0,0.0,20.0,-0.0034,-0.0236,23.68
365.133,0.0,0.0,20.0,-0.0034,-0.0236,23.68
365.184,0.0,0.0,20.0,-0.0034,-0.0236,23.68
365.235,0.0,0.0,20.0,-0.0034,-0.0236,23.67
365.286,0.0,0.0,20.0,-0.0034,-0.0236,23.67
365.336,0.0,0.0,20.0,-0.0034,-0.0236,23.67
365.388,0.0,0.0,20.0,-0.0034,-0.0236,23.67
365.438,0.0,0.0,20.0,-0.0034,-0.0236,23.67
365.489,0.0,0.0,20.0,-0.0034,-0.0236,23.67
365.54,0.0,0.0,20.0,-0.0034,-0.0236,23.67
365.591,0.0,0.0,20.0,-0.0034,-0.0236,23.68
365.641,0.0,0.0,20.0,-0.0034,-0.0236,23.68
365.692,0.0,0.0,20.0,-0.0034,-0.0236,23.68
365.743,0.0,0.0,20.0,-0.0034,-0.0236,23.68
365.794,0.0,0.0,20.0,-0.0034,-0.0236,23.67
365.844,0.0,0.0,20.0,-0.0034,-0.0236,23.67
365.896,0.0,0.0,20.0,-0.0034,-0.0236,23.67
365.946,0.0,0.0,20.0,-0.0034,-0.0236,23.67
365.997,0.0,0.0,20.0,-0.0034,-0.0236,23.67
366.048,0.0,0.0,20.0,-0.0034,-0.0236,23.67
366.099,0.0,0.0,20.0,-0.0034,-0.0236,23.68
366.149,0.0,0.0,20.0,-0.0034,-0.0236,23.68
366.2,0.0,0.0,20.0,-0.0034,-0.0236,23.68
366.251,0.0,0.0,20.0,-0.0034,-0.0236,23.68
366.302,0.0,0.0,20.0,-0.0034,-0.0236,23.68
366.352,0.0,0.0,20.0,-0.0034,-0.0236,23.68
366.403,0.0,0.0,20.0,-0.0034,-0.0236,23.68
366.453,0.0,0.0,20.0,-0.0034,-0.0236,23.68
366.504,0.0,0.0,20.0,-0.0034,-0.0236,23.68
366.554,0.0,0.0,20.0,-0.0034,-0.0236,23.68
366.605,0.0,0.0,20.0,-0.0034,-0.0236,23.67
366.656,0.0,0.0,20.0,-0.0034,-0.0236,23.67
366.706,0.0,0.0,20.0,-0.0034,-0.0236,23.67
366.757,0.0,0.0,20.0,-0.0034,-0.0236,23.67
366.808,0.0,0.0,20.0,-0.0034,-0.0236,23.67
366.858,0.0,0.0,20.0,-0.0034,-0.0236,23.67
366.91,0.0,0.0,20.0,-0.0034,-0.0236,23.67
366.961,0.0,0.0,20.0,-0.0034,-0.0236,23.68
367.012,0.0,0.0,20.0,-0.0034,-0.0236,23.68
367.062,0.0,0.0,20.0,-0.0034,-0.0236,23.68
367.113,0.0,0.0,20.0,-0.0034,-0.0236,23.67
367.164,0.0,0.0,20.0,-0.0034,-0.0236,23.67
367.252,0.0,0.0,20.0,-0.0034,-0.0236,23.67
367.303,0.0,0.0,20.0,-0.0034,-0.0236,23.67
367.354,0.0,0.0,20.0,-0.0034,-0.0236,23.67
367.405,0.0,0.0,20.0,-0.0034,-0.0236,23.68
367.455,0.0,0.0,20.0,-0.0034,-0.0236,23.68
367.506,0.0,0.0,20.0,-0.0034,-0.0236,23.68
367.556,0.0,0.0,20.0,-0.0034,-0.0236,23.68
367.607,0.0,0.0,20.0,-0.0034,-0.0236,23.67
367.658,0.0,0.0,20.0,-0.0034,-0.0236,23.67
367.708,0.0,0.0,20.0,-0.0034,-0.0236,23.67
367.759,0.0,0.0,20.0,-0.0034,-0.0236,23.67
367.809,0.0,0.0,20.0,-0.0034,-0.0236,23.67
367.86,0.0,0.0,20.0,-0.0034,-0.0236,23.67
367.911,0.0,0.0,20.0,-0.0034,-0.0236,23.67
367.961,0.0,0.0,20.0,-0.0034,-0.0236,23.67
368.012,0.0,0.0,20.0,-0.0034,-0.0236,23.67
368.063,0.0,0.0,20.0,-0.0034,-0.0236,23.67
368.113,0.0,0.0,20.0,-0.0034,-0.0236,23.67
368.164,0.0,0.0,20.0,-0.0034,-0.0236,23.68
368.215,0.0,0.0,20.0,-0.0034,-0.0236,23.68
368.265,0.0,0.0,20.0,-0.0034,-0.0236,23.68
368.316,0.0,0.0,20.0,-0.0034,-0.0236,23.68
368.366,0.0,0.0,20.0,-0.0034,-0.0236,23.67
368.417,0.0,0.0,20.0,-0.0034,-0.0236,23.67
368.468,0.0,0.0,20.0,-0.0034,-0.0236,23.67
368.519,0.0,0.0,20.0,-0.0034,-0.0236,23.67
368.569,0.0,0.0,20.0,-0.0034,-0.0236,23.67
368.62,0.0,0.0,20.0,-0.0034,-0.0236,23.67
368.67,0.0,0.0,20.0,-0.0034,-0.0236,23.68
368.721,0.0,0.0,20.0,-0.0034,-0.0236,23.68
368.772,0.0,0.0,20.0,-0.0034,-0.0236,23.68
368.822,0.0,0.0,20.0,-0.0034,-0.0236,23.68
368.873,0.0,0.0,20.0,-0.0034,-0.0236,23.68
368.924,0.0,0.0,20.0,-0.0034,-0.0236,23.68
368.975,0.0,0.0,20.0,-0.0034,-0.0236,23.68
369.026,0.0,0.0,20.0,-0.0034,-0.0236,23.68
369.076,0.0,0.0,20.0,-0.0034,-0.0236,23.68
369.127,0.0,0.0,20.0,-0.0034,-0.0236,23.68
369.178,0.0,0.0,20.0,-0.0034,-0.0236,23.68
369.228,0.0,0.0,20.0,-0.0034,-0.0236,23.68
369.28,0.0,0.0,20.0,-0.0034,-0.0236,23.67
369.33,0.0,0.0,20.0,-0.0034,-0.0236,23.67
369.381,0.0,0.0,20.0,-0.0034,-0.0236,23.67
369.432,0.0,0.0,20.0,-0.0034,-0.0236,23.67
369.483,0.0,0.0,20.0,-0.0034,-0.0236,23.67
369.534,0.0,0.0,20.0,-0.0034,-0.0236,23.67
369.585,0.0,0.0,20.0,-0.0034,-0.0236,23.67
369.636,0.0,0.0,20.0,-0.0034,-0.0236,23.67
369.686,0.0,0.0,20.0,-0.0034,-0.0236,23.67
369.738,0.0,0.0,20.0,-0.0034,-0.0236,23.67
369.788,0.0,0.0,20.0,-0.0034,-0.0236,23.67
369.839,0.0,0.0,20.0,-0.0034,-0.0236,23.67
369.891,0.0,0.0,20.0,-0.0034,-0.0236,23.67
369.977,0.0,0.0,20.0,-0.0034,-0.0236,23.67
370.028,0.0,0.0,20.0,-0.0034,-0.0236,23.67
370.078,0.0,0.0,20.0,-0.0034,-0.0236,23.67
370.129,0.0,0.0,20.0,-0.0034,-0.0236,23.67
370.18,0.0,0.0,20.0,-0.0034,-0.0236,23.67
370.231,0.0,0.0,20.0,-0.0034,-0.0236,23.67
370.282,0.0,0.0,20.0,-0.0034,-0.0236,23.67
370.333,0.0,0.0,20.0,-0.0034,-0.0236,23.67
370.384,0.0,0.0,20.0,-0.0034,-0.0236,23.67
370.435,0.0,0.0,20.0,-0.0034,-0.0236,23.67
370.485,0.0,0.0,20.0,-0.0034,-0.0236,23.67
370.535,0.0,0.0,20.0,-0.0034,-0.0236,23.67
370.586,0.0,0.0,20.0,-0.0034,-0.0236,23.67
370.637,0.0,0.0,20.0,-0.0034,-0.0236,23.67
370.688,0.0,0.0,20.0,-0.0034,-0.0236,23.68
370.738,0.0,0.0,20.0,-0.0034,-0.0236,23.68
370.789,0.0,0.0,20.0,-0.0034,-0.0236,23.67
370.839,0.0,0.0,20.0,-0.0034,-0.0236,23.67
370.891,0.0,0.0,20.0,-0.0034,-0.0236,23.67
370.941,0.0,0.0,20.0,-0.0034,-0.0236,23.67
370.992,0.0,0.0,20.0,-0.0034,-0.0236,23.67
371.043,0.0,0.0,20.0,-0.0034,-0.0236,23.67
371.093,0.0,0.0,20.0,-0.0034,-0.0236,23.67
371.144,0.0,0.0,20.0,-0.0034,-0.0236,23.67
371.194,0.0,0.0,20.0,-0.0034,-0.0236,23.67
371.245,0.0,0.0,20.0,-0.0034,-0.0236,23.67
371.334,0.0,0.0,20.0,-0.0034,-0.0236,23.67
371.386,0.0,0.0,20.0,-0.0034,-0.0236,23.67
371.437,0.0,0.0,20.0,-0.0034,-0.0236,23.67
371.488,0.0,0.0,20.0,-0.0034,-0.0236,23.67
371.539,0.0,0.0,20.0,-0.0034,-0.0236,23.68
371.59,0.0,0.0,20.0,-0.0034,-0.0236,23.68
371.64,0.0,0.0,20.0,-0.0034,-0.0236,23.67
371.691,0.0,0.0,20.0,-0.0034,-0.0236,23.67
371.741,0.0,0.0,20.0,-0.0034,-0.0236,23.67
371.793,0.0,0.0,20.0,-0.0034,-0.0236,23.67
371.844,0.0,0.0,20.0,-0.0034,-0.0236,23.67
371.894,0.0,0.0,20.0,-0.0034,-0.0236,23.68
371.945,0.0,0.0,20.0,-0.0034,-0.0236,23.67
371.996,0.0,0.0,20.0,-0.0034,-0.0236,23.67
372.047,0.0,0.0,20.0,-0.0034,-0.0236,23.67
372.097,0.0,0.0,20.0,-0.0034,-0.0236,23.67
372.148,0.0,0.0,20.0,-0.0034,-0.0236,23.67
372.199,0.0,0.0,20.0,-0.0034,-0.0236,23.67
372.25,0.0,0.0,20.0,-0.0034,-0.0236,23.68
372.301,0.0,0.0,20.0,-0.0034,-0.0236,23.67
372.353,0.0,0.0,20.0,-0.0034,-0.0236,23.67
372.404,0.0,0.0,20.0,-0.0034,-0.0236,23.67
372.455,0.0,0.0,20.0,-0.0034,-0.0236,23.67
372.505,0.0,0.0,20.0,-0.0034,-0.0236,23.67
372.557,0.0,0.0,20.0,-0.0034,-0.0236,23.67
372.607,0.0,0.0,20.0,-0.0034,-0.0236,23.67
372.658,0.0,0.0,20.0,-0.0034,-0.0236,23.67
372.71,0.0,0.0,20.0,-0.0034,-0.0236,23.67
372.76,0.0,0.0,20.0,-0.0034,-0.0236,23.67
372.811,0.0,0.0,20.0,-0.0034,-0.0236,23.67
372.862,0.0,0.0,20.0,-0.0034,-0.0236,23.67
372.913,0.0,0.0,20.0,-0.0034,-0.0236,23.67
372.964,0.0,0.0,20.0,-0.0034,-0.0236,23.67
373.014,0.0,0.0,20.0,-0.0034,-0.0236,23.67
373.065,0.0,0.0,20.0,-0.0034,-0.0236,23.67
373.116,0.0,0.0,20.0,-0.0034,-0.0236,23.67
373.166,0.0,0.0,20.0,-0.0034,-0.0236,23.67
373.217,0.0,0.0,20.0,-0.0034,-0.0236,23.67
373.268,0.0,0.0,20.0,-0.0034,-0.0236,23.67
373.318,0.0,0.0,20.0,-0.0034,-0.0236,23.67
373.369,0.0,0.0,20.0,-0.0034,-0.0236,23.67
373.42,0.0,0.0,20.0,-0.0034,-0.0236,23.67
373.471,0.0,0.0,20.0,-0.0034,-0.0236,23.67
373.523,0.0,0.0,20.0,-0.0034,-0.0236,23.67
373.573,0.0,0.0,20.0,-0.0034,-0.0236,23.67
373.624,0.0,0.0,20.0,-0.0034,-0.0236,23.67
373.675,0.0,0.0,20.0,-0.0034,-0.0236,23.67
373.726,0.0,0.0,20.0,-0.0034,-0.0236,23.67
373.776,0.0,0.0,20.0,-0.0034,-0.0236,23.67
373.827,0.0,0.0,20.0,-0.0034,-0.0236,23.67
373.877,0.0,0.0,20.0,-0.0034,-0.0236,23.67
373.928,0.0,0.0,20.0,-0.0034,-0.0236,23.67
373.979,0.0,0.0,20.0,-0.0034,-0.0236,23.66
374.061,0.0,0.0,20.0,-0.0034,-0.0236,23.66
374.112,0.0,0.0,20.0,-0.0034,-0.0236,23.66
374.162,0.0,0.0,20.0,-0.0034,-0.0236,23.67
374.213,0.0,0.0,20.0,-0.0034,-0.0236,23.67
374.264,0.0,0.0,20.0,-0.0034,-0.0236,23.67
374.315,0.0,0.0,20.0,-0.0034,-0.0236,23.67
374.366,0.0,0.0,20.0,-0.0034,-0.0236,23.67
374.416,0.0,0.0,20.0,-0.0034,-0.0236,23.66
374.467,0.0,0.0,20.0,-0.0034,-0.0237,23.66
374.517,0.0,0.0,20.0,-0.0034,-0.0236,23.66
374.568,0.0,0.0,20.0,-0.0034,-0.0236,23.67
374.62,0.0,0.0,20.0,-0.0034,-0.0236,23.67
374.671,0.0,0.0,20.0,-0.0034,-0.0236,23.67
374.721,0.0,0.0,20.0,-0.0034,-0.0236,23.67
374.772,0.0,0.0,20.0,-0.0034,-0.0236,23.67
374.822,0.0,0.0,20.0,-0.0034,-0.0236,23.67
374.873,0.0,0.0,20.0,-0.0034,-0.0236,23.67
374.925,0.0,0.0,20.0,-0.0034,-0.0236,23.67
374.976,0.0,0.0,20.0,-0.0034,-0.0236,23.67
375.026,0.0,0.0,20.0,-0.0034,-0.0236,23.67
375.077,0.0,0.0,20.0,-0.0034,-0.0236,23.67
375.128,0.0,0.0,20.0,-0.0034,-0.0236,23.67
375.178,0.0,0.0,20.0,-0.0034,-0.0236,23.67
375.229,0.0,0.0,20.0,-0.0034,-0.0236,23.67
375.28,0.0,0.0,20.0,-0.0034,-0.0236,23.67
375.33,0.0,0.0,20.0,-0.0034,-0.0236,23.67
375.381,0.0,0.0,20.0,-0.0034,-0.0236,23.67
375.437,0.0,0.0,20.0,-0.0034,-0.0236,23.67
375.487,0.0,0.0,20.0,-0.0034,-0.0236,23.67
375.538,0.0,0.0,20.0,-0.0034,-0.0236,23.67
375.589,0.0,0.0,20.0,-0.0034,-0.0236,23.67
375.64,0.0,0.0,20.0,-0.0034,-0.0236,23.67
375.69,0.0,0.0,20.0,-0.0034,-0.0236,23.67
375.741,0.0,0.0,20.0,-0.0034,-0.0236,23.67
375.791,0.0,0.0,20.0,-0.0034,-0.0236,23.67
375.842,0.0,0.0,20.0,-0.0034,-0.0236,23.67
375.893,0.0,0.0,20.0,-0.0034,-0.0236,23.67
375.944,0.0,0.0,20.0,-0.0034,-0.0236,23.67
375.995,0.0,0.0,20.0,-0.0034,-0.0236,23.67
376.046,0.0,0.0,20.0,-0.0034,-0.0236,23.67
376.096,0.0,0.0,20.0,-0.0034,-0.0236,23.66
376.147,0.0,0.0,20.0,-0.0034,-0.0236,23.66
376.198,0.0,0.0,20.0,-0.0034,-0.0236,23.66
376.249,0.0,0.0,20.0,-0.0034,-0.0236,23.66
376.3,0.0,0.0,20.0,-0.0034,-0.0236,23.66
376.35,0.0,0.0,20.0,-0.0034,-0.0236,23.66
376.401,0.0,0.0,20.0,-0.0034,-0.0236,23.66
376.452,0.0,0.0,20.0,-0.0034,-0.0237,23.66
376.502,0.0,0.0,20.0,-0.0034,-0.0237,23.66
376.553,0.0,0.0,20.0,-0.0034,-0.0237,23.66
376.603,0.0,0.0,20.0,-0.0034,-0.0237,23.66
376.654,0.0,0.0,20.0,-0.0034,-0.0237,23.66
376.704,0.0,0.0,20.0,-0.0034,-0.0237,23.66
376.795,0.0,0.0,20.0,-0.0033,-0.0237,23.65
376.846,0.0,0.0,20.0,-0.0033,-0.0237,23.65
376.897,0.0,0.0,20.0,-0.0033,-0.0237,23.65
376.948,0.0,0.0,20.0,-0.0033,-0.0237,23.65
376.998,0.0,0.0,20.0,-0.0033,-0.0237,23.65
377.049,0.0,0.0,20.0,-0.0033,-0.0237,23.65
377.1,0.0,0.0,20.0,-0.0033,-0.0237,23.65
377.151,0.0,0.0,20.0,-0.0033,-0.0237,23.65
377.202,0.0,0.0,20.0,-0.0033,-0.0237,23.65
377.253,0.0,0.0,20.0,-0.0033,-0.0237,23.65
377.304,0.0,0.0,20.0,-0.0033,-0.0237,23.65
377.355,0.0,0.0,20.0,-0.0033,-0.0237,23.65
377.406,0.0,0.0,20.0,-0.0033,-0.0237,23.65
377.456,0.0,0.0,20.0,-0.0033,-0.0237,23.65
377.507,0.0,0.0,20.0,-0.0033,-0.0237,23.65
377.558,0.0,0.0,20.0,-0.0033,-0.0237,23.65
377.609,0.0,0.0,20.0,-0.0033,-0.0237,23.65
377.659,0.0,0.0,20.0,-0.0033,-0.0237,23.65
377.71,0.0,0.0,20.0,-0.0033,-0.0237,23.65
377.761,0.0,0.0,20.0,-0.0033,-0.0237,23.65
377.812,0.0,0.0,20.0,-0.0033,-0.0237,23.65
377.863,0.0,0.0,20.0,-0.0033,-0.0237,23.65
377.914,0.0,0.0,20.0,-0.0033,-0.0237,23.65
377.964,0.0,0.0,20.0,-0.0033,-0.0237,23.65
378.015,0.0,0.0,20.0,-0.0033,-0.0237,23.65
378.066,0.0,0.0,20.0,-0.0033,-0.0237,23.65
378.158,0.0,0.0,20.0,-0.0033,-0.0237,23.65
378.208,0.0,0.0,20.0,-0.0033,-0.0237,23.65
378.259,0.0,0.0,20.0,-0.0033,-0.0237,23.65
378.31,0.0,0.0,20.0,-0.0033,-0.0237,23.65
378.36,0.0,0.0,20.0,-0.0033,-0.0237,23.65
378.411,0.0,0.0,20.0,-0.0033,-0.0237,23.65
378.462,0.0,0.0,20.0,-0.0033,-0.0237,23.65
378.513,0.0,0.0,20.0,-0.0033,-0.0237,23.64
378.564,0.0,0.0,20.0,-0.0033,-0.0237,23.65
378.615,0.0,0.0,20.0,-0.0033,-0.0237,23.65
378.665,0.0,0.0,20.0,-0.0033,-0.0237,23.64
378.716,0.0,0.0,20.0,-0.0033,-0.0237,23.64
378.767,0.0,0.0,20.0,-0.0033,-0.0237,23.64
378.818,0.0,0.0,20.0,-0.0033,-0.0237,23.64
378.868,0.0,0.0,20.0,-0.0033,-0.0237,23.64
378.919,0.0,0.0,20.0,-0.0033,-0.0237,23.64
378.97,0.0,0.0,20.0,-0.0033,-0.0237,23.64
379.021,0.0,0.0,20.0,-0.0033,-0.0237,23.64
379.072,0.0,0.0,20.0,-0.0033,-0.0237,23.64
379.123,0.0,0.0,20.0,-0.0033,-0.0237,23.64
379.173,0.0,0.0,20.0,-0.0033,-0.0237,23.64
379.224,0.0,0.0,20.0,-0.0033,-0.0237,23.64
379.274,0.0,0.0,20.0,-0.0033,-0.0237,23.64
379.325,0.0,0.0,20.0,-0.0032,-0.0237,23.64
379.375,0.0,0.0,20.0,-0.0032,-0.0237,23.64
379.427,0.0,0.0,20.0,-0.0032,-0.0237,23.64
379.477,0.0,0.0,20.0,-0.0032,-0.0237,23.64
379.528,0.0,0.0,20.0,-0.0032,-0.0237,23.64
379.579,0.0,0.0,20.0,-0.0032,-0.0237,23.64
379.63,0.0,0.0,20.0,-0.0032,-0.0237,23.64
379.681,0.0,0.0,20.0,-0.0032,-0.0237,23.64
379.731,0.0,0.0,20.0,-0.0032,-0.0237,23.64
379.782,0.0,0.0,20.0,-0.0032,-0.0237,23.64
379.833,0.0,0.0,20.0,-0.0032,-0.0237,23.64
379.884,0.0,0.0,20.0,-0.0032,-0.0237,23.64
379.934,0.0,0.0,20.0,-0.0033,-0.0237,23.64
379.985,0.0,0.0,20.0,-0.0033,-0.0237,23.64
380.036,0.0,0.0,20.0,-0.0032,-0.0237,23.64
380.087,0.0,0.0,20.0,-0.0032,-0.0237,23.64
380.138,0.0,0.0,20.0,-0.0032,-0.0237,23.64
380.188,0.0,0.0,20.0,-0.0032,-0.0237,23.64
380.239,0.0,0.0,20.0,-0.0032,-0.0237,23.64
380.29,0.0,0.0,20.0,-0.0032,-0.0237,23.64
380.341,0.0,0.0,20.0,-0.0032,-0.0237,23.64
380.392,0.0,0.0,20.0,-0.0032,-0.0237,23.64
380.442,0.0,0.0,20.0,-0.0032,-0.0237,23.64
380.493,0.0,0.0,20.0,-0.0032,-0.0237,23.64
380.544,0.0,0.0,20.0,-0.0032,-0.0237,23.64
380.595,0.0,0.0,20.0,-0.0032,-0.0237,23.64
380.646,0.0,0.0,20.0,-0.0032,-0.0237,23.64
380.696,0.0,0.0,20.0,-0.0032,-0.0237,23.64
380.747,0.0,0.0,20.0,-0.0032,-0.0237,23.64
380.798,0.0,0.0,20.0,-0.0032,-0.0237,23.64
380.879,0.0,0.0,20.0,-0.0032,-0.0237,23.64
380.929,0.0,0.0,20.0,-0.0032,-0.0237,23.63
380.98,0.0,0.0,20.0,-0.0032,-0.0237,23.63
381.031,0.0,0.0,20.0,-0.0032,-0.0237,23.64
381.081,0.0,0.0,20.0,-0.0032,-0.0237,23.64
381.132,0.0,0.0,20.0,-0.0032,-0.0237,23.63
381.183,0.0,0.0,20.0,-0.0032,-0.0237,23.63
381.234,0.0,0.0,20.0,-0.0032,-0.0237,23.64
381.285,0.0,0.0,20.0,-0.0032,-0.0237,23.63
381.336,0.0,0.0,20.0,-0.0032,-0.0237,23.63
381.387,0.0,0.0,20.0,-0.0032,-0.0237,23.63
381.437,0.0,0.0,20.0,-0.0032,-0.0237,23.63
381.488,0.0,0.0,20.0,-0.0032,-0.0237,23.63
381.539,0.0,0.0,20.0,-0.0032,-0.0237,23.63
381.589,0.0,0.0,20.0,-0.0032,-0.0237,23.63
381.64,0.0,0.0,20.0,-0.0032,-0.0237,23.63
381.691,0.0,0.0,20.0,-0.0032,-0.0237,23.63
381.741,0.0,0.0,20.0,-0.0032,-0.0237,23.63
381.792,0.0,0.0,20.0,-0.0032,-0.0237,23.63
381.843,0.0,0.0,20.0,-0.0032,-0.0237,23.63
381.894,0.0,0.0,20.0,-0.0032,-0.0237,23.63
381.944,0.0,0.0,20.0,-0.0032,-0.0237,23.63
381.995,0.0,0.0,20.0,-0.0032,-0.0237,23.63
382.045,0.0,0.0,20.0,-0.0032,-0.0237,23.63
382.096,0.0,0.0,20.0,-0.0032,-0.0237,23.63
382.146,0.0,0.0,20.0,-0.0032,-0.0237,23.63
382.197,0.0,0.0,20.0,-0.0032,-0.0237,23.63
382.251,0.0,0.0,20.0,-0.0032,-0.0237,23.63
382.303,0.0,0.0,20.0,-0.0032,-0.0237,23.63
382.353,0.0,0.0,20.0,-0.0032,-0.0237,23.63
382.404,0.0,0.0,20.0,-0.0032,-0.0237,23.63
382.455,0.0,0.0,20.0,-0.0032,-0.0237,23.62
382.506,0.0,0.0,20.0,-0.0032,-0.0237,23.63
382.557,0.0,0.0,20.0,-0.0032,-0.0237,23.63
382.607,0.0,0.0,20.0,-0.0032,-0.0237,23.62
382.658,0.0,0.0,20.0,-0.0032,-0.0237,23.62
382.708,0.0,0.0,20.0,-0.0032,-0.0237,23.62
382.759,0.0,0.0,20.0,-0.0032,-0.0237,23.62
382.81,0.0,0.0,20.0,-0.0032,-0.0237,23.62
382.861,0.0,0.0,20.0,-0.0032,-0.0237,23.62
382.911,0.0,0.0,20.0,-0.0032,-0.0237,23.62
382.962,0.0,0.0,20.0,-0.0032,-0.0237,23.62
383.013,0.0,0.0,20.0,-0.0032,-0.0237,23.62
383.063,0.0,0.0,20.0,-0.0032,-0.0237,23.62
383.114,0.0,0.0,20.0,-0.0032,-0.0237,23.62
383.164,0.0,0.0,20.0,-0.0032,-0.0237,23.62
383.215,0.0,0.0,20.0,-0.0031,-0.0237,23.62
383.266,0.0,0.0,20.0,-0.0031,-0.0237,23.62
383.317,0.0,0.0,20.0,-0.0031,-0.0237,23.62
383.369,0.0,0.0,20.0,-0.0031,-0.0237,23.62
383.42,0.0,0.0,20.0,-0.0031,-0.0237,23.62
383.471,0.0,0.0,20.0,-0.0031,-0.0237,23.62
383.521,0.0,0.0,20.0,-0.0031,-0.0237,23.62
383.611,0.0,0.0,20.0,-0.0031,-0.0237,23.61
383.663,0.0,0.0,20.0,-0.0031,-0.0237,23.61
383.713,0.0,0.0,20.0,-0.0031,-0.0237,23.61
383.764,0.0,0.0,20.0,-0.0031,-0.0237,23.61
383.815,0.0,0.0,20.0,-0.0031,-0.0237,23.61
383.866,0.0,0.0,20.0,-0.0031,-0.0237,23.61
383.917,0.0,0.0,20.0,-0.0031,-0.0237,23.61
383.968,0.0,0.0,20.0,-0.0031,-0.0237,23.61
384.018,0.0,0.0,20.0,-0.0031,-0.0237,23.61
384.069,0.0,0.0,20.0,-0.0031,-0.0237,23.61
384.12,0.0,0.0,20.0,-0.0031,-0.0237,23.61
384.171,0.0,0.0,20.0,-0.0031,-0.0237,23.61
384.223,0.0,0.0,20.0,-0.0031,-0.0237,23.61
384.273,0.0,0.0,20.0,-0.0031,-0.0237,23.61
384.324,0.0,0.0,20.0,-0.0031,-0.0237,23.61
384.374,0.0,0.0,20.0,-0.0031,-0.0237,23.61
384.425,0.0,0.0,20.0,-0.0031,-0.0237,23.61
384.476,0.0,0.0,20.0,-0.0031,-0.0237,23.61
384.527,0.0,0.0,20.0,-0.0031,-0.0237,23.61
384.577,0.0,0.0,20.0,-0.0031,-0.0237,23.61
384.628,0.0,0.0,20.0,-0.0031,-0.0237,23.61
384.679,0.0,0.0,20.0,-0.0031,-0.0237,23.61
384.73,0.0,0.0,20.0,-0.0031,-0.0237,23.61
384.78,0.0,0.0,20.0,-0.0031,-0.0237,23.61
384.832,0.0,0.0,20.0,-0.0031,-0.0237,23.61
384.883,0.0,0.0,20.0,-0.0031,-0.0237,23.61
384.97,0.0,0.0,20.0,-0.0031,-0.0237,23.61
385.021,0.0,0.0,20.0,-0.0031,-0.0237,23.61
385.072,0.0,0.0,20.0,-0.0031,-0.0237,23.61
385.123,0.0,0.0,20.0,-0.0031,-0.0237,23.61
385.174,0.0,0.0,20.0,-0.0031,-0.0237,23.61
385.225,0.0,0.0,20.0,-0.0031,-0.0237,23.61
385.275,0.0,0.0,20.0,-0.0031,-0.0237,23.61
385.326,0.0,0.0,20.0,-0.0031,-0.0237,23.61
385.377,0.0,0.0,20.0,-0.0031,-0.0237,23.61
385.427,0.0,0.0,20.0,-0.0031,-0.0237,23.62
385.479,0.0,0.0,20.0,-0.0031,-0.0237,23.62
385.529,0.0,0.0,20.0,-0.0031,-0.0237,23.62
385.58,0.0,0.0,20.0,-0.0031,-0.0237,23.62
385.631,0.0,0.0,20.0,-0.0031,-0.0237,23.62
385.681,0.0,0.0,20.0,-0.0031,-0.0237,23.62
385.732,0.0,0.0,20.0,-0.0031,-0.0237,23.62
385.783,0.0,0.0,20.0,-0.0031,-0.0237,23.62
385.834,0.0,0.0,20.0,-0.0031,-0.0237,23.61
385.886,0.0,0.0,20.0,-0.0031,-0.0237,23.61
385.936,0.0,0.0,20.0,-0.0031,-0.0237,23.61
385.987,0.0,0.0,20.0,-0.0031,-0.0237,23.61
386.038,0.0,0.0,20.0,-0.0031,-0.0237,23.61
386.089,0.0,0.0,20.0,-0.0031,-0.0237,23.61
386.141,0.0,0.0,20.0,-0.0031,-0.0237,23.61
386.191,0.0,0.0,20.0,-0.0031,-0.0237,23.61
386.242,0.0,0.0,20.0,-0.0031,-0.0237,23.61
386.292,0.0,0.0,20.0,-0.0031,-0.0237,23.61
386.343,0.0,0.0,20.0,-0.0031,-0.0237,23.61
386.394,0.0,0.0,20.0,-0.0031,-0.0238,23.6
386.445,0.0,0.0,20.0,-0.0031,-0.0238,23.6
386.495,0.0,0.0,20.0,-0.0031,-0.0238,23.6
386.546,0.0,0.0,20.0,-0.0031,-0.0238,23.6
386.596,0.0,0.0,20.0,-0.0031,-0.0238,23.6
386.647,0.0,0.0,20.0,-0.0031,-0.0238,23.6
386.698,0.0,0.0,20.0,-0.0031,-0.0238,23.6
386.749,0.0,0.0,20.0,-0.0031,-0.0238,23.6
386.799,0.0,0.0,20.0,-0.0031,-0.0238,23.6
386.85,0.0,0.0,20.0,-0.0031,-0.0238,23.6
386.901,0.0,0.0,20.0,-0.0031,-0.0238,23.6
386.951,0.0,0.0,20.0,-0.0031,-0.0238,23.6
387.002,0.0,0.0,20.0,-0.0031,-0.0238,23.6
387.053,0.0,0.0,20.0,-0.0031,-0.0238,23.6
387.104,0.0,0.0,20.0,-0.0031,-0.0238,23.6
387.154,0.0,0.0,20.0,-0.0031,-0.0238,23.6
387.205,0.0,0.0,20.0,-0.0031,-0.0238,23.6
387.255,0.0,0.0,20.0,-0.0031,-0.0238,23.6
387.306,0.0,0.0,20.0,-0.0031,-0.0238,23.6
387.357,0.0,0.0,20.0,-0.0031,-0.0238,23.6
387.407,0.0,0.0,20.0,-0.0031,-0.0238,23.6
387.458,0.0,0.0,20.0,-0.0031,-0.0238,23.6
387.509,0.0,0.0,20.0,-0.0031,-0.0238,23.6
387.559,0.0,0.0,20.0,-0.0031,-0.0237,23.61
387.611,0.0,0.0,20.0,-0.0031,-0.0237,23.61
387.693,0.0,0.0,20.0,-0.0031,-0.0238,23.6
387.743,0.0,0.0,20.0,-0.0031,-0.0238,23.6
387.794,0.0,0.0,20.0,-0.0031,-0.0238,23.6
387.845,0.0,0.0,20.0,-0.0031,-0.0238,23.6
387.896,0.0,0.0,20.0,-0.0031,-0.0237,23.61
387.946,0.0,0.0,20.0,-0.0031,-0.0237,23.61
387.997,0.0,0.0,20.0,-0.0031,-0.0238,23.6
388.048,0.0,0.0,20.0,-0.0031,-0.0238,23.6
388.099,0.0,0.0,20.0,-0.0031,-0.0238,23.6
388.149,0.0,0.0,20.0,-0.0031,-0.0238,23.6
388.201,0.0,0.0,20.0,-0.0031,-0.0238,23.6
388.251,0.0,0.0,20.0,-0.0031,-0.0238,23.6
388.302,0.0,0.0,20.0,-0.0031,-0.0238,23.6
388.352,0.0,0.0,20.0,-0.0031,-0.0238,23.6
388.403,0.0,0.0,20.0,-0.0031,-0.0238,23.6
388.453,0.0,0.0,20.0,-0.0031,-0.0238,23.6
388.504,0.0,0.0,20.0,-0.0031,-0.0237,23.61
388.555,0.0,0.0,20.0,-0.0031,-0.0237,23.61
388.606,0.0,0.0,20.0,-0.0031,-0.0237,23.61
388.657,0.0,0.0,20.0,-0.0031,-0.0237,23.61
388.708,0.0,0.0,20.0,-0.0031,-0.0237,23.61
388.759,0.0,0.0,20.0,-0.0031,-0.0237,23.61
388.81,0.0,0.0,20.0,-0.0031,-0.0237,23.61
388.86,0.0,0.0,20.0,-0.0031,-0.0237,23.61
388.911,0.0,0.0,20.0,-0.0031,-0.0237,23.61
388.962,0.0,0.0,20.0,-0.0031,-0.0237,23.61
389.013,0.0,0.0,20.0,-0.0031,-0.0237,23.61
389.064,0.0,0.0,20.0,-0.0031,-0.0237,23.61
389.114,0.0,0.0,20.0,-0.0031,-0.0237,23.61
389.167,0.0,0.0,20.0,-0.0031,-0.0237,23.61
389.217,0.0,0.0,20.0,-0.0031,-0.0237,23.61
389.268,0.0,0.0,20.0,-0.0031,-0.0237,23.61
389.319,0.0,0.0,20.0,-0.0031,-0.0237,23.61
389.37,0.0,0.0,20.0,-0.0031,-0.0237,23.61
389.421,0.0,0.0,20.0,-0.0031,-0.0237,23.61
389.472,0.0,0.0,20.0,-0.0031,-0.0237,23.61
389.523,0.0,0.0,20.0,-0.0031,-0.0237,23.61
389.573,0.0,0.0,20.0,-0.0031,-0.0237,23.61
389.625,0.0,0.0,20.0,-0.0031,-0.0237,23.61
389.675,0.0,0.0,20.0,-0.0031,-0.0237,23.61
389.726,0.0,0.0,20.0,-0.0031,-0.0237,23.61
389.776,0.0,0.0,20.0,-0.0031,-0.0237,23.61
389.827,0.0,0.0,20.0,-0.0031,-0.0237,23.61
389.878,0.0,0.0,20.0,-0.0031,-0.0237,23.61
389.929,0.0,0.0,20.0,-0.0031,-0.0237,23.61
389.979,0.0,0.0,20.0,-0.0031,-0.0237,23.61
390.03,0.0,0.0,20.0,-0.0031,-0.0237,23.61
390.081,0.0,0.0,20.0,-0.0031,-0.0237,23.61
390.132,0.0,0.0,20.0,-0.0031,-0.0237,23.61
390.182,0.0,0.0,20.0,-0.0031,-0.0238,23.6
390.233,0.0,0.0,20.0,-0.0031,-0.0238,23.6
390.284,0.0,0.0,20.0,-0.0031,-0.0237,23.61
390.334,0.0,0.0,20.0,-0.0031,-0.0237,23.61
390.422,0.0,0.0,20.0,-0.0031,-0.0237,23.61
390.473,0.0,0.0,20.0,-0.0031,-0.0237,23.61
390.523,0.0,0.0,20.0,-0.0031,-0.0237,23.61
390.574,0.0,0.0,20.0,-0.0031,-0.0237,23.61
390.625,0.0,0.0,20.0,-0.0031,-0.0237,23.61
390.675,0.0,0.0,20.0,-0.0031,-0.0237,23.61
390.726,0.0,0.0,20.0,-0.0031,-0.0237,23.61
390.776,0.0,0.0,20.0,-0.0031,-0.0237,23.61
390.827,0.0,0.0,20.0,-0.0031,-0.0237,23.61
390.878,0.0,0.0,20.0,-0.0031,-0.0238,23.6
390.929,0.0,0.0,20.0,-0.0031,-0.0238,23.6
390.979,0.0,0.0,20.0,-0.0031,-0.0237,23.61
391.03,0.0,0.0,20.0,-0.0031,-0.0237,23.61
391.081,0.0,0.0,20.0,-0.0031,-0.0237,23.61
391.132,0.0,0.0,20.0,-0.0031,-0.0237,23.61
391.182,0.0,0.0,20.0,-0.0031,-0.0238,23.6
391.233,0.0,0.0,20.0,-0.0031,-0.0238,23.6
391.284,0.0,0.0,20.0,-0.0031,-0.0238,23.6
391.335,0.0,0.0,20.0,-0.0031,-0.0238,23.6
391.386,0.0,0.0,20.0,-0.0031,-0.0238,23.6
391.436,0.0,0.0,20.0,-0.0031,-0.0238,23.6
391.487,0.0,0.0,20.0,-0.0031,-0.0238,23.6
391.538,0.0,0.0,20.0,-0.0031,-0.0238,23.6
391.589,0.0,0.0,20.0,-0.0031,-0.0238,23.6
391.639,0.0,0.0,20.0,-0.0031,-0.0238,23.6
391.69,0.0,0.0,20.0,-0.0031,-0.0238,23.6
391.74,0.0,0.0,20.0,-0.0031,-0.0238,23.6
391.791,0.0,0.0,20.0,-0.003,-0.0238,23.6
391.842,0.0,0.0,20.0,-0.0031,-0.0238,23.6
391.893,0.0,0.0,20.0,-0.0031,-0.0238,23.6
391.943,0.0,0.0,20.0,-0.0031,-0.0238,23.6
391.994,0.0,0.0,20.0,-0.0031,-0.0238,23.6
392.045,0.0,0.0,20.0,-0.0031,-0.0238,23.6
392.096,0.0,0.0,20.0,-0.0031,-0.0238,23.6
392.146,0.0,0.0,20.0,-0.0031,-0.0238,23.6
392.197,0.0,0.0,20.0,-0.0031,-0.0238,23.6
392.247,0.0,0.0,20.0,-0.0031,-0.0238,23.6
392.298,0.0,0.0,20.0,-0.0031,-0.0238,23.6
392.349,0.0,0.0,20.0,-0.0031,-0.0238,23.6
392.399,0.0,0.0,20.0,-0.0031,-0.0238,23.6
392.45,0.0,0.0,20.0,-0.0031,-0.0238,23.6
392.501,0.0,0.0,20.0,-0.003,-0.0238,23.59
392.552,0.0,0.0,20.0,-0.003,-0.0238,23.59
392.603,0.0,0.0,20.0,-0.0031,-0.0238,23.6
392.653,0.0,0.0,20.0,-0.0031,-0.0238,23.6
392.705,0.0,0.0,20.0,-0.003,-0.0238,23.6
392.756,0.0,0.0,20.0,-0.003,-0.0238,23.6
392.806,0.0,0.0,20.0,-0.003,-0.0238,23.59
392.857,0.0,0.0,20.0,-0.003,-0.0238,23.59
392.908,0.0,0.0,20.0,-0.003,-0.0238,23.59
392.959,0.0,0.0,20.0,-0.003,-0.0238,23.59
393.01,0.0,0.0,20.0,-0.003,-0.0238,23.59
393.061,0.0,0.0,20.0,-0.003,-0.0238,23.58
393.141,0.0,0.0,20.0,-0.003,-0.0238,23.59
393.192,0.0,0.0,20.0,-0.003,-0.0238,23.59
393.243,0.0,0.0,20.0,-0.003,-0.0238,23.58
393.294,0.0,0.0,20.0,-0.003,-0.0238,23.58
393.345,0.0,0.0,20.0,-0.003,-0.0238,23.58
393.395,0.0,0.0,20.0,-0.003,-0.0238,23.58
393.446,0.0,0.0,20.0,-0.003,-0.0238,23.58
393.496,0.0,0.0,20.0,-0.003,-0.0238,23.58
393.547,0.0,0.0,20.0,-0.003,-0.0238,23.58
393.597,0.0,0.0,20.0,-0.003,-0.0238,23.58
393.648,0.0,0.0,20.0,-0.003,-0.0238,23.58
393.7,0.0,0.0,20.0,-0.003,-0.0238,23.58
393.751,0.0,0.0,20.0,-0.0029,-0.0238,23.57
393.801,0.0,0.0,20.0,-0.0029,-0.0238,23.57
393.852,0.0,0.0,20.0,-0.0029,-0.0238,23.57
393.903,0.0,0.0,20.0,-0.0029,-0.0238,23.57
393.953,0.0,0.0,20.0,-0.0029,-0.0238,23.57
394.004,0.0,0.0,20.0,-0.0029,-0.0238,23.57
394.055,0.0,0.0,20.0,-0.0029,-0.0238,23.57
394.105,0.0,0.0,20.0,-0.0029,-0.0238,23.57
394.156,0.0,0.0,20.0,-0.0029,-0.0238,23.57
394.206,0.0,0.0,20.0,-0.0029,-0.0238,23.57
394.257,0.0,0.0,20.0,-0.0029,-0.0238,23.57
394.308,0.0,0.0,20.0,-0.0029,-0.0238,23.57
394.358,0.0,0.0,20.0,-0.0029,-0.0238,23.57
394.408,0.0,0.0,20.0,-0.0029,-0.0238,23.57
394.459,0.0,0.0,20.0,-0.0029,-0.0238,23.57
394.51,0.0,0.0,20.0,-0.0029,-0.0238,23.57
394.561,0.0,0.0,20.0,-0.0029,-0.0238,23.57
394.611,0.0,0.0,20.0,-0.0029,-0.0238,23.57
394.662,0.0,0.0,20.0,-0.0029,-0.0238,23.57
394.713,0.0,0.0,20.0,-0.0029,-0.0238,23.57
394.764,0.0,0.0,20.0,-0.0029,-0.0238,23.57
394.814,0.0,0.0,20.0,-0.0029,-0.0238,23.57
394.865,0.0,0.0,20.0,-0.0029,-0.0238,23.57
394.915,0.0,0.0,20.0,-0.0029,-0.0238,23.57
394.966,0.0,0.0,20.0,-0.0029,-0.0238,23.57
395.016,0.0,0.0,20.0,-0.0029,-0.0238,23.57
395.067,0.0,0.0,20.0,-0.0029,-0.0238,23.57
395.118,0.0,0.0,20.0,-0.0029,-0.0238,23.57
395.168,0.0,0.0,20.0,-0.0029,-0.0238,23.57
395.219,0.0,0.0,20.0,-0.0028,-0.0238,23.56
395.27,0.0,0.0,20.0,-0.0028,-0.0238,23.56
395.321,0.0,0.0,20.0,-0.0028,-0.0238,23.56
395.371,0.0,0.0,20.0,-0.0028,-0.0238,23.56
395.421,0.0,0.0,20.0,-0.0028,-0.0238,23.56
395.472,0.0,0.0,20.0,-0.0028,-0.0238,23.56
395.522,0.0,0.0,20.0,-0.0028,-0.0238,23.56
395.573,0.0,0.0,20.0,-0.0028,-0.0238,23.56
395.624,0.0,0.0,20.0,-0.0028,-0.0238,23.56
395.675,0.0,0.0,20.0,-0.0028,-0.0238,23.56
395.725,0.0,0.0,20.0,-0.0028,-0.0238,23.56
395.775,0.0,0.0,20.0,-0.0028,-0.0238,23.56
395.826,0.0,0.0,20.0,-0.0028,-0.0238,23.56
395.877,0.0,0.0,20.0,-0.0028,-0.0238,23.56
395.927,0.0,0.0,20.0,-0.0028,-0.0238,23.56
395.978,0.0,0.0,20.0,-0.0028,-0.0238,23.56
396.028,0.0,0.0,20.0,-0.0028,-0.0238,23.56
396.079,0.0,0.0,20.0,-0.0028,-0.0238,23.56
396.129,0.0,0.0,20.0,-0.0028,-0.0238,23.56
396.179,0.0,0.0,20.0,-0.0028,-0.0238,23.56
396.23,0.0,0.0,20.0,-0.0028,-0.0238,23.56
396.28,0.0,0.0,20.0,-0.0028,-0.0238,23.56
396.331,0.0,0.0,20.0,-0.0028,-0.0238,23.56
396.382,0.0,0.0,20.0,-0.0028,-0.0238,23.56
396.432,0.0,0.0,20.0,-0.0028,-0.0238,23.56
396.483,0.0,0.0,20.0,-0.0028,-0.0238,23.56
396.533,0.0,0.0,20.0,-0.0028,-0.0238,23.56
396.584,0.0,0.0,20.0,-0.0028,-0.0238,23.56
396.634,0.0,0.0,20.0,-0.0028,-0.0238,23.56
396.685,0.0,0.0,20.0,-0.0028,-0.0238,23.56
396.735,0.0,0.0,20.0,-0.0028,-0.0238,23.56
396.786,0.0,0.0,20.0,-0.0028,-0.0238,23.56
396.837,0.0,0.0,20.0,-0.0028,-0.0238,23.56
396.887,0.0,0.0,20.0,-0.0028,-0.0238,23.56
396.939,0.0,0.0,20.0,-0.0028,-0.0238,23.55
396.989,0.0,0.0,20.0,-0.0028,-0.0238,23.55
397.04,0.0,0.0,20.0,-0.0028,-0.0238,23.56
397.09,0.0,0.0,20.0,-0.0028,-0.0238,23.56
397.141,0.0,0.0,20.0,-0.0028,-0.0238,23.56
397.192,0.0,0.0,20.0,-0.0028,-0.0238,23.56
397.243,0.0,0.0,20.0,-0.0028,-0.0238,23.56
397.294,0.0,0.0,20.0,-0.0028,-0.0238,23.56
397.345,0.0,0.0,20.0,-0.0028,-0.0238,23.56
397.396,0.0,0.0,20.0,-0.0028,-0.0238,23.56
397.446,0.0,0.0,20.0,-0.0028,-0.0238,23.55
397.497,0.0,0.0,20.0,-0.0028,-0.0238,23.55
397.547,0.0,0.0,20.0,-0.0028,-0.0238,23.55
397.598,0.0,0.0,20.0,-0.0028,-0.0238,23.55
397.649,0.0,0.0,20.0,-0.0028,-0.0238,23.55
397.699,0.0,0.0,20.0,-0.0028,-0.0238,23.55
397.75,0.0,0.0,20.0,-0.0028,-0.0238,23.55
397.801,0.0,0.0,20.0,-0.0028,-0.0238,23.55
397.851,0.0,0.0,20.0,-0.0028,-0.0238,23.55
397.902,0.0,0.0,20.0,-0.0028,-0.0238,23.55
397.953,0.0,0.0,20.0,-0.0028,-0.0238,23.55
398.003,0.0,0.0,20.0,-0.0028,-0.0238,23.55
398.054,0.0,0.0,20.0,-0.0028,-0.0238,23.55
398.105,0.0,0.0,20.0,-0.0028,-0.0238,23.55
398.155,0.0,0.0,20.0,-0.0028,-0.0238,23.55
398.207,0.0,0.0,20.0,-0.0028,-0.0238,23.55
398.257,0.0,0.0,20.0,-0.0028,-0.0238,23.55
398.308,0.0,0.0,20.0,-0.0028,-0.0238,23.55
398.358,0.0,0.0,20.0,-0.0028,-0.0238,23.55
398.409,0.0,0.0,20.0,-0.0028,-0.0238,23.55
398.459,0.0,0.0,20.0,-0.0028,-0.0238,23.55
398.511,0.0,0.0,20.0,-0.0028,-0.0238,23.55
398.599,0.0,0.0,20.0,-0.0028,-0.0238,23.55
398.65,0.0,0.0,20.0,-0.0028,-0.0238,23.55
398.701,0.0,0.0,20.0,-0.0028,-0.0239,23.55
398.752,0.0,0.0,20.0,-0.0028,-0.0238,23.55
398.802,0.0,0.0,20.0,-0.0028,-0.0238,23.55
398.853,0.0,0.0,20.0,-0.0028,-0.0238,23.55
398.904,0.0,0.0,20.0,-0.0028,-0.0238,23.55
398.955,0.0,0.0,20.0,-0.0028,-0.0238,23.55
399.006,0.0,0.0,20.0,-0.0028,-0.0238,23.55
399.057,0.0,0.0,20.0,-0.0028,-0.0238,23.55
399.107,0.0,0.0,20.0,-0.0028,-0.0238,23.55
399.158,0.0,0.0,20.0,-0.0028,-0.0239,23.55
399.209,0.0,0.0,20.0,-0.0028,-0.0239,23.55
399.26,0.0,0.0,20.0,-0.0028,-0.0239,23.55
399.311,0.0,0.0,20.0,-0.0028,-0.0239,23.55
399.362,0.0,0.0,20.0,-0.0028,-0.0238,23.55
399.412,0.0,0.0,20.0,-0.0028,-0.0238,23.55
399.463,0.0,0.0,20.0,-0.0028,-0.0238,23.55
399.514,0.0,0.0,20.0,-0.0028,-0.0238,23.55
399.565,0.0,0.0,20.0,-0.0028,-0.0239,23.55
399.616,0.0,0.0,20.0,-0.0028,-0.0239,23.55
399.666,0.0,0.0,20.0,-0.0028,-0.0239,23.55
399.717,0.0,0.0,20.0,-0.0028,-0.0239,23.54
399.768,0.0,0.0,20.0,-0.0028,-0.0239,23.54
399.818,0.0,0.0,20.0,-0.0028,-0.0239,23.54
399.869,0.0,0.0,20.0,-0.0028,-0.0239,23.54
399.92,0.0,0.0,20.0,-0.0028,-0.0239,23.54
399.974,0.0,0.0,20.0,-0.0028,-0.0239,23.54
400.024,0.0,0.0,20.0,-0.0028,-0.0239,23.54
400.075,0.0,0.0,20.0,-0.0028,-0.0239,23.54
400.125,0.0,0.0,20.0,-0.0028,-0.0239,23.54
400.176,0.0,0.0,20.0,-0.0028,-0.0239,23.54
400.227,0.0,0.0,20.0,-0.0028,-0.0239,23.54
400.278,0.0,0.0,20.0,-0.0028,-0.0239,23.54
400.329,0.0,0.0,20.0,-0.0028,-0.0239,23.54
400.379,0.0,0.0,20.0,-0.0028,-0.0239,23.54
400.43,0.0,0.0,20.0,-0.0027,-0.0239,23.54
400.481,0.0,0.0,20.0,-0.0027,-0.0239,23.54
400.531,0.0,0.0,20.0,-0.0028,-0.0239,23.54
400.582,0.0,0.0,20.0,-0.0027,-0.0239,23.54
400.632,0.0,0.0,20.0,-0.0027,-0.0239,23.54
400.683,0.0,0.0,20.0,-0.0028,-0.0239,23.54
400.734,0.0,0.0,20.0,-0.0027,-0.0239,23.54
400.785,0.0,0.0,20.0,-0.0028,-0.0239,23.54
400.835,0.0,0.0,20.0,-0.0028,-0.0239,23.54
400.886,0.0,0.0,20.0,-0.0028,-0.0239,23.54
400.937,0.0,0.0,20.0,-0.0028,-0.0239,23.54
400.988,0.0,0.0,20.0,-0.0028,-0.0239,23.54
401.039,0.0,0.0,20.0,-0.0028,-0.0239,23.54
401.09,0.0,0.0,20.0,-0.0027,-0.0239,23.54
401.141,0.0,0.0,20.0,-0.0027,-0.0239,23.54
401.193,0.0,0.0,20.0,-0.0028,-0.0239,23.54
401.244,0.0,0.0,20.0,-0.0028,-0.0239,23.54
401.324,0.0,0.0,20.0,-0.0027,-0.0239,23.54
401.375,0.0,0.0,20.0,-0.0027,-0.0239,23.54
401.425,0.0,0.0,20.0,-0.0027,-0.0239,23.54
401.476,0.0,0.0,20.0,-0.0027,-0.0239,23.54
401.527,0.0,0.0,20.0,-0.0027,-0.0239,23.54
401.577,0.0,0.0,20.0,-0.0027,-0.0239,23.54
401.628,0.0,0.0,20.0,-0.0027,-0.0239,23.54
401.679,0.0,0.0,20.0,-0.0027,-0.0239,23.54
401.73,0.0,0.0,20.0,-0.0027,-0.0239,23.53
401.781,0.0,0.0,20.0,-0.0027,-0.0239,23.53
401.832,0.0,0.0,20.0,-0.0027,-0.0239,23.54
401.882,0.0,0.0,20.0,-0.0027,-0.0239,23.54
401.933,0.0,0.0,20.0,-0.0027,-0.0239,23.53
401.984,0.0,0.0,20.0,-0.0027,-0.0239,23.53
402.035,0.0,0.0,20.0,-0.0027,-0.0239,23.53
402.085,0.0,0.0,20.0,-0.0027,-0.0239,23.53
402.136,0.0,0.0,20.0,-0.0027,-0.0239,23.53
402.187,0.0,0.0,20.0,-0.0027,-0.0239,23.53
402.237,0.0,0.0,20.0,-0.0027,-0.0239,23.53
402.288,0.0,0.0,20.0,-0.0027,-0.0239,23.53
402.339,0.0,0.0,20.0,-0.0027,-0.0239,23.53
402.389,0.0,0.0,20.0,-0.0027,-0.0239,23.53
402.44,0.0,0.0,20.0,-0.0027,-0.0239,23.53
402.491,0.0,0.0,20.0,-0.0027,-0.0239,23.53
402.542,0.0,0.0,0.0,-0.0027,-0.0239,23.53
402.593,0.0,0.0,0.0,-0.0027,-0.0239,23.53
402.644,0.0,0.0,0.0,-0.0027,-0.0239,23.53
402.695,0.0,0.0,0.0,-0.0027,-0.0239,23.53
402.745,0.0,0.0,0.0,-0.0027,-0.0239,23.53
402.796,0.0,0.0,0.0,-0.0027,-0.0239,23.53
402.847,0.0,0.0,0.0,-0.0027,-0.0239,23.53
402.897,0.0,0.0,0.0,-0.0027,-0.0239,23.53
402.948,0.0,0.0,0.0,-0.0027,-0.0239,23.53
402.999,0.0,0.0,0.0,-0.0027,-0.0239,23.53
403.05,0.0,0.0,0.0,-0.0027,-0.0239,23.53
403.101,0.0,0.0,0.0,-0.0066,-0.0181,7.88
403.152,0.0,0.0,0.0,-0.0071,-0.0172,7.29
403.202,0.0,0.0,0.0,-0.0072,-0.0171,7.26
403.253,0.0,0.0,0.0,-0.0071,-0.0169,7.39
403.304,0.0,0.0,0.0,-0.0071,-0.0169,7.39
403.355,0.0,0.0,0.0,-0.0071,-0.0169,7.38
403.406,0.0,0.0,0.0,-0.0071,-0.0169,7.38
403.456,0.0,0.0,0.0,-0.0071,-0.0169,7.38
403.507,0.0,0.0,0.0,-0.0071,-0.0169,7.38
403.557,0.0,0.0,0.0,-0.0071,-0.0169,7.38
403.608,0.0,0.0,0.0,-0.0071,-0.0169,7.38
403.659,0.0,0.0,0.0,-0.0071,-0.0169,7.38
403.709,0.0,0.0,0.0,-0.0071,-0.0169,7.38
403.76,0.0,0.0,0.0,-0.0071,-0.0169,7.38
403.811,0.0,0.0,0.0,-0.0071,-0.0169,7.38
403.862,0.0,0.0,0.0,-0.0071,-0.0169,7.38
403.912,0.0,0.0,0.0,-0.0071,-0.0169,7.38
403.963,0.0,0.0,0.0,-0.0071,-0.0169,7.38
404.013,0.0,0.0,0.0,-0.0071,-0.0169,7.37
404.064,0.0,0.0,0.0,-0.0071,-0.0169,7.37
404.115,0.0,0.0,0.0,-0.0071,-0.0169,7.37
404.166,0.0,0.0,0.0,-0.0071,-0.0169,7.37
404.217,0.0,0.0,0.0,-0.0071,-0.0169,7.37
404.268,0.0,0.0,0.0,-0.0071,-0.0169,7.37
404.319,0.0,0.0,0.0,-0.0071,-0.0169,7.37
404.369,0.0,0.0,0.0,-0.0071,-0.0169,7.37
404.42,0.0,0.0,0.0,-0.0071,-0.0169,7.37
404.471,0.0,0.0,0.0,-0.0071,-0.0169,7.37
404.521,0.0,0.0,0.0,-0.0071,-0.0169,7.37
404.572,0.0,0.0,0.0,-0.0071,-0.0169,7.37
404.623,0.0,0.0,0.0,-0.0071,-0.0169,7.37
404.674,0.0,0.0,0.0,-0.0071,-0.0169,7.37
404.724,0.0,0.0,0.0,-0.0071,-0.0169,7.37
404.775,0.0,0.0,0.0,-0.007,-0.0169,7.36
404.826,0.0,0.0,0.0,-0.007,-0.0169,7.36
404.876,0.0,0.0,0.0,-0.007,-0.0169,7.36
404.927,0.0,0.0,0.0,-0.007,-0.0169,7.37
404.977,0.0,0.0,0.0,-0.007,-0.0169,7.36
405.028,0.0,0.0,0.0,-0.007,-0.0169,7.36
405.079,0.0,0.0,0.0,-0.007,-0.017,7.36
405.129,0.0,0.0,0.0,-0.007,-0.017,7.36
405.18,0.0,0.0,0.0,-0.007,-0.017,7.36
405.23,0.0,0.0,0.0,-0.007,-0.017,7.36
405.282,0.0,0.0,0.0,-0.007,-0.017,7.36
405.332,0.0,0.0,0.0,-0.007,-0.017,7.36
405.411,0.0,0.0,0.0,-0.007,-0.017,7.36
405.462,0.0,0.0,0.0,-0.007,-0.017,7.36
405.512,0.0,0.0,0.0,-0.007,-0.017,7.36
405.563,0.0,0.0,0.0,-0.007,-0.017,7.36
405.613,0.0,0.0,0.0,-0.007,-0.017,7.36
405.664,0.0,0.0,0.0,-0.007,-0.017,7.36
405.715,0.0,0.0,0.0,-0.007,-0.017,7.36
405.766,0.0,0.0,0.0,-0.007,-0.017,7.36
405.816,0.0,0.0,0.0,-0.007,-0.017,7.36
405.867,0.0,0.0,0.0,-0.007,-0.017,7.36
405.918,0.0,0.0,0.0,-0.007,-0.017,7.36
405.969,0.0,0.0,0.0,-0.007,-0.017,7.35
406.019,0.0,0.0,0.0,-0.007,-0.017,7.35
406.07,0.0,0.0,0.0,-0.007,-0.017,7.35
406.12,0.0,0.0,0.0,-0.007,-0.017,7.35
406.171,0.0,0.0,0.0,-0.007,-0.017,7.35
406.222,0.0,0.0,0.0,-0.007,-0.017,7.35
406.273,0.0,0.0,0.0,-0.007,-0.017,7.35
406.323,0.0,0.0,0.0,-0.007,-0.017,7.35
406.374,0.0,0.0,0.0,-0.007,-0.017,7.35
406.424,0.0,0.0,0.0,-0.007,-0.017,7.35
406.475,0.0,0.0,0.0,-0.007,-0.017,7.35
406.526,0.0,0.0,0.0,-0.007,-0.017,7.35
406.576,0.0,0.0,0.0,-0.007,-0.017,7.35
406.627,0.0,0.0,0.0,-0.007,-0.017,7.35
406.678,0.0,0.0,0.0,-0.007,-0.017,7.35
406.728,0.0,0.0,0.0,-0.007,-0.017,7.35
406.779,0.0,0.0,0.0,-0.007,-0.017,7.35
406.829,0.0,0.0,0.0,-0.007,-0.017,7.35
406.88,0.0,0.0,0.0,-0.007,-0.017,7.35
406.93,0.0,0.0,0.0,-0.007,-0.017,7.35
406.981,0.0,0.0,0.0,-0.007,-0.017,7.35
407.031,0.0,0.0,0.0,-0.007,-0.017,7.35
407.082,0.0,0.0,0.0,-0.007,-0.017,7.35
407.132,0.0,0.0,0.0,-0.007,-0.017,7.35
407.183,0.0,0.0,0.0,-0.007,-0.017,7.35
407.233,0.0,0.0,0.0,-0.007,-0.017,7.35
407.284,0.0,0.0,0.0,-0.007,-0.017,7.35
407.334,0.0,0.0,0.0,-0.007,-0.017,7.35
407.385,0.0,0.0,0.0,-0.007,-0.017,7.35
407.436,0.0,0.0,0.0,-0.007,-0.017,7.35
407.486,0.0,0.0,0.0,-0.007,-0.017,7.35
407.537,0.0,0.0,0.0,-0.007,-0.017,7.35
407.588,0.0,0.0,0.0,-0.007,-0.017,7.35
407.638,0.0,0.0,0.0,-0.007,-0.017,7.35
407.689,0.0,0.0,0.0,-0.007,-0.017,7.35
407.741,0.0,0.0,0.0,-0.007,-0.017,7.35
407.792,0.0,0.0,0.0,-0.007,-0.017,7.35
407.842,0.0,0.0,0.0,-0.007,-0.017,7.35
407.893,0.0,0.0,0.0,-0.0069,-0.017,7.34
407.944,0.0,0.0,0.0,-0.0069,-0.017,7.34
407.994,0.0,0.0,0.0,-0.007,-0.017,7.35
408.045,0.0,0.0,0.0,-0.007,-0.017,7.35
408.096,0.0,0.0,0.0,-0.007,-0.017,7.35
408.148,0.0,0.0,0.0,-0.007,-0.017,7.35
408.199,0.0,0.0,0.0,-0.007,-0.017,7.35
408.249,0.0,0.0,0.0,-0.007,-0.017,7.35
408.3,0.0,0.0,0.0,-0.007,-0.017,7.35
408.35,0.0,0.0,0.0,-0.007,-0.017,7.35
408.401,0.0,0.0,0.0,-0.007,-0.017,7.35
408.452,0.0,0.0,0.0,-0.007,-0.017,7.35
408.502,0.0,0.0,0.0,-0.007,-0.017,7.35
408.552,0.0,0.0,0.0,-0.007,-0.017,7.35
408.603,0.0,0.0,0.0,-0.0069,-0.017,7.34
408.654,0.0,0.0,0.0,-0.0069,-0.017,7.34
408.705,0.0,0.0,0.0,-0.0069,-0.017,7.34
408.755,0.0,0.0,0.0,-0.0069,-0.017,7.34
408.806,0.0,0.0,0.0,-0.0069,-0.017,7.34
408.857,0.0,0.0,0.0,-0.0069,-0.017,7.34
408.908,0.0,0.0,0.0,-0.007,-0.017,7.35
408.959,0.0,0.0,0.0,-0.007,-0.017,7.35
409.01,0.0,0.0,0.0,-0.007,-0.017,7.35
409.06,0.0,0.0,0.0,-0.007,-0.017,7.35
409.111,0.0,0.0,0.0,-0.007,-0.017,7.35
409.162,0.0,0.0,0.0,-0.007,-0.017,7.35
409.212,0.0,0.0,0.0,-0.007,-0.017,7.35
409.263,0.0,0.0,0.0,-0.007,-0.017,7.35
409.313,0.0,0.0,0.0,-0.007,-0.017,7.35
409.364,0.0,0.0,0.0,-0.007,-0.017,7.35
409.415,0.0,0.0,0.0,-0.007,-0.017,7.35
409.465,0.0,0.0,0.0,-0.007,-0.017,7.35
409.515,0.0,0.0,0.0,-0.007,-0.017,7.35
409.567,0.0,0.0,0.0,-0.007,-0.017,7.35
409.617,0.0,0.0,0.0,-0.0069,-0.017,7.34
409.668,0.0,0.0,0.0,-0.0069,-0.017,7.34
409.719,0.0,0.0,0.0,-0.0069,-0.017,7.34
409.769,0.0,0.0,0.0,-0.0069,-0.017,7.34
409.82,0.0,0.0,0.0,-0.0069,-0.017,7.34
409.871,0.0,0.0,0.0,-0.0069,-0.017,7.34
409.922,0.0,0.0,0.0,-0.0069,-0.017,7.34
409.973,0.0,0.0,0.0,-0.0069,-0.017,7.34
410.023,0.0,0.0,0.0,-0.0069,-0.017,7.34
410.074,0.0,0.0,0.0,-0.0069,-0.017,7.34
410.125,0.0,0.0,0.0,-0.0069,-0.017,7.34
410.176,0.0,0.0,0.0,-0.0069,-0.017,7.34
410.227,0.0,0.0,0.0,-0.0069,-0.017,7.34
410.277,0.0,0.0,0.0,-0.0069,-0.017,7.34
410.328,0.0,0.0,0.0,-0.0069,-0.017,7.34
410.379,0.0,0.0,0.0,-0.0069,-0.017,7.34
410.43,0.0,0.0,0.0,-0.0069,-0.017,7.34
410.48,0.0,0.0,0.0,-0.0069,-0.017,7.34
410.531,0.0,0.0,0.0,-0.0069,-0.017,7.34
410.581,0.0,0.0,0.0,-0.0069,-0.017,7.34
410.632,0.0,0.0,0.0,-0.0069,-0.017,7.34
410.683,0.0,0.0,0.0,-0.0069,-0.017,7.34
410.733,0.0,0.0,0.0,-0.0069,-0.017,7.34
410.784,0.0,0.0,0.0,-0.0069,-0.017,7.34
410.834,0.0,0.0,0.0,-0.0069,-0.017,7.34
410.885,0.0,0.0,0.0,-0.0069,-0.017,7.34
410.936,0.0,0.0,0.0,-0.0069,-0.017,7.34
410.987,0.0,0.0,0.0,-0.0069,-0.017,7.34
411.037,0.0,0.0,0.0,-0.0069,-0.017,7.34
411.088,0.0,0.0,0.0,-0.0069,-0.017,7.34
411.139,0.0,0.0,0.0,-0.0069,-0.017,7.34
411.19,0.0,0.0,0.0,-0.0069,-0.017,7.34
411.24,0.0,0.0,0.0,-0.0069,-0.017,7.34
411.291,0.0,0.0,0.0,-0.0069,-0.017,7.34
411.341,0.0,0.0,0.0,-0.0069,-0.017,7.34
411.392,0.0,0.0,0.0,-0.0069,-0.017,7.34
411.443,0.0,0.0,0.0,-0.0069,-0.017,7.34
411.494,0.0,0.0,0.0,-0.0069,-0.017,7.34
411.545,0.0,0.0,0.0,-0.0069,-0.017,7.34
411.596,0.0,0.0,0.0,-0.0069,-0.017,7.34
411.647,0.0,0.0,0.0,-0.0069,-0.017,7.34
411.698,0.0,0.0,0.0,-0.0069,-0.017,7.34
411.748,0.0,0.0,0.0,-0.0069,-0.017,7.34
411.799,0.0,0.0,0.0,-0.0069,-0.017,7.34
411.85,0.0,0.0,0.0,-0.0069,-0.017,7.34
411.901,0.0,0.0,0.0,-0.0069,-0.017,7.34
411.952,0.0,0.0,0.0,-0.0069,-0.017,7.34
412.002,0.0,0.0,0.0,-0.0069,-0.017,7.34
412.053,0.0,0.0,0.0,-0.0069,-0.017,7.34
412.104,0.0,0.0,0.0,-0.007,-0.017,7.35
412.155,0.0,0.0,0.0,-0.007,-0.017,7.35
412.233,0.0,0.0,0.0,-0.007,-0.017,7.35
412.284,0.0,0.0,0.0,-0.007,-0.017,7.35
412.335,0.0,0.0,0.0,-0.007,-0.017,7.35
412.385,0.0,0.0,0.0,-0.007,-0.017,7.35
412.436,0.0,0.0,0.0,-0.007,-0.017,7.35
412.487,0.0,0.0,0.0,-0.007,-0.017,7.35
412.537,0.0,0.0,0.0,-0.007,-0.017,7.35
412.588,0.0,0.0,0.0,-0.007,-0.017,7.35
412.639,0.0,0.0,0.0,-0.007,-0.017,7.35
412.69,0.0,0.0,0.0,-0.007,-0.017,7.35
412.741,0.0,0.0,0.0,-0.007,-0.017,7.35
412.791,0.0,0.0,0.0,-0.007,-0.017,7.35
412.842,0.0,0.0,0.0,-0.007,-0.017,7.35
412.892,0.0,0.0,0.0,-0.007,-0.017,7.35
412.943,0.0,0.0,0.0,-0.007,-0.017,7.35
412.993,0.0,0.0,0.0,-0.007,-0.017,7.35
413.044,0.0,0.0,0.0,-0.007,-0.017,7.35
413.095,0.0,0.0,0.0,-0.0069,-0.017,7.34
413.145,0.0,0.0,0.0,-0.007,-0.017,7.35
413.196,0.0,0.0,0.0,-0.007,-0.017,7.35
413.247,0.0,0.0,0.0,-0.007,-0.017,7.35
413.297,0.0,0.0,0.0,-0.007,-0.017,7.35
413.348,0.0,0.0,0.0,-0.007,-0.017,7.35
413.399,0.0,0.0,0.0,-0.007,-0.017,7.35
413.449,0.0,0.0,0.0,-0.007,-0.017,7.35
413.5,0.0,0.0,0.0,-0.007,-0.017,7.35
413.551,0.0,0.0,0.0,-0.007,-0.017,7.35
413.605,0.0,0.0,0.0,-0.007,-0.017,7.35
413.655,0.0,0.0,0.0,-0.007,-0.017,7.35
413.706,0.0,0.0,0.0,-0.007,-0.017,7.35
413.757,0.0,0.0,0.0,-0.007,-0.017,7.35
413.808,0.0,0.0,0.0,-0.007,-0.017,7.35
413.858,0.0,0.0,0.0,-0.007,-0.017,7.35
413.909,0.0,0.0,0.0,-0.007,-0.017,7.35
413.959,0.0,0.0,0.0,-0.007,-0.017,7.35
414.01,0.0,0.0,0.0,-0.007,-0.017,7.35
414.061,0.0,0.0,0.0,-0.007,-0.017,7.35
414.112,0.0,0.0,0.0,-0.007,-0.017,7.35
414.162,0.0,0.0,0.0,-0.007,-0.017,7.35
414.213,0.0,0.0,0.0,-0.0069,-0.017,7.34
414.264,0.0,0.0,0.0,-0.0069,-0.017,7.34
414.315,0.0,0.0,0.0,-0.0069,-0.017,7.34
414.365,0.0,0.0,0.0,-0.0069,-0.017,7.34
414.416,0.0,0.0,0.0,-0.0069,-0.017,7.34
414.466,0.0,0.0,0.0,-0.0069,-0.017,7.34
414.517,0.0,0.0,0.0,-0.0069,-0.017,7.34
414.568,0.0,0.0,0.0,-0.0069,-0.017,7.34
414.618,0.0,0.0,0.0,-0.0069,-0.017,7.34
414.669,0.0,0.0,0.0,-0.0069,-0.017,7.34
414.72,0.0,0.0,0.0,-0.0069,-0.017,7.34
414.771,0.0,0.0,0.0,-0.0069,-0.017,7.34
414.822,0.0,0.0,0.0,-0.0069,-0.017,7.34
414.873,0.0,0.0,0.0,-0.0069,-0.017,7.34
414.924,0.0,0.0,0.0,-0.0069,-0.017,7.34
414.975,0.0,0.0,0.0,-0.0069,-0.017,7.34
415.026,0.0,0.0,0.0,-0.0069,-0.0171,7.33
415.077,0.0,0.0,0.0,-0.0069,-0.0171,7.33
415.127,0.0,0.0,0.0,-0.0069,-0.0171,7.33
415.178,0.0,0.0,0.0,-0.0069,-0.0171,7.33
415.229,0.0,0.0,0.0,-0.0069,-0.0171,7.33
415.28,0.0,0.0,0.0,-0.0069,-0.0171,7.33
415.331,0.0,0.0,0.0,-0.0069,-0.0171,7.33
415.381,0.0,0.0,0.0,-0.0069,-0.0171,7.33
415.432,0.0,0.0,0.0,-0.0069,-0.0171,7.33
415.483,0.0,0.0,0.0,-0.0069,-0.0171,7.33
415.534,0.0,0.0,0.0,-0.0069,-0.0171,7.33
415.586,0.0,0.0,0.0,-0.0069,-0.0171,7.33
415.636,0.0,0.0,0.0,-0.0069,-0.0171,7.33
415.687,0.0,0.0,0.0,-0.0069,-0.0171,7.33
415.738,0.0,0.0,0.0,-0.0069,-0.0171,7.33
415.789,0.0,0.0,0.0,-0.0069,-0.0171,7.33
415.84,0.0,0.0,0.0,-0.0069,-0.0171,7.33
415.892,0.0,0.0,0.0,-0.0069,-0.0171,7.33
415.942,0.0,0.0,0.0,-0.0069,-0.0171,7.33
415.993,0.0,0.0,0.0,-0.0069,-0.0171,7.33
416.045,0.0,0.0,0.0,-0.0069,-0.0171,7.33
416.095,0.0,0.0,0.0,-0.0069,-0.0171,7.33
416.146,0.0,0.0,0.0,-0.0069,-0.0171,7.33
416.197,0.0,0.0,0.0,-0.0069,-0.0171,7.33
416.247,0.0,0.0,0.0,-0.0069,-0.0171,7.32
416.324,0.0,0.0,0.0,-0.0069,-0.0171,7.33
416.374,0.0,0.0,0.0,-0.0069,-0.0171,7.33
416.425,0.0,0.0,0.0,-0.0069,-0.0171,7.33
416.476,0.0,0.0,0.0,-0.0069,-0.0171,7.33
416.526,0.0,0.0,0.0,-0.0069,-0.0171,7.33
416.577,0.0,0.0,0.0,-0.0069,-0.0171,7.33
416.628,0.0,0.0,0.0,-0.0069,-0.0171,7.33
416.679,0.0,0.0,0.0,-0.0069,-0.0171,7.33
416.729,0.0,0.0,0.0,-0.0069,-0.0171,7.33
416.78,0.0,0.0,0.0,-0.0069,-0.0171,7.33
416.831,0.0,0.0,0.0,-0.0069,-0.0171,7.33
416.882,0.0,0.0,0.0,-0.0069,-0.0171,7.33
416.933,0.0,0.0,0.0,-0.0069,-0.0171,7.33
416.984,0.0,0.0,0.0,-0.0069,-0.0171,7.33
417.034,0.0,0.0,0.0,-0.0069,-0.0171,7.33
417.085,0.0,0.0,0.0,-0.0069,-0.0171,7.33
417.135,0.0,0.0,0.0,-0.0069,-0.0171,7.33
417.186,0.0,0.0,0.0,-0.0069,-0.0171,7.33
417.236,0.0,0.0,0.0,-0.0069,-0.0171,7.33
417.287,0.0,0.0,0.0,-0.0069,-0.0171,7.33
417.338,0.0,0.0,0.0,-0.0069,-0.0171,7.33
417.389,0.0,0.0,0.0,-0.0069,-0.0171,7.33
417.44,0.0,0.0,0.0,-0.0069,-0.0171,7.33
417.491,0.0,0.0,0.0,-0.0069,-0.0171,7.33
417.542,0.0,0.0,0.0,-0.0069,-0.0171,7.33
417.592,0.0,0.0,0.0,-0.0069,-0.0171,7.33
417.643,0.0,0.0,0.0,-0.0069,-0.0171,7.33
417.694,0.0,0.0,0.0,-0.0069,-0.0171,7.33
417.744,0.0,0.0,0.0,-0.0069,-0.0171,7.33
417.795,0.0,0.0,0.0,-0.0069,-0.0171,7.33
417.846,0.0,0.0,0.0,-0.0069,-0.0171,7.33
417.896,0.0,0.0,0.0,-0.0069,-0.0171,7.33
417.947,0.0,0.0,0.0,-0.0069,-0.0171,7.33
417.998,0.0,0.0,0.0,-0.0069,-0.0171,7.33
418.049,0.0,0.0,0.0,-0.0069,-0.0171,7.33
418.099,0.0,0.0,0.0,-0.0069,-0.0171,7.33
418.15,0.0,0.0,0.0,-0.0069,-0.0171,7.33
418.2,0.0,0.0,0.0,-0.0069,-0.0171,7.33
418.252,0.0,0.0,0.0,-0.0069,-0.0171,7.33
418.302,0.0,0.0,0.0,-0.0069,-0.0171,7.33
418.353,0.0,0.0,0.0,-0.0069,-0.0171,7.33
418.403,0.0,0.0,0.0,-0.0069,-0.0171,7.33
418.454,0.0,0.0,0.0,-0.0069,-0.0171,7.33
418.505,0.0,0.0,0.0,-0.0069,-0.0171,7.33
418.555,0.0,0.0,0.0,-0.0069,-0.0171,7.33
418.606,0.0,0.0,0.0,-0.0069,-0.0171,7.33
418.657,0.0,0.0,0.0,-0.0069,-0.0171,7.33
418.707,0.0,0.0,0.0,-0.0069,-0.0171,7.33
418.758,0.0,0.0,0.0,-0.0069,-0.0171,7.33
418.808,0.0,0.0,0.0,-0.0069,-0.0171,7.33
418.859,0.0,0.0,0.0,-0.0069,-0.0171,7.33
418.909,0.0,0.0,0.0,-0.0069,-0.0171,7.33
418.96,0.0,0.0,0.0,-0.0069,-0.0171,7.33
419.01,0.0,0.0,0.0,-0.0069,-0.0171,7.33
419.06,0.0,0.0,0.0,-0.0069,-0.0171,7.33
419.111,0.0,0.0,0.0,-0.0069,-0.0171,7.33
419.161,0.0,0.0,0.0,-0.0069,-0.0171,7.33
419.211,0.0,0.0,0.0,-0.0069,-0.0171,7.33
419.262,0.0,0.0,0.0,-0.0069,-0.0171,7.33
419.315,0.0,0.0,0.0,-0.0069,-0.0171,7.33
419.365,0.0,0.0,0.0,-0.0069,-0.0171,7.33
419.416,0.0,0.0,0.0,-0.0069,-0.0171,7.33
419.467,0.0,0.0,0.0,-0.0069,-0.0171,7.33
419.518,0.0,0.0,0.0,-0.0069,-0.0171,7.33
419.568,0.0,0.0,0.0,-0.0069,-0.0171,7.33
419.619,0.0,0.0,0.0,-0.0069,-0.0171,7.33
419.669,0.0,0.0,0.0,-0.0069,-0.0171,7.33
419.72,0.0,0.0,0.0,-0.0069,-0.0171,7.33
419.772,0.0,0.0,0.0,-0.0069,-0.0171,7.33
419.822,0.0,0.0,0.0,-0.0069,-0.0171,7.33
419.874,0.0,0.0,0.0,-0.0069,-0.0171,7.33
419.924,0.0,0.0,0.0,-0.0069,-0.0171,7.33
419.975,0.0,0.0,0.0,-0.0069,-0.0171,7.33
420.025,0.0,0.0,0.0,-0.0069,-0.0171,7.33
420.076,0.0,0.0,0.0,-0.0069,-0.0171,7.33
420.126,0.0,0.0,0.0,-0.0069,-0.0171,7.33
420.178,0.0,0.0,0.0,-0.0069,-0.0171,7.33
420.231,0.0,0.0,0.0,-0.0069,-0.0171,7.33
420.282,0.0,0.0,0.0,-0.0069,-0.0171,7.33
420.333,0.0,0.0,0.0,-0.0069,-0.0171,7.33
420.408,0.0,0.0,0.0,-0.0069,-0.0171,7.33
420.459,0.0,0.0,0.0,-0.0069,-0.0171,7.33
420.51,0.0,0.0,0.0,-0.0069,-0.0171,7.33
420.561,0.0,0.0,0.0,-0.0069,-0.0171,7.33
420.612,0.0,0.0,0.0,-0.0069,-0.0171,7.33
420.663,0.0,0.0,0.0,-0.0069,-0.0171,7.33
420.714,0.0,0.0,0.0,-0.0069,-0.0171,7.33
420.764,0.0,0.0,0.0,-0.0069,-0.0171,7.33
420.815,0.0,0.0,0.0,-0.0069,-0.0171,7.33
420.865,0.0,0.0,0.0,-0.0069,-0.0171,7.33
420.918,0.0,0.0,0.0,-0.0069,-0.0171,7.33
420.969,0.0,0.0,0.0,-0.0069,-0.0171,7.33
421.02,0.0,0.0,0.0,-0.0069,-0.0171,7.33
421.07,0.0,0.0,0.0,-0.0069,-0.0171,7.33
421.121,0.0,0.0,0.0,-0.0069,-0.0171,7.33
421.171,0.0,0.0,0.0,-0.0069,-0.0171,7.33
421.222,0.0,0.0,0.0,-0.0069,-0.0171,7.33
421.273,0.0,0.0,0.0,-0.0069,-0.0171,7.33
421.324,0.0,0.0,0.0,-0.0069,-0.0171,7.33
421.376,0.0,0.0,0.0,-0.0069,-0.0171,7.33
421.426,0.0,0.0,0.0,-0.0069,-0.0171,7.33
421.477,0.0,0.0,0.0,-0.0069,-0.0171,7.33
421.528,0.0,0.0,0.0,-0.0069,-0.0171,7.33
421.579,0.0,0.0,0.0,-0.0069,-0.0171,7.33
421.63,0.0,0.0,0.0,-0.0069,-0.0171,7.33
421.681,0.0,0.0,0.0,-0.0069,-0.0171,7.33
421.731,0.0,0.0,0.0,-0.0069,-0.0171,7.33
421.782,0.0,0.0,0.0,-0.0069,-0.0171,7.33
421.833,0.0,0.0,0.0,-0.0069,-0.0171,7.33
421.885,0.0,0.0,0.0,-0.0069,-0.0171,7.33
421.935,0.0,0.0,0.0,-0.0069,-0.0171,7.33
421.986,0.0,0.0,0.0,-0.0069,-0.0171,7.33
422.037,0.0,0.0,0.0,-0.0069,-0.0171,7.33
422.088,0.0,0.0,0.0,-0.0069,-0.0171,7.33
422.213,0.0,0.0,0.0,-0.0069,-0.0171,7.33
422.315,0.0,0.0,0.0,-0.0069,-0.0171,7.33
422.386,0.0,0.0,0.0,-0.0069,-0.0171,7.33
422.455,0.0,0.0,0.0,-0.0069,-0.0171,7.33
422.536,0.0,0.0,0.0,-0.0069,-0.0171,7.33
422.602,0.0,0.0,0.0,-0.0069,-0.0171,7.33
422.669,0.0,0.0,0.0,-0.0069,-0.0171,7.33
422.749,0.0,0.0,0.0,-0.0069,-0.0171,7.33
422.83,0.0,0.0,0.0,-0.0069,-0.0171,7.33
422.898,0.0,0.0,0.0,-0.0069,-0.0171,7.33
422.97,0.0,0.0,0.0,-0.0069,-0.0171,7.33
423.032,0.0,0.0,0.0,-0.0069,-0.0171,7.33
423.15,0.0,0.0,0.0,-0.0069,-0.0171,7.33
423.252,0.0,0.0,0.0,-0.0069,-0.0171,7.33
423.378,0.0,0.0,0.0,-0.0069,-0.0171,7.33
423.474,0.0,0.0,0.0,-0.0069,-0.0171,7.33
423.557,0.0,0.0,0.0,-0.0069,-0.0171,7.33
423.627,0.0,0.0,0.0,-0.0069,-0.0171,7.33
423.718,0.0,0.0,0.0,-0.0069,-0.0171,7.33
423.827,0.0,0.0,0.0,-0.0069,-0.0171,7.33
423.897,0.0,0.0,0.0,-0.0069,-0.0171,7.33
423.981,0.0,0.0,0.0,-0.0069,-0.0171,7.33
424.055,0.0,0.0,0.0,-0.0069,-0.0171,7.33
424.119,0.0,0.0,0.0,-0.0069,-0.0171,7.33
424.197,0.0,0.0,0.0,-0.0069,-0.0171,7.33
424.271,0.0,0.0,0.0,-0.0069,-0.0171,7.33
424.372,0.0,0.0,0.0,-0.0069,-0.0171,7.33
424.448,0.0,0.0,0.0,-0.0069,-0.0171,7.33
424.518,0.0,0.0,0.0,-0.0069,-0.0171,7.33
424.588,0.0,0.0,0.0,-0.0069,-0.0171,7.33
424.675,0.0,0.0,0.0,-0.0069,-0.0171,7.33
424.758,0.0,0.0,0.0,-0.0069,-0.0171,7.33
424.837,0.0,0.0,0.0,-0.0069,-0.0171,7.33
424.919,0.0,0.0,0.0,-0.0069,-0.0171,7.33
424.988,0.0,0.0,0.0,-0.0069,-0.0171,7.33
425.055,0.0,0.0,0.0,-0.0069,-0.0171,7.33
425.157,0.0,0.0,0.0,-0.0069,-0.0171,7.33
425.227,0.0,0.0,0.0,-0.0069,-0.0171,7.33
425.295,0.0,0.0,0.0,-0.0069,-0.0171,7.33
425.368,0.0,0.0,0.0,-0.0069,-0.0171,7.33
425.435,0.0,0.0,0.0,-0.0069,-0.0171,7.33
425.493,0.0,0.0,0.0,-0.0069,-0.0171,7.33
425.56,0.0,0.0,0.0,-0.0069,-0.0171,7.33
425.612,0.0,0.0,0.0,-0.0069,-0.0171,7.33
425.686,0.0,0.0,0.0,-0.0069,-0.0171,7.33
425.75,0.0,0.0,0.0,-0.0069,-0.0171,7.33
425.813,0.0,0.0,0.0,-0.0069,-0.0171,7.33
425.886,0.0,0.0,0.0,-0.0069,-0.0171,7.33
425.96,0.0,0.0,0.0,-0.0069,-0.0171,7.33
426.047,0.0,0.0,0.0,-0.0069,-0.0171,7.33
426.135,0.0,0.0,0.0,-0.0069,-0.0171,7.33
426.22,0.0,0.0,0.0,-0.0069,-0.0171,7.33
426.272,0.0,0.0,0.0,-0.0069,-0.0171,7.33
426.342,0.0,0.0,0.0,-0.0069,-0.0171,7.33
426.408,0.0,0.0,0.0,-0.0069,-0.0171,7.33
426.497,0.0,0.0,0.0,-0.0069,-0.0171,7.33
426.562,0.0,0.0,0.0,-0.0069,-0.0171,7.33
426.632,0.0,0.0,0.0,-0.0069,-0.0171,7.33
426.695,0.0,0.0,0.0,-0.0069,-0.0171,7.33
426.754,0.0,0.0,0.0,-0.0069,-0.0171,7.33
426.83,0.0,0.0,0.0,-0.0069,-0.0171,7.33
426.903,0.0,0.0,0.0,-0.0069,-0.0171,7.33
426.989,0.0,0.0,0.0,-0.0069,-0.0171,7.33
427.073,0.0,0.0,0.0,-0.0069,-0.0171,7.33
427.154,0.0,0.0,0.0,-0.0069,-0.0171,7.33
427.254,0.0,0.0,0.0,-0.0069,-0.0171,7.33
427.341,0.0,0.0,0.0,-0.0069,-0.0171,7.33
427.423,0.0,0.0,0.0,-0.0069,-0.0171,7.33
427.506,0.0,0.0,0.0,-0.0069,-0.0171,7.33
427.563,0.0,0.0,0.0,-0.0069,-0.0171,7.33
427.63,0.0,0.0,0.0,-0.0069,-0.0171,7.33
427.697,0.0,0.0,0.0,-0.0069,-0.0171,7.33
427.797,0.0,0.0,0.0,-0.0069,-0.0171,7.33
427.87,0.0,0.0,0.0,-0.0069,-0.0171,7.33
427.935,0.0,0.0,0.0,-0.0069,-0.0171,7.33
428.002,0.0,0.0,0.0,-0.0069,-0.0171,7.33
428.09,0.0,0.0,0.0,-0.0069,-0.0171,7.33
428.169,0.0,0.0,0.0,-0.0069,-0.0171,7.33
428.25,0.0,0.0,0.0,-0.0069,-0.0171,7.33
428.36,0.0,0.0,0.0,-0.0069,-0.0171,7.33
428.466,0.0,0.0,0.0,-0.0069,-0.0171,7.33
428.573,0.0,0.0,0.0,-0.0069,-0.0171,7.33
428.687,0.0,0.0,0.0,-0.0069,-0.0171,7.33
428.779,0.0,0.0,0.0,-0.0069,-0.0171,7.33
428.882,0.0,0.0,0.0,-0.0069,-0.0171,7.33
428.963,0.0,0.0,0.0,-0.0069,-0.0171,7.33
429.037,0.0,0.0,0.0,-0.0069,-0.0171,7.33
429.092,0.0,0.0,0.0,-0.0069,-0.0171,7.33
429.157,0.0,0.0,0.0,-0.0069,-0.0171,7.33
429.236,0.0,0.0,0.0,-0.0069,-0.0171,7.33
429.312,0.0,0.0,0.0,-0.0069,-0.0171,7.33
429.39,0.0,0.0,0.0,-0.0069,-0.0171,7.33
429.451,0.0,0.0,0.0,-0.0069,-0.0171,7.33
429.528,0.0,0.0,0.0,-0.0069,-0.0171,7.33
429.6,0.0,0.0,0.0,-0.0069,-0.0171,7.33
429.665,0.0,0.0,0.0,-0.0069,-0.0171,7.33
429.74,0.0,0.0,0.0,-0.0069,-0.0171,7.33
429.809,0.0,0.0,0.0,-0.0069,-0.0171,7.33
429.867,0.0,0.0,0.0,-0.0069,-0.0171,7.33
429.926,0.0,0.0,0.0,-0.0069,-0.0171,7.33
429.984,0.0,0.0,0.0,-0.0069,-0.0171,7.33
430.049,0.0,0.0,0.0,-0.0069,-0.0171,7.33
430.121,0.0,0.0,0.0,-0.0069,-0.0171,7.33
430.194,0.0,0.0,0.0,-0.0069,-0.0171,7.33
430.265,0.0,0.0,0.0,-0.0069,-0.0171,7.33
430.363,0.0,0.0,0.0,-0.0069,-0.0171,7.33
430.441,0.0,0.0,0.0,-0.0069,-0.0171,7.33
430.522,0.0,0.0,0.0,-0.0069,-0.0171,7.33
430.599,0.0,0.0,0.0,-0.0069,-0.0171,7.33
430.655,0.0,0.0,0.0,-0.0069,-0.0171,7.33
430.712,0.0,0.0,0.0,-0.0069,-0.0171,7.33
430.791,0.0,0.0,0.0,-0.0069,-0.0171,7.33
430.87,0.0,0.0,0.0,-0.0069,-0.0171,7.33
430.925,0.0,0.0,0.0,-0.0069,-0.0171,7.33
431.0,0.0,0.0,0.0,-0.0069,-0.0171,7.33
431.084,0.0,0.0,0.0,-0.0069,-0.0171,7.33
431.148,0.0,0.0,0.0,-0.0069,-0.0171,7.33
431.211,0.0,0.0,0.0,-0.0069,-0.0171,7.33
431.275,0.0,0.0,0.0,-0.0069,-0.0171,7.33
431.34,0.0,0.0,0.0,-0.0069,-0.0171,7.33
431.403,0.0,0.0,0.0,-0.0069,-0.0171,7.33
431.466,0.0,0.0,0.0,-0.0069,-0.0171,7.33
431.536,0.0,0.0,0.0,-0.0069,-0.0171,7.33
431.622,0.0,0.0,0.0,-0.0069,-0.0171,7.33
431.721,0.0,0.0,0.0,-0.0069,-0.0171,7.33
431.811,0.0,0.0,0.0,-0.0069,-0.0171,7.33
431.935,0.0,0.0,0.0,-0.0069,-0.0171,7.33
432.036,0.0,0.0,0.0,-0.0069,-0.0171,7.33
432.187,0.0,0.0,0.0,-0.0069,-0.0171,7.33
432.252,0.0,0.0,0.0,-0.0069,-0.0171,7.33
432.351,0.0,0.0,0.0,-0.0069,-0.0171,7.33
432.481,0.0,0.0,0.0,-0.0069,-0.0171,7.33
432.555,0.0,0.0,0.0,-0.0069,-0.0171,7.33
432.617,0.0,0.0,0.0,-0.0069,-0.0171,7.33
432.677,0.0,0.0,0.0,-0.0069,-0.0171,7.33
432.733,0.0,0.0,0.0,-0.0069,-0.0171,7.33
432.786,0.0,0.0,0.0,-0.0069,-0.0171,7.33
432.847,0.0,0.0,0.0,-0.0069,-0.0171,7.33
432.906,0.0,0.0,0.0,-0.0069,-0.0171,7.33
432.961,0.0,0.0,0.0,-0.0069,-0.0171,7.33
433.018,0.0,0.0,0.0,-0.0069,-0.0171,7.33
433.071,0.0,0.0,0.0,-0.0069,-0.0171,7.33
433.123,0.0,0.0,0.0,-0.0069,-0.0171,7.33
433.182,0.0,0.0,0.0,-0.0069,-0.0171,7.33
433.236,0.0,0.0,0.0,-0.0069,-0.0171,7.33
433.294,0.0,0.0,0.0,-0.0069,-0.0171,7.33
433.358,0.0,0.0,0.0,-0.0069,-0.0171,7.33
433.432,0.0,0.0,0.0,-0.0069,-0.0171,7.33
433.496,0.0,0.0,0.0,-0.0069,-0.0171,7.33
433.556,0.0,0.0,0.0,-0.0069,-0.0171,7.33
433.614,0.0,0.0,0.0,-0.0069,-0.0171,7.33
433.673,0.0,0.0,0.0,-0.0069,-0.0171,7.33
433.733,0.0,0.0,0.0,-0.0069,-0.0171,7.33
433.794,0.0,0.0,0.0,-0.0069,-0.0171,7.33
433.854,0.0,0.0,0.0,-0.0069,-0.0171,7.33
433.918,0.0,0.0,0.0,-0.0069,-0.0171,7.33
433.984,0.0,0.0,0.0,-0.0069,-0.0171,7.33
434.059,0.0,0.0,0.0,-0.0069,-0.0171,7.33
434.121,0.0,0.0,0.0,-0.0069,-0.0171,7.33
434.181,0.0,0.0,0.0,-0.0069,-0.0171,7.33
434.238,0.0,0.0,0.0,-0.0069,-0.0171,7.33
434.293,0.0,0.0,0.0,-0.0069,-0.0171,7.33
434.353,0.0,0.0,0.0,-0.0069,-0.0171,7.33
434.41,0.0,0.0,0.0,-0.0069,-0.0171,7.33
434.465,0.0,0.0,0.0,-0.0069,-0.0171,7.33
434.517,0.0,0.0,0.0,-0.0069,-0.0171,7.33
434.572,0.0,0.0,0.0,-0.0069,-0.0171,7.33
434.626,0.0,0.0,0.0,-0.0069,-0.0171,7.33
434.688,0.0,0.0,0.0,-0.0069,-0.0171,7.33
434.745,0.0,0.0,0.0,-0.0069,-0.0171,7.33
434.805,0.0,0.0,0.0,-0.0069,-0.0171,7.33
434.863,0.0,0.0,0.0,-0.0069,-0.0171,7.33
434.925,0.0,0.0,0.0,-0.0069,-0.0171,7.33
434.988,0.0,0.0,0.0,-0.0069,-0.0171,7.33
435.042,0.0,0.0,0.0,-0.0069,-0.0171,7.33
435.101,0.0,0.0,0.0,-0.0069,-0.0171,7.33
435.155,0.0,0.0,0.0,-0.0069,-0.0171,7.33
435.208,0.0,0.0,0.0,-0.0069,-0.0171,7.33
435.269,0.0,0.0,0.0,-0.0069,-0.0171,7.33
435.322,0.0,0.0,0.0,-0.0069,-0.0171,7.33
435.408,0.0,0.0,0.0,-0.0069,-0.0171,7.33
435.463,0.0,0.0,0.0,-0.0069,-0.0171,7.33
435.514,0.0,0.0,0.0,-0.0069,-0.0171,7.33
435.565,0.0,0.0,0.0,-0.0069,-0.0171,7.33
435.618,0.0,0.0,0.0,-0.0069,-0.0171,7.33
435.67,0.0,0.0,0.0,-0.0069,-0.0171,7.33
435.72,0.0,0.0,0.0,-0.0069,-0.0171,7.33
435.773,0.0,0.0,0.0,-0.0069,-0.0171,7.33
435.827,0.0,0.0,0.0,-0.0069,-0.0171,7.33
435.878,0.0,0.0,0.0,-0.0069,-0.0171,7.33
435.929,0.0,0.0,0.0,-0.0069,-0.0171,7.33
435.981,0.0,0.0,0.0,-0.0069,-0.0171,7.33
436.032,0.0,0.0,0.0,-0.0069,-0.0171,7.33
436.086,0.0,0.0,0.0,-0.0069,-0.0171,7.33
436.14,0.0,0.0,0.0,-0.0069,-0.0171,7.33
436.194,0.0,0.0,0.0,-0.0069,-0.0171,7.33
436.245,0.0,0.0,0.0,-0.0069,-0.0171,7.33
436.296,0.0,0.0,0.0,-0.0069,-0.0171,7.33
436.347,0.0,0.0,0.0,-0.0069,-0.0171,7.33
436.398,0.0,0.0,0.0,-0.0069,-0.0171,7.33
436.448,0.0,0.0,0.0,-0.0069,-0.0171,7.33
436.5,0.0,0.0,0.0,-0.0069,-0.0171,7.33
436.552,0.0,0.0,0.0,-0.0069,-0.0171,7.33
436.609,0.0,0.0,0.0,-0.0069,-0.0171,7.33
436.66,0.0,0.0,0.0,-0.0069,-0.0171,7.33
436.717,0.0,0.0,0.0,-0.0069,-0.0171,7.33
436.771,0.0,0.0,0.0,-0.0069,-0.0171,7.33
436.822,0.0,0.0,0.0,-0.0069,-0.0171,7.33
436.874,0.0,0.0,0.0,-0.0069,-0.0171,7.33
436.925,0.0,0.0,0.0,-0.0069,-0.0171,7.33
436.978,0.0,0.0,0.0,-0.0069,-0.0171,7.33
437.029,0.0,0.0,0.0,-0.0069,-0.0171,7.33
437.082,0.0,0.0,0.0,-0.0069,-0.0171,7.33
437.134,0.0,0.0,0.0,-0.0069,-0.0171,7.33
437.19,0.0,0.0,0.0,-0.0069,-0.0171,7.33
437.249,0.0,0.0,0.0,-0.0069,-0.0171,7.33
437.301,0.0,0.0,0.0,-0.0069,-0.0171,7.33
437.354,0.0,0.0,0.0,-0.0069,-0.0171,7.33
437.41,0.0,0.0,0.0,-0.0069,-0.0171,7.33
437.461,0.0,0.0,0.0,-0.0069,-0.0171,7.33
437.512,0.0,0.0,0.0,-0.0069,-0.0171,7.33
437.563,0.0,0.0,0.0,-0.0069,-0.0171,7.33
437.617,0.0,0.0,0.0,-0.0069,-0.0171,7.33
437.669,0.0,0.0,0.0,-0.0069,-0.0171,7.33
437.72,0.0,0.0,0.0,-0.0069,-0.0171,7.33
437.777,0.0,0.0,0.0,-0.0069,-0.0171,7.33
437.828,0.0,0.0,0.0,-0.0069,-0.0171,7.33
437.88,0.0,0.0,0.0,-0.0069,-0.0171,7.33
437.932,0.0,0.0,0.0,-0.0069,-0.0171,7.33
437.983,0.0,0.0,0.0,-0.0069,-0.0171,7.33
438.035,0.0,0.0,0.0,-0.0069,-0.0171,7.33
438.086,0.0,0.0,0.0,-0.0069,-0.0171,7.33
438.142,0.0,0.0,0.0,-0.0069,-0.0171,7.33
438.194,0.0,0.0,0.0,-0.0069,-0.0171,7.33
438.246,0.0,0.0,0.0,-0.0069,-0.0171,7.33
438.296,0.0,0.0,0.0,-0.0069,-0.0171,7.33
438.349,0.0,0.0,0.0,-0.0069,-0.0171,7.33
438.399,0.0,0.0,0.0,-0.0069,-0.0171,7.33
438.452,0.0,0.0,0.0,-0.0069,-0.0171,7.33
438.503,0.0,0.0,0.0,-0.0069,-0.0171,7.33
438.554,0.0,0.0,0.0,-0.0069,-0.0171,7.33
438.606,0.0,0.0,0.0,-0.0069,-0.0171,7.33
438.658,0.0,0.0,0.0,-0.0069,-0.0171,7.33
438.71,0.0,0.0,0.0,-0.0069,-0.0171,7.33
438.763,0.0,0.0,0.0,-0.0069,-0.0171,7.33
438.814,0.0,0.0,0.0,-0.0069,-0.0171,7.33
438.866,0.0,0.0,0.0,-0.0069,-0.0171,7.33
438.917,0.0,0.0,0.0,-0.0069,-0.0171,7.33
438.967,0.0,0.0,0.0,-0.0069,-0.0171,7.33
439.018,0.0,0.0,0.0,-0.0069,-0.0171,7.33
439.069,0.0,0.0,0.0,-0.0069,-0.0171,7.33
439.122,0.0,0.0,0.0,-0.0069,-0.0171,7.33
439.179,0.0,0.0,0.0,-0.0069,-0.0171,7.33
439.232,0.0,0.0,0.0,-0.0069,-0.0171,7.33
439.287,0.0,0.0,0.0,-0.0069,-0.0171,7.33
439.345,0.0,0.0,0.0,-0.0069,-0.0171,7.33
439.399,0.0,0.0,0.0,-0.0069,-0.0171,7.33
439.449,0.0,0.0,0.0,-0.0069,-0.0171,7.33
439.504,0.0,0.0,0.0,-0.0069,-0.0171,7.33
439.557,0.0,0.0,0.0,-0.0069,-0.0171,7.33
439.612,0.0,0.0,0.0,-0.0069,-0.0171,7.33
439.664,0.0,0.0,0.0,-0.0069,-0.0171,7.33
439.718,0.0,0.0,0.0,-0.0069,-0.0171,7.33
439.77,0.0,0.0,0.0,-0.0069,-0.0171,7.33
439.822,0.0,0.0,0.0,-0.0069,-0.0171,7.33
439.88,0.0,0.0,0.0,-0.0069,-0.0171,7.33
439.931,0.0,0.0,0.0,-0.0069,-0.0171,7.33
439.983,0.0,0.0,0.0,-0.0069,-0.0171,7.33
440.035,0.0,0.0,0.0,-0.0069,-0.0171,7.33
440.087,0.0,0.0,0.0,-0.0069,-0.0171,7.33
440.139,0.0,0.0,0.0,-0.0069,-0.0171,7.33
440.194,0.0,0.0,0.0,-0.0069,-0.0171,7.33
440.248,0.0,0.0,0.0,-0.0069,-0.0171,7.33
440.3,0.0,0.0,0.0,-0.0069,-0.0171,7.33
440.351,0.0,0.0,0.0,-0.0069,-0.0171,7.33
440.403,0.0,0.0,0.0,-0.0069,-0.0171,7.33
440.455,0.0,0.0,0.0,-0.0069,-0.0171,7.33
440.506,0.0,0.0,0.0,-0.0069,-0.0171,7.33
440.561,0.0,0.0,0.0,-0.0069,-0.0171,7.33
440.613,0.0,0.0,0.0,-0.0069,-0.0171,7.33
440.665,0.0,0.0,0.0,-0.0069,-0.0171,7.33
440.716,0.0,0.0,0.0,-0.0069,-0.0171,7.33
440.769,0.0,0.0,0.0,-0.0069,-0.0171,7.33
440.835,0.0,0.0,0.0,-0.0069,-0.0171,7.33
440.9,0.0,0.0,0.0,-0.0069,-0.0171,7.33
440.964,0.0,0.0,0.0,-0.0069,-0.0171,7.33
441.024,0.0,0.0,0.0,-0.0069,-0.0171,7.33
441.082,0.0,0.0,0.0,-0.0069,-0.0171,7.33
441.137,0.0,0.0,0.0,-0.0069,-0.0171,7.33
441.196,0.0,0.0,0.0,-0.0069,-0.0171,7.33
441.253,0.0,0.0,0.0,-0.0069,-0.0171,7.33
441.304,0.0,0.0,0.0,-0.0069,-0.0171,7.33
441.359,0.0,0.0,0.0,-0.0069,-0.0171,7.33
441.411,0.0,0.0,0.0,-0.0069,-0.0171,7.33
441.462,0.0,0.0,0.0,-0.0069,-0.0171,7.33
441.513,0.0,0.0,0.0,-0.0069,-0.0171,7.33
441.565,0.0,0.0,0.0,-0.0069,-0.0171,7.33
441.623,0.0,0.0,0.0,-0.0069,-0.0171,7.33
441.674,0.0,0.0,0.0,-0.0069,-0.0171,7.33
441.725,0.0,0.0,0.0,-0.0069,-0.0171,7.33
441.777,0.0,0.0,0.0,-0.0069,-0.0171,7.33
441.828,0.0,0.0,0.0,-0.0069,-0.0171,7.33
441.879,0.0,0.0,0.0,-0.0069,-0.0171,7.33
441.93,0.0,0.0,0.0,-0.0069,-0.0171,7.33
441.981,0.0,0.0,0.0,-0.0069,-0.0171,7.33
442.031,0.0,0.0,0.0,-0.0069,-0.0171,7.33
442.083,0.0,0.0,0.0,-0.0069,-0.0171,7.33
442.133,0.0,0.0,0.0,-0.0069,-0.0171,7.33
442.217,0.0,0.0,0.0,-0.0069,-0.0171,7.33
442.268,0.0,0.0,0.0,-0.0069,-0.0171,7.33
442.321,0.0,0.0,0.0,-0.0069,-0.0171,7.33
442.372,0.0,0.0,0.0,-0.0069,-0.0171,7.33
442.423,0.0,0.0,0.0,-0.0069,-0.0171,7.33
442.474,0.0,0.0,0.0,-0.0069,-0.0171,7.33
442.525,0.0,0.0,0.0,-0.0069,-0.0171,7.33
442.576,0.0,0.0,0.0,-0.0069,-0.0171,7.33
442.627,0.0,0.0,0.0,-0.0069,-0.0171,7.33
442.678,0.0,0.0,0.0,-0.0069,-0.0171,7.33
442.729,0.0,0.0,0.0,-0.0069,-0.0171,7.33
442.781,0.0,0.0,0.0,-0.0069,-0.0171,7.33
442.832,0.0,0.0,0.0,-0.0069,-0.0171,7.33
442.884,0.0,0.0,0.0,-0.0069,-0.0171,7.33
442.935,0.0,0.0,0.0,-0.0069,-0.0171,7.33
442.985,0.0,0.0,0.0,-0.0069,-0.0171,7.33
443.036,0.0,0.0,0.0,-0.0069,-0.0171,7.33
443.087,0.0,0.0,0.0,-0.0069,-0.0171,7.33
443.139,0.0,0.0,0.0,-0.0069,-0.0171,7.33
443.19,0.0,0.0,0.0,-0.0069,-0.0171,7.33
443.241,0.0,0.0,0.0,-0.0069,-0.0171,7.33
443.292,0.0,0.0,0.0,-0.0069,-0.0171,7.33
443.343,0.0,0.0,0.0,-0.0069,-0.0171,7.33
443.394,0.0,0.0,0.0,-0.0069,-0.0171,7.33
443.445,0.0,0.0,0.0,-0.0069,-0.0171,7.33
443.496,0.0,0.0,0.0,-0.0069,-0.0171,7.33
443.546,0.0,0.0,0.0,-0.0069,-0.0171,7.33
443.597,0.0,0.0,0.0,-0.0069,-0.0171,7.33
443.648,0.0,0.0,0.0,-0.0069,-0.0171,7.33
443.699,0.0,0.0,0.0,-0.0069,-0.0171,7.33
443.75,0.0,0.0,0.0,-0.0069,-0.0171,7.33
443.801,0.0,0.0,0.0,-0.0069,-0.0171,7.33
443.852,0.0,0.0,0.0,-0.0069,-0.0171,7.33
443.904,0.0,0.0,0.0,-0.0069,-0.0171,7.33
443.955,0.0,0.0,0.0,-0.0069,-0.0171,7.33
444.006,0.0,0.0,0.0,-0.0069,-0.0171,7.33
444.057,0.0,0.0,0.0,-0.0069,-0.0171,7.33
444.108,0.0,0.0,0.0,-0.0069,-0.0171,7.33
444.158,0.0,0.0,0.0,-0.0069,-0.0171,7.33
444.211,0.0,0.0,0.0,-0.0069,-0.0171,7.33
444.262,0.0,0.0,0.0,-0.0069,-0.0171,7.33
444.313,0.0,0.0,0.0,-0.0069,-0.0171,7.33
444.364,0.0,0.0,0.0,-0.0069,-0.0171,7.33
444.414,0.0,0.0,0.0,-0.0069,-0.0171,7.33
444.466,0.0,0.0,0.0,-0.0069,-0.0171,7.33
444.516,0.0,0.0,0.0,-0.0069,-0.0171,7.33
444.566,0.0,0.0,0.0,-0.0069,-0.0171,7.33
444.617,0.0,0.0,0.0,-0.0069,-0.0171,7.33
444.669,0.0,0.0,0.0,-0.0069,-0.0171,7.33
444.72,0.0,0.0,0.0,-0.0069,-0.0171,7.33
444.771,0.0,0.0,0.0,-0.0069,-0.0171,7.33
444.822,0.0,0.0,0.0,-0.0069,-0.0171,7.33
444.873,0.0,0.0,0.0,-0.0069,-0.0171,7.33
444.954,0.0,0.0,0.0,-0.0069,-0.0171,7.33
445.005,0.0,0.0,0.0,-0.0069,-0.0171,7.33
445.056,0.0,0.0,0.0,-0.0069,-0.0171,7.33
445.108,0.0,0.0,0.0,-0.0069,-0.0171,7.33
445.16,0.0,0.0,0.0,-0.0069,-0.0171,7.33
445.21,0.0,0.0,0.0,-0.0069,-0.0171,7.33
445.263,0.0,0.0,0.0,-0.0069,-0.0171,7.33
445.314,0.0,0.0,0.0,-0.0069,-0.0171,7.33
445.365,0.0,0.0,0.0,-0.0069,-0.0171,7.33
445.415,0.0,0.0,0.0,-0.0069,-0.0171,7.33
445.476,0.0,0.0,0.0,-0.0069,-0.0171,7.33
445.537,0.0,0.0,0.0,-0.0069,-0.0171,7.33
445.591,0.0,0.0,0.0,-0.0069,-0.0171,7.33
445.643,0.0,0.0,0.0,-0.0069,-0.0171,7.33
445.694,0.0,0.0,0.0,-0.0069,-0.0171,7.33
445.745,0.0,0.0,0.0,-0.0069,-0.0171,7.33
445.796,0.0,0.0,0.0,-0.0069,-0.0171,7.33
445.847,0.0,0.0,0.0,-0.0069,-0.0171,7.33
445.9,0.0,0.0,0.0,-0.0069,-0.0171,7.33
445.952,0.0,0.0,0.0,-0.0069,-0.0171,7.33
446.002,0.0,0.0,0.0,-0.0069,-0.0171,7.33
446.053,0.0,0.0,0.0,-0.0069,-0.0171,7.33
446.104,0.0,0.0,0.0,-0.0069,-0.0171,7.33
446.155,0.0,0.0,0.0,-0.0069,-0.0171,7.33
446.206,0.0,0.0,0.0,-0.0069,-0.0171,7.33
446.256,0.0,0.0,0.0,-0.0069,-0.0171,7.33
446.307,0.0,0.0,0.0,-0.0069,-0.0171,7.33
446.358,0.0,0.0,0.0,-0.0069,-0.0171,7.33
446.409,0.0,0.0,0.0,-0.0069,-0.0171,7.33
446.46,0.0,0.0,0.0,-0.0069,-0.0171,7.33
446.511,0.0,0.0,0.0,-0.0069,-0.0171,7.33
446.562,0.0,0.0,0.0,-0.0069,-0.0171,7.33
446.614,0.0,0.0,0.0,-0.0069,-0.0171,7.33
446.665,0.0,0.0,0.0,-0.0069,-0.0171,7.33
446.716,0.0,0.0,0.0,-0.0069,-0.0171,7.33
446.767,0.0,0.0,0.0,-0.0069,-0.0171,7.33
446.817,0.0,0.0,0.0,-0.0069,-0.0171,7.33
446.868,0.0,0.0,0.0,-0.0069,-0.0171,7.33
446.919,0.0,0.0,0.0,-0.0069,-0.0171,7.33
446.97,0.0,0.0,0.0,-0.0069,-0.0171,7.33
447.021,0.0,0.0,0.0,-0.0069,-0.0171,7.33
447.072,0.0,0.0,0.0,-0.0069,-0.0171,7.33
447.123,0.0,0.0,0.0,-0.0069,-0.0171,7.33
447.174,0.0,0.0,0.0,-0.0069,-0.0171,7.33
447.224,0.0,0.0,0.0,-0.0069,-0.0171,7.33
447.275,0.0,0.0,0.0,-0.0069,-0.0171,7.33
447.325,0.0,0.0,0.0,-0.0069,-0.0171,7.33
447.376,0.0,0.0,0.0,-0.0069,-0.0171,7.33
447.428,0.0,0.0,0.0,-0.0069,-0.0171,7.33
447.479,0.0,0.0,0.0,-0.0069,-0.0171,7.33
447.53,0.0,0.0,0.0,-0.0069,-0.0171,7.33
447.581,0.0,0.0,0.0,-0.0069,-0.0171,7.33
447.632,0.0,0.0,0.0,-0.0069,-0.0171,7.33
447.685,0.0,0.0,0.0,-0.0069,-0.0171,7.33
447.737,0.0,0.0,0.0,-0.0069,-0.0171,7.33
447.787,0.0,0.0,0.0,-0.0069,-0.0171,7.33
447.838,0.0,0.0,0.0,-0.0069,-0.0171,7.33
447.89,0.0,0.0,0.0,-0.0069,-0.0171,7.33
447.94,0.0,0.0,0.0,-0.0069,-0.0171,7.33
447.991,0.0,0.0,0.0,-0.0069,-0.0171,7.33
448.042,0.0,0.0,0.0,-0.0069,-0.0171,7.33
448.093,0.0,0.0,0.0,-0.0069,-0.0171,7.33
448.144,0.0,0.0,0.0,-0.0069,-0.0171,7.33
448.195,0.0,0.0,0.0,-0.0069,-0.0171,7.33
448.245,0.0,0.0,0.0,-0.0069,-0.0171,7.33
448.296,0.0,0.0,0.0,-0.0069,-0.0171,7.33
448.348,0.0,0.0,0.0,-0.0069,-0.0171,7.33
448.398,0.0,0.0,0.0,-0.0069,-0.0171,7.33
448.449,0.0,0.0,0.0,-0.0069,-0.0171,7.33
448.499,0.0,0.0,0.0,-0.0069,-0.0171,7.33
448.55,0.0,0.0,0.0,-0.0069,-0.0171,7.33
448.602,0.0,0.0,0.0,-0.0069,-0.0171,7.33
448.654,0.0,0.0,0.0,-0.0069,-0.0171,7.33
448.705,0.0,0.0,0.0,-0.0069,-0.0171,7.33
448.756,0.0,0.0,0.0,-0.0069,-0.0171,7.33
448.808,0.0,0.0,0.0,-0.0069,-0.0171,7.33
448.859,0.0,0.0,0.0,-0.0069,-0.0171,7.33
448.91,0.0,0.0,0.0,-0.0069,-0.0171,7.33
448.96,0.0,0.0,0.0,-0.0069,-0.0171,7.33
449.038,0.0,0.0,0.0,-0.0069,-0.0171,7.33
449.09,0.0,0.0,0.0,-0.0069,-0.0171,7.33
449.148,0.0,0.0,0.0,-0.0069,-0.0171,7.33
449.207,0.0,0.0,0.0,-0.0069,-0.0171,7.33
449.274,0.0,0.0,0.0,-0.0069,-0.0171,7.33
449.341,0.0,0.0,0.0,-0.0069,-0.0171,7.33
449.402,0.0,0.0,0.0,-0.0069,-0.0171,7.33
449.466,0.0,0.0,0.0,-0.0069,-0.0171,7.33
449.527,0.0,0.0,0.0,-0.0069,-0.0171,7.33
449.584,0.0,0.0,0.0,-0.0069,-0.0171,7.33
449.651,0.0,0.0,0.0,-0.0069,-0.0171,7.33
449.703,0.0,0.0,0.0,-0.0069,-0.0171,7.33
449.769,0.0,0.0,0.0,-0.0069,-0.0171,7.33
449.822,0.0,0.0,0.0,-0.0069,-0.0171,7.33
449.889,0.0,0.0,0.0,-0.0069,-0.0171,7.33
449.943,0.0,0.0,0.0,-0.0069,-0.0171,7.33
449.993,0.0,0.0,0.0,-0.0069,-0.0171,7.33
450.045,0.0,0.0,0.0,-0.0069,-0.0171,7.33
450.095,0.0,0.0,0.0,-0.0069,-0.0171,7.33
450.146,0.0,0.0,0.0,-0.0069,-0.0171,7.33
450.196,0.0,0.0,0.0,-0.0069,-0.0171,7.33
450.248,0.0,0.0,0.0,-0.0069,-0.0171,7.33
450.298,0.0,0.0,0.0,-0.0069,-0.0171,7.33
450.349,0.0,0.0,0.0,-0.0069,-0.0171,7.33
450.4,0.0,0.0,0.0,-0.0069,-0.0171,7.33
450.452,0.0,0.0,0.0,-0.0069,-0.0171,7.33
450.502,0.0,0.0,0.0,-0.0069,-0.0171,7.33
450.553,0.0,0.0,0.0,-0.0069,-0.0171,7.33
450.603,0.0,0.0,0.0,-0.0069,-0.0171,7.33
450.654,0.0,0.0,0.0,-0.0069,-0.0171,7.33
450.708,0.0,0.0,0.0,-0.0069,-0.0171,7.33
450.759,0.0,0.0,0.0,-0.0069,-0.0171,7.33
450.811,0.0,0.0,0.0,-0.0069,-0.0171,7.33
450.863,0.0,0.0,0.0,-0.0069,-0.0171,7.33
450.915,0.0,0.0,0.0,-0.0069,-0.0171,7.33
450.967,0.0,0.0,0.0,-0.0069,-0.0171,7.33
451.017,0.0,0.0,0.0,-0.0069,-0.0171,7.33
451.068,0.0,0.0,0.0,-0.0069,-0.0171,7.33
451.119,0.0,0.0,0.0,-0.0069,-0.0171,7.33
451.169,0.0,0.0,0.0,-0.0069,-0.0171,7.33
451.22,0.0,0.0,0.0,-0.0069,-0.0171,7.33
451.272,0.0,0.0,0.0,-0.0069,-0.0171,7.33
451.324,0.0,0.0,0.0,-0.0069,-0.0171,7.33
451.375,0.0,0.0,0.0,-0.0069,-0.0171,7.33
451.426,0.0,0.0,0.0,-0.0069,-0.0171,7.33
451.477,0.0,0.0,0.0,-0.0069,-0.0171,7.33
451.527,0.0,0.0,0.0,-0.0069,-0.0171,7.33
451.578,0.0,0.0,0.0,-0.0069,-0.0171,7.33
451.629,0.0,0.0,0.0,-0.0069,-0.0171,7.33
451.679,0.0,0.0,0.0,-0.0069,-0.0171,7.33
451.739,0.0,0.0,0.0,-0.0069,-0.0171,7.33
451.791,0.0,0.0,0.0,-0.0069,-0.0171,7.33
451.841,0.0,0.0,0.0,-0.0069,-0.0171,7.33
451.891,0.0,0.0,0.0,-0.0069,-0.0171,7.33
451.942,0.0,0.0,0.0,-0.0069,-0.0171,7.33
451.993,0.0,0.0,0.0,-0.0069,-0.0171,7.33
452.043,0.0,0.0,0.0,-0.0069,-0.0171,7.33
452.094,0.0,0.0,0.0,-0.0069,-0.0171,7.33
452.144,0.0,0.0,0.0,-0.0069,-0.0171,7.33
452.195,0.0,0.0,0.0,-0.0069,-0.0171,7.33
452.246,0.0,0.0,0.0,-0.0069,-0.0171,7.33
452.297,0.0,0.0,0.0,-0.0069,-0.0171,7.33
452.347,0.0,0.0,0.0,-0.0069,-0.0171,7.33
452.398,0.0,0.0,0.0,-0.0069,-0.0171,7.33
452.449,0.0,0.0,0.0,-0.0069,-0.0171,7.33
452.499,0.0,0.0,0.0,-0.0069,-0.0171,7.33
452.55,0.0,0.0,0.0,-0.0069,-0.0171,7.33
452.601,0.0,0.0,0.0,-0.0069,-0.0171,7.33
452.652,0.0,0.0,0.0,-0.0069,-0.0171,7.33
452.702,0.0,0.0,0.0,-0.0069,-0.0171,7.33
452.753,0.0,0.0,0.0,-0.0069,-0.0171,7.33
452.804,0.0,0.0,0.0,-0.0069,-0.0171,7.33
452.855,0.0,0.0,0.0,-0.0069,-0.0171,7.33
452.905,0.0,0.0,0.0,-0.0069,-0.0171,7.33
452.956,0.0,0.0,0.0,-0.0069,-0.0171,7.33
453.007,0.0,0.0,0.0,-0.0069,-0.0171,7.33
453.057,0.0,0.0,0.0,-0.0069,-0.0171,7.33
453.137,0.0,0.0,0.0,-0.0069,-0.0171,7.33
453.188,0.0,0.0,0.0,-0.0069,-0.0171,7.33
453.238,0.0,0.0,0.0,-0.0069,-0.0171,7.33
453.289,0.0,0.0,0.0,-0.0069,-0.0171,7.33
453.339,0.0,0.0,0.0,-0.0069,-0.0171,7.33
453.39,0.0,0.0,0.0,-0.0069,-0.0171,7.33
453.44,0.0,0.0,0.0,-0.0069,-0.0171,7.33
453.491,0.0,0.0,0.0,-0.0069,-0.0171,7.33
453.541,0.0,0.0,0.0,-0.0069,-0.0171,7.33
453.592,0.0,0.0,0.0,-0.0069,-0.0171,7.33
453.642,0.0,0.0,0.0,-0.0069,-0.0171,7.33
453.693,0.0,0.0,0.0,-0.0069,-0.0171,7.33
453.743,0.0,0.0,0.0,-0.0069,-0.0171,7.33
453.794,0.0,0.0,0.0,-0.0069,-0.0171,7.33
453.845,0.0,0.0,0.0,-0.0069,-0.0171,7.33
453.895,0.0,0.0,0.0,-0.0069,-0.0171,7.33
453.946,0.0,0.0,0.0,-0.0069,-0.0171,7.33
453.997,0.0,0.0,0.0,-0.0069,-0.0171,7.33
454.048,0.0,0.0,0.0,-0.0069,-0.0171,7.33
454.099,0.0,0.0,0.0,-0.0069,-0.0171,7.33
454.149,0.0,0.0,0.0,-0.0069,-0.0171,7.33
454.2,0.0,0.0,0.0,-0.0069,-0.0171,7.33
