t,target_x,target_y,target_h_deg,x,y,h_deg
0.052,,,,0.0001,-0.0001,-0.03
0.103,,,,0.0001,-0.0001,-0.03
0.153,,,,0.0001,-0.0001,-0.03
0.204,,,,0.0001,-0.0001,-0.03
0.255,,,,0.0001,-0.0001,-0.03
0.306,,,,0.0001,-0.0001,-0.03
0.356,,,,0.0001,-0.0001,-0.03
0.407,,,,0.0001,-0.0001,-0.03
0.458,,,,0.0001,-0.0001,-0.03
0.509,,,,0.0001,-0.0001,-0.03
0.559,,,,0.0001,-0.0001,-0.03
0.61,,,,0.0001,-0.0001,-0.03
0.661,,,,0.0001,-0.0001,-0.03
0.711,,,,0.0001,-0.0001,-0.03
0.762,,,,0.0002,-0.0002,-0.04
0.813,,,,0.0002,-0.0002,-0.04
0.864,,,,0.0002,-0.0002,-0.04
0.915,,,,0.0002,-0.0002,-0.04
0.965,,,,0.0002,-0.0002,-0.04
1.016,,,,0.0002,-0.0002,-0.04
1.067,,,,0.0002,-0.0002,-0.04
1.117,,,,0.0002,-0.0002,-0.04
1.169,,,,0.0002,-0.0002,-0.04
1.219,,,,0.0002,-0.0002,-0.04
1.27,,,,0.0002,-0.0002,-0.04
1.321,,,,0.0002,-0.0002,-0.04
1.372,,,,0.0002,-0.0002,-0.04
1.422,,,,0.0002,-0.0002,-0.04
1.473,,,,0.0002,-0.0002,-0.04
1.561,,,,0.0002,-0.0002,-0.04
1.611,,,,0.0002,-0.0002,-0.04
1.662,,,,0.0002,-0.0002,-0.04
1.713,,,,0.0002,-0.0002,-0.04
1.763,,,,0.0002,-0.0002,-0.05
1.814,,,,0.0002,-0.0002,-0.04
1.864,,,,0.0002,-0.0002,-0.05
1.915,,,,0.0002,-0.0002,-0.05
1.965,,,,0.0002,-0.0002,-0.05
2.016,,,,0.0002,-0.0002,-0.05
2.067,,,,0.0002,-0.0002,-0.05
2.117,,,,0.0002,-0.0002,-0.05
2.168,,,,0.0002,-0.0002,-0.05
2.219,,,,0.0002,-0.0002,-0.05
2.269,,,,0.0002,-0.0002,-0.05
2.32,,,,0.0002,-0.0002,-0.05
2.37,,,,0.0002,-0.0002,-0.05
2.421,,,,0.0002,-0.0002,-0.05
2.472,,,,0.0002,-0.0002,-0.05
2.524,,,,0.0002,-0.0002,-0.05
2.575,,,,0.0002,-0.0002,-0.05
2.625,,,,0.0002,-0.0002,-0.05
2.676,,,,0.0002,-0.0002,-0.05
2.727,,,,0.0002,-0.0002,-0.05
2.778,,,,0.0002,-0.0002,-0.05
2.829,,,,0.0002,-0.0002,-0.05
2.879,,,,0.0002,-0.0002,-0.06
2.93,,,,0.0002,-0.0002,-0.06
2.98,,,,0.0002,-0.0002,-0.06
3.031,,,,0.0002,-0.0002,-0.06
3.081,,,,0.0002,-0.0002,-0.05
3.132,,,,0.0002,-0.0002,-0.05
3.183,,,,0.0002,-0.0002,-0.06
3.233,,,,0.0002,-0.0002,-0.06
3.283,,,,0.0002,-0.0002,-0.06
3.334,,,,0.0002,-0.0002,-0.06
3.385,,,,0.0002,-0.0002,-0.06
3.435,,,,0.0002,-0.0002,-0.06
3.485,,,,0.0002,-0.0002,-0.06
3.536,,,,0.0002,-0.0002,-0.06
3.587,,,,0.0002,-0.0002,-0.06
3.637,,,,0.0002,-0.0002,-0.06
3.687,,,,0.0002,-0.0002,-0.06
3.738,,,,0.0002,-0.0002,-0.06
3.788,,,,0.0002,-0.0002,-0.06
3.839,,,,0.0002,-0.0002,-0.06
3.89,,,,0.0002,-0.0002,-0.06
3.94,,,,0.0002,-0.0002,-0.06
3.991,,,,0.0002,-0.0002,-0.06
4.041,,,,0.0002,-0.0002,-0.06
4.092,,,,0.0002,-0.0002,-0.06
4.143,,,,0.0002,-0.0002,-0.06
4.193,,,,0.0002,-0.0002,-0.06
4.244,,,,0.0002,-0.0002,-0.06
4.294,,,,0.0002,-0.0002,-0.06
4.344,,,,0.0002,-0.0002,-0.06
4.395,,,,0.0002,-0.0002,-0.06
4.445,,,,0.0002,-0.0002,-0.06
4.496,,,,0.0002,-0.0002,-0.06
4.546,,,,0.0002,-0.0002,-0.06
4.597,,,,0.0002,-0.0002,-0.06
4.648,,,,0.0002,-0.0002,-0.06
4.698,,,,0.0002,-0.0002,-0.06
4.749,,,,0.0002,-0.0002,-0.06
4.8,,,,0.0002,-0.0002,-0.06
4.85,,,,0.0002,-0.0002,-0.06
4.901,,,,0.0002,-0.0002,-0.06
4.952,,,,-0.0,-0.0187,-0.0
5.002,,,,-0.0,-0.0187,-0.0
5.053,,,,-0.0,-0.0187,-0.0
5.104,,,,-0.0,-0.0187,-0.0
5.154,,,,-0.0,-0.0187,-0.0
5.204,,,,-0.0,-0.0187,-0.0
5.255,,,,-0.0,-0.0187,-0.0
5.305,,,,-0.0,-0.0187,-0.0
5.356,,,,-0.0,-0.0187,-0.0
5.406,,,,-0.0,-0.0187,-0.0
5.457,,,,-0.0,-0.0187,-0.0
5.508,,,,-0.0,-0.0187,-0.0
5.559,,,,-0.0,-0.0187,-0.0
5.609,,,,-0.0,-0.0187,-0.0
5.66,,,,-0.0,-0.0187,-0.0
5.71,,,,-0.0,-0.0187,-0.0
5.761,,,,-0.0,-0.0187,-0.0
5.811,,,,-0.0,-0.0187,-0.0
5.862,,,,-0.0,-0.0187,-0.0
5.913,,,,-0.0,-0.0187,-0.0
5.963,,,,-0.0,-0.0187,-0.0
6.014,,,,-0.0,-0.0187,-0.0
6.064,,,,-0.0,-0.0187,-0.0
6.115,,,,-0.0,-0.0187,-0.0
6.165,,,,-0.0,-0.0187,-0.0
6.216,,,,-0.0,-0.0187,-0.0
6.266,,,,-0.0,-0.0187,-0.0
6.317,,,,-0.0,-0.0187,-0.0
6.368,,,,-0.0,-0.0187,-0.0
6.418,,,,-0.0,-0.0187,-0.0
6.469,,,,-0.0,-0.0187,-0.0
6.519,,,,-0.0,-0.0187,-0.0
6.57,,,,-0.0,-0.0187,-0.0
6.621,,,,-0.0,-0.0187,-0.0
6.671,,,,-0.0,-0.0187,-0.0
6.722,,,,-0.0,-0.0187,-0.0
6.772,,,,-0.0,-0.0187,-0.0
6.823,,,,-0.0,-0.0187,-0.0
6.873,,,,-0.0,-0.0187,-0.0
6.924,,,,-0.0,-0.0187,-0.0
6.974,,,,-0.0,-0.0187,-0.0
7.025,,,,-0.0,-0.0187,-0.0
7.075,,,,-0.0,-0.0187,-0.0
7.126,,,,-0.0,-0.0187,-0.0
7.176,,,,-0.0,-0.0187,-0.0
7.227,,,,0.0,0.0,0.0
7.278,,,,0.0,0.0,0.0
7.328,,,,0.0,0.0,0.0
7.379,,,,0.0,0.0,0.0
7.43,,,,-0.0,0.0,0.01
7.481,,,,-0.0,0.0,0.01
7.532,,,,-0.0,0.0,0.01
7.582,,,,-0.0,0.0,0.01
7.633,,,,-0.0,0.0,0.01
7.684,,,,-0.0,0.0,0.01
7.734,,,,-0.0,0.0,0.01
7.785,,,,-0.0001,0.0001,0.01
7.836,,,,-0.0,0.0,0.01
7.887,,,,-0.0,0.0,0.01
7.938,,,,-0.0,0.0,0.01
7.988,,,,-0.0,0.0,0.01
8.039,,,,-0.0,0.0,0.01
8.089,,,,-0.0,0.0,0.01
8.14,,,,-0.0,0.0,0.01
8.191,,,,-0.0,0.0,0.01
8.242,,,,-0.0,0.0,0.01
8.292,,,,-0.0,0.0,0.01
8.379,,,,-0.0,0.0,0.01
8.429,,,,-0.0,0.0,0.01
8.48,,,,-0.0,0.0,0.01
8.531,,,,-0.0,0.0,0.01
8.581,,,,-0.0,0.0,0.01
8.632,,,,-0.0,0.0,0.01
8.683,,,,-0.0,0.0,0.01
8.733,,,,-0.0,0.0,0.01
8.784,,,,-0.0,0.0,0.01
8.835,,,,-0.0,0.0,0.01
8.886,,,,-0.0001,0.0001,0.01
8.936,,,,-0.0001,0.0001,0.01
8.987,,,,-0.0001,0.0001,0.01
9.038,,,,-0.0001,0.0001,0.01
9.089,,,,-0.0001,0.0001,0.01
9.14,,,,-0.0001,0.0001,0.01
9.191,,,,-0.0001,0.0001,0.01
9.241,,,,-0.0001,0.0001,0.01
9.292,,,,-0.0001,0.0001,0.01
9.343,,,,-0.0001,0.0001,0.01
9.394,,,,-0.0001,0.0001,0.01
9.445,,,,-0.0001,0.0001,0.01
9.496,,,,-0.0001,0.0001,0.01
9.547,,,,-0.0001,0.0001,0.01
9.597,,,,-0.0001,0.0001,0.02
9.648,,,,-0.0001,0.0001,0.02
9.699,,,,-0.0001,0.0001,0.02
9.752,,,,-0.0001,0.0001,0.02
9.803,,,,-0.0001,0.0001,0.01
9.854,,,,-0.0001,0.0001,0.01
9.904,,,,-0.0001,0.0001,0.01
9.955,,,,-0.0001,0.0001,0.01
10.005,,,,-0.0001,0.0001,0.01
10.056,,,,-0.0001,0.0001,0.01
10.106,,,,-0.0001,0.0001,0.01
10.157,,,,-0.0001,0.0001,0.01
10.208,,,,-0.0001,0.0001,0.02
10.258,,,,-0.0001,0.0001,0.02
10.309,,,,-0.0001,0.0001,0.02
10.359,,,,-0.0001,0.0001,0.02
10.41,,,,-0.0001,0.0001,0.02
10.46,,,,-0.0001,0.0001,0.02
10.511,,,,-0.0001,0.0001,0.02
10.561,,,,-0.0001,0.0001,0.02
10.613,,,,-0.0001,0.0001,0.02
10.664,,,,-0.0001,0.0001,0.02
10.714,,,,-0.0001,0.0001,0.02
10.765,,,,-0.0001,0.0001,0.02
10.816,,,,-0.0001,0.0001,0.03
10.866,,,,-0.0001,0.0001,0.03
10.917,,,,-0.0001,0.0001,0.03
10.967,,,,-0.0001,0.0001,0.03
11.02,,,,-0.0001,0.0001,0.03
11.11,,,,-0.0001,0.0001,0.03
11.16,,,,-0.0001,0.0001,0.03
11.211,,,,-0.0001,0.0001,0.03
11.262,,,,-0.0001,0.0001,0.03
11.312,,,,-0.0001,0.0001,0.03
11.363,,,,-0.0001,0.0001,0.03
11.413,,,,-0.0001,0.0001,0.03
11.464,,,,-0.0001,0.0001,0.03
11.515,,,,-0.0001,0.0001,0.03
11.565,,,,-0.0001,0.0001,0.03
11.616,,,,-0.0001,0.0001,0.04
11.666,,,,-0.0001,0.0001,0.04
11.717,,,,-0.0001,0.0001,0.04
11.767,,,,-0.0001,0.0001,0.04
11.818,,,,-0.0001,0.0001,0.04
11.869,,,,-0.0001,0.0001,0.04
11.92,,,,-0.0001,0.0001,0.04
11.971,,,,-0.0001,0.0001,0.04
12.021,,,,-0.0001,0.0001,0.04
12.071,,,,-0.0001,0.0001,0.04
12.122,,,,-0.0001,0.0001,0.04
12.173,,,,-0.0001,0.0001,0.04
12.224,,,,-0.0001,0.0001,0.04
12.274,,,,-0.0001,0.0001,0.04
12.325,,,,-0.0001,0.0001,0.04
12.376,,,,-0.0002,0.0002,0.04
12.426,,,,-0.0002,0.0002,0.04
12.478,,,,-0.0002,0.0002,0.04
12.528,,,,-0.0002,0.0002,0.04
12.58,,,,-0.0002,0.0002,0.04
12.63,,,,-0.0002,0.0002,0.04
12.681,,,,-0.0002,0.0002,0.04
12.732,,,,-0.0002,0.0002,0.04
12.782,,,,-0.0002,0.0002,0.04
12.833,,,,-0.0002,0.0002,0.04
12.883,,,,-0.0002,0.0002,0.04
12.934,,,,-0.0002,0.0002,0.04
12.985,,,,-0.0002,0.0002,0.04
13.036,,,,-0.0002,0.0002,0.04
13.087,,,,-0.0002,0.0002,0.04
13.137,,,,-0.0002,0.0002,0.04
13.188,,,,-0.0002,0.0002,0.04
13.239,,,,-0.0002,0.0002,0.04
13.29,,,,-0.0002,0.0002,0.04
13.34,,,,-0.0002,0.0002,0.04
13.392,,,,-0.0002,0.0002,0.04
13.442,,,,-0.0002,0.0002,0.04
13.493,,,,-0.0002,0.0002,0.04
13.543,,,,-0.0002,0.0002,0.04
13.594,,,,-0.0002,0.0002,0.05
13.644,,,,-0.0002,0.0002,0.05
13.694,,,,-0.0002,0.0002,0.05
13.745,,,,-0.0002,0.0002,0.05
13.795,,,,-0.0002,0.0002,0.05
13.846,,,,-0.0002,0.0002,0.05
13.897,,,,-0.0002,0.0002,0.06
13.947,,,,-0.0002,0.0002,0.06
13.998,,,,-0.0002,0.0002,0.05
14.049,,,,-0.0002,0.0002,0.05
14.1,,,,-0.0002,0.0002,0.05
14.15,,,,-0.0002,0.0002,0.05
14.201,,,,-0.0002,0.0002,0.05
14.251,,,,-0.0002,0.0002,0.05
14.301,,,,-0.0002,0.0002,0.05
14.352,,,,-0.0002,0.0002,0.05
14.402,,,,-0.0002,0.0002,0.06
14.454,,,,-0.0002,0.0002,0.06
14.504,,,,-0.0002,0.0002,0.06
14.555,,,,-0.0002,0.0002,0.06
14.606,,,,-0.0002,0.0002,0.06
14.656,,,,-0.0002,0.0002,0.06
14.707,,,,-0.0002,0.0002,0.05
14.757,,,,-0.0002,0.0002,0.06
14.807,,,,-0.0002,0.0002,0.05
14.857,,,,-0.0002,0.0002,0.05
14.908,,,,-0.0002,0.0002,0.06
14.959,,,,-0.0002,0.0002,0.06
15.01,,,,-0.0002,0.0002,0.06
15.061,,,,-0.0002,0.0002,0.06
15.111,,,,-0.0002,0.0002,0.05
15.162,,,,-0.0002,0.0002,0.06
15.212,,,,-0.0002,0.0002,0.05
15.263,,,,-0.0002,0.0002,0.05
15.314,,,,-0.0002,0.0002,0.05
15.364,,,,-0.0002,0.0002,0.05
15.415,,,,-0.0002,0.0002,0.05
15.465,,,,-0.0002,0.0002,0.05
15.515,,,,-0.0002,0.0002,0.06
15.566,,,,-0.0002,0.0002,0.06
15.617,,,,-0.0002,0.0002,0.05
15.667,,,,-0.0002,0.0002,0.05
15.717,,,,-0.0002,0.0002,0.05
15.768,,,,-0.0002,0.0002,0.05
15.818,,,,-0.0002,0.0002,0.05
15.868,,,,-0.0002,0.0002,0.05
15.919,,,,-0.0002,0.0002,0.05
15.97,,,,-0.0002,0.0002,0.05
16.021,,,,-0.0002,0.0002,0.05
16.071,,,,-0.0002,0.0002,0.05
16.122,,,,-0.0002,0.0002,0.05
16.174,,,,-0.0002,0.0002,0.05
16.224,,,,-0.0002,0.0002,0.05
16.275,,,,-0.0002,0.0002,0.05
16.327,,,,-0.0002,0.0002,0.05
16.378,,,,-0.0002,0.0002,0.06
16.429,,,,-0.0002,0.0002,0.06
16.479,,,,-0.0002,0.0002,0.06
16.564,,,,-0.0002,0.0002,0.06
16.615,,,,-0.0002,0.0002,0.06
16.665,,,,-0.0002,0.0002,0.06
16.716,,,,-0.0002,0.0002,0.06
16.767,,,,-0.0002,0.0002,0.06
16.818,,,,-0.0002,0.0002,0.06
16.868,,,,-0.0002,0.0002,0.06
16.919,,,,-0.0002,0.0002,0.06
16.969,,,,-0.0002,0.0002,0.06
17.02,,,,-0.0002,0.0002,0.06
17.07,,,,-0.0002,0.0002,0.06
17.122,,,,-0.0002,0.0002,0.06
17.172,,,,-0.0002,0.0002,0.06
17.223,,,,-0.0002,0.0002,0.06
17.273,,,,-0.0002,0.0002,0.06
17.324,,,,-0.0002,0.0002,0.06
17.374,,,,-0.0002,0.0002,0.06
17.425,,,,-0.0002,0.0002,0.06
17.475,,,,-0.0002,0.0002,0.06
17.526,,,,-0.0002,0.0002,0.06
17.576,,,,-0.0002,0.0002,0.06
17.626,,,,-0.0002,0.0002,0.06
17.677,,,,-0.0002,0.0002,0.06
17.727,,,,-0.0002,0.0002,0.06
17.778,,,,-0.0002,0.0002,0.06
17.828,,,,-0.0002,0.0002,0.06
17.879,,,,-0.0002,0.0002,0.06
17.93,,,,-0.0002,0.0002,0.06
17.981,,,,-0.0002,0.0002,0.06
18.031,,,,-0.0002,0.0002,0.06
18.082,,,,-0.0002,0.0002,0.06
18.133,,,,-0.0003,0.0003,0.07
18.183,,,,-0.0003,0.0003,0.07
18.235,,,,-0.0003,0.0003,0.07
18.285,,,,-0.0003,0.0003,0.07
18.336,,,,-0.0003,0.0003,0.07
18.387,,,,-0.0003,0.0003,0.07
18.437,,,,-0.0003,0.0003,0.07
18.488,,,,-0.0003,0.0003,0.07
18.539,,,,-0.0003,0.0003,0.07
18.59,,,,-0.0003,0.0003,0.07
18.64,,,,-0.0003,0.0003,0.07
18.691,,,,-0.0003,0.0003,0.07
18.742,,,,-0.0003,0.0003,0.07
18.793,,,,-0.0003,0.0003,0.07
18.844,,,,-0.0003,0.0003,0.07
18.894,,,,-0.0003,0.0003,0.07
18.945,,,,-0.0003,0.0003,0.07
18.995,,,,-0.0003,0.0003,0.07
19.046,,,,-0.0003,0.0003,0.07
19.097,,,,-0.0003,0.0003,0.07
19.148,,,,-0.0003,0.0003,0.07
19.198,,,,-0.0003,0.0003,0.07
19.28,,,,-0.0003,0.0003,0.07
19.33,,,,-0.0003,0.0003,0.07
19.381,,,,-0.0003,0.0003,0.07
19.431,,,,-0.0003,0.0003,0.07
19.482,,,,-0.0003,0.0003,0.07
19.535,,,,-0.0003,0.0003,0.07
19.586,,,,-0.0003,0.0003,0.07
19.637,,,,-0.0003,0.0003,0.07
19.687,,,,-0.0003,0.0003,0.07
19.738,,,,-0.0003,0.0003,0.07
19.789,,,,-0.0003,0.0003,0.07
19.839,,,,-0.0003,0.0003,0.07
19.89,,,,-0.0003,0.0003,0.07
19.964,,,,-0.0003,0.0003,0.07
20.024,,,,-0.0003,0.0003,0.07
20.084,,,,-0.0003,0.0003,0.07
20.135,,,,-0.0003,0.0003,0.07
20.187,,,,-0.0003,0.0003,0.07
20.238,,,,-0.0003,0.0003,0.07
20.288,,,,-0.0003,0.0003,0.07
20.339,,,,-0.0003,0.0003,0.07
20.389,,,,-0.0003,0.0003,0.07
20.44,,,,-0.0003,0.0003,0.07
20.492,,,,-0.0003,0.0003,0.07
20.544,,,,-0.0003,0.0003,0.07
20.595,,,,-0.0003,0.0003,0.07
20.646,,,,-0.0003,0.0003,0.07
20.697,,,,-0.0003,0.0003,0.07
20.748,,,,-0.0003,0.0003,0.07
20.798,,,,-0.0003,0.0003,0.07
20.849,,,,-0.0003,0.0003,0.07
20.899,,,,-0.0003,0.0003,0.07
20.951,,,,-0.0003,0.0003,0.07
21.001,,,,-0.0003,0.0003,0.07
21.052,,,,-0.0003,0.0003,0.07
21.103,,,,-0.0003,0.0003,0.07
21.154,,,,-0.0003,0.0003,0.07
21.204,,,,-0.0003,0.0003,0.07
21.255,,,,-0.0003,0.0003,0.07
21.305,,,,-0.0003,0.0003,0.07
21.356,,,,-0.0003,0.0003,0.07
21.406,,,,-0.0003,0.0003,0.07
21.457,,,,-0.0003,0.0003,0.07
21.507,,,,-0.0003,0.0003,0.07
21.558,,,,-0.0003,0.0003,0.07
21.61,,,,-0.0003,0.0003,0.07
21.661,,,,-0.0003,0.0003,0.07
21.711,,,,-0.0003,0.0003,0.07
21.762,,,,-0.0003,0.0003,0.07
21.812,,,,-0.0003,0.0003,0.07
21.863,,,,-0.0003,0.0003,0.07
21.914,,,,-0.0003,0.0003,0.07
21.964,,,,-0.0003,0.0003,0.07
22.015,,,,-0.0003,0.0003,0.07
22.066,,,,-0.0003,0.0003,0.07
22.118,,,,-0.0003,0.0003,0.07
22.169,,,,-0.0003,0.0003,0.07
22.219,,,,-0.0003,0.0003,0.07
22.271,,,,-0.0003,0.0003,0.07
22.321,,,,-0.0003,0.0003,0.07
22.372,,,,-0.0003,0.0003,0.07
22.422,,,,-0.0003,0.0003,0.07
22.473,,,,-0.0003,0.0003,0.07
22.524,,,,-0.0003,0.0003,0.07
22.575,,,,-0.0003,0.0003,0.07
22.625,,,,-0.0003,0.0003,0.07
22.676,,,,-0.0003,0.0003,0.07
22.727,,,,-0.0003,0.0003,0.07
22.777,,,,-0.0003,0.0003,0.07
22.828,,,,-0.0003,0.0003,0.07
22.879,,,,-0.0003,0.0003,0.07
22.93,,,,-0.0003,0.0003,0.07
22.98,,,,-0.0003,0.0003,0.07
23.031,,,,-0.0003,0.0003,0.07
23.082,,,,-0.0003,0.0003,0.07
23.132,,,,-0.0003,0.0003,0.07
23.182,,,,-0.0003,0.0003,0.07
23.233,,,,-0.0003,0.0003,0.07
23.286,,,,-0.0003,0.0003,0.07
23.338,,,,-0.0003,0.0003,0.07
23.391,,,,-0.0003,0.0003,0.07
23.445,,,,-0.0003,0.0003,0.07
23.508,,,,-0.0003,0.0003,0.07
23.568,,,,-0.0003,0.0003,0.07
23.628,,,,-0.0003,0.0003,0.07
23.683,,,,-0.0003,0.0003,0.07
23.766,,,,-0.0003,0.0003,0.07
23.826,,,,-0.0003,0.0003,0.07
23.881,,,,-0.0003,0.0003,0.07
23.932,,,,-0.0003,0.0003,0.07
23.989,,,,-0.0003,0.0003,0.07
24.044,,,,-0.0003,0.0003,0.07
24.097,,,,-0.0003,0.0003,0.07
24.158,,,,-0.0003,0.0003,0.07
24.221,,,,-0.0003,0.0003,0.07
24.29,,,,-0.0003,0.0003,0.07
24.346,,,,-0.0003,0.0003,0.07
24.405,,,,-0.0003,0.0003,0.07
24.467,,,,-0.0003,0.0003,0.07
24.524,,,,-0.0003,0.0003,0.07
24.608,,,,-0.0003,0.0003,0.07
24.704,,,,-0.0003,0.0003,0.07
24.797,,,,-0.0003,0.0003,0.07
24.876,,,,-0.0003,0.0003,0.07
24.979,,,,-0.0003,0.0003,0.07
25.049,,,,-0.0003,0.0003,0.07
25.168,,,,-0.0003,0.0003,0.07
25.233,,,,-0.0003,0.0003,0.07
25.311,,,,-0.0003,0.0003,0.07
25.396,,,,-0.0003,0.0003,0.07
25.469,,,,-0.0003,0.0003,0.07
25.523,,,,-0.0003,0.0003,0.07
25.601,,,,-0.0003,0.0003,0.07
25.668,,,,-0.0003,0.0003,0.07
25.731,,,,-0.0003,0.0003,0.07
25.805,,,,-0.0003,0.0003,0.07
25.87,,,,-0.0003,0.0003,0.07
25.968,,,,-0.0003,0.0003,0.07
26.042,,,,-0.0003,0.0003,0.07
26.131,,,,-0.0003,0.0003,0.07
26.208,,,,-0.0003,0.0003,0.07
26.286,,,,-0.0003,0.0003,0.07
26.371,,,,-0.0003,0.0003,0.07
26.483,,,,-0.0003,0.0003,0.07
26.565,,,,-0.0003,0.0003,0.07
26.653,,,,-0.0003,0.0003,0.07
26.729,,,,-0.0003,0.0003,0.07
26.808,,,,-0.0003,0.0003,0.07
26.893,,,,-0.0003,0.0003,0.07
26.977,,,,-0.0003,0.0003,0.07
27.069,,,,-0.0003,0.0003,0.07
27.156,,,,-0.0003,0.0003,0.07
27.237,,,,-0.0003,0.0003,0.07
27.321,,,,-0.0003,0.0003,0.07
27.425,,,,-0.0003,0.0003,0.07
27.515,,,,-0.0003,0.0003,0.07
27.587,,,,-0.0003,0.0003,0.07
27.658,,,,-0.0003,0.0003,0.07
27.737,,,,-0.0003,0.0003,0.07
27.817,,,,-0.0003,0.0003,0.07
27.884,,,,-0.0003,0.0003,0.07
27.949,,,,-0.0003,0.0003,0.07
28.008,,,,-0.0003,0.0003,0.07
28.079,,,,-0.0003,0.0003,0.07
28.133,,,,-0.0003,0.0003,0.07
28.204,,,,-0.0003,0.0003,0.07
28.266,,,,-0.0003,0.0003,0.07
28.324,,,,-0.0003,0.0003,0.07
28.381,,,,-0.0003,0.0003,0.07
28.435,,,,-0.0003,0.0003,0.07
28.496,,,,-0.0003,0.0003,0.07
28.546,,,,-0.0003,0.0003,0.07
28.598,,,,-0.0003,0.0003,0.07
28.65,,,,-0.0003,0.0003,0.07
28.709,,,,-0.0003,0.0003,0.07
28.76,,,,-0.0003,0.0003,0.07
28.829,,,,-0.0003,0.0003,0.07
28.884,,,,-0.0003,0.0003,0.07
28.983,,,,-0.0003,0.0003,0.07
29.057,,,,-0.0003,0.0003,0.07
29.125,,,,-0.0003,0.0003,0.07
29.187,,,,-0.0003,0.0003,0.07
29.242,,,,-0.0003,0.0003,0.07
29.298,,,,-0.0003,0.0003,0.07
29.357,,,,-0.0003,0.0003,0.07
29.415,,,,-0.0003,0.0003,0.07
29.476,,,,-0.0003,0.0003,0.07
29.533,,,,-0.0003,0.0003,0.07
29.587,,,,-0.0003,0.0003,0.07
29.642,,,,-0.0003,0.0003,0.07
29.698,,,,-0.0003,0.0003,0.07
29.749,,,,-0.0003,0.0003,0.07
29.818,,,,-0.0003,0.0003,0.07
29.894,,,,-0.0003,0.0003,0.07
29.97,,,,-0.0003,0.0003,0.07
30.026,,,,-0.0003,0.0003,0.07
30.085,,,,-0.0003,0.0003,0.07
30.14,,,,-0.0003,0.0003,0.07
30.193,,,,-0.0003,0.0003,0.07
30.244,,,,-0.0003,0.0003,0.07
30.295,,,,-0.0003,0.0003,0.07
30.346,,,,-0.0003,0.0003,0.07
30.397,,,,-0.0003,0.0003,0.07
30.447,,,,-0.0003,0.0003,0.07
30.498,,,,-0.0003,0.0003,0.07
30.57,,,,-0.0003,0.0003,0.07
30.631,,,,-0.0003,0.0003,0.07
30.69,,,,-0.0003,0.0003,0.07
30.742,,,,-0.0003,0.0003,0.07
30.801,,,,-0.0003,0.0003,0.07
30.852,,,,-0.0003,0.0003,0.07
30.908,,,,-0.0003,0.0003,0.07
30.965,,,,-0.0003,0.0003,0.07
31.017,,,,-0.0003,0.0003,0.07
31.07,,,,-0.0003,0.0003,0.07
31.12,,,,-0.0003,0.0003,0.07
31.171,,,,-0.0003,0.0003,0.07
31.221,,,,-0.0003,0.0003,0.07
31.272,,,,-0.0003,0.0003,0.07
31.323,,,,-0.0003,0.0003,0.07
31.374,,,,-0.0003,0.0003,0.07
31.424,,,,-0.0003,0.0003,0.07
31.475,,,,-0.0003,0.0003,0.07
31.529,,,,-0.0003,0.0003,0.07
31.58,,,,-0.0003,0.0003,0.07
31.631,,,,-0.0003,0.0003,0.07
31.682,,,,-0.0003,0.0003,0.07
31.733,,,,-0.0003,0.0003,0.07
31.784,,,,-0.0003,0.0003,0.07
31.836,,,,-0.0003,0.0003,0.07
31.888,,,,-0.0003,0.0003,0.07
31.942,,,,-0.0003,0.0003,0.07
32.009,,,,-0.0003,0.0003,0.07
32.063,,,,-0.0003,0.0003,0.07
32.119,,,,-0.0003,0.0003,0.07
32.173,,,,-0.0003,0.0003,0.07
32.226,,,,-0.0003,0.0003,0.07
32.276,,,,-0.0003,0.0003,0.07
32.327,,,,-0.0003,0.0003,0.07
32.379,,,,-0.0003,0.0003,0.07
32.429,,,,-0.0003,0.0003,0.07
32.48,,,,-0.0003,0.0003,0.07
32.531,,,,-0.0003,0.0003,0.07
32.582,,,,-0.0003,0.0003,0.07
32.633,,,,-0.0003,0.0003,0.07
32.683,,,,-0.0003,0.0003,0.07
32.734,,,,-0.0003,0.0003,0.07
32.785,,,,-0.0003,0.0003,0.07
32.836,,,,-0.0003,0.0003,0.07
32.886,,,,-0.0003,0.0003,0.07
32.937,,,,-0.0003,0.0003,0.07
32.988,,,,-0.0003,0.0003,0.07
33.039,,,,-0.0003,0.0003,0.07
33.089,,,,-0.0003,0.0003,0.07
33.14,,,,-0.0003,0.0003,0.07
33.193,,,,-0.0003,0.0003,0.07
33.244,,,,-0.0003,0.0003,0.07
33.295,,,,-0.0003,0.0003,0.07
33.345,,,,-0.0003,0.0003,0.07
33.396,,,,-0.0003,0.0003,0.07
33.447,,,,-0.0003,0.0003,0.07
33.497,,,,-0.0003,0.0003,0.07
33.548,,,,-0.0003,0.0003,0.07
33.599,,,,-0.0003,0.0003,0.07
33.649,,,,-0.0003,0.0003,0.07
33.7,,,,-0.0003,0.0003,0.07
33.75,,,,-0.0003,0.0003,0.07
33.801,,,,-0.0003,0.0003,0.07
33.851,,,,-0.0003,0.0003,0.07
33.902,,,,-0.0003,0.0003,0.07
33.953,,,,-0.0003,0.0003,0.07
34.003,,,,-0.0003,0.0003,0.07
34.054,,,,-0.0003,0.0003,0.07
34.105,,,,-0.0003,0.0003,0.07
34.155,,,,-0.0003,0.0003,0.07
34.206,,,,-0.0003,0.0003,0.07
34.258,,,,-0.0003,0.0003,0.07
34.308,,,,-0.0003,0.0003,0.07
34.359,,,,-0.0003,0.0003,0.07
34.41,,,,-0.0003,0.0003,0.07
34.461,,,,-0.0003,0.0003,0.07
34.511,,,,-0.0003,0.0003,0.07
34.562,,,,-0.0003,0.0003,0.07
34.612,,,,-0.0003,0.0003,0.07
34.665,,,,-0.0003,0.0003,0.07
34.715,,,,-0.0003,0.0003,0.07
34.766,,,,-0.0003,0.0003,0.07
34.817,,,,-0.0003,0.0003,0.07
34.868,,,,-0.0003,0.0003,0.07
34.918,,,,-0.0003,0.0003,0.07
34.969,,,,-0.0003,0.0003,0.07
35.019,,,,-0.0003,0.0003,0.07
35.07,,,,-0.0003,0.0003,0.07
35.121,,,,-0.0003,0.0003,0.07
35.171,,,,-0.0003,0.0003,0.07
35.222,,,,-0.0003,0.0003,0.07
35.272,,,,-0.0003,0.0003,0.07
35.323,,,,-0.0003,0.0003,0.07
35.374,,,,-0.0003,0.0003,0.07
35.424,,,,-0.0003,0.0003,0.07
35.474,,,,-0.0003,0.0003,0.07
35.525,,,,-0.0003,0.0003,0.07
35.576,,,,-0.0003,0.0003,0.07
35.626,,,,-0.0003,0.0003,0.07
35.677,,,,-0.0003,0.0003,0.07
35.727,,,,-0.0003,0.0003,0.07
35.777,,,,-0.0003,0.0003,0.07
35.828,,,,-0.0003,0.0003,0.07
35.878,,,,-0.0003,0.0003,0.07
35.929,,,,-0.0003,0.0003,0.07
35.979,,,,-0.0003,0.0003,0.07
36.03,,,,-0.0003,0.0003,0.07
36.08,,,,-0.0003,0.0003,0.07
36.131,,,,-0.0003,0.0003,0.07
36.185,,,,-0.0003,0.0003,0.07
36.236,,,,-0.0003,0.0003,0.07
36.29,,,,-0.0003,0.0003,0.07
36.34,,,,-0.0003,0.0003,0.07
36.391,,,,-0.0003,0.0003,0.07
36.442,,,,-0.0003,0.0003,0.07
36.494,,,,-0.0003,0.0003,0.07
36.544,,,,-0.0003,0.0003,0.07
36.595,,,,-0.0003,0.0003,0.07
36.645,,,,-0.0003,0.0003,0.07
36.696,,,,-0.0003,0.0003,0.07
36.746,,,,-0.0003,0.0003,0.07
36.797,,,,-0.0003,0.0003,0.07
36.847,,,,-0.0003,0.0003,0.07
36.898,,,,-0.0003,0.0003,0.07
36.949,,,,-0.0003,0.0003,0.07
36.999,,,,-0.0003,0.0003,0.07
37.05,,,,-0.0003,0.0003,0.07
37.1,,,,-0.0003,0.0003,0.07
37.15,,,,-0.0003,0.0003,0.07
37.201,,,,-0.0003,0.0003,0.07
37.257,,,,-0.0003,0.0003,0.07
37.31,,,,-0.0003,0.0003,0.07
37.36,,,,-0.0003,0.0003,0.07
37.41,,,,-0.0003,0.0003,0.07
37.461,,,,-0.0003,0.0003,0.07
37.511,,,,-0.0003,0.0003,0.07
37.562,,,,-0.0003,0.0003,0.07
37.613,,,,-0.0003,0.0003,0.07
37.664,,,,-0.0003,0.0003,0.07
37.715,,,,-0.0003,0.0003,0.07
37.765,,,,-0.0003,0.0003,0.07
37.816,,,,-0.0003,0.0003,0.07
37.867,,,,-0.0003,0.0003,0.07
37.918,,,,-0.0003,0.0003,0.07
37.969,,,,-0.0003,0.0003,0.07
38.019,,,,-0.0003,0.0003,0.07
38.069,,,,-0.0003,0.0003,0.07
38.119,,,,-0.0003,0.0003,0.07
38.17,,,,-0.0003,0.0003,0.07
38.22,,,,-0.0003,0.0003,0.07
38.271,,,,-0.0003,0.0003,0.07
38.322,,,,-0.0003,0.0003,0.07
38.372,,,,-0.0003,0.0003,0.07
38.423,,,,-0.0003,0.0003,0.07
38.473,,,,-0.0003,0.0003,0.07
38.524,,,,-0.0003,0.0003,0.07
38.575,,,,-0.0003,0.0003,0.07
38.625,,,,-0.0003,0.0003,0.07
38.675,,,,-0.0003,0.0003,0.07
38.726,,,,-0.0003,0.0003,0.07
38.776,,,,-0.0003,0.0003,0.07
38.826,,,,-0.0003,0.0003,0.07
38.877,,,,-0.0003,0.0003,0.07
38.927,,,,-0.0003,0.0003,0.07
38.979,,,,-0.0003,0.0003,0.07
39.029,,,,-0.0003,0.0003,0.07
39.079,,,,-0.0003,0.0003,0.07
39.13,,,,-0.0003,0.0003,0.07
39.181,,,,-0.0003,0.0003,0.07
39.231,,,,-0.0003,0.0003,0.07
39.282,,,,-0.0003,0.0003,0.07
39.332,,,,-0.0003,0.0003,0.07
39.385,,,,-0.0003,0.0003,0.07
39.441,,,,-0.0003,0.0003,0.07
39.496,,,,-0.0003,0.0003,0.07
39.547,,,,-0.0003,0.0003,0.07
39.6,,,,-0.0003,0.0003,0.07
39.659,,,,-0.0003,0.0003,0.07
39.709,,,,-0.0003,0.0003,0.07
39.76,,,,-0.0003,0.0003,0.07
39.811,,,,-0.0003,0.0003,0.07
39.862,,,,-0.0003,0.0003,0.07
39.912,,,,-0.0003,0.0003,0.07
39.965,,,,-0.0003,0.0003,0.07
40.018,,,,-0.0003,0.0003,0.07
40.073,,,,-0.0003,0.0003,0.07
40.125,,,,-0.0003,0.0003,0.07
40.178,,,,-0.0003,0.0003,0.07
40.229,,,,-0.0003,0.0003,0.07
40.28,,,,-0.0003,0.0003,0.07
40.33,,,,-0.0003,0.0003,0.07
40.381,,,,-0.0003,0.0003,0.07
40.432,,,,-0.0003,0.0003,0.07
40.483,,,,-0.0003,0.0003,0.07
40.533,,,,-0.0003,0.0003,0.07
40.586,,,,-0.0003,0.0003,0.07
40.636,,,,-0.0003,0.0003,0.07
40.687,,,,-0.0003,0.0003,0.07
40.737,,,,-0.0003,0.0003,0.07
40.788,,,,-0.0003,0.0003,0.07
40.84,,,,-0.0003,0.0003,0.07
40.891,,,,-0.0003,0.0003,0.07
40.941,,,,-0.0003,0.0003,0.07
40.992,,,,-0.0003,0.0003,0.07
41.042,,,,-0.0003,0.0003,0.07
41.093,,,,-0.0003,0.0003,0.07
41.143,,,,-0.0003,0.0003,0.07
41.194,,,,-0.0003,0.0003,0.07
41.245,,,,-0.0003,0.0003,0.07
41.299,,,,-0.0003,0.0003,0.07
41.35,,,,-0.0003,0.0003,0.07
41.401,,,,-0.0003,0.0003,0.07
41.451,,,,-0.0003,0.0003,0.07
41.502,,,,-0.0003,0.0003,0.07
41.552,,,,-0.0003,0.0003,0.07
41.603,,,,-0.0003,0.0003,0.07
41.653,,,,-0.0003,0.0003,0.07
41.704,,,,-0.0003,0.0003,0.07
41.754,,,,-0.0003,0.0003,0.07
41.806,,,,-0.0003,0.0003,0.07
41.858,,,,-0.0003,0.0003,0.07
41.909,,,,-0.0003,0.0003,0.07
41.962,,,,-0.0003,0.0003,0.07
42.013,,,,-0.0003,0.0003,0.07
42.063,,,,-0.0003,0.0003,0.07
42.113,,,,-0.0003,0.0003,0.07
42.164,,,,-0.0003,0.0003,0.07
42.214,,,,-0.0003,0.0003,0.07
42.265,,,,-0.0003,0.0003,0.07
42.316,,,,-0.0003,0.0003,0.07
42.366,,,,-0.0003,0.0003,0.07
42.417,,,,-0.0003,0.0003,0.07
42.47,,,,-0.0003,0.0003,0.07
42.521,,,,-0.0003,0.0003,0.07
42.571,,,,-0.0003,0.0003,0.07
42.622,,,,-0.0003,0.0003,0.07
42.672,,,,-0.0003,0.0003,0.07
42.723,,,,-0.0003,0.0003,0.07
42.773,,,,-0.0003,0.0003,0.07
42.824,,,,-0.0003,0.0003,0.07
42.874,,,,-0.0003,0.0003,0.07
42.927,,,,-0.0003,0.0003,0.07
42.978,,,,-0.0003,0.0003,0.07
43.029,,,,-0.0003,0.0003,0.07
43.08,,,,-0.0003,0.0003,0.07
43.13,,,,-0.0003,0.0003,0.07
43.181,,,,-0.0003,0.0003,0.07
43.236,,,,-0.0003,0.0003,0.07
43.286,,,,-0.0003,0.0003,0.07
43.342,,,,-0.0003,0.0003,0.07
43.393,,,,-0.0003,0.0003,0.07
43.445,,,,-0.0003,0.0003,0.07
43.495,,,,-0.0003,0.0003,0.07
43.545,,,,-0.0003,0.0003,0.07
43.596,,,,-0.0003,0.0003,0.07
43.646,,,,-0.0003,0.0003,0.07
43.697,,,,-0.0003,0.0003,0.07
43.751,,,,-0.0003,0.0003,0.07
43.802,,,,-0.0003,0.0003,0.07
43.852,,,,-0.0003,0.0003,0.07
43.903,,,,-0.0003,0.0003,0.07
43.953,,,,-0.0003,0.0003,0.07
44.004,,,,-0.0003,0.0003,0.07
44.054,,,,-0.0003,0.0003,0.07
44.106,,,,-0.0003,0.0003,0.07
44.156,,,,-0.0003,0.0003,0.07
44.207,,,,-0.0003,0.0003,0.07
44.259,,,,-0.0003,0.0003,0.07
44.31,,,,-0.0003,0.0003,0.07
44.36,,,,-0.0003,0.0003,0.07
44.41,,,,-0.0003,0.0003,0.07
44.461,,,,-0.0003,0.0003,0.07
44.513,,,,-0.0003,0.0003,0.07
44.564,,,,-0.0003,0.0003,0.07
44.615,,,,-0.0003,0.0003,0.07
44.666,,,,-0.0003,0.0003,0.07
44.717,,,,-0.0003,0.0003,0.07
44.767,,,,-0.0003,0.0003,0.07
44.818,,,,-0.0003,0.0003,0.07
44.869,,,,-0.0003,0.0003,0.07
44.919,,,,-0.0003,0.0003,0.07
44.97,,,,-0.0003,0.0003,0.07
45.02,,,,-0.0003,0.0003,0.07
45.071,,,,-0.0003,0.0003,0.07
45.122,,,,-0.0003,0.0003,0.07
45.173,,,,-0.0003,0.0003,0.07
45.223,,,,-0.0003,0.0003,0.07
45.274,,,,-0.0003,0.0003,0.07
45.325,,,,-0.0003,0.0003,0.07
45.375,,,,-0.0003,0.0003,0.07
45.426,,,,-0.0003,0.0003,0.07
45.477,,,,-0.0003,0.0003,0.07
45.527,,,,-0.0003,0.0003,0.07
45.579,,,,-0.0003,0.0003,0.07
45.629,,,,-0.0003,0.0003,0.07
45.68,,,,-0.0003,0.0003,0.07
45.731,,,,-0.0003,0.0003,0.07
45.781,,,,-0.0003,0.0003,0.07
45.832,,,,-0.0003,0.0003,0.07
45.882,,,,-0.0003,0.0003,0.07
45.933,,,,-0.0003,0.0003,0.07
45.984,,,,-0.0003,0.0003,0.07
46.034,,,,-0.0003,0.0003,0.07
46.085,,,,-0.0003,0.0003,0.07
46.136,,,,-0.0003,0.0003,0.07
46.187,,,,-0.0003,0.0003,0.07
46.237,,,,-0.0003,0.0003,0.07
46.288,,,,-0.0003,0.0003,0.07
46.338,,,,-0.0003,0.0003,0.07
46.389,,,,-0.0003,0.0003,0.07
46.439,,,,-0.0003,0.0003,0.07
46.49,,,,-0.0003,0.0003,0.07
46.54,,,,-0.0003,0.0003,0.07
46.592,,,,-0.0003,0.0003,0.07
46.643,,,,-0.0003,0.0003,0.07
46.694,,,,-0.0003,0.0003,0.07
46.744,,,,-0.0003,0.0003,0.07
46.795,,,,-0.0003,0.0003,0.07
46.845,,,,-0.0003,0.0003,0.07
46.896,,,,-0.0003,0.0003,0.07
46.947,,,,-0.0003,0.0003,0.07
46.997,,,,-0.0003,0.0003,0.07
47.048,,,,-0.0003,0.0003,0.07
47.099,,,,-0.0003,0.0003,0.07
47.149,,,,-0.0003,0.0003,0.07
47.2,,,,-0.0003,0.0003,0.07
47.251,,,,-0.0003,0.0003,0.07
47.301,,,,-0.0003,0.0003,0.07
47.352,,,,-0.0003,0.0003,0.07
47.403,,,,-0.0003,0.0003,0.07
47.453,,,,-0.0003,0.0003,0.07
47.504,,,,-0.0003,0.0003,0.07
47.554,,,,-0.0003,0.0003,0.07
47.605,,,,-0.0003,0.0003,0.07
47.655,,,,-0.0003,0.0003,0.07
47.706,,,,-0.0003,0.0003,0.07
47.757,,,,-0.0003,0.0003,0.07
47.807,,,,-0.0003,0.0003,0.07
47.859,,,,-0.0003,0.0003,0.07
47.914,,,,-0.0003,0.0003,0.07
47.965,,,,-0.0003,0.0003,0.07
48.016,,,,-0.0003,0.0003,0.07
48.066,,,,-0.0003,0.0003,0.07
48.117,,,,-0.0003,0.0003,0.07
48.167,,,,-0.0003,0.0003,0.07
48.218,,,,-0.0003,0.0003,0.07
48.269,,,,-0.0003,0.0003,0.07
48.32,,,,-0.0003,0.0003,0.07
48.371,,,,-0.0003,0.0003,0.07
48.421,,,,-0.0003,0.0003,0.07
48.472,,,,-0.0003,0.0003,0.07
48.522,,,,-0.0003,0.0003,0.07
48.573,,,,-0.0003,0.0003,0.07
48.624,,,,-0.0003,0.0003,0.07
48.675,,,,-0.0003,0.0003,0.07
48.726,,,,-0.0003,0.0003,0.07
48.776,,,,-0.0003,0.0003,0.07
48.827,,,,-0.0003,0.0003,0.07
48.877,,,,-0.0003,0.0003,0.07
48.928,,,,-0.0003,0.0003,0.07
48.978,,,,-0.0003,0.0003,0.07
49.029,,,,-0.0003,0.0003,0.07
49.08,,,,-0.0003,0.0003,0.07
49.131,,,,-0.0003,0.0003,0.07
49.181,,,,-0.0003,0.0003,0.07
49.232,,,,-0.0003,0.0003,0.07
49.283,,,,-0.0003,0.0003,0.07
49.333,,,,-0.0003,0.0003,0.07
49.383,,,,-0.0003,0.0003,0.07
49.434,,,,-0.0003,0.0003,0.07
49.485,,,,-0.0003,0.0003,0.07
49.536,,,,-0.0003,0.0003,0.07
49.586,,,,-0.0003,0.0003,0.07
49.637,,,,-0.0003,0.0003,0.07
49.688,,,,-0.0003,0.0003,0.07
49.738,,,,-0.0003,0.0003,0.07
49.789,,,,-0.0003,0.0003,0.07
49.84,,,,-0.0003,0.0003,0.07
49.89,,,,-0.0003,0.0003,0.07
49.941,,,,-0.0003,0.0003,0.07
49.992,,,,-0.0003,0.0003,0.07
50.043,,,,-0.0003,0.0003,0.07
50.093,,,,-0.0003,0.0003,0.07
50.144,,,,-0.0003,0.0003,0.07
50.194,,,,-0.0003,0.0003,0.07
50.245,,,,-0.0003,0.0003,0.07
50.296,,,,-0.0003,0.0003,0.07
50.347,,,,-0.0003,0.0003,0.07
50.397,,,,-0.0003,0.0003,0.07
50.448,,,,-0.0003,0.0003,0.07
50.499,,,,-0.0003,0.0003,0.07
50.55,,,,-0.0003,0.0003,0.07
50.6,,,,-0.0003,0.0003,0.07
50.651,,,,-0.0003,0.0003,0.07
50.701,,,,-0.0003,0.0003,0.07
50.752,,,,-0.0003,0.0003,0.07
50.803,,,,-0.0003,0.0003,0.07
50.853,,,,-0.0003,0.0003,0.07
50.904,,,,-0.0003,0.0003,0.07
50.955,,,,-0.0003,0.0003,0.07
51.006,,,,-0.0003,0.0003,0.07
51.056,,,,-0.0003,0.0003,0.07
51.107,,,,-0.0003,0.0003,0.07
51.157,,,,-0.0003,0.0003,0.07
51.208,,,,-0.0003,0.0003,0.07
51.258,,,,-0.0003,0.0003,0.07
51.309,,,,-0.0003,0.0003,0.07
51.36,,,,-0.0003,0.0003,0.07
51.411,,,,-0.0003,0.0003,0.07
51.461,,,,-0.0003,0.0003,0.07
51.511,,,,-0.0003,0.0003,0.07
51.562,,,,-0.0003,0.0003,0.07
51.613,,,,-0.0003,0.0003,0.07
51.664,,,,-0.0003,0.0003,0.07
51.715,,,,-0.0003,0.0003,0.07
51.766,,,,-0.0003,0.0003,0.07
51.816,,,,-0.0003,0.0003,0.07
51.867,,,,-0.0003,0.0003,0.07
51.918,,,,-0.0003,0.0003,0.07
51.998,,,,-0.0003,0.0003,0.07
52.049,,,,-0.0003,0.0003,0.07
52.1,,,,-0.0003,0.0003,0.07
52.151,,,,-0.0003,0.0003,0.07
52.202,,,,-0.0003,0.0003,0.07
52.252,,,,-0.0003,0.0003,0.07
52.303,,,,-0.0003,0.0003,0.07
52.354,,,,-0.0003,0.0003,0.07
52.404,,,,-0.0003,0.0003,0.07
52.455,,,,-0.0003,0.0003,0.07
52.505,,,,-0.0003,0.0003,0.07
52.556,,,,-0.0003,0.0003,0.07
52.606,,,,-0.0003,0.0003,0.07
52.657,,,,-0.0003,0.0003,0.07
52.707,,,,-0.0003,0.0003,0.07
52.758,,,,-0.0003,0.0003,0.07
52.809,,,,-0.0003,0.0003,0.07
52.86,,,,-0.0003,0.0003,0.07
52.91,,,,-0.0003,0.0003,0.07
52.96,,,,-0.0003,0.0003,0.07
53.011,,,,-0.0003,0.0003,0.07
53.062,,,,-0.0003,0.0003,0.07
53.113,,,,-0.0003,0.0003,0.07
53.163,,,,-0.0003,0.0003,0.07
53.214,,,,-0.0003,0.0003,0.07
53.265,,,,-0.0003,0.0003,0.07
53.315,,,,-0.0003,0.0003,0.07
53.366,,,,-0.0003,0.0003,0.07
53.417,,,,-0.0003,0.0003,0.07
53.467,,,,-0.0003,0.0003,0.07
53.518,,,,-0.0003,0.0003,0.07
53.568,,,,-0.0003,0.0003,0.07
53.619,,,,-0.0003,0.0003,0.07
53.671,,,,-0.0003,0.0003,0.07
53.721,,,,-0.0003,0.0003,0.07
53.773,,,,-0.0003,0.0003,0.07
53.824,,,,-0.0003,0.0003,0.07
53.875,,,,-0.0003,0.0003,0.07
53.925,,,,-0.0003,0.0003,0.07
53.976,,,,-0.0003,0.0003,0.07
54.027,,,,-0.0003,0.0003,0.07
54.077,,,,-0.0003,0.0003,0.07
54.127,,,,-0.0003,0.0003,0.07
54.178,,,,-0.0003,0.0003,0.07
54.228,,,,-0.0003,0.0003,0.07
54.279,,,,-0.0003,0.0003,0.07
54.33,,,,-0.0003,0.0003,0.07
54.381,,,,-0.0003,0.0003,0.07
54.432,,,,-0.0003,0.0003,0.07
54.482,,,,-0.0003,0.0003,0.07
54.533,,,,-0.0003,0.0003,0.07
54.584,,,,-0.0003,0.0003,0.07
54.634,,,,-0.0003,0.0003,0.07
54.723,,,,-0.0003,0.0003,0.07
54.773,,,,-0.0003,0.0003,0.07
54.824,,,,-0.0003,0.0003,0.07
54.874,,,,-0.0003,0.0003,0.07
54.925,,,,-0.0003,0.0003,0.07
54.975,,,,-0.0003,0.0003,0.07
55.027,,,,-0.0003,0.0003,0.07
55.077,,,,-0.0003,0.0003,0.07
55.128,,,,-0.0003,0.0003,0.07
55.179,,,,-0.0003,0.0003,0.07
55.23,,,,-0.0003,0.0003,0.07
55.28,,,,-0.0003,0.0003,0.07
55.331,,,,-0.0003,0.0003,0.07
55.382,,,,-0.0003,0.0003,0.07
55.433,,,,-0.0003,0.0003,0.07
55.484,,,,-0.0003,0.0003,0.07
55.534,,,,-0.0003,0.0003,0.07
55.585,,,,-0.0003,0.0003,0.07
55.636,,,,-0.0003,0.0003,0.07
55.687,,,,-0.0003,0.0003,0.07
55.737,,,,-0.0003,0.0003,0.07
55.787,,,,-0.0003,0.0003,0.07
55.838,,,,-0.0003,0.0003,0.07
55.889,,,,-0.0003,0.0003,0.07
55.94,,,,-0.0003,0.0003,0.07
55.99,,,,-0.0003,0.0003,0.07
56.041,,,,-0.0003,0.0003,0.07
56.094,,,,-0.0003,0.0003,0.07
56.145,,,,-0.0003,0.0003,0.07
56.196,,,,-0.0003,0.0003,0.07
56.246,,,,-0.0003,0.0003,0.07
56.297,,,,-0.0003,0.0003,0.07
56.348,,,,-0.0003,0.0003,0.07
56.399,,,,-0.0003,0.0003,0.07
56.449,,,,-0.0003,0.0003,0.07
56.5,,,,-0.0003,0.0003,0.07
56.55,,,,-0.0003,0.0003,0.07
56.601,,,,-0.0003,0.0003,0.07
56.651,,,,-0.0003,0.0003,0.07
56.702,,,,-0.0003,0.0003,0.07
56.753,,,,-0.0003,0.0003,0.07
56.805,,,,-0.0003,0.0003,0.07
56.856,,,,-0.0003,0.0003,0.07
56.907,,,,-0.0003,0.0003,0.07
56.957,,,,-0.0003,0.0003,0.07
57.008,,,,-0.0003,0.0003,0.07
57.059,,,,-0.0003,0.0003,0.07
57.109,,,,-0.0003,0.0003,0.07
57.16,,,,-0.0003,0.0003,0.07
57.211,,,,-0.0003,0.0003,0.07
57.262,,,,-0.0003,0.0003,0.07
57.312,,,,-0.0003,0.0003,0.07
57.364,,,,-0.0003,0.0003,0.07
57.452,,,,-0.0003,0.0003,0.07
57.504,,,,-0.0003,0.0003,0.07
57.555,,,,-0.0003,0.0003,0.07
57.606,,,,-0.0003,0.0003,0.07
57.658,,,,-0.0003,0.0003,0.07
57.708,,,,-0.0003,0.0003,0.07
57.759,,,,-0.0003,0.0003,0.07
57.809,,,,-0.0003,0.0003,0.07
57.86,,,,-0.0003,0.0003,0.07
57.91,,,,-0.0003,0.0003,0.07
57.961,,,,-0.0003,0.0003,0.07
58.012,,,,-0.0003,0.0003,0.07
58.062,,,,-0.0003,0.0003,0.07
58.113,,,,-0.0003,0.0003,0.07
58.163,,,,-0.0003,0.0003,0.07
58.214,,,,-0.0003,0.0003,0.07
58.265,,,,-0.0003,0.0003,0.07
58.316,,,,-0.0003,0.0003,0.07
58.367,,,,-0.0003,0.0003,0.07
58.417,,,,-0.0003,0.0003,0.07
58.468,,,,-0.0003,0.0003,0.07
58.52,,,,-0.0003,0.0003,0.07
58.571,,,,-0.0003,0.0003,0.07
58.621,,,,-0.0003,0.0003,0.07
58.672,,,,-0.0003,0.0003,0.07
58.723,,,,-0.0003,0.0003,0.07
58.814,,,,-0.0003,0.0003,0.07
58.864,,,,-0.0003,0.0003,0.07
58.915,,,,-0.0003,0.0003,0.07
58.966,,,,-0.0003,0.0003,0.07
59.017,,,,-0.0003,0.0003,0.07
59.068,,,,-0.0003,0.0003,0.07
59.119,,,,-0.0003,0.0003,0.07
59.17,,,,-0.0003,0.0003,0.07
59.221,,,,-0.0003,0.0003,0.07
59.271,,,,-0.0003,0.0003,0.07
59.322,,,,-0.0003,0.0003,0.07
59.374,,,,-0.0003,0.0003,0.07
59.424,,,,-0.0003,0.0003,0.07
59.475,,,,-0.0003,0.0003,0.07
59.526,,,,-0.0003,0.0003,0.07
59.577,,,,-0.0003,0.0003,0.07
59.627,,,,-0.0003,0.0003,0.07
59.678,,,,-0.0003,0.0003,0.07
59.728,,,,-0.0003,0.0003,0.07
59.779,,,,-0.0003,0.0003,0.07
59.829,,,,-0.0003,0.0003,0.07
59.88,,,,-0.0003,0.0003,0.07
59.931,,,,-0.0003,0.0003,0.07
59.982,,,,-0.0003,0.0003,0.07
60.034,,,,-0.0003,0.0003,0.07
60.087,,,,-0.0003,0.0003,0.07
60.173,,,,-0.0003,0.0003,0.07
60.224,,,,-0.0003,0.0003,0.07
60.275,,,,-0.0003,0.0003,0.07
60.325,,,,-0.0003,0.0003,0.07
60.376,,,,-0.0003,0.0003,0.07
60.427,,,,-0.0003,0.0003,0.07
60.478,,,,-0.0003,0.0003,0.07
60.528,,,,-0.0003,0.0003,0.07
60.579,,,,-0.0003,0.0003,0.07
60.63,,,,-0.0003,0.0003,0.07
60.681,,,,-0.0003,0.0003,0.07
60.731,,,,-0.0003,0.0003,0.07
60.782,,,,-0.0003,0.0003,0.07
60.832,,,,-0.0003,0.0003,0.07
60.883,,,,-0.0003,0.0003,0.07
60.934,,,,-0.0003,0.0003,0.07
60.986,,,,-0.0003,0.0003,0.07
61.036,,,,-0.0003,0.0003,0.07
61.087,,,,-0.0003,0.0003,0.07
61.138,,,,-0.0003,0.0003,0.07
61.188,,,,-0.0003,0.0003,0.07
61.239,,,,-0.0003,0.0003,0.07
61.289,,,,-0.0003,0.0003,0.07
61.34,,,,-0.0003,0.0003,0.07
61.39,,,,-0.0003,0.0003,0.07
61.442,,,,-0.0003,0.0003,0.07
61.493,,,,-0.0003,0.0003,0.07
61.546,,,,-0.0003,0.0003,0.07
61.597,,,,-0.0003,0.0003,0.07
61.648,,,,-0.0003,0.0003,0.07
61.7,,,,-0.0003,0.0003,0.07
61.75,,,,-0.0003,0.0003,0.07
61.801,,,,-0.0003,0.0003,0.07
61.851,,,,-0.0003,0.0003,0.07
61.902,,,,-0.0003,0.0003,0.07
61.952,,,,-0.0003,0.0003,0.07
62.003,,,,-0.0003,0.0003,0.07
62.054,,,,-0.0003,0.0003,0.07
62.105,,,,-0.0003,0.0003,0.07
62.155,,,,-0.0003,0.0003,0.07
62.206,,,,-0.0003,0.0003,0.07
62.256,,,,-0.0003,0.0003,0.07
62.307,,,,-0.0003,0.0003,0.07
62.358,,,,-0.0003,0.0003,0.07
62.409,,,,-0.0003,0.0003,0.07
62.459,,,,-0.0003,0.0003,0.07
62.51,,,,-0.0003,0.0003,0.07
62.56,,,,-0.0003,0.0003,0.07
62.611,,,,-0.0003,0.0003,0.07
62.662,,,,-0.0003,0.0003,0.07
62.713,,,,-0.0003,0.0003,0.07
62.764,,,,-0.0003,0.0003,0.07
62.815,,,,-0.0003,0.0003,0.07
62.899,,,,-0.0003,0.0003,0.07
62.95,,,,-0.0003,0.0003,0.07
63.001,,,,-0.0003,0.0003,0.07
63.051,,,,-0.0003,0.0003,0.07
63.102,,,,-0.0003,0.0003,0.07
63.152,,,,-0.0003,0.0003,0.07
63.202,,,,-0.0003,0.0003,0.07
63.253,,,,-0.0003,0.0003,0.07
63.303,,,,-0.0003,0.0003,0.07
63.354,,,,-0.0003,0.0003,0.07
63.405,,,,-0.0003,0.0003,0.07
63.455,,,,-0.0003,0.0003,0.07
63.506,,,,-0.0003,0.0003,0.07
63.556,,,,-0.0003,0.0003,0.07
63.607,,,,-0.0003,0.0003,0.07
63.658,,,,-0.0003,0.0003,0.07
63.708,,,,-0.0003,0.0003,0.07
63.759,,,,-0.0003,0.0003,0.07
63.81,,,,-0.0003,0.0003,0.07
63.86,,,,-0.0003,0.0003,0.07
63.911,,,,-0.0003,0.0003,0.07
63.961,,,,-0.0003,0.0003,0.07
64.012,,,,-0.0003,0.0003,0.07
64.062,,,,-0.0003,0.0003,0.07
64.113,,,,-0.0003,0.0003,0.07
64.163,,,,-0.0003,0.0003,0.07
64.214,,,,-0.0003,0.0003,0.07
64.265,,,,-0.0003,0.0003,0.07
64.316,,,,-0.0003,0.0003,0.07
64.366,,,,-0.0003,0.0003,0.07
64.417,,,,-0.0003,0.0003,0.07
64.468,,,,-0.0003,0.0003,0.07
64.518,,,,-0.0003,0.0003,0.07
64.569,,,,-0.0003,0.0003,0.07
64.619,,,,-0.0003,0.0003,0.07
64.67,,,,-0.0003,0.0003,0.07
64.721,,,,-0.0003,0.0003,0.07
64.772,,,,-0.0003,0.0003,0.07
64.823,,,,-0.0003,0.0003,0.07
64.873,,,,-0.0003,0.0003,0.07
64.924,,,,-0.0003,0.0003,0.07
64.975,,,,-0.0003,0.0003,0.07
65.026,,,,-0.0003,0.0003,0.07
65.076,,,,-0.0003,0.0003,0.07
65.127,,,,-0.0003,0.0003,0.07
65.178,,,,-0.0003,0.0003,0.07
65.228,,,,-0.0003,0.0003,0.07
65.279,,,,-0.0003,0.0003,0.07
65.33,,,,-0.0003,0.0003,0.07
65.38,,,,-0.0003,0.0003,0.07
65.431,,,,-0.0003,0.0003,0.07
65.482,,,,-0.0003,0.0003,0.07
65.533,,,,-0.0003,0.0003,0.07
65.583,,,,-0.0003,0.0003,0.07
65.638,,,,-0.0003,0.0003,0.07
65.69,,,,-0.0003,0.0003,0.07
65.74,,,,-0.0003,0.0003,0.07
65.791,,,,-0.0003,0.0003,0.07
65.842,,,,-0.0003,0.0003,0.07
65.893,,,,-0.0003,0.0003,0.07
65.944,,,,-0.0003,0.0003,0.07
65.994,,,,-0.0003,0.0003,0.07
66.045,,,,-0.0003,0.0003,0.07
66.095,,,,-0.0003,0.0003,0.07
66.146,,,,-0.0003,0.0003,0.07
66.197,,,,-0.0003,0.0003,0.07
66.248,,,,-0.0003,0.0003,0.07
66.298,,,,-0.0003,0.0003,0.07
66.349,,,,-0.0003,0.0003,0.07
66.4,,,,-0.0003,0.0003,0.07
66.451,,,,-0.0003,0.0003,0.07
66.501,,,,-0.0003,0.0003,0.07
66.552,,,,-0.0003,0.0003,0.07
66.603,,,,-0.0003,0.0003,0.07
66.654,,,,-0.0003,0.0003,0.07
66.705,,,,-0.0003,0.0003,0.07
66.755,,,,-0.0003,0.0003,0.07
66.806,,,,-0.0003,0.0003,0.07
66.857,,,,-0.0003,0.0003,0.07
66.908,,,,-0.0003,0.0003,0.07
66.958,,,,-0.0003,0.0003,0.07
67.009,,,,-0.0003,0.0003,0.07
67.06,,,,-0.0003,0.0003,0.07
67.111,,,,-0.0003,0.0003,0.07
67.161,,,,-0.0003,0.0003,0.07
67.212,,,,-0.0003,0.0003,0.07
67.263,,,,-0.0003,0.0003,0.07
67.313,,,,-0.0003,0.0003,0.07
67.364,,,,-0.0003,0.0003,0.07
67.415,,,,-0.0003,0.0003,0.07
67.465,,,,-0.0003,0.0003,0.07
67.516,,,,-0.0003,0.0003,0.07
67.567,,,,-0.0003,0.0003,0.07
67.617,,,,-0.0003,0.0003,0.07
67.668,,,,-0.0003,0.0003,0.07
67.719,,,,-0.0003,0.0003,0.07
67.769,,,,-0.0003,0.0003,0.07
67.82,,,,-0.0003,0.0003,0.07
67.871,,,,-0.0003,0.0003,0.07
67.921,,,,-0.0003,0.0003,0.07
67.972,,,,-0.0003,0.0003,0.07
68.022,,,,-0.0003,0.0003,0.07
68.073,,,,-0.0003,0.0003,0.07
68.123,,,,-0.0003,0.0003,0.07
68.174,,,,-0.0003,0.0003,0.07
68.225,,,,-0.0003,0.0003,0.07
68.275,,,,-0.0003,0.0003,0.07
68.361,,,,-0.0003,0.0003,0.07
68.412,,,,-0.0003,0.0003,0.07
68.463,,,,-0.0003,0.0003,0.07
68.514,,,,-0.0003,0.0003,0.07
68.565,,,,-0.0003,0.0003,0.07
68.615,,,,-0.0003,0.0003,0.07
68.666,,,,-0.0003,0.0003,0.07
68.719,,,,-0.0003,0.0003,0.07
68.77,,,,-0.0003,0.0003,0.07
68.82,,,,-0.0003,0.0003,0.07
68.871,,,,-0.0003,0.0003,0.07
68.922,,,,-0.0003,0.0003,0.07
68.973,,,,-0.0003,0.0003,0.07
69.024,,,,-0.0003,0.0003,0.07
69.075,,,,-0.0003,0.0003,0.07
69.125,,,,-0.0003,0.0003,0.07
69.176,,,,-0.0003,0.0003,0.07
69.227,,,,-0.0003,0.0003,0.07
69.278,,,,-0.0003,0.0003,0.07
69.328,,,,-0.0003,0.0003,0.07
69.379,,,,-0.0003,0.0003,0.07
69.43,,,,-0.0003,0.0003,0.07
69.48,,,,-0.0003,0.0003,0.07
69.531,,,,-0.0003,0.0003,0.07
69.581,,,,-0.0003,0.0003,0.07
69.633,,,,-0.0003,0.0003,0.07
69.722,,,,-0.0003,0.0003,0.07
69.773,,,,-0.0003,0.0003,0.07
69.824,,,,-0.0003,0.0003,0.07
69.875,,,,-0.0003,0.0003,0.07
69.925,,,,-0.0003,0.0003,0.07
69.976,,,,-0.0003,0.0003,0.07
70.026,,,,-0.0003,0.0003,0.07
70.077,,,,-0.0003,0.0003,0.07
70.128,,,,-0.0003,0.0003,0.07
70.178,,,,-0.0003,0.0003,0.07
70.229,,,,-0.0003,0.0003,0.07
70.28,,,,-0.0003,0.0003,0.07
70.331,,,,-0.0003,0.0003,0.07
70.381,,,,-0.0003,0.0003,0.07
70.433,,,,-0.0003,0.0003,0.07
70.483,,,,-0.0003,0.0003,0.07
70.534,,,,-0.0003,0.0003,0.07
70.585,,,,-0.0003,0.0003,0.07
70.635,,,,-0.0003,0.0003,0.07
70.686,,,,-0.0003,0.0003,0.07
70.737,,,,-0.0003,0.0003,0.07
70.787,,,,-0.0003,0.0003,0.07
70.838,,,,-0.0003,0.0003,0.07
70.893,,,,-0.0003,0.0003,0.07
70.944,,,,-0.0003,0.0003,0.07
70.995,,,,-0.0003,0.0003,0.07
71.045,,,,-0.0003,0.0003,0.07
71.096,,,,-0.0003,0.0003,0.07
71.147,,,,-0.0003,0.0003,0.07
71.197,,,,-0.0003,0.0003,0.07
71.248,,,,-0.0003,0.0003,0.07
71.299,,,,-0.0003,0.0003,0.07
71.349,,,,-0.0003,0.0003,0.07
71.4,,,,-0.0003,0.0003,0.07
71.451,,,,-0.0003,0.0003,0.07
71.501,,,,-0.0003,0.0003,0.07
71.552,,,,-0.0003,0.0003,0.07
71.602,,,,-0.0003,0.0003,0.07
71.654,,,,-0.0003,0.0003,0.07
71.704,,,,-0.0003,0.0003,0.07
71.755,,,,-0.0003,0.0003,0.07
71.805,,,,-0.0003,0.0003,0.07
71.856,,,,-0.0003,0.0003,0.07
71.906,,,,-0.0003,0.0003,0.07
71.957,,,,-0.0003,0.0003,0.07
72.008,,,,-0.0003,0.0003,0.07
72.059,,,,-0.0003,0.0003,0.07
72.11,,,,-0.0003,0.0003,0.07
72.16,,,,-0.0003,0.0003,0.07
72.211,,,,-0.0003,0.0003,0.07
72.262,,,,-0.0003,0.0003,0.07
72.312,,,,-0.0003,0.0003,0.07
72.363,,,,-0.0003,0.0003,0.07
72.414,,,,-0.0003,0.0003,0.07
72.465,,,,-0.0003,0.0003,0.07
72.516,,,,-0.0003,0.0003,0.07
72.566,,,,-0.0003,0.0003,0.07
72.616,,,,-0.0003,0.0003,0.07
72.667,,,,-0.0003,0.0003,0.07
72.718,,,,-0.0003,0.0003,0.07
72.769,,,,-0.0003,0.0003,0.07
72.819,,,,-0.0003,0.0003,0.07
72.87,,,,-0.0003,0.0003,0.07
72.92,,,,-0.0003,0.0003,0.07
72.971,,,,-0.0003,0.0003,0.07
73.022,,,,-0.0003,0.0003,0.07
73.073,,,,-0.0003,0.0003,0.07
73.124,,,,-0.0003,0.0003,0.07
73.175,,,,-0.0003,0.0003,0.07
73.225,,,,-0.0003,0.0003,0.07
73.276,,,,-0.0003,0.0003,0.07
73.326,,,,-0.0003,0.0003,0.07
73.377,,,,-0.0003,0.0003,0.07
73.428,,,,-0.0003,0.0003,0.07
73.479,,,,-0.0003,0.0003,0.07
73.53,,,,-0.0003,0.0003,0.07
73.581,,,,-0.0003,0.0003,0.07
73.631,,,,-0.0003,0.0003,0.07
73.682,,,,-0.0003,0.0003,0.07
73.733,,,,-0.0003,0.0003,0.07
73.819,,,,-0.0003,0.0003,0.07
73.87,,,,-0.0003,0.0003,0.07
73.921,,,,-0.0003,0.0003,0.07
73.971,,,,-0.0003,0.0003,0.07
74.022,,,,-0.0003,0.0003,0.07
74.073,,,,-0.0003,0.0003,0.07
74.124,,,,-0.0003,0.0003,0.07
74.174,,,,-0.0003,0.0003,0.07
74.225,,,,-0.0003,0.0003,0.07
74.275,,,,-0.0003,0.0003,0.07
74.326,,,,-0.0003,0.0003,0.07
74.376,,,,-0.0003,0.0003,0.07
74.427,,,,-0.0003,0.0003,0.07
74.478,,,,-0.0003,0.0003,0.07
74.528,,,,-0.0003,0.0003,0.07
74.579,,,,-0.0003,0.0003,0.07
74.629,,,,-0.0003,0.0003,0.07
74.68,,,,-0.0003,0.0003,0.07
74.73,,,,-0.0003,0.0003,0.07
74.781,,,,-0.0003,0.0003,0.07
74.831,,,,-0.0003,0.0003,0.07
74.91,,,,-0.0003,0.0003,0.07
74.96,,,,-0.0003,0.0003,0.07
75.011,,,,-0.0003,0.0003,0.07
75.061,,,,-0.0003,0.0003,0.07
75.112,,,,-0.0003,0.0003,0.07
75.18,,,,-0.0003,0.0003,0.07
75.231,,,,-0.0003,0.0003,0.07
75.283,,,,-0.0003,0.0003,0.07
75.333,,,,-0.0003,0.0003,0.07
75.384,,,,-0.0003,0.0003,0.07
75.434,,,,-0.0003,0.0003,0.07
75.484,,,,-0.0003,0.0003,0.07
75.535,,,,-0.0003,0.0003,0.07
75.586,,,,-0.0003,0.0003,0.07
75.637,,,,-0.0003,0.0003,0.07
75.687,,,,-0.0003,0.0003,0.07
75.738,,,,-0.0003,0.0003,0.07
75.789,,,,-0.0003,0.0003,0.07
75.84,,,,-0.0003,0.0003,0.07
75.89,,,,-0.0003,0.0003,0.07
75.941,,,,-0.0003,0.0003,0.07
75.991,,,,-0.0003,0.0003,0.07
76.043,,,,-0.0003,0.0003,0.07
76.093,,,,-0.0003,0.0003,0.07
76.144,,,,-0.0003,0.0003,0.07
76.195,,,,-0.0003,0.0003,0.07
76.246,,,,-0.0003,0.0003,0.07
76.296,,,,-0.0003,0.0003,0.07
76.347,,,,-0.0003,0.0003,0.07
76.398,,,,-0.0003,0.0003,0.07
76.449,,,,-0.0003,0.0003,0.07
76.5,,,,-0.0003,0.0003,0.07
76.55,,,,-0.0003,0.0003,0.07
76.601,,,,-0.0003,0.0003,0.07
76.651,,,,-0.0003,0.0003,0.07
76.702,,,,-0.0003,0.0003,0.07
76.753,,,,-0.0003,0.0003,0.07
76.803,,,,-0.0003,0.0003,0.07
76.854,,,,-0.0003,0.0003,0.07
76.905,,,,-0.0003,0.0003,0.07
76.956,,,,-0.0003,0.0003,0.07
77.006,,,,-0.0003,0.0003,0.07
77.057,,,,-0.0003,0.0003,0.07
77.108,,,,-0.0003,0.0003,0.07
77.159,,,,-0.0003,0.0003,0.07
77.21,,,,-0.0003,0.0003,0.07
77.261,,,,-0.0003,0.0003,0.07
77.312,,,,-0.0003,0.0003,0.07
77.362,,,,-0.0003,0.0003,0.07
77.413,,,,-0.0003,0.0003,0.07
77.464,,,,-0.0003,0.0003,0.07
77.514,,,,-0.0003,0.0003,0.07
77.565,,,,-0.0003,0.0003,0.07
77.615,,,,-0.0003,0.0003,0.07
77.666,,,,-0.0003,0.0003,0.07
77.717,,,,-0.0003,0.0003,0.07
77.768,,,,-0.0003,0.0003,0.07
77.818,,,,-0.0003,0.0003,0.07
77.907,,,,-0.0003,0.0003,0.07
77.958,,,,-0.0003,0.0003,0.07
78.009,,,,-0.0003,0.0003,0.07
78.06,,,,-0.0003,0.0003,0.07
78.11,,,,-0.0003,0.0003,0.07
78.161,,,,-0.0003,0.0003,0.07
78.212,,,,-0.0003,0.0003,0.07
78.263,,,,-0.0003,0.0003,0.07
78.314,,,,-0.0003,0.0003,0.07
78.364,,,,-0.0003,0.0003,0.07
78.415,,,,-0.0003,0.0003,0.07
78.466,,,,-0.0003,0.0003,0.07
78.517,,,,-0.0003,0.0003,0.07
78.567,,,,-0.0003,0.0003,0.07
78.618,,,,-0.0003,0.0003,0.07
78.67,,,,-0.0003,0.0003,0.07
78.72,,,,-0.0003,0.0003,0.07
78.771,,,,-0.0003,0.0003,0.07
78.822,,,,-0.0003,0.0003,0.07
78.872,,,,-0.0003,0.0003,0.07
78.923,,,,-0.0003,0.0003,0.07
78.973,,,,-0.0003,0.0003,0.07
79.024,,,,-0.0003,0.0003,0.07
79.075,,,,-0.0003,0.0003,0.07
79.125,,,,-0.0003,0.0003,0.07
79.176,,,,-0.0003,0.0003,0.07
79.227,,,,-0.0003,0.0003,0.07
79.278,,,,-0.0003,0.0003,0.07
79.328,,,,-0.0003,0.0003,0.07
79.379,,,,-0.0003,0.0003,0.07
79.43,,,,-0.0003,0.0003,0.07
79.481,,,,-0.0003,0.0003,0.07
79.532,,,,-0.0003,0.0003,0.07
79.583,,,,-0.0003,0.0003,0.07
79.634,,,,-0.0003,0.0003,0.07
79.685,,,,-0.0003,0.0003,0.07
79.736,,,,-0.0003,0.0003,0.07
79.786,,,,-0.0003,0.0003,0.07
79.837,,,,-0.0003,0.0003,0.07
79.888,,,,-0.0003,0.0003,0.07
79.939,,,,-0.0003,0.0003,0.07
79.989,,,,-0.0003,0.0003,0.07
80.04,,,,-0.0003,0.0003,0.07
80.09,,,,-0.0003,0.0003,0.07
80.141,,,,-0.0003,0.0003,0.07
80.191,,,,-0.0003,0.0003,0.07
80.242,,,,-0.0003,0.0003,0.07
80.292,,,,-0.0003,0.0003,0.07
80.343,,,,-0.0003,0.0003,0.07
80.393,,,,-0.0003,0.0003,0.07
80.444,,,,-0.0003,0.0003,0.07
80.494,,,,-0.0003,0.0003,0.07
80.545,,,,-0.0003,0.0003,0.07
80.63,,,,-0.0003,0.0003,0.07
80.681,,,,-0.0003,0.0003,0.07
80.732,,,,-0.0003,0.0003,0.07
80.783,,,,-0.0003,0.0003,0.07
80.834,,,,-0.0003,0.0003,0.07
80.885,,,,-0.0003,0.0003,0.07
80.935,,,,-0.0003,0.0003,0.07
80.986,,,,-0.0003,0.0003,0.07
81.037,,,,-0.0003,0.0003,0.07
81.088,,,,-0.0003,0.0003,0.07
81.139,,,,-0.0003,0.0003,0.07
81.189,,,,-0.0003,0.0003,0.07
81.24,,,,-0.0003,0.0003,0.07
81.291,,,,-0.0003,0.0003,0.07
81.342,,,,-0.0003,0.0003,0.07
81.392,,,,-0.0003,0.0003,0.07
81.443,,,,-0.0003,0.0003,0.07
81.494,,,,-0.0003,0.0003,0.07
81.544,,,,-0.0003,0.0003,0.07
81.595,,,,-0.0003,0.0003,0.07
81.646,,,,-0.0003,0.0003,0.07
81.697,,,,-0.0003,0.0003,0.07
81.748,,,,-0.0003,0.0003,0.07
81.799,,,,-0.0003,0.0003,0.07
81.85,,,,-0.0003,0.0003,0.07
81.9,,,,-0.0003,0.0003,0.07
81.986,,,,-0.0003,0.0003,0.07
82.036,,,,-0.0003,0.0003,0.07
82.088,,,,-0.0003,0.0003,0.07
82.138,,,,-0.0003,0.0003,0.07
82.189,,,,-0.0003,0.0003,0.07
82.24,,,,-0.0003,0.0003,0.07
82.291,,,,-0.0003,0.0003,0.07
82.341,,,,-0.0003,0.0003,0.07
82.392,,,,-0.0003,0.0003,0.07
82.443,,,,-0.0003,0.0003,0.07
82.493,,,,-0.0003,0.0003,0.07
82.544,,,,-0.0003,0.0003,0.07
82.595,,,,-0.0003,0.0003,0.07
82.646,,,,-0.0003,0.0003,0.07
82.697,,,,-0.0003,0.0003,0.07
82.748,,,,-0.0003,0.0003,0.07
82.799,,,,-0.0003,0.0003,0.07
82.853,,,,-0.0003,0.0003,0.07
82.906,,,,-0.0003,0.0003,0.07
82.956,,,,-0.0003,0.0003,0.07
83.007,,,,-0.0003,0.0003,0.07
83.058,,,,-0.0003,0.0003,0.07
83.109,,,,-0.0003,0.0003,0.07
83.159,,,,-0.0003,0.0003,0.07
83.209,,,,-0.0003,0.0003,0.07
83.26,,,,-0.0003,0.0003,0.07
83.31,,,,-0.0003,0.0003,0.07
83.361,,,,-0.0003,0.0003,0.07
83.411,,,,-0.0003,0.0003,0.07
83.462,,,,-0.0003,0.0003,0.07
83.512,,,,-0.0003,0.0003,0.07
83.564,,,,-0.0003,0.0003,0.07
83.615,,,,-0.0003,0.0003,0.07
83.665,,,,-0.0003,0.0003,0.07
83.716,,,,-0.0003,0.0003,0.07
83.767,,,,-0.0003,0.0003,0.07
83.817,,,,-0.0003,0.0003,0.07
83.869,,,,-0.0003,0.0003,0.07
83.919,,,,-0.0003,0.0003,0.07
83.97,,,,-0.0003,0.0003,0.07
84.021,,,,-0.0003,0.0003,0.07
84.071,,,,-0.0003,0.0003,0.07
84.122,,,,-0.0003,0.0003,0.07
84.174,,,,-0.0003,0.0003,0.07
84.224,,,,-0.0003,0.0003,0.07
84.275,,,,-0.0003,0.0003,0.07
84.326,,,,-0.0003,0.0003,0.07
84.377,,,,-0.0003,0.0003,0.07
84.427,,,,-0.0003,0.0003,0.07
84.478,,,,-0.0003,0.0003,0.07
84.528,,,,-0.0003,0.0003,0.07
84.579,,,,-0.0003,0.0003,0.07
84.629,,,,-0.0003,0.0003,0.07
84.716,,,,-0.0003,0.0003,0.07
84.767,,,,-0.0003,0.0003,0.07
84.819,,,,-0.0003,0.0003,0.07
84.87,,,,-0.0003,0.0003,0.07
84.925,,,,-0.0003,0.0003,0.07
84.976,,,,-0.0003,0.0003,0.07
85.026,,,,-0.0003,0.0003,0.07
85.077,,,,-0.0003,0.0003,0.07
85.128,,,,-0.0003,0.0003,0.07
85.179,,,,-0.0003,0.0003,0.07
85.23,,,,-0.0003,0.0003,0.07
85.28,,,,-0.0003,0.0003,0.07
85.331,,,,-0.0003,0.0003,0.07
85.382,,,,-0.0003,0.0003,0.07
85.433,,,,-0.0003,0.0003,0.07
85.484,,,,-0.0003,0.0003,0.07
85.535,,,,-0.0003,0.0003,0.07
85.586,,,,-0.0003,0.0003,0.07
85.636,,,,-0.0003,0.0003,0.07
85.687,,,,-0.0003,0.0003,0.07
85.738,,,,-0.0003,0.0003,0.07
85.788,,,,-0.0003,0.0003,0.07
85.838,,,,-0.0003,0.0003,0.07
85.89,,,,-0.0003,0.0003,0.07
85.94,,,,-0.0003,0.0003,0.07
85.991,,,,-0.0003,0.0003,0.07
86.044,,,,-0.0003,0.0003,0.07
86.094,,,,-0.0003,0.0003,0.07
86.145,,,,-0.0003,0.0003,0.07
86.195,,,,-0.0003,0.0003,0.07
86.246,,,,-0.0003,0.0003,0.07
86.296,,,,-0.0003,0.0003,0.07
86.347,,,,-0.0003,0.0003,0.07
86.398,,,,-0.0003,0.0003,0.07
86.448,,,,-0.0003,0.0003,0.07
86.499,,,,-0.0003,0.0003,0.07
86.549,,,,-0.0003,0.0003,0.07
86.599,,,,-0.0003,0.0003,0.07
86.651,,,,-0.0003,0.0003,0.07
86.702,,,,-0.0003,0.0003,0.07
86.752,,,,-0.0003,0.0003,0.07
86.803,,,,-0.0003,0.0003,0.07
86.853,,,,-0.0003,0.0003,0.07
86.904,,,,-0.0003,0.0003,0.07
86.955,,,,-0.0003,0.0003,0.07
87.005,,,,-0.0003,0.0003,0.07
87.056,,,,-0.0003,0.0003,0.07
87.106,,,,-0.0003,0.0003,0.07
87.157,,,,-0.0003,0.0003,0.07
87.208,,,,-0.0003,0.0003,0.07
87.259,,,,-0.0003,0.0003,0.07
87.309,,,,-0.0003,0.0003,0.07
87.36,,,,-0.0003,0.0003,0.07
87.445,,,,-0.0003,0.0003,0.07
87.496,,,,-0.0003,0.0003,0.07
87.546,,,,-0.0003,0.0003,0.07
87.597,,,,-0.0003,0.0003,0.07
87.648,,,,-0.0003,0.0003,0.07
87.699,,,,-0.0003,0.0003,0.07
87.75,,,,-0.0003,0.0003,0.07
87.801,,,,-0.0003,0.0003,0.07
87.851,,,,-0.0003,0.0003,0.07
87.902,,,,-0.0003,0.0003,0.07
87.953,,,,-0.0003,0.0003,0.07
88.003,,,,-0.0003,0.0003,0.07
88.053,,,,-0.0003,0.0003,0.07
88.104,,,,-0.0003,0.0003,0.07
88.155,,,,-0.0003,0.0003,0.07
88.205,,,,-0.0003,0.0003,0.07
88.256,,,,-0.0003,0.0003,0.07
88.307,,,,-0.0003,0.0003,0.07
88.357,,,,-0.0003,0.0003,0.07
88.408,,,,-0.0003,0.0003,0.07
88.459,,,,-0.0003,0.0003,0.07
88.51,,,,-0.0003,0.0003,0.07
88.561,,,,-0.0003,0.0003,0.07
88.612,,,,-0.0003,0.0003,0.07
88.662,,,,-0.0003,0.0003,0.07
88.713,,,,-0.0003,0.0003,0.07
88.764,,,,-0.0003,0.0003,0.07
88.814,,,,-0.0003,0.0003,0.07
88.865,,,,-0.0003,0.0003,0.07
88.916,,,,-0.0003,0.0003,0.07
88.966,,,,-0.0003,0.0003,0.07
89.017,,,,-0.0003,0.0003,0.07
89.067,,,,-0.0003,0.0003,0.07
89.135,,,,-0.0003,0.0003,0.07
89.186,,,,-0.0003,0.0003,0.07
89.237,,,,-0.0003,0.0003,0.07
89.287,,,,-0.0003,0.0003,0.07
89.338,,,,-0.0003,0.0003,0.07
89.389,,,,-0.0003,0.0003,0.07
89.439,,,,-0.0003,0.0003,0.07
89.49,,,,-0.0003,0.0003,0.07
89.541,,,,-0.0003,0.0003,0.07
89.591,,,,-0.0003,0.0003,0.07
89.642,,,,-0.0003,0.0003,0.07
89.692,,,,-0.0003,0.0003,0.07
89.743,,,,-0.0003,0.0003,0.07
89.794,,,,-0.0003,0.0003,0.07
89.844,,,,-0.0003,0.0003,0.07
89.895,,,,-0.0003,0.0003,0.07
89.946,,,,-0.0003,0.0003,0.07
89.996,,,,-0.0003,0.0003,0.07
90.047,,,,-0.0003,0.0003,0.07
90.097,,,,-0.0003,0.0003,0.07
90.148,,,,-0.0003,0.0003,0.07
90.198,,,,-0.0003,0.0003,0.07
90.249,,,,-0.0003,0.0003,0.07
90.299,,,,-0.0003,0.0003,0.07
90.349,,,,-0.0003,0.0003,0.07
90.4,,,,-0.0003,0.0003,0.07
90.451,,,,-0.0003,0.0003,0.07
90.502,,,,-0.0003,0.0003,0.07
90.552,,,,-0.0003,0.0003,0.07
90.603,,,,-0.0003,0.0003,0.07
90.654,,,,-0.0003,0.0003,0.07
90.705,,,,-0.0003,0.0003,0.07
90.755,,,,-0.0003,0.0003,0.07
90.806,,,,-0.0003,0.0003,0.07
90.857,,,,-0.0003,0.0003,0.07
90.907,,,,-0.0003,0.0003,0.07
90.958,,,,-0.0003,0.0003,0.07
91.009,,,,-0.0003,0.0003,0.07
91.06,,,,-0.0003,0.0003,0.07
91.11,,,,-0.0003,0.0003,0.07
91.161,,,,-0.0003,0.0003,0.07
91.213,,,,-0.0003,0.0003,0.07
91.263,,,,-0.0003,0.0003,0.07
91.314,,,,-0.0003,0.0003,0.07
91.364,,,,-0.0003,0.0003,0.07
91.415,,,,-0.0003,0.0003,0.07
91.473,,,,-0.0003,0.0003,0.07
91.532,,,,-0.0003,0.0003,0.07
91.584,,,,-0.0003,0.0003,0.07
91.634,,,,-0.0003,0.0003,0.07
91.684,,,,-0.0003,0.0003,0.07
91.735,,,,-0.0003,0.0003,0.07
91.786,,,,-0.0003,0.0003,0.07
91.836,,,,-0.0003,0.0003,0.07
91.886,,,,-0.0003,0.0003,0.07
91.938,,,,-0.0003,0.0003,0.07
91.991,,,,-0.0003,0.0003,0.07
92.041,,,,-0.0003,0.0003,0.07
92.092,,,,-0.0003,0.0003,0.07
92.143,,,,-0.0003,0.0003,0.07
92.193,,,,-0.0003,0.0003,0.07
92.244,,,,-0.0003,0.0003,0.07
92.294,,,,-0.0003,0.0003,0.07
92.345,,,,-0.0003,0.0003,0.07
92.395,,,,-0.0003,0.0003,0.07
92.446,,,,-0.0003,0.0003,0.07
92.496,,,,-0.0003,0.0003,0.07
92.547,,,,-0.0003,0.0003,0.07
92.597,,,,-0.0003,0.0003,0.07
92.648,,,,-0.0003,0.0003,0.07
92.698,,,,-0.0003,0.0003,0.07
92.749,,,,-0.0003,0.0003,0.07
92.799,,,,-0.0003,0.0003,0.07
92.85,,,,-0.0003,0.0003,0.07
92.903,,,,-0.0003,0.0003,0.07
92.953,,,,-0.0003,0.0003,0.07
93.004,,,,-0.0003,0.0003,0.07
93.055,,,,-0.0003,0.0003,0.07
93.105,,,,-0.0003,0.0003,0.07
93.157,,,,-0.0003,0.0003,0.07
93.207,,,,-0.0003,0.0003,0.07
93.258,,,,-0.0003,0.0003,0.07
93.309,,,,-0.0003,0.0003,0.07
93.36,,,,-0.0003,0.0003,0.07
93.41,,,,-0.0003,0.0003,0.07
93.461,,,,-0.0003,0.0003,0.07
93.512,,,,-0.0003,0.0003,0.07
93.562,,,,-0.0003,0.0003,0.07
93.613,,,,-0.0003,0.0003,0.07
93.664,,,,-0.0003,0.0003,0.07
93.715,,,,-0.0003,0.0003,0.07
93.765,,,,-0.0003,0.0003,0.07
93.816,,,,-0.0003,0.0003,0.07
93.866,,,,-0.0003,0.0003,0.07
93.917,,,,-0.0003,0.0003,0.07
93.967,,,,-0.0003,0.0003,0.07
94.018,,,,-0.0003,0.0003,0.07
94.069,,,,-0.0003,0.0003,0.07
94.119,,,,-0.0003,0.0003,0.07
94.17,,,,-0.0003,0.0003,0.07
94.259,,,,-0.0003,0.0003,0.07
94.31,,,,-0.0003,0.0003,0.07
94.361,,,,-0.0003,0.0003,0.07
94.411,,,,-0.0003,0.0003,0.07
94.462,,,,-0.0003,0.0003,0.07
94.512,,,,-0.0003,0.0003,0.07
94.563,,,,-0.0003,0.0003,0.07
94.614,,,,-0.0003,0.0003,0.07
94.664,,,,-0.0003,0.0003,0.07
94.715,,,,-0.0003,0.0003,0.07
94.767,,,,-0.0003,0.0003,0.07
94.818,,,,-0.0003,0.0003,0.07
94.869,,,,-0.0003,0.0003,0.07
94.92,,,,-0.0003,0.0003,0.07
94.971,,,,-0.0003,0.0003,0.07
95.022,,,,-0.0003,0.0003,0.07
95.072,,,,-0.0003,0.0003,0.07
95.122,,,,-0.0003,0.0003,0.07
95.173,,,,-0.0003,0.0003,0.07
95.224,,,,-0.0003,0.0003,0.07
95.274,,,,-0.0003,0.0003,0.07
95.325,,,,-0.0003,0.0003,0.07
95.375,,,,-0.0003,0.0003,0.07
95.426,,,,-0.0003,0.0003,0.07
95.477,,,,-0.0003,0.0003,0.07
95.527,,,,-0.0003,0.0003,0.07
95.617,,,,-0.0003,0.0003,0.07
95.668,,,,-0.0003,0.0003,0.07
95.718,,,,-0.0003,0.0003,0.07
95.769,,,,-0.0003,0.0003,0.07
95.819,,,,-0.0003,0.0003,0.07
95.869,,,,-0.0003,0.0003,0.07
95.92,,,,-0.0003,0.0003,0.07
95.971,,,,-0.0003,0.0003,0.07
96.022,,,,-0.0003,0.0003,0.07
96.072,,,,-0.0003,0.0003,0.07
96.123,,,,-0.0003,0.0003,0.07
96.174,,,,-0.0003,0.0003,0.07
96.224,,,,-0.0003,0.0003,0.07
96.275,,,,-0.0003,0.0003,0.07
96.325,,,,-0.0003,0.0003,0.07
96.376,,,,-0.0003,0.0003,0.07
96.426,,,,-0.0003,0.0003,0.07
96.477,,,,-0.0003,0.0003,0.07
96.527,,,,-0.0003,0.0003,0.07
96.578,,,,-0.0003,0.0003,0.07
96.629,,,,-0.0003,0.0003,0.07
96.679,,,,-0.0003,0.0003,0.07
96.73,,,,-0.0003,0.0003,0.07
96.78,,,,-0.0003,0.0003,0.07
96.83,,,,-0.0003,0.0003,0.07
96.881,,,,-0.0003,0.0003,0.07
96.931,,,,-0.0003,0.0003,0.07
96.982,,,,-0.0003,0.0003,0.07
97.033,,,,-0.0003,0.0003,0.07
97.083,,,,-0.0003,0.0003,0.07
97.135,,,,-0.0003,0.0003,0.07
97.186,,,,-0.0003,0.0003,0.07
97.237,,,,-0.0003,0.0003,0.07
97.287,,,,-0.0003,0.0003,0.07
97.338,,,,-0.0003,0.0003,0.07
97.389,,,,-0.0003,0.0003,0.07
97.439,,,,-0.0003,0.0003,0.07
97.49,,,,-0.0003,0.0003,0.07
97.54,,,,-0.0003,0.0003,0.07
97.591,,,,-0.0003,0.0003,0.07
97.642,,,,-0.0003,0.0003,0.07
97.692,,,,-0.0003,0.0003,0.07
97.743,,,,-0.0003,0.0003,0.07
97.794,,,,-0.0003,0.0003,0.07
97.844,,,,-0.0003,0.0003,0.07
97.894,,,,-0.0003,0.0003,0.07
97.945,,,,-0.0003,0.0003,0.07
97.995,,,,-0.0003,0.0003,0.07
98.046,,,,-0.0003,0.0003,0.07
98.096,,,,-0.0003,0.0003,0.07
98.147,,,,-0.0003,0.0003,0.07
98.197,,,,-0.0003,0.0003,0.07
98.248,,,,-0.0003,0.0003,0.07
98.298,,,,-0.0003,0.0003,0.07
98.359,,,,-0.0003,0.0003,0.07
98.41,,,,-0.0003,0.0003,0.07
98.46,,,,-0.0003,0.0003,0.07
98.511,,,,-0.0003,0.0003,0.07
98.561,,,,-0.0003,0.0003,0.07
98.612,,,,-0.0003,0.0003,0.07
98.662,,,,-0.0003,0.0003,0.07
98.714,,,,-0.0003,0.0003,0.07
98.764,,,,-0.0003,0.0003,0.07
98.815,,,,-0.0003,0.0003,0.07
98.865,,,,-0.0003,0.0003,0.07
98.916,,,,-0.0003,0.0003,0.07
98.966,,,,-0.0003,0.0003,0.07
99.017,,,,-0.0003,0.0003,0.07
99.068,,,,-0.0003,0.0003,0.07
99.119,,,,-0.0003,0.0003,0.07
99.17,,,,-0.0003,0.0003,0.07
99.221,,,,-0.0003,0.0003,0.07
99.272,,,,-0.0003,0.0003,0.07
99.322,,,,-0.0003,0.0003,0.07
99.372,,,,-0.0003,0.0003,0.07
99.423,,,,-0.0003,0.0003,0.07
99.473,,,,-0.0003,0.0003,0.07
99.524,,,,-0.0003,0.0003,0.07
99.575,,,,-0.0003,0.0003,0.07
99.626,,,,-0.0003,0.0003,0.07
99.711,,,,-0.0003,0.0003,0.07
99.762,,,,-0.0003,0.0003,0.07
99.813,,,,-0.0003,0.0003,0.07
99.867,,,,-0.0003,0.0003,0.07
99.919,,,,-0.0003,0.0003,0.07
99.969,,,,-0.0003,0.0003,0.07
100.02,,,,-0.0003,0.0003,0.07
100.071,,,,-0.0003,0.0003,0.07
100.121,,,,-0.0003,0.0003,0.07
100.172,,,,-0.0003,0.0003,0.07
100.222,,,,-0.0003,0.0003,0.07
100.273,,,,-0.0003,0.0003,0.07
100.323,,,,-0.0003,0.0003,0.07
100.374,,,,-0.0003,0.0003,0.07
100.425,,,,-0.0003,0.0003,0.07
100.475,,,,-0.0003,0.0003,0.07
100.526,,,,-0.0003,0.0003,0.07
100.576,,,,-0.0003,0.0003,0.07
100.627,,,,-0.0003,0.0003,0.07
100.677,,,,-0.0003,0.0003,0.07
100.728,,,,-0.0003,0.0003,0.07
100.779,,,,-0.0003,0.0003,0.07
100.829,,,,-0.0003,0.0003,0.07
100.88,,,,-0.0003,0.0003,0.07
100.931,,,,-0.0003,0.0003,0.07
100.981,,,,-0.0003,0.0003,0.07
101.068,,,,-0.0003,0.0003,0.07
101.119,,,,-0.0003,0.0003,0.07
101.17,,,,-0.0003,0.0003,0.07
101.22,,,,-0.0003,0.0003,0.07
101.271,,,,-0.0003,0.0003,0.07
101.322,,,,-0.0003,0.0003,0.07
101.372,,,,-0.0003,0.0003,0.07
101.423,,,,-0.0003,0.0003,0.07
101.473,,,,-0.0003,0.0003,0.07
101.524,,,,-0.0003,0.0003,0.07
101.575,,,,-0.0003,0.0003,0.07
101.625,,,,-0.0003,0.0003,0.07
101.676,,,,-0.0003,0.0003,0.07
101.726,,,,-0.0003,0.0003,0.07
101.777,,,,-0.0003,0.0003,0.07
101.828,,,,-0.0003,0.0003,0.07
101.879,,,,-0.0003,0.0003,0.07
101.929,,,,-0.0003,0.0003,0.07
101.98,,,,-0.0003,0.0003,0.07
102.03,,,,-0.0003,0.0003,0.07
102.081,,,,-0.0003,0.0003,0.07
102.132,,,,-0.0003,0.0003,0.07
102.183,,,,-0.0003,0.0003,0.07
102.234,,,,-0.0003,0.0003,0.07
102.284,,,,-0.0003,0.0003,0.07
102.335,,,,-0.0003,0.0003,0.07
102.386,,,,-0.0003,0.0003,0.07
102.437,,,,-0.0003,0.0003,0.07
102.487,,,,-0.0003,0.0003,0.07
102.538,,,,-0.0003,0.0003,0.07
102.589,,,,-0.0003,0.0003,0.07
102.639,,,,-0.0003,0.0003,0.07
102.69,,,,-0.0003,0.0003,0.07
102.741,,,,-0.0003,0.0003,0.07
102.792,,,,-0.0003,0.0003,0.07
102.843,,,,-0.0003,0.0003,0.07
102.893,,,,-0.0003,0.0003,0.07
102.944,,,,-0.0003,0.0003,0.07
102.994,,,,-0.0003,0.0003,0.07
103.046,,,,-0.0003,0.0003,0.07
103.096,,,,-0.0003,0.0003,0.07
103.147,,,,-0.0003,0.0003,0.07
103.197,,,,-0.0003,0.0003,0.07
103.248,,,,-0.0003,0.0003,0.07
103.299,,,,-0.0003,0.0003,0.07
103.35,,,,-0.0003,0.0003,0.07
103.4,,,,-0.0003,0.0003,0.07
103.45,,,,-0.0003,0.0003,0.07
103.501,,,,-0.0003,0.0003,0.07
103.552,,,,-0.0003,0.0003,0.07
103.602,,,,-0.0003,0.0003,0.07
103.653,,,,-0.0003,0.0003,0.07
103.704,,,,-0.0003,0.0003,0.07
103.754,,,,-0.0003,0.0003,0.07
103.807,,,,-0.0003,0.0003,0.07
103.858,,,,-0.0003,0.0003,0.07
103.91,,,,-0.0003,0.0003,0.07
103.96,,,,-0.0003,0.0003,0.07
104.011,,,,-0.0003,0.0003,0.07
104.062,,,,-0.0003,0.0003,0.07
104.113,,,,-0.0003,0.0003,0.07
104.163,,,,-0.0003,0.0003,0.07
104.214,,,,-0.0003,0.0003,0.07
104.265,,,,-0.0003,0.0003,0.07
104.316,,,,-0.0003,0.0003,0.07
104.366,,,,-0.0003,0.0003,0.07
104.417,,,,-0.0003,0.0003,0.07
104.468,,,,-0.0003,0.0003,0.07
104.519,,,,-0.0003,0.0003,0.07
104.569,,,,-0.0003,0.0003,0.07
104.62,,,,-0.0003,0.0003,0.07
104.671,,,,-0.0003,0.0003,0.07
104.721,,,,-0.0003,0.0003,0.07
104.772,,,,-0.0003,0.0003,0.07
104.822,,,,-0.0003,0.0003,0.07
104.873,,,,-0.0003,0.0003,0.07
104.923,,,,-0.0003,0.0003,0.07
104.974,,,,-0.0003,0.0003,0.07
105.024,,,,-0.0003,0.0003,0.07
105.076,,,,-0.0003,0.0003,0.07
105.126,,,,-0.0003,0.0003,0.07
105.177,,,,-0.0003,0.0003,0.07
105.228,,,,-0.0003,0.0003,0.07
105.278,,,,-0.0003,0.0003,0.07
105.329,,,,-0.0003,0.0003,0.07
105.379,,,,-0.0003,0.0003,0.07
105.43,,,,-0.0003,0.0003,0.07
105.481,,,,-0.0003,0.0003,0.07
105.531,,,,-0.0003,0.0003,0.07
105.582,,,,-0.0003,0.0003,0.07
105.632,,,,-0.0003,0.0003,0.07
105.683,,,,-0.0003,0.0003,0.07
105.734,,,,-0.0003,0.0003,0.07
105.784,,,,-0.0003,0.0003,0.07
105.835,,,,-0.0003,0.0003,0.07
105.885,,,,-0.0003,0.0003,0.07
105.936,,,,-0.0003,0.0003,0.07
105.987,,,,-0.0003,0.0003,0.07
106.037,,,,-0.0003,0.0003,0.07
106.088,,,,-0.0003,0.0003,0.07
106.139,,,,-0.0003,0.0003,0.07
106.189,,,,-0.0003,0.0003,0.07
106.24,,,,-0.0003,0.0003,0.07
106.29,,,,-0.0003,0.0003,0.07
106.341,,,,-0.0003,0.0003,0.07
106.392,,,,-0.0003,0.0003,0.07
106.443,,,,-0.0003,0.0003,0.07
106.527,,,,-0.0003,0.0003,0.07
106.578,,,,-0.0003,0.0003,0.07
106.628,,,,-0.0003,0.0003,0.07
106.678,,,,-0.0003,0.0003,0.07
106.729,,,,-0.0003,0.0003,0.07
106.779,,,,-0.0003,0.0003,0.07
106.83,,,,-0.0003,0.0003,0.07
106.88,,,,-0.0003,0.0003,0.07
106.961,,,,-0.0003,0.0003,0.07
107.012,,,,-0.0003,0.0003,0.07
107.063,,,,-0.0003,0.0003,0.07
107.113,,,,-0.0003,0.0003,0.07
107.164,,,,-0.0003,0.0003,0.07
107.218,,,,-0.0003,0.0003,0.07
107.27,,,,-0.0003,0.0003,0.07
107.32,,,,-0.0003,0.0003,0.07
107.371,,,,-0.0003,0.0003,0.07
107.423,,,,-0.0003,0.0003,0.07
107.473,,,,-0.0003,0.0003,0.07
107.524,,,,-0.0003,0.0003,0.07
107.575,,,,-0.0003,0.0003,0.07
107.626,,,,-0.0003,0.0003,0.07
107.677,,,,-0.0003,0.0003,0.07
107.727,,,,-0.0003,0.0003,0.07
107.778,,,,-0.0003,0.0003,0.07
107.829,,,,-0.0003,0.0003,0.07
107.892,,,,-0.0003,0.0003,0.07
107.943,,,,-0.0003,0.0003,0.07
107.993,,,,-0.0003,0.0003,0.07
108.043,,,,-0.0003,0.0003,0.07
108.094,,,,-0.0003,0.0003,0.07
108.145,,,,-0.0003,0.0003,0.07
108.196,,,,-0.0003,0.0003,0.07
108.247,,,,-0.0003,0.0003,0.07
108.297,,,,-0.0003,0.0003,0.07
108.348,,,,-0.0003,0.0003,0.07
108.399,,,,-0.0003,0.0003,0.07
108.45,,,,-0.0003,0.0003,0.07
108.501,,,,-0.0003,0.0003,0.07
108.551,,,,-0.0003,0.0003,0.07
108.602,,,,-0.0003,0.0003,0.07
108.653,,,,-0.0003,0.0003,0.07
108.703,,,,-0.0003,0.0003,0.07
108.754,,,,-0.0003,0.0003,0.07
108.804,,,,-0.0003,0.0003,0.07
108.857,,,,-0.0003,0.0003,0.07
108.908,,,,-0.0003,0.0003,0.07
108.958,,,,-0.0003,0.0003,0.07
109.009,,,,-0.0003,0.0003,0.07
109.06,,,,-0.0003,0.0003,0.07
109.111,,,,-0.0003,0.0003,0.07
109.161,,,,-0.0003,0.0003,0.07
109.212,,,,-0.0003,0.0003,0.07
109.262,,,,-0.0003,0.0003,0.07
109.313,,,,-0.0003,0.0003,0.07
109.363,,,,-0.0003,0.0003,0.07
109.413,,,,-0.0003,0.0003,0.07
109.464,,,,-0.0003,0.0003,0.07
109.515,,,,-0.0003,0.0003,0.07
109.566,,,,-0.0003,0.0003,0.07
109.617,,,,-0.0003,0.0003,0.07
109.667,,,,-0.0003,0.0003,0.07
109.718,,,,-0.0003,0.0003,0.07
109.769,,,,-0.0003,0.0003,0.07
109.819,,,,-0.0003,0.0003,0.07
109.87,,,,-0.0003,0.0003,0.07
109.921,,,,-0.0003,0.0003,0.07
109.971,,,,-0.0003,0.0003,0.07
110.022,,,,-0.0003,0.0003,0.07
110.073,,,,-0.0003,0.0003,0.07
110.123,,,,-0.0003,0.0003,0.07
110.174,,,,-0.0003,0.0003,0.07
110.224,,,,-0.0003,0.0003,0.07
110.275,,,,-0.0003,0.0003,0.07
110.325,,,,-0.0003,0.0003,0.07
110.376,,,,-0.0003,0.0003,0.07
110.427,,,,-0.0003,0.0003,0.07
110.477,,,,-0.0003,0.0003,0.07
110.528,,,,-0.0003,0.0003,0.07
110.579,,,,-0.0003,0.0003,0.07
110.63,,,,-0.0003,0.0003,0.07
110.681,,,,-0.0003,0.0003,0.07
110.731,,,,-0.0003,0.0003,0.07
110.782,,,,-0.0003,0.0003,0.07
110.833,,,,-0.0003,0.0003,0.07
110.885,,,,-0.0003,0.0003,0.07
110.936,,,,-0.0003,0.0003,0.07
110.987,,,,-0.0003,0.0003,0.07
111.038,,,,-0.0003,0.0003,0.07
111.088,,,,-0.0003,0.0003,0.07
111.139,,,,-0.0003,0.0003,0.07
111.189,,,,-0.0003,0.0003,0.07
111.24,,,,-0.0003,0.0003,0.07
111.291,,,,-0.0003,0.0003,0.07
111.341,,,,-0.0003,0.0003,0.07
111.392,,,,-0.0003,0.0003,0.07
111.443,,,,-0.0003,0.0003,0.07
111.493,,,,-0.0003,0.0003,0.07
111.545,,,,-0.0003,0.0003,0.07
111.595,,,,-0.0003,0.0003,0.07
111.646,,,,-0.0003,0.0003,0.07
111.696,,,,-0.0003,0.0003,0.07
111.747,,,,-0.0003,0.0003,0.07
111.798,,,,-0.0003,0.0003,0.07
111.848,,,,-0.0003,0.0003,0.07
111.899,,,,-0.0003,0.0003,0.07
111.979,,,,-0.0003,0.0003,0.07
112.03,,,,-0.0003,0.0003,0.07
112.08,,,,-0.0003,0.0003,0.07
112.131,,,,-0.0003,0.0003,0.07
112.182,,,,-0.0003,0.0003,0.07
112.232,,,,-0.0003,0.0003,0.07
112.283,,,,-0.0003,0.0003,0.07
112.333,,,,-0.0003,0.0003,0.07
112.384,,,,-0.0003,0.0003,0.07
112.434,,,,-0.0003,0.0003,0.07
112.485,,,,-0.0003,0.0003,0.07
112.536,,,,-0.0003,0.0003,0.07
112.586,,,,-0.0003,0.0003,0.07
112.637,,,,-0.0003,0.0003,0.07
112.687,,,,-0.0003,0.0003,0.07
112.738,,,,-0.0003,0.0003,0.07
112.789,,,,-0.0003,0.0003,0.07
112.839,,,,-0.0003,0.0003,0.07
112.89,,,,-0.0003,0.0003,0.07
112.941,,,,-0.0003,0.0003,0.07
112.992,,,,-0.0003,0.0003,0.07
113.042,,,,-0.0003,0.0003,0.07
113.093,,,,-0.0003,0.0003,0.07
113.143,,,,-0.0003,0.0003,0.07
113.194,,,,-0.0003,0.0003,0.07
113.244,,,,-0.0003,0.0003,0.07
113.295,,,,-0.0003,0.0003,0.07
113.346,,,,-0.0003,0.0003,0.07
113.396,,,,-0.0003,0.0003,0.07
113.447,,,,-0.0003,0.0003,0.07
113.498,,,,-0.0003,0.0003,0.07
113.549,,,,-0.0003,0.0003,0.07
113.599,,,,-0.0003,0.0003,0.07
113.65,,,,-0.0003,0.0003,0.07
113.701,,,,-0.0003,0.0003,0.07
113.751,,,,-0.0003,0.0003,0.07
113.802,,,,-0.0003,0.0003,0.07
113.852,,,,-0.0003,0.0003,0.07
113.903,,,,-0.0003,0.0003,0.07
113.954,,,,-0.0003,0.0003,0.07
114.004,,,,-0.0003,0.0003,0.07
114.055,,,,-0.0003,0.0003,0.07
114.106,,,,-0.0003,0.0003,0.07
114.157,,,,-0.0003,0.0003,0.07
114.207,,,,-0.0003,0.0003,0.07
114.258,,,,-0.0003,0.0003,0.07
114.309,,,,-0.0003,0.0003,0.07
114.36,,,,-0.0003,0.0003,0.07
114.41,,,,-0.0003,0.0003,0.07
114.461,,,,-0.0003,0.0003,0.07
114.512,,,,-0.0003,0.0003,0.07
114.562,,,,-0.0003,0.0003,0.07
114.614,,,,-0.0003,0.0003,0.07
114.665,,,,-0.0003,0.0003,0.07
114.715,,,,-0.0003,0.0003,0.07
114.766,,,,-0.0003,0.0003,0.07
114.817,,,,-0.0003,0.0003,0.07
114.867,,,,-0.0003,0.0003,0.07
114.917,,,,-0.0003,0.0003,0.07
114.968,,,,-0.0003,0.0003,0.07
115.018,,,,-0.0003,0.0003,0.07
115.069,,,,-0.0003,0.0003,0.07
115.119,,,,-0.0003,0.0003,0.07
115.17,,,,-0.0003,0.0003,0.07
115.22,,,,-0.0003,0.0003,0.07
115.274,,,,-0.0003,0.0003,0.07
115.325,,,,-0.0003,0.0003,0.07
115.375,,,,-0.0003,0.0003,0.07
115.426,,,,-0.0003,0.0003,0.07
115.476,,,,-0.0003,0.0003,0.07
115.527,,,,-0.0003,0.0003,0.07
115.577,,,,-0.0003,0.0003,0.07
115.628,,,,-0.0003,0.0003,0.07
115.678,,,,-0.0003,0.0003,0.07
115.728,,,,-0.0003,0.0003,0.07
115.779,,,,-0.0003,0.0003,0.07
115.83,,,,-0.0003,0.0003,0.07
115.881,,,,-0.0003,0.0003,0.07
115.931,,,,-0.0003,0.0003,0.07
115.982,,,,-0.0003,0.0003,0.07
116.066,,,,-0.0003,0.0003,0.07
116.117,,,,-0.0003,0.0003,0.07
116.167,,,,-0.0003,0.0003,0.07
116.219,,,,-0.0003,0.0003,0.07
116.27,,,,-0.0003,0.0003,0.07
116.32,,,,-0.0003,0.0003,0.07
116.371,,,,-0.0003,0.0003,0.07
116.421,,,,-0.0003,0.0003,0.07
116.472,,,,-0.0003,0.0003,0.07
116.523,,,,-0.0003,0.0003,0.07
116.573,,,,-0.0003,0.0003,0.07
116.624,,,,-0.0003,0.0003,0.07
116.674,,,,-0.0003,0.0003,0.07
116.725,,,,-0.0003,0.0003,0.07
116.775,,,,-0.0003,0.0003,0.07
116.826,,,,-0.0003,0.0003,0.07
116.877,,,,-0.0003,0.0003,0.07
116.928,,,,-0.0003,0.0003,0.07
116.979,,,,-0.0003,0.0003,0.07
117.03,,,,-0.0003,0.0003,0.07
117.081,,,,-0.0003,0.0003,0.07
117.131,,,,-0.0003,0.0003,0.07
117.183,,,,-0.0003,0.0003,0.07
117.233,,,,-0.0003,0.0003,0.07
117.284,,,,-0.0003,0.0003,0.07
117.334,,,,-0.0003,0.0003,0.07
117.385,,,,-0.0003,0.0003,0.07
117.436,,,,-0.0003,0.0003,0.07
117.486,,,,-0.0003,0.0003,0.07
117.537,,,,-0.0003,0.0003,0.07
117.587,,,,-0.0003,0.0003,0.07
117.638,,,,-0.0003,0.0003,0.07
117.689,,,,-0.0003,0.0003,0.07
117.74,,,,-0.0003,0.0003,0.07
117.791,,,,-0.0003,0.0003,0.07
117.842,,,,-0.0003,0.0003,0.07
117.892,,,,-0.0003,0.0003,0.07
117.943,,,,-0.0003,0.0003,0.07
117.994,,,,-0.0003,0.0003,0.07
118.044,,,,-0.0003,0.0003,0.07
118.095,,,,-0.0003,0.0003,0.07
118.145,,,,-0.0003,0.0003,0.07
118.196,,,,-0.0003,0.0003,0.07
118.247,,,,-0.0003,0.0003,0.07
118.298,,,,-0.0003,0.0003,0.07
118.348,,,,-0.0003,0.0003,0.07
118.399,,,,-0.0003,0.0003,0.07
118.45,,,,-0.0003,0.0003,0.07
118.5,,,,-0.0003,0.0003,0.07
118.551,,,,-0.0003,0.0003,0.07
118.601,,,,-0.0003,0.0003,0.07
118.652,,,,-0.0003,0.0003,0.07
118.703,,,,-0.0003,0.0003,0.07
118.791,,,,-0.0003,0.0003,0.07
118.841,,,,-0.0003,0.0003,0.07
118.892,,,,-0.0003,0.0003,0.07
118.943,,,,-0.0003,0.0003,0.07
118.993,,,,-0.0003,0.0003,0.07
119.043,,,,-0.0003,0.0003,0.07
119.094,,,,-0.0003,0.0003,0.07
119.145,,,,-0.0003,0.0003,0.07
119.195,,,,-0.0003,0.0003,0.07
119.246,,,,-0.0003,0.0003,0.07
119.299,,,,-0.0003,0.0003,0.07
119.351,,,,-0.0003,0.0003,0.07
119.402,,,,-0.0003,0.0003,0.07
119.452,,,,-0.0003,0.0003,0.07
119.504,,,,-0.0003,0.0003,0.07
119.555,,,,-0.0003,0.0003,0.07
119.605,,,,-0.0003,0.0003,0.07
119.656,,,,-0.0003,0.0003,0.07
119.707,,,,-0.0003,0.0003,0.07
119.758,,,,-0.0003,0.0003,0.07
119.808,,,,-0.0003,0.0003,0.07
119.859,,,,-0.0003,0.0003,0.07
119.909,,,,-0.0003,0.0003,0.07
119.96,,,,-0.0003,0.0003,0.07
120.01,,,,-0.0003,0.0003,0.07
120.061,,,,-0.0003,0.0003,0.07
120.112,,,,-0.0003,0.0003,0.07
120.163,,,,-0.0003,0.0003,0.07
120.213,,,,-0.0003,0.0003,0.07
120.264,,,,-0.0003,0.0003,0.07
120.315,,,,-0.0003,0.0003,0.07
120.365,,,,-0.0003,0.0003,0.07
120.416,,,,-0.0003,0.0003,0.07
120.467,,,,-0.0003,0.0003,0.07
120.518,,,,-0.0003,0.0003,0.07
120.568,,,,-0.0003,0.0003,0.07
120.619,,,,-0.0003,0.0003,0.07
120.67,,,,-0.0003,0.0003,0.07
120.721,,,,-0.0003,0.0003,0.07
120.772,,,,-0.0003,0.0003,0.07
120.823,,,,-0.0003,0.0003,0.07
120.874,,,,-0.0003,0.0003,0.07
120.925,,,,-0.0003,0.0003,0.07
120.975,,,,-0.0003,0.0003,0.07
121.026,,,,-0.0003,0.0003,0.07
121.077,,,,-0.0003,0.0003,0.07
121.128,,,,-0.0003,0.0003,0.07
121.178,,,,-0.0003,0.0003,0.07
121.229,,,,-0.0003,0.0003,0.07
121.279,,,,-0.0003,0.0003,0.07
121.33,,,,-0.0003,0.0003,0.07
121.381,,,,-0.0003,0.0003,0.07
121.432,,,,-0.0003,0.0003,0.07
121.516,,,,-0.0003,0.0003,0.07
121.566,,,,-0.0003,0.0003,0.07
121.617,,,,-0.0003,0.0003,0.07
121.667,,,,-0.0003,0.0003,0.07
121.718,,,,-0.0003,0.0003,0.07
121.769,,,,-0.0003,0.0003,0.07
121.82,,,,-0.0003,0.0003,0.07
121.87,,,,-0.0003,0.0003,0.07
121.921,,,,-0.0003,0.0003,0.07
121.971,,,,-0.0003,0.0003,0.07
122.023,,,,-0.0003,0.0003,0.07
122.073,,,,-0.0003,0.0003,0.07
122.124,,,,-0.0003,0.0003,0.07
122.174,,,,-0.0003,0.0003,0.07
122.225,,,,-0.0003,0.0003,0.07
122.275,,,,-0.0003,0.0003,0.07
122.325,,,,-0.0003,0.0003,0.07
122.377,,,,-0.0003,0.0003,0.07
122.427,,,,-0.0003,0.0003,0.07
122.478,,,,-0.0003,0.0003,0.07
122.528,,,,-0.0003,0.0003,0.07
122.579,,,,-0.0003,0.0003,0.07
122.629,,,,-0.0003,0.0003,0.07
122.68,,,,-0.0003,0.0003,0.07
122.731,,,,-0.0003,0.0003,0.07
122.781,,,,-0.0003,0.0003,0.07
122.832,,,,-0.0003,0.0003,0.07
122.888,,,,-0.0003,0.0003,0.07
122.939,,,,-0.0003,0.0003,0.07
122.99,,,,-0.0003,0.0003,0.07
123.04,,,,-0.0003,0.0003,0.07
123.092,,,,-0.0003,0.0003,0.07
123.142,,,,-0.0003,0.0003,0.07
123.193,,,,-0.0003,0.0003,0.07
123.244,,,,-0.0003,0.0003,0.07
123.294,,,,-0.0003,0.0003,0.07
123.345,,,,-0.0003,0.0003,0.07
123.396,,,,-0.0003,0.0003,0.07
123.447,,,,-0.0003,0.0003,0.07
123.497,,,,-0.0003,0.0003,0.07
123.548,,,,-0.0003,0.0003,0.07
123.599,,,,-0.0003,0.0003,0.07
123.649,,,,-0.0003,0.0003,0.07
123.7,,,,-0.0003,0.0003,0.07
123.75,,,,-0.0003,0.0003,0.07
123.801,,,,-0.0003,0.0003,0.07
123.852,,,,-0.0003,0.0003,0.07
123.903,,,,-0.0003,0.0003,0.07
123.953,,,,-0.0003,0.0003,0.07
124.004,,,,-0.0003,0.0003,0.07
124.054,,,,-0.0003,0.0003,0.07
124.105,,,,-0.0003,0.0003,0.07
124.156,,,,-0.0003,0.0003,0.07
124.246,,,,-0.0003,0.0003,0.07
124.296,,,,-0.0003,0.0003,0.07
124.347,,,,-0.0003,0.0003,0.07
124.398,,,,-0.0003,0.0003,0.07
124.449,,,,-0.0003,0.0003,0.07
124.5,,,,-0.0003,0.0003,0.07
124.55,,,,-0.0003,0.0003,0.07
124.601,,,,-0.0003,0.0003,0.07
124.652,,,,-0.0003,0.0003,0.07
124.702,,,,-0.0003,0.0003,0.07
124.753,,,,-0.0003,0.0003,0.07
124.803,,,,-0.0003,0.0003,0.07
124.854,,,,-0.0003,0.0003,0.07
124.904,,,,-0.0003,0.0003,0.07
124.955,,,,-0.0003,0.0003,0.07
125.005,,,,-0.0003,0.0003,0.07
125.056,,,,-0.0003,0.0003,0.07
125.106,,,,-0.0003,0.0003,0.07
125.157,,,,-0.0003,0.0003,0.07
125.207,,,,-0.0003,0.0003,0.07
125.258,,,,-0.0003,0.0003,0.07
125.308,,,,-0.0003,0.0003,0.07
125.359,,,,-0.0003,0.0003,0.07
125.409,,,,-0.0003,0.0003,0.07
125.46,,,,-0.0003,0.0003,0.07
125.51,,,,-0.0003,0.0003,0.07
125.561,,,,-0.0003,0.0003,0.07
125.62,,,,-0.0003,0.0003,0.07
125.679,,,,-0.0003,0.0003,0.07
125.736,,,,-0.0003,0.0003,0.07
125.787,,,,-0.0003,0.0003,0.07
125.837,,,,-0.0003,0.0003,0.07
125.888,,,,-0.0003,0.0003,0.07
125.939,,,,-0.0003,0.0003,0.07
125.989,,,,-0.0003,0.0003,0.07
126.039,,,,-0.0003,0.0003,0.07
126.09,,,,-0.0003,0.0003,0.07
126.14,,,,-0.0003,0.0003,0.07
126.191,,,,-0.0003,0.0003,0.07
126.242,,,,-0.0003,0.0003,0.07
126.292,,,,-0.0003,0.0003,0.07
126.343,,,,-0.0003,0.0003,0.07
126.393,,,,-0.0003,0.0003,0.07
126.444,,,,-0.0003,0.0003,0.07
126.494,,,,-0.0003,0.0003,0.07
126.545,,,,-0.0003,0.0003,0.07
126.596,,,,-0.0003,0.0003,0.07
126.646,,,,-0.0003,0.0003,0.07
126.697,,,,-0.0003,0.0003,0.07
126.747,,,,-0.0003,0.0003,0.07
126.797,,,,-0.0003,0.0003,0.07
126.848,,,,-0.0003,0.0003,0.07
126.898,,,,-0.0003,0.0003,0.07
126.978,,,,-0.0003,0.0003,0.07
127.029,,,,-0.0003,0.0003,0.07
127.079,,,,-0.0003,0.0003,0.07
127.13,,,,-0.0003,0.0003,0.07
127.18,,,,-0.0003,0.0003,0.07
127.23,,,,-0.0003,0.0003,0.07
127.281,,,,-0.0003,0.0003,0.07
127.331,,,,-0.0003,0.0003,0.07
127.382,,,,-0.0003,0.0003,0.07
127.432,,,,-0.0003,0.0003,0.07
127.483,,,,-0.0003,0.0003,0.07
127.534,,,,-0.0003,0.0003,0.07
127.584,,,,-0.0003,0.0003,0.07
127.635,,,,-0.0003,0.0003,0.07
127.685,,,,-0.0003,0.0003,0.07
127.736,,,,-0.0003,0.0003,0.07
127.786,,,,-0.0003,0.0003,0.07
127.837,,,,-0.0003,0.0003,0.07
127.888,,,,-0.0003,0.0003,0.07
127.939,,,,-0.0003,0.0003,0.07
127.99,,,,-0.0003,0.0003,0.07
128.041,,,,-0.0003,0.0003,0.07
128.091,,,,-0.0003,0.0003,0.07
128.143,,,,-0.0003,0.0003,0.07
128.193,,,,-0.0003,0.0003,0.07
128.244,,,,-0.0003,0.0003,0.07
128.295,,,,-0.0003,0.0003,0.07
128.346,,,,-0.0003,0.0003,0.07
128.397,,,,-0.0003,0.0003,0.07
128.447,,,,-0.0003,0.0003,0.07
128.497,,,,-0.0003,0.0003,0.07
128.548,,,,-0.0003,0.0003,0.07
128.599,,,,-0.0003,0.0003,0.07
128.65,,,,-0.0003,0.0003,0.07
128.7,,,,-0.0003,0.0003,0.07
128.751,,,,-0.0003,0.0003,0.07
128.802,,,,-0.0003,0.0003,0.07
128.853,,,,-0.0003,0.0003,0.07
128.903,,,,-0.0003,0.0003,0.07
128.954,,,,-0.0003,0.0003,0.07
129.005,,,,-0.0003,0.0003,0.07
129.056,,,,-0.0003,0.0003,0.07
129.106,,,,-0.0003,0.0003,0.07
129.157,,,,-0.0003,0.0003,0.07
129.208,,,,-0.0003,0.0003,0.07
129.258,,,,-0.0003,0.0003,0.07
129.309,,,,-0.0003,0.0003,0.07
129.36,,,,-0.0003,0.0003,0.07
129.41,,,,-0.0003,0.0003,0.07
129.461,,,,-0.0003,0.0003,0.07
129.511,,,,-0.0003,0.0003,0.07
129.562,,,,-0.0003,0.0003,0.07
129.613,,,,-0.0003,0.0003,0.07
129.663,,,,-0.0003,0.0003,0.07
129.714,,,,-0.0003,0.0003,0.07
129.765,,,,-0.0003,0.0003,0.07
129.817,,,,-0.0003,0.0003,0.07
129.868,,,,-0.0003,0.0003,0.07
129.919,,,,-0.0003,0.0003,0.07
129.969,,,,-0.0003,0.0003,0.07
130.02,,,,-0.0003,0.0003,0.07
130.071,,,,-0.0003,0.0003,0.07
130.122,,,,-0.0003,0.0003,0.07
130.172,,,,-0.0003,0.0003,0.07
130.223,,,,-0.0003,0.0003,0.07
130.274,,,,-0.0003,0.0003,0.07
130.324,,,,-0.0003,0.0003,0.07
130.375,,,,-0.0003,0.0003,0.07
130.426,,,,-0.0003,0.0003,0.07
130.476,,,,-0.0003,0.0003,0.07
130.527,,,,-0.0003,0.0003,0.07
130.577,,,,-0.0003,0.0003,0.07
130.628,,,,-0.0003,0.0003,0.07
130.678,,,,-0.0003,0.0003,0.07
130.729,,,,-0.0003,0.0003,0.07
130.78,,,,-0.0003,0.0003,0.07
130.83,,,,-0.0003,0.0003,0.07
130.881,,,,-0.0003,0.0003,0.07
130.932,,,,-0.0003,0.0003,0.07
130.983,,,,-0.0003,0.0003,0.07
131.071,,,,-0.0003,0.0003,0.07
131.122,,,,-0.0003,0.0003,0.07
131.172,,,,-0.0003,0.0003,0.07
131.223,,,,-0.0003,0.0003,0.07
131.274,,,,-0.0003,0.0003,0.07
131.324,,,,-0.0003,0.0003,0.07
131.375,,,,-0.0003,0.0003,0.07
131.426,,,,-0.0003,0.0003,0.07
131.477,,,,-0.0003,0.0003,0.07
131.527,,,,-0.0003,0.0003,0.07
131.578,,,,-0.0003,0.0003,0.07
131.629,,,,-0.0003,0.0003,0.07
131.68,,,,-0.0003,0.0003,0.07
131.73,,,,-0.0003,0.0003,0.07
131.781,,,,-0.0003,0.0003,0.07
131.831,,,,-0.0003,0.0003,0.07
131.882,,,,-0.0003,0.0003,0.07
131.933,,,,-0.0003,0.0003,0.07
131.984,,,,-0.0003,0.0003,0.07
132.034,,,,-0.0003,0.0003,0.07
132.085,,,,-0.0003,0.0003,0.07
132.136,,,,-0.0003,0.0003,0.07
132.187,,,,-0.0003,0.0003,0.07
132.237,,,,-0.0003,0.0003,0.07
132.288,,,,-0.0003,0.0003,0.07
132.339,,,,-0.0003,0.0003,0.07
132.389,,,,-0.0003,0.0003,0.07
132.44,,,,-0.0003,0.0003,0.07
132.49,,,,-0.0003,0.0003,0.07
132.541,,,,-0.0003,0.0003,0.07
132.591,,,,-0.0003,0.0003,0.07
132.642,,,,-0.0003,0.0003,0.07
132.693,,,,-0.0003,0.0003,0.07
132.744,,,,-0.0003,0.0003,0.07
132.795,,,,-0.0003,0.0003,0.07
132.845,,,,-0.0003,0.0003,0.07
132.896,,,,-0.0003,0.0003,0.07
132.947,,,,-0.0003,0.0003,0.07
132.997,,,,-0.0003,0.0003,0.07
133.048,,,,-0.0003,0.0003,0.07
133.098,,,,-0.0003,0.0003,0.07
133.149,,,,-0.0003,0.0003,0.07
133.2,,,,-0.0003,0.0003,0.07
133.25,,,,-0.0003,0.0003,0.07
133.301,,,,-0.0003,0.0003,0.07
133.351,,,,-0.0003,0.0003,0.07
133.402,,,,-0.0003,0.0003,0.07
133.453,,,,-0.0003,0.0003,0.07
133.503,,,,-0.0003,0.0003,0.07
133.554,,,,-0.0003,0.0003,0.07
133.604,,,,-0.0003,0.0003,0.07
133.655,,,,-0.0003,0.0003,0.07
133.705,,,,-0.0003,0.0003,0.07
133.788,,,,-0.0003,0.0003,0.07
133.839,,,,-0.0003,0.0003,0.07
133.889,,,,-0.0003,0.0003,0.07
133.94,,,,-0.0003,0.0003,0.07
133.991,,,,-0.0003,0.0003,0.07
134.041,,,,-0.0003,0.0003,0.07
134.092,,,,-0.0003,0.0003,0.07
134.142,,,,-0.0003,0.0003,0.07
134.193,,,,-0.0003,0.0003,0.07
134.244,,,,-0.0003,0.0003,0.07
134.294,,,,-0.0003,0.0003,0.07
134.345,,,,-0.0003,0.0003,0.07
134.396,,,,-0.0003,0.0003,0.07
134.446,,,,-0.0003,0.0003,0.07
134.497,,,,-0.0003,0.0003,0.07
134.548,,,,-0.0003,0.0003,0.07
134.599,,,,-0.0003,0.0003,0.07
134.649,,,,-0.0003,0.0003,0.07
134.7,,,,-0.0003,0.0003,0.07
134.75,,,,-0.0003,0.0003,0.07
134.801,,,,-0.0003,0.0003,0.07
134.851,,,,-0.0003,0.0003,0.07
134.902,,,,-0.0003,0.0003,0.07
134.953,,,,-0.0003,0.0003,0.07
135.004,,,,-0.0003,0.0003,0.07
135.054,,,,-0.0003,0.0003,0.07
135.105,,,,-0.0003,0.0003,0.07
135.156,,,,-0.0003,0.0003,0.07
135.207,,,,-0.0003,0.0003,0.07
135.258,,,,-0.0003,0.0003,0.07
135.308,,,,-0.0003,0.0003,0.07
135.359,,,,-0.0003,0.0003,0.07
135.409,,,,-0.0003,0.0003,0.07
135.46,,,,-0.0003,0.0003,0.07
135.51,,,,-0.0003,0.0003,0.07
135.561,,,,-0.0003,0.0003,0.07
135.612,,,,-0.0003,0.0003,0.07
135.663,,,,-0.0003,0.0003,0.07
135.715,,,,-0.0003,0.0003,0.07
135.783,,,,-0.0003,0.0003,0.07
135.834,,,,-0.0003,0.0003,0.07
135.884,,,,-0.0003,0.0003,0.07
135.935,,,,-0.0003,0.0003,0.07
135.985,,,,-0.0003,0.0003,0.07
136.036,,,,-0.0003,0.0003,0.07
136.086,,,,-0.0003,0.0003,0.07
136.137,,,,-0.0003,0.0003,0.07
136.188,,,,-0.0003,0.0003,0.07
136.239,,,,-0.0003,0.0003,0.07
136.29,,,,-0.0003,0.0003,0.07
136.341,,,,-0.0003,0.0003,0.07
136.392,,,,-0.0003,0.0003,0.07
136.442,,,,-0.0003,0.0003,0.07
136.492,,,,-0.0003,0.0003,0.07
136.543,,,,-0.0003,0.0003,0.07
136.593,,,,-0.0003,0.0003,0.07
136.644,,,,-0.0003,0.0003,0.07
136.695,,,,-0.0003,0.0003,0.07
136.745,,,,-0.0003,0.0003,0.07
136.796,,,,-0.0003,0.0003,0.07
136.846,,,,-0.0003,0.0003,0.07
136.897,,,,-0.0003,0.0003,0.07
136.948,,,,-0.0003,0.0003,0.07
136.998,,,,-0.0003,0.0003,0.07
137.049,,,,-0.0003,0.0003,0.07
137.1,,,,-0.0003,0.0003,0.07
137.15,,,,-0.0003,0.0003,0.07
137.201,,,,-0.0003,0.0003,0.07
137.251,,,,-0.0003,0.0003,0.07
137.302,,,,-0.0003,0.0003,0.07
137.353,,,,-0.0003,0.0003,0.07
137.404,,,,-0.0003,0.0003,0.07
137.454,,,,-0.0003,0.0003,0.07
137.505,,,,-0.0003,0.0003,0.07
137.555,,,,-0.0003,0.0003,0.07
137.606,,,,-0.0003,0.0003,0.07
137.657,,,,-0.0003,0.0003,0.07
137.707,,,,-0.0003,0.0003,0.07
137.758,,,,-0.0003,0.0003,0.07
137.809,,,,-0.0003,0.0003,0.07
137.882,,,,-0.0003,0.0003,0.07
137.933,,,,-0.0003,0.0003,0.07
137.983,,,,-0.0003,0.0003,0.07
138.034,,,,-0.0003,0.0003,0.07
138.084,,,,-0.0003,0.0003,0.07
138.135,,,,-0.0003,0.0003,0.07
138.186,,,,-0.0003,0.0003,0.07
138.237,,,,-0.0003,0.0003,0.07
138.288,,,,-0.0003,0.0003,0.07
138.338,,,,-0.0003,0.0003,0.07
138.389,,,,-0.0003,0.0003,0.07
138.44,,,,-0.0003,0.0003,0.07
138.49,,,,-0.0003,0.0003,0.07
138.541,,,,-0.0003,0.0003,0.07
138.592,,,,-0.0003,0.0003,0.07
138.642,,,,-0.0003,0.0003,0.07
138.694,,,,-0.0003,0.0003,0.07
138.744,,,,-0.0003,0.0003,0.07
138.795,,,,-0.0003,0.0003,0.07
138.846,,,,-0.0003,0.0003,0.07
138.896,,,,-0.0003,0.0003,0.07
138.947,,,,-0.0003,0.0003,0.07
138.998,,,,-0.0003,0.0003,0.07
139.049,,,,-0.0003,0.0003,0.07
139.099,,,,-0.0003,0.0003,0.07
139.15,,,,-0.0003,0.0003,0.07
139.241,,,,-0.0003,0.0003,0.07
139.292,,,,-0.0003,0.0003,0.07
139.342,,,,-0.0003,0.0003,0.07
139.393,,,,-0.0003,0.0003,0.07
139.443,,,,-0.0003,0.0003,0.07
139.494,,,,-0.0003,0.0003,0.07
139.544,,,,-0.0003,0.0003,0.07
139.595,,,,-0.0003,0.0003,0.07
139.646,,,,-0.0003,0.0003,0.07
139.696,,,,-0.0003,0.0003,0.07
139.747,,,,-0.0003,0.0003,0.07
139.798,,,,-0.0003,0.0003,0.07
139.848,,,,-0.0003,0.0003,0.07
139.899,,,,-0.0003,0.0003,0.07
139.949,,,,-0.0003,0.0003,0.07
140.0,,,,-0.0003,0.0003,0.07
140.05,,,,-0.0003,0.0003,0.07
140.101,,,,-0.0003,0.0003,0.07
140.151,,,,-0.0003,0.0003,0.07
140.202,,,,-0.0003,0.0003,0.07
140.252,,,,-0.0003,0.0003,0.07
140.303,,,,-0.0003,0.0003,0.07
140.353,,,,-0.0003,0.0003,0.07
140.404,,,,-0.0003,0.0003,0.07
140.454,,,,-0.0003,0.0003,0.07
140.505,,,,-0.0003,0.0003,0.07
140.556,,,,-0.0003,0.0003,0.07
140.612,,,,-0.0003,0.0003,0.07
140.662,,,,-0.0003,0.0003,0.07
140.713,,,,-0.0003,0.0003,0.07
140.764,,,,-0.0003,0.0003,0.07
140.814,,,,-0.0003,0.0003,0.07
140.865,,,,-0.0003,0.0003,0.07
140.916,,,,-0.0003,0.0003,0.07
140.966,,,,-0.0003,0.0003,0.07
141.017,,,,-0.0003,0.0003,0.07
141.068,,,,-0.0003,0.0003,0.07
141.119,,,,-0.0003,0.0003,0.07
141.169,,,,-0.0003,0.0003,0.07
141.22,,,,-0.0003,0.0003,0.07
141.271,,,,-0.0003,0.0003,0.07
141.347,,,,-0.0003,0.0003,0.07
141.401,,,,-0.0003,0.0003,0.07
141.452,,,,-0.0003,0.0003,0.07
141.502,,,,-0.0003,0.0003,0.07
141.553,,,,-0.0003,0.0003,0.07
141.604,,,,-0.0003,0.0003,0.07
141.654,,,,-0.0003,0.0003,0.07
141.705,,,,-0.0003,0.0003,0.07
141.756,,,,-0.0003,0.0003,0.07
141.807,,,,-0.0003,0.0003,0.07
141.858,,,,-0.0003,0.0003,0.07
141.908,,,,-0.0003,0.0003,0.07
141.974,,,,-0.0003,0.0003,0.07
142.025,,,,-0.0003,0.0003,0.07
142.075,,,,-0.0003,0.0003,0.07
142.126,,,,-0.0003,0.0003,0.07
142.177,,,,-0.0003,0.0003,0.07
142.228,,,,-0.0003,0.0003,0.07
142.278,,,,-0.0003,0.0003,0.07
142.329,,,,-0.0003,0.0003,0.07
142.38,,,,-0.0003,0.0003,0.07
142.431,,,,-0.0003,0.0003,0.07
142.482,,,,-0.0003,0.0003,0.07
142.532,,,,-0.0003,0.0003,0.07
142.582,,,,-0.0003,0.0003,0.07
142.633,,,,-0.0003,0.0003,0.07
142.683,,,,-0.0003,0.0003,0.07
142.735,,,,-0.0003,0.0003,0.07
142.785,,,,-0.0003,0.0003,0.07
142.835,,,,-0.0003,0.0003,0.07
142.886,,,,-0.0003,0.0003,0.07
142.937,,,,-0.0003,0.0003,0.07
142.987,,,,-0.0003,0.0003,0.07
143.038,,,,-0.0003,0.0003,0.07
143.089,,,,-0.0003,0.0003,0.07
143.139,,,,-0.0003,0.0003,0.07
143.189,,,,-0.0003,0.0003,0.07
143.24,,,,-0.0003,0.0003,0.07
143.326,,,,-0.0003,0.0003,0.07
143.378,,,,-0.0003,0.0003,0.07
143.428,,,,-0.0003,0.0003,0.07
143.479,,,,-0.0003,0.0003,0.07
143.53,,,,-0.0003,0.0003,0.07
143.58,,,,-0.0003,0.0003,0.07
143.631,,,,-0.0003,0.0003,0.07
143.682,,,,-0.0003,0.0003,0.07
143.733,,,,-0.0003,0.0003,0.07
143.783,,,,-0.0003,0.0003,0.07
143.834,,,,-0.0003,0.0003,0.07
143.885,,,,-0.0003,0.0003,0.07
143.935,,,,-0.0003,0.0003,0.07
143.986,,,,-0.0003,0.0003,0.07
144.037,,,,-0.0003,0.0003,0.07
144.087,,,,-0.0003,0.0003,0.07
144.138,,,,-0.0003,0.0003,0.07
144.188,,,,-0.0003,0.0003,0.07
144.239,,,,-0.0003,0.0003,0.07
144.29,,,,-0.0003,0.0003,0.07
144.341,,,,-0.0003,0.0003,0.07
144.391,,,,-0.0003,0.0003,0.07
144.441,,,,-0.0003,0.0003,0.07
144.492,,,,-0.0003,0.0003,0.07
144.543,,,,-0.0003,0.0003,0.07
144.594,,,,-0.0003,0.0003,0.07
144.644,,,,-0.0003,0.0003,0.07
144.697,,,,-0.0003,0.0003,0.07
144.747,,,,-0.0003,0.0003,0.07
144.798,,,,-0.0003,0.0003,0.07
144.849,,,,-0.0003,0.0003,0.07
144.899,,,,-0.0003,0.0003,0.07
144.95,,,,-0.0003,0.0003,0.07
145.001,,,,-0.0003,0.0003,0.07
145.051,,,,-0.0003,0.0003,0.07
145.102,,,,-0.0003,0.0003,0.07
145.153,,,,-0.0003,0.0003,0.07
145.204,,,,-0.0003,0.0003,0.07
145.255,,,,-0.0003,0.0003,0.07
145.305,,,,-0.0003,0.0003,0.07
145.356,,,,-0.0003,0.0003,0.07
145.406,,,,-0.0003,0.0003,0.07
145.457,,,,-0.0003,0.0003,0.07
145.507,,,,-0.0003,0.0003,0.07
145.558,,,,-0.0003,0.0003,0.07
145.61,,,,-0.0003,0.0003,0.07
145.66,,,,-0.0003,0.0003,0.07
145.711,,,,-0.0003,0.0003,0.07
145.761,,,,-0.0003,0.0003,0.07
145.811,,,,-0.0003,0.0003,0.07
145.861,,,,-0.0003,0.0003,0.07
145.912,,,,-0.0003,0.0003,0.07
145.963,,,,-0.0003,0.0003,0.07
146.013,,,,-0.0003,0.0003,0.07
146.064,,,,-0.0003,0.0003,0.07
146.114,,,,-0.0003,0.0003,0.07
146.164,,,,-0.0003,0.0003,0.07
146.216,,,,-0.0003,0.0003,0.07
146.267,,,,-0.0003,0.0003,0.07
146.318,,,,-0.0003,0.0003,0.07
146.369,,,,-0.0003,0.0003,0.07
146.419,,,,-0.0003,0.0003,0.07
146.47,,,,-0.0003,0.0003,0.07
146.52,,,,-0.0003,0.0003,0.07
146.571,,,,-0.0003,0.0003,0.07
146.621,,,,-0.0003,0.0003,0.07
146.672,,,,-0.0003,0.0003,0.07
146.722,,,,-0.0003,0.0003,0.07
146.773,,,,-0.0003,0.0003,0.07
146.824,,,,-0.0003,0.0003,0.07
146.874,,,,-0.0003,0.0003,0.07
146.925,,,,-0.0003,0.0003,0.07
146.975,,,,-0.0003,0.0003,0.07
147.026,,,,-0.0003,0.0003,0.07
147.077,,,,-0.0003,0.0003,0.07
147.128,,,,-0.0003,0.0003,0.07
147.178,,,,-0.0003,0.0003,0.07
147.229,,,,-0.0003,0.0003,0.07
147.28,,,,-0.0003,0.0003,0.07
147.331,,,,-0.0003,0.0003,0.07
147.381,,,,-0.0003,0.0003,0.07
147.432,,,,-0.0003,0.0003,0.07
147.483,,,,-0.0003,0.0003,0.07
147.533,,,,-0.0003,0.0003,0.07
147.584,,,,-0.0003,0.0003,0.07
147.634,,,,-0.0003,0.0003,0.07
147.685,,,,-0.0003,0.0003,0.07
147.736,,,,-0.0003,0.0003,0.07
147.786,,,,-0.0003,0.0003,0.07
147.837,,,,-0.0003,0.0003,0.07
147.887,,,,-0.0003,0.0003,0.07
147.938,,,,-0.0003,0.0003,0.07
147.988,,,,-0.0003,0.0003,0.07
148.039,,,,-0.0003,0.0003,0.07
148.089,,,,-0.0003,0.0003,0.07
148.14,,,,-0.0003,0.0003,0.07
148.191,,,,-0.0003,0.0003,0.07
148.241,,,,-0.0003,0.0003,0.07
148.292,,,,-0.0003,0.0003,0.07
148.342,,,,-0.0003,0.0003,0.07
148.393,,,,-0.0003,0.0003,0.07
148.444,,,,-0.0003,0.0003,0.07
148.495,,,,-0.0003,0.0003,0.07
148.546,,,,-0.0003,0.0003,0.07
148.597,,,,-0.0003,0.0003,0.07
148.648,,,,-0.0003,0.0003,0.07
148.699,,,,-0.0003,0.0003,0.07
148.786,,,,-0.0003,0.0003,0.07
148.836,,,,-0.0003,0.0003,0.07
148.888,,,,-0.0003,0.0003,0.07
148.938,,,,-0.0003,0.0003,0.07
148.989,,,,-0.0003,0.0003,0.07
149.039,,,,-0.0003,0.0003,0.07
149.09,,,,-0.0003,0.0003,0.07
149.14,,,,-0.0003,0.0003,0.07
149.191,,,,-0.0003,0.0003,0.07
149.242,,,,-0.0003,0.0003,0.07
149.293,,,,-0.0003,0.0003,0.07
149.344,,,,-0.0003,0.0003,0.07
149.394,,,,-0.0003,0.0003,0.07
149.446,,,,-0.0003,0.0003,0.07
149.496,,,,-0.0003,0.0003,0.07
149.547,,,,-0.0003,0.0003,0.07
149.597,,,,-0.0003,0.0003,0.07
149.648,,,,-0.0003,0.0003,0.07
149.699,,,,-0.0003,0.0003,0.07
149.75,,,,-0.0003,0.0003,0.07
149.801,,,,-0.0003,0.0003,0.07
149.851,,,,-0.0003,0.0003,0.07
149.902,,,,-0.0003,0.0003,0.07
149.953,,,,-0.0003,0.0003,0.07
150.003,,,,-0.0003,0.0003,0.07
150.054,,,,-0.0003,0.0003,0.07
150.104,,,,-0.0003,0.0003,0.07
150.155,,,,-0.0003,0.0003,0.07
150.206,,,,-0.0003,0.0003,0.07
150.257,,,,-0.0003,0.0003,0.07
150.308,,,,-0.0003,0.0003,0.07
150.359,,,,-0.0003,0.0003,0.07
150.41,,,,-0.0003,0.0003,0.07
150.46,,,,-0.0003,0.0003,0.07
150.511,,,,-0.0003,0.0003,0.07
150.562,,,,-0.0003,0.0003,0.07
150.612,,,,-0.0003,0.0003,0.07
150.663,,,,-0.0003,0.0003,0.07
150.714,,,,-0.0003,0.0003,0.07
150.764,,,,-0.0003,0.0003,0.07
150.815,,,,-0.0003,0.0003,0.07
150.865,,,,-0.0003,0.0003,0.07
150.916,,,,-0.0003,0.0003,0.07
150.967,,,,-0.0003,0.0003,0.07
151.017,,,,-0.0003,0.0003,0.07
151.068,,,,-0.0003,0.0003,0.07
151.118,,,,-0.0003,0.0003,0.07
151.17,,,,-0.0003,0.0003,0.07
151.222,,,,-0.0003,0.0003,0.07
151.272,,,,-0.0003,0.0003,0.07
151.323,,,,-0.0003,0.0003,0.07
151.373,,,,-0.0003,0.0003,0.07
151.424,,,,-0.0003,0.0003,0.07
151.505,,,,-0.0003,0.0003,0.07
151.555,,,,-0.0003,0.0003,0.07
151.606,,,,-0.0003,0.0003,0.07
151.657,,,,-0.0003,0.0003,0.07
151.707,,,,-0.0003,0.0003,0.07
151.758,,,,-0.0003,0.0003,0.07
151.808,,,,-0.0003,0.0003,0.07
151.859,,,,-0.0003,0.0003,0.07
151.91,,,,-0.0003,0.0003,0.07
151.96,,,,-0.0003,0.0003,0.07
152.011,,,,-0.0003,0.0003,0.07
152.062,,,,-0.0003,0.0003,0.07
152.113,,,,-0.0003,0.0003,0.07
152.164,,,,-0.0003,0.0003,0.07
152.214,,,,-0.0003,0.0003,0.07
152.266,,,,-0.0003,0.0003,0.07
152.316,,,,-0.0003,0.0003,0.07
152.367,,,,-0.0003,0.0003,0.07
152.418,,,,-0.0003,0.0003,0.07
152.468,,,,-0.0003,0.0003,0.07
152.519,,,,-0.0003,0.0003,0.07
152.57,,,,-0.0003,0.0003,0.07
152.62,,,,-0.0003,0.0003,0.07
152.67,,,,-0.0003,0.0003,0.07
152.721,,,,-0.0003,0.0003,0.07
152.771,,,,-0.0003,0.0003,0.07
152.822,,,,-0.0003,0.0003,0.07
152.881,,,,-0.0003,0.0003,0.07
152.931,,,,-0.0003,0.0003,0.07
152.982,,,,-0.0003,0.0003,0.07
153.032,,,,-0.0003,0.0003,0.07
153.082,,,,-0.0003,0.0003,0.07
153.133,,,,-0.0003,0.0003,0.07
153.184,,,,-0.0003,0.0003,0.07
153.234,,,,-0.0003,0.0003,0.07
153.285,,,,-0.0003,0.0003,0.07
153.335,,,,-0.0003,0.0003,0.07
153.386,,,,-0.0003,0.0003,0.07
153.437,,,,-0.0003,0.0003,0.07
153.488,,,,-0.0003,0.0003,0.07
153.538,,,,-0.0003,0.0003,0.07
153.589,,,,-0.0003,0.0003,0.07
153.64,,,,-0.0003,0.0003,0.07
153.691,,,,-0.0003,0.0003,0.07
153.741,,,,-0.0003,0.0003,0.07
153.791,,,,-0.0003,0.0003,0.07
153.842,,,,-0.0003,0.0003,0.07
153.893,,,,-0.0003,0.0003,0.07
153.943,,,,-0.0003,0.0003,0.07
153.994,,,,-0.0003,0.0003,0.07
154.044,,,,-0.0003,0.0003,0.07
154.095,,,,-0.0003,0.0003,0.07
154.146,,,,-0.0003,0.0003,0.07
154.196,,,,-0.0003,0.0003,0.07
154.247,,,,-0.0003,0.0003,0.07
154.298,,,,-0.0003,0.0003,0.07
154.348,,,,-0.0003,0.0003,0.07
154.399,,,,-0.0003,0.0003,0.07
154.45,,,,-0.0003,0.0003,0.07
154.501,,,,-0.0003,0.0003,0.07
154.551,,,,-0.0003,0.0003,0.07
154.602,,,,-0.0003,0.0003,0.07
154.652,,,,-0.0003,0.0003,0.07
154.703,,,,-0.0003,0.0003,0.07
154.753,,,,-0.0003,0.0003,0.07
154.804,,,,-0.0003,0.0003,0.07
154.855,,,,-0.0003,0.0003,0.07
154.906,,,,-0.0003,0.0003,0.07
154.956,,,,-0.0003,0.0003,0.07
155.007,,,,-0.0003,0.0003,0.07
155.058,,,,-0.0003,0.0003,0.07
155.109,,,,-0.0003,0.0003,0.07
155.159,,,,-0.0003,0.0003,0.07
155.21,,,,-0.0003,0.0003,0.07
155.26,,,,-0.0003,0.0003,0.07
155.311,,,,-0.0003,0.0003,0.07
155.361,,,,-0.0003,0.0003,0.07
155.411,,,,-0.0003,0.0003,0.07
155.462,,,,-0.0003,0.0003,0.07
155.513,,,,-0.0003,0.0003,0.07
155.6,,,,-0.0003,0.0003,0.07
155.651,,,,-0.0003,0.0003,0.07
155.702,,,,-0.0003,0.0003,0.07
155.752,,,,-0.0003,0.0003,0.07
155.803,,,,-0.0003,0.0003,0.07
155.854,,,,-0.0003,0.0003,0.07
155.905,,,,-0.0003,0.0003,0.07
155.955,,,,-0.0003,0.0003,0.07
156.006,,,,-0.0003,0.0003,0.07
156.056,,,,-0.0003,0.0003,0.07
156.107,,,,-0.0003,0.0003,0.07
156.158,,,,-0.0003,0.0003,0.07
156.208,,,,-0.0003,0.0003,0.07
156.259,,,,-0.0003,0.0003,0.07
156.31,,,,-0.0003,0.0003,0.07
156.36,,,,-0.0003,0.0003,0.07
156.411,,,,-0.0003,0.0003,0.07
156.461,,,,-0.0003,0.0003,0.07
156.512,,,,-0.0003,0.0003,0.07
156.562,,,,-0.0003,0.0003,0.07
156.613,,,,-0.0003,0.0003,0.07
156.677,,,,-0.0003,0.0003,0.07
156.738,,,,-0.0003,0.0003,0.07
156.789,,,,-0.0003,0.0003,0.07
156.84,,,,-0.0003,0.0003,0.07
156.89,,,,-0.0003,0.0003,0.07
156.956,,,,-0.0003,0.0003,0.07
157.007,,,,-0.0003,0.0003,0.07
157.057,,,,-0.0003,0.0003,0.07
157.108,,,,-0.0003,0.0003,0.07
157.158,,,,-0.0003,0.0003,0.07
157.209,,,,-0.0003,0.0003,0.07
157.259,,,,-0.0003,0.0003,0.07
157.31,,,,-0.0003,0.0003,0.07
157.36,,,,-0.0003,0.0003,0.07
157.411,,,,-0.0003,0.0003,0.07
157.462,,,,-0.0003,0.0003,0.07
157.513,,,,-0.0003,0.0003,0.07
157.563,,,,-0.0003,0.0003,0.07
157.613,,,,-0.0003,0.0003,0.07
157.664,,,,-0.0003,0.0003,0.07
157.714,,,,-0.0003,0.0003,0.07
157.765,,,,-0.0003,0.0003,0.07
157.815,,,,-0.0003,0.0003,0.07
157.865,,,,-0.0003,0.0003,0.07
157.916,,,,-0.0003,0.0003,0.07
157.967,,,,-0.0003,0.0003,0.07
158.017,,,,-0.0003,0.0003,0.07
158.068,,,,-0.0003,0.0003,0.07
158.119,,,,-0.0003,0.0003,0.07
158.17,,,,-0.0003,0.0003,0.07
158.221,,,,-0.0003,0.0003,0.07
158.272,,,,-0.0003,0.0003,0.07
158.323,,,,-0.0003,0.0003,0.07
158.373,,,,-0.0003,0.0003,0.07
158.424,,,,-0.0003,0.0003,0.07
158.474,,,,-0.0003,0.0003,0.07
158.525,,,,-0.0003,0.0003,0.07
158.576,,,,-0.0003,0.0003,0.07
158.626,,,,-0.0003,0.0003,0.07
158.677,,,,-0.0003,0.0003,0.07
158.727,,,,-0.0003,0.0003,0.07
158.778,,,,-0.0003,0.0003,0.07
158.828,,,,-0.0003,0.0003,0.07
158.879,,,,-0.0003,0.0003,0.07
158.929,,,,-0.0003,0.0003,0.07
158.98,,,,-0.0003,0.0003,0.07
159.031,,,,-0.0003,0.0003,0.07
159.081,,,,-0.0003,0.0003,0.07
159.132,,,,-0.0003,0.0003,0.07
159.182,,,,-0.0003,0.0003,0.07
159.233,,,,-0.0003,0.0003,0.07
159.283,,,,-0.0003,0.0003,0.07
159.334,,,,-0.0003,0.0003,0.07
159.385,,,,-0.0003,0.0003,0.07
159.435,,,,-0.0003,0.0003,0.07
159.486,,,,-0.0003,0.0003,0.07
159.536,,,,-0.0003,0.0003,0.07
159.587,,,,-0.0003,0.0003,0.07
159.638,,,,-0.0003,0.0003,0.07
159.689,,,,-0.0003,0.0003,0.07
159.74,,,,-0.0003,0.0003,0.07
159.79,,,,-0.0003,0.0003,0.07
159.841,,,,-0.0003,0.0003,0.07
159.892,,,,-0.0003,0.0003,0.07
159.943,,,,-0.0003,0.0003,0.07
159.993,,,,-0.0003,0.0003,0.07
160.044,,,,-0.0003,0.0003,0.07
160.095,,,,-0.0003,0.0003,0.07
160.146,,,,-0.0003,0.0003,0.07
160.197,,,,-0.0003,0.0003,0.07
160.247,,,,-0.0003,0.0003,0.07
160.298,,,,-0.0003,0.0003,0.07
160.349,,,,-0.0003,0.0003,0.07
160.399,,,,-0.0003,0.0003,0.07
160.45,,,,-0.0003,0.0003,0.07
160.5,,,,-0.0003,0.0003,0.07
160.551,,,,-0.0003,0.0003,0.07
160.602,,,,-0.0003,0.0003,0.07
160.652,,,,-0.0003,0.0003,0.07
160.703,,,,-0.0003,0.0003,0.07
160.754,,,,-0.0003,0.0003,0.07
160.804,,,,-0.0003,0.0003,0.07
160.855,,,,-0.0003,0.0003,0.07
160.906,,,,-0.0003,0.0003,0.07
160.957,,,,-0.0003,0.0003,0.07
161.007,,,,-0.0003,0.0003,0.07
161.058,,,,-0.0003,0.0003,0.07
161.109,,,,-0.0003,0.0003,0.07
161.159,,,,-0.0003,0.0003,0.07
161.209,,,,-0.0003,0.0003,0.07
161.26,,,,-0.0003,0.0003,0.07
161.31,,,,-0.0003,0.0003,0.07
161.361,,,,-0.0003,0.0003,0.07
161.412,,,,-0.0003,0.0003,0.07
161.462,,,,-0.0003,0.0003,0.07
161.512,,,,-0.0003,0.0003,0.07
161.563,,,,-0.0003,0.0003,0.07
161.614,,,,-0.0003,0.0003,0.07
161.665,,,,-0.0003,0.0003,0.07
161.718,,,,-0.0003,0.0003,0.07
161.769,,,,-0.0003,0.0003,0.07
161.82,,,,-0.0003,0.0003,0.07
161.87,,,,-0.0003,0.0003,0.07
161.921,,,,-0.0003,0.0003,0.07
161.972,,,,-0.0003,0.0003,0.07
162.022,,,,-0.0003,0.0003,0.07
162.073,,,,-0.0003,0.0003,0.07
162.124,,,,-0.0003,0.0003,0.07
162.175,,,,-0.0003,0.0003,0.07
162.225,,,,-0.0003,0.0003,0.07
162.276,,,,-0.0003,0.0003,0.07
162.327,,,,-0.0003,0.0003,0.07
162.415,,,,-0.0003,0.0003,0.07
162.467,,,,-0.0003,0.0003,0.07
162.518,,,,-0.0003,0.0003,0.07
162.569,,,,-0.0003,0.0003,0.07
162.62,,,,-0.0003,0.0003,0.07
162.67,,,,-0.0003,0.0003,0.07
162.721,,,,-0.0003,0.0003,0.07
162.771,,,,-0.0003,0.0003,0.07
162.822,,,,-0.0003,0.0003,0.07
162.873,,,,-0.0003,0.0003,0.07
162.924,,,,-0.0003,0.0003,0.07
162.975,,,,-0.0003,0.0003,0.07
163.025,,,,-0.0003,0.0003,0.07
163.076,,,,-0.0003,0.0003,0.07
163.126,,,,-0.0003,0.0003,0.07
163.177,,,,-0.0003,0.0003,0.07
163.228,,,,-0.0003,0.0003,0.07
163.278,,,,-0.0003,0.0003,0.07
163.329,,,,-0.0003,0.0003,0.07
163.38,,,,-0.0003,0.0003,0.07
163.431,,,,-0.0003,0.0003,0.07
163.481,,,,-0.0003,0.0003,0.07
163.532,,,,-0.0003,0.0003,0.07
163.583,,,,-0.0003,0.0003,0.07
163.665,,,,-0.0003,0.0003,0.07
163.718,,,,-0.0003,0.0003,0.07
163.78,,,,-0.0003,0.0003,0.07
163.831,,,,-0.0003,0.0003,0.07
163.881,,,,-0.0003,0.0003,0.07
163.932,,,,-0.0003,0.0003,0.07
163.983,,,,-0.0003,0.0003,0.07
164.033,,,,-0.0003,0.0003,0.07
164.084,,,,-0.0003,0.0003,0.07
164.135,,,,-0.0003,0.0003,0.07
164.185,,,,-0.0003,0.0003,0.07
164.236,,,,-0.0003,0.0003,0.07
164.286,,,,-0.0003,0.0003,0.07
164.337,,,,-0.0003,0.0003,0.07
164.388,,,,-0.0003,0.0003,0.07
164.438,,,,-0.0003,0.0003,0.07
164.489,,,,-0.0003,0.0003,0.07
164.539,,,,-0.0003,0.0003,0.07
164.59,,,,-0.0003,0.0003,0.07
164.641,,,,-0.0003,0.0003,0.07
164.691,,,,-0.0003,0.0003,0.07
164.742,,,,-0.0003,0.0003,0.07
164.793,,,,-0.0003,0.0003,0.07
164.844,,,,-0.0003,0.0003,0.07
164.894,,,,-0.0003,0.0003,0.07
164.945,,,,-0.0003,0.0003,0.07
164.995,,,,-0.0003,0.0003,0.07
165.046,,,,-0.0003,0.0003,0.07
165.097,,,,-0.0003,0.0003,0.07
165.147,,,,-0.0003,0.0003,0.07
165.198,,,,-0.0003,0.0003,0.07
165.248,,,,-0.0003,0.0003,0.07
165.299,,,,-0.0003,0.0003,0.07
165.349,,,,-0.0003,0.0003,0.07
165.4,,,,-0.0003,0.0003,0.07
165.451,,,,-0.0003,0.0003,0.07
165.501,,,,-0.0003,0.0003,0.07
165.552,,,,-0.0003,0.0003,0.07
165.603,,,,-0.0003,0.0003,0.07
165.653,,,,-0.0003,0.0003,0.07
165.704,,,,-0.0003,0.0003,0.07
165.755,,,,-0.0003,0.0003,0.07
165.805,,,,-0.0003,0.0003,0.07
165.856,,,,-0.0003,0.0003,0.07
165.907,,,,-0.0003,0.0003,0.07
165.957,,,,-0.0003,0.0003,0.07
166.008,,,,-0.0003,0.0003,0.07
166.059,,,,-0.0003,0.0003,0.07
166.109,,,,-0.0003,0.0003,0.07
166.16,,,,-0.0003,0.0003,0.07
166.211,,,,-0.0003,0.0003,0.07
166.261,,,,-0.0003,0.0003,0.07
166.312,,,,-0.0003,0.0003,0.07
166.363,,,,-0.0003,0.0003,0.07
166.414,,,,-0.0003,0.0003,0.07
166.502,,,,-0.0003,0.0003,0.07
166.553,,,,-0.0003,0.0003,0.07
166.604,,,,-0.0003,0.0003,0.07
166.654,,,,-0.0003,0.0003,0.07
166.705,,,,-0.0003,0.0003,0.07
166.756,,,,-0.0003,0.0003,0.07
166.806,,,,-0.0003,0.0003,0.07
166.857,,,,-0.0003,0.0003,0.07
166.907,,,,-0.0003,0.0003,0.07
166.958,,,,-0.0003,0.0003,0.07
167.008,,,,-0.0003,0.0003,0.07
167.058,,,,-0.0003,0.0003,0.07
167.109,,,,-0.0003,0.0003,0.07
167.159,,,,-0.0003,0.0003,0.07
167.21,,,,-0.0003,0.0003,0.07
167.26,,,,-0.0003,0.0003,0.07
167.311,,,,-0.0003,0.0003,0.07
167.361,,,,-0.0003,0.0003,0.07
167.413,,,,-0.0003,0.0003,0.07
167.463,,,,-0.0003,0.0003,0.07
167.514,,,,-0.0003,0.0003,0.07
167.565,,,,-0.0003,0.0003,0.07
167.615,,,,-0.0003,0.0003,0.07
167.666,,,,-0.0003,0.0003,0.07
167.716,,,,-0.0003,0.0003,0.07
167.767,,,,-0.0003,0.0003,0.07
167.817,,,,-0.0003,0.0003,0.07
167.868,,,,-0.0003,0.0003,0.07
167.919,,,,-0.0003,0.0003,0.07
167.97,,,,-0.0003,0.0003,0.07
168.02,,,,-0.0003,0.0003,0.07
168.07,,,,-0.0003,0.0003,0.07
168.121,,,,-0.0003,0.0003,0.07
168.171,,,,-0.0003,0.0003,0.07
168.222,,,,-0.0003,0.0003,0.07
168.272,,,,-0.0003,0.0003,0.07
168.323,,,,-0.0003,0.0003,0.07
168.374,,,,-0.0003,0.0003,0.07
168.424,,,,-0.0003,0.0003,0.07
168.475,,,,-0.0003,0.0003,0.07
168.525,,,,-0.0003,0.0003,0.07
168.576,,,,-0.0003,0.0003,0.07
168.627,,,,-0.0003,0.0003,0.07
168.678,,,,-0.0003,0.0003,0.07
168.729,,,,-0.0003,0.0003,0.07
168.779,,,,-0.0003,0.0003,0.07
168.83,,,,-0.0003,0.0003,0.07
168.881,,,,-0.0003,0.0003,0.07
168.931,,,,-0.0003,0.0003,0.07
168.982,,,,-0.0003,0.0003,0.07
169.032,,,,-0.0003,0.0003,0.07
169.083,,,,-0.0003,0.0003,0.07
169.133,,,,-0.0003,0.0003,0.07
169.184,,,,-0.0003,0.0003,0.07
169.235,,,,-0.0003,0.0003,0.07
169.285,,,,-0.0003,0.0003,0.07
169.336,,,,-0.0003,0.0003,0.07
169.387,,,,-0.0003,0.0003,0.07
169.438,,,,-0.0003,0.0003,0.07
169.488,,,,-0.0003,0.0003,0.07
169.539,,,,-0.0003,0.0003,0.07
169.59,,,,-0.0003,0.0003,0.07
169.64,,,,-0.0003,0.0003,0.07
169.691,,,,-0.0003,0.0003,0.07
169.741,,,,-0.0003,0.0003,0.07
169.792,,,,-0.0003,0.0003,0.07
169.843,,,,-0.0003,0.0003,0.07
169.893,,,,-0.0003,0.0003,0.07
169.944,,,,-0.0003,0.0003,0.07
169.995,,,,-0.0003,0.0003,0.07
170.046,,,,-0.0003,0.0003,0.07
170.096,,,,-0.0003,0.0003,0.07
170.147,,,,-0.0003,0.0003,0.07
170.197,,,,-0.0003,0.0003,0.07
170.248,,,,-0.0003,0.0003,0.07
170.299,,,,-0.0003,0.0003,0.07
170.35,,,,-0.0003,0.0003,0.07
170.4,,,,-0.0003,0.0003,0.07
170.45,,,,-0.0003,0.0003,0.07
170.501,,,,-0.0003,0.0003,0.07
170.552,,,,-0.0003,0.0003,0.07
170.603,,,,-0.0003,0.0003,0.07
170.653,,,,-0.0003,0.0003,0.07
170.705,,,,-0.0003,0.0003,0.07
170.755,,,,-0.0003,0.0003,0.07
170.806,,,,-0.0003,0.0003,0.07
170.856,,,,-0.0003,0.0003,0.07
170.907,,,,-0.0003,0.0003,0.07
170.957,,,,-0.0003,0.0003,0.07
171.008,,,,-0.0003,0.0003,0.07
171.059,,,,-0.0003,0.0003,0.07
171.11,,,,-0.0003,0.0003,0.07
171.16,,,,-0.0003,0.0003,0.07
171.211,,,,-0.0003,0.0003,0.07
171.262,,,,-0.0003,0.0003,0.07
171.313,,,,-0.0003,0.0003,0.07
171.363,,,,-0.0003,0.0003,0.07
171.414,,,,-0.0003,0.0003,0.07
171.464,,,,-0.0003,0.0003,0.07
171.515,,,,-0.0003,0.0003,0.07
171.565,,,,-0.0003,0.0003,0.07
171.616,,,,-0.0003,0.0003,0.07
171.667,,,,-0.0003,0.0003,0.07
171.717,,,,-0.0003,0.0003,0.07
171.776,,,,-0.0003,0.0003,0.07
171.828,,,,-0.0003,0.0003,0.07
171.878,,,,-0.0003,0.0003,0.07
171.929,,,,-0.0003,0.0003,0.07
171.98,,,,-0.0003,0.0003,0.07
172.03,,,,-0.0003,0.0003,0.07
172.081,,,,-0.0003,0.0003,0.07
172.131,,,,-0.0003,0.0003,0.07
172.182,,,,-0.0003,0.0003,0.07
172.232,,,,-0.0003,0.0003,0.07
172.283,,,,-0.0003,0.0003,0.07
172.334,,,,-0.0003,0.0003,0.07
172.384,,,,-0.0003,0.0003,0.07
172.435,,,,-0.0003,0.0003,0.07
172.485,,,,-0.0003,0.0003,0.07
172.536,,,,-0.0003,0.0003,0.07
172.586,,,,-0.0003,0.0003,0.07
172.638,,,,-0.0003,0.0003,0.07
172.688,,,,-0.0003,0.0003,0.07
172.739,,,,-0.0003,0.0003,0.07
172.79,,,,-0.0003,0.0003,0.07
172.84,,,,-0.0003,0.0003,0.07
172.892,,,,-0.0003,0.0003,0.07
172.942,,,,-0.0003,0.0003,0.07
172.993,,,,-0.0003,0.0003,0.07
173.043,,,,-0.0003,0.0003,0.07
173.094,,,,-0.0003,0.0003,0.07
173.145,,,,-0.0003,0.0003,0.07
173.196,,,,-0.0003,0.0003,0.07
173.247,,,,-0.0003,0.0003,0.07
173.297,,,,-0.0003,0.0003,0.07
173.348,,,,-0.0003,0.0003,0.07
173.398,,,,-0.0003,0.0003,0.07
173.449,,,,-0.0003,0.0003,0.07
173.499,,,,-0.0003,0.0003,0.07
173.549,,,,-0.0003,0.0003,0.07
173.6,,,,-0.0003,0.0003,0.07
173.651,,,,-0.0003,0.0003,0.07
173.701,,,,-0.0003,0.0003,0.07
173.752,,,,-0.0003,0.0003,0.07
173.803,,,,-0.0003,0.0003,0.07
173.853,,,,-0.0003,0.0003,0.07
173.904,,,,-0.0003,0.0003,0.07
173.955,,,,-0.0003,0.0003,0.07
174.006,,,,-0.0003,0.0003,0.07
174.056,,,,-0.0003,0.0003,0.07
174.107,,,,-0.0003,0.0003,0.07
174.158,,,,-0.0003,0.0003,0.07
174.208,,,,-0.0003,0.0003,0.07
174.259,,,,-0.0003,0.0003,0.07
174.309,,,,-0.0003,0.0003,0.07
174.36,,,,-0.0003,0.0003,0.07
174.411,,,,-0.0003,0.0003,0.07
174.461,,,,-0.0003,0.0003,0.07
174.512,,,,-0.0003,0.0003,0.07
174.562,,,,-0.0003,0.0003,0.07
174.613,,,,-0.0003,0.0003,0.07
174.663,,,,-0.0003,0.0003,0.07
174.714,,,,-0.0003,0.0003,0.07
174.765,,,,-0.0003,0.0003,0.07
174.816,,,,-0.0003,0.0003,0.07
174.867,,,,-0.0003,0.0003,0.07
174.918,,,,-0.0003,0.0003,0.07
174.969,,,,-0.0003,0.0003,0.07
175.019,,,,-0.0003,0.0003,0.07
175.07,,,,-0.0003,0.0003,0.07
175.121,,,,-0.0003,0.0003,0.07
175.172,,,,-0.0003,0.0003,0.07
175.223,,,,-0.0003,0.0003,0.07
175.273,,,,-0.0003,0.0003,0.07
175.324,,,,-0.0003,0.0003,0.07
175.375,,,,-0.0003,0.0003,0.07
175.426,,,,-0.0003,0.0003,0.07
175.476,,,,-0.0003,0.0003,0.07
175.527,,,,-0.0003,0.0003,0.07
175.578,,,,-0.0003,0.0003,0.07
175.629,,,,-0.0003,0.0003,0.07
175.68,,,,-0.0003,0.0003,0.07
175.73,,,,-0.0003,0.0003,0.07
175.781,,,,-0.0003,0.0003,0.07
175.832,,,,-0.0003,0.0003,0.07
175.882,,,,-0.0003,0.0003,0.07
175.933,,,,-0.0003,0.0003,0.07
175.984,,,,-0.0003,0.0003,0.07
176.034,,,,-0.0003,0.0003,0.07
176.085,,,,-0.0003,0.0003,0.07
176.136,,,,-0.0003,0.0003,0.07
176.187,,,,-0.0003,0.0003,0.07
176.237,,,,-0.0003,0.0003,0.07
176.288,,,,-0.0003,0.0003,0.07
176.338,,,,-0.0003,0.0003,0.07
176.389,,,,-0.0003,0.0003,0.07
176.439,,,,-0.0003,0.0003,0.07
176.49,,,,-0.0003,0.0003,0.07
176.54,,,,-0.0003,0.0003,0.07
176.591,,,,-0.0003,0.0003,0.07
176.641,,,,-0.0003,0.0003,0.07
176.692,,,,-0.0003,0.0003,0.07
176.742,,,,-0.0003,0.0003,0.07
176.793,,,,-0.0003,0.0003,0.07
176.843,,,,-0.0003,0.0003,0.07
176.894,,,,-0.0003,0.0003,0.07
176.945,,,,-0.0003,0.0003,0.07
176.995,,,,-0.0003,0.0003,0.07
177.046,,,,-0.0003,0.0003,0.07
177.097,,,,-0.0003,0.0003,0.07
177.148,,,,-0.0003,0.0003,0.07
177.198,,,,-0.0003,0.0003,0.07
177.249,,,,-0.0003,0.0003,0.07
177.3,,,,-0.0003,0.0003,0.07
177.35,,,,-0.0003,0.0003,0.07
177.41,,,,-0.0003,0.0003,0.07
177.461,,,,-0.0003,0.0003,0.07
177.511,,,,-0.0003,0.0003,0.07
177.562,,,,-0.0003,0.0003,0.07
177.613,,,,-0.0003,0.0003,0.07
177.663,,,,-0.0003,0.0003,0.07
177.714,,,,-0.0003,0.0003,0.07
177.764,,,,-0.0003,0.0003,0.07
177.815,,,,-0.0003,0.0003,0.07
177.866,,,,-0.0003,0.0003,0.07
177.916,,,,-0.0003,0.0003,0.07
177.967,,,,-0.0003,0.0003,0.07
178.018,,,,-0.0003,0.0003,0.07
178.068,,,,-0.0003,0.0003,0.07
178.119,,,,-0.0003,0.0003,0.07
178.169,,,,-0.0003,0.0003,0.07
178.22,,,,-0.0003,0.0003,0.07
178.271,,,,-0.0003,0.0003,0.07
178.322,,,,-0.0003,0.0003,0.07
178.372,,,,-0.0003,0.0003,0.07
178.422,,,,-0.0003,0.0003,0.07
178.473,,,,-0.0003,0.0003,0.07
178.523,,,,-0.0003,0.0003,0.07
178.573,,,,-0.0003,0.0003,0.07
178.624,,,,-0.0003,0.0003,0.07
178.675,,,,-0.0003,0.0003,0.07
178.725,,,,-0.0003,0.0003,0.07
178.777,,,,-0.0003,0.0003,0.07
178.829,,,,-0.0003,0.0003,0.07
178.879,,,,-0.0003,0.0003,0.07
178.93,,,,-0.0003,0.0003,0.07
178.98,,,,-0.0003,0.0003,0.07
179.03,,,,-0.0003,0.0003,0.07
179.081,,,,-0.0003,0.0003,0.07
179.132,,,,-0.0003,0.0003,0.07
179.182,,,,-0.0003,0.0003,0.07
179.233,,,,-0.0003,0.0003,0.07
179.283,,,,-0.0003,0.0003,0.07
179.334,,,,-0.0003,0.0003,0.07
179.384,,,,-0.0003,0.0003,0.07
179.435,,,,-0.0003,0.0003,0.07
179.485,,,,-0.0003,0.0003,0.07
179.536,,,,-0.0003,0.0003,0.07
179.586,,,,-0.0003,0.0003,0.07
179.637,,,,-0.0003,0.0003,0.07
179.688,,,,-0.0003,0.0003,0.07
179.738,,,,-0.0003,0.0003,0.07
179.789,,,,-0.0003,0.0003,0.07
179.84,,,,-0.0003,0.0003,0.07
179.891,,,,-0.0003,0.0003,0.07
179.942,,,,-0.0003,0.0003,0.07
179.992,,,,-0.0003,0.0003,0.07
180.043,,,,-0.0003,0.0003,0.07
180.094,,,,-0.0003,0.0003,0.07
180.145,,,,-0.0003,0.0003,0.07
180.196,,,,-0.0003,0.0003,0.07
180.246,,,,-0.0003,0.0003,0.07
180.297,,,,-0.0003,0.0003,0.07
180.348,,,,-0.0003,0.0003,0.07
180.398,,,,-0.0003,0.0003,0.07
180.449,,,,-0.0003,0.0003,0.07
180.5,,,,-0.0003,0.0003,0.07
180.55,,,,-0.0003,0.0003,0.07
180.601,,,,-0.0003,0.0003,0.07
180.651,,,,-0.0003,0.0003,0.07
180.702,,,,-0.0003,0.0003,0.07
180.753,,,,-0.0003,0.0003,0.07
180.803,,,,-0.0003,0.0003,0.07
180.855,,,,-0.0003,0.0003,0.07
180.905,,,,-0.0003,0.0003,0.07
180.956,,,,-0.0003,0.0003,0.07
181.007,,,,-0.0003,0.0003,0.07
181.058,,,,-0.0003,0.0003,0.07
181.108,,,,-0.0003,0.0003,0.07
181.158,,,,-0.0003,0.0003,0.07
181.209,,,,-0.0003,0.0003,0.07
181.26,,,,-0.0003,0.0003,0.07
181.31,,,,-0.0003,0.0003,0.07
181.361,,,,-0.0003,0.0003,0.07
181.412,,,,-0.0003,0.0003,0.07
181.494,,,,-0.0003,0.0003,0.07
181.544,,,,-0.0003,0.0003,0.07
181.595,,,,-0.0003,0.0003,0.07
181.645,,,,-0.0003,0.0003,0.07
181.696,,,,-0.0003,0.0003,0.07
181.746,,,,-0.0003,0.0003,0.07
181.797,,,,-0.0003,0.0003,0.07
181.847,,,,-0.0003,0.0003,0.07
181.898,,,,-0.0003,0.0003,0.07
181.948,,,,-0.0003,0.0003,0.07
181.999,,,,-0.0003,0.0003,0.07
182.049,,,,-0.0003,0.0003,0.07
182.1,,,,-0.0003,0.0003,0.07
182.151,,,,-0.0003,0.0003,0.07
182.201,,,,-0.0003,0.0003,0.07
182.252,,,,-0.0003,0.0003,0.07
182.303,,,,-0.0003,0.0003,0.07
182.353,,,,-0.0003,0.0003,0.07
182.404,,,,-0.0003,0.0003,0.07
182.454,,,,-0.0003,0.0003,0.07
182.505,,,,-0.0003,0.0003,0.07
182.556,,,,-0.0003,0.0003,0.07
182.606,,,,-0.0003,0.0003,0.07
182.657,,,,-0.0003,0.0003,0.07
182.708,,,,-0.0003,0.0003,0.07
182.758,,,,-0.0003,0.0003,0.07
182.809,,,,-0.0003,0.0003,0.07
182.866,,,,-0.0003,0.0003,0.07
182.917,,,,-0.0003,0.0003,0.07
182.968,,,,-0.0003,0.0003,0.07
183.019,,,,-0.0003,0.0003,0.07
183.069,,,,-0.0003,0.0003,0.07
183.12,,,,-0.0003,0.0003,0.07
183.171,,,,-0.0003,0.0003,0.07
183.222,,,,-0.0003,0.0003,0.07
183.273,,,,-0.0003,0.0003,0.07
183.323,,,,-0.0003,0.0003,0.07
183.374,,,,-0.0003,0.0003,0.07
183.424,,,,-0.0003,0.0003,0.07
183.475,,,,-0.0003,0.0003,0.07
183.525,,,,-0.0003,0.0003,0.07
183.576,,,,-0.0003,0.0003,0.07
183.627,,,,-0.0003,0.0003,0.07
183.677,,,,-0.0003,0.0003,0.07
183.728,,,,-0.0003,0.0003,0.07
183.779,,,,-0.0003,0.0003,0.07
183.83,,,,-0.0003,0.0003,0.07
183.88,,,,-0.0003,0.0003,0.07
183.931,,,,-0.0003,0.0003,0.07
183.982,,,,-0.0003,0.0003,0.07
184.032,,,,-0.0003,0.0003,0.07
184.083,,,,-0.0003,0.0003,0.07
184.134,,,,-0.0003,0.0003,0.07
184.223,,,,-0.0003,0.0003,0.07
184.274,,,,-0.0003,0.0003,0.07
184.324,,,,-0.0003,0.0003,0.07
184.375,,,,-0.0003,0.0003,0.07
184.426,,,,-0.0003,0.0003,0.07
184.477,,,,-0.0003,0.0003,0.07
184.528,,,,-0.0003,0.0003,0.07
184.579,,,,-0.0003,0.0003,0.07
184.629,,,,-0.0003,0.0003,0.07
184.68,,,,-0.0003,0.0003,0.07
184.73,,,,-0.0003,0.0003,0.07
184.781,,,,-0.0003,0.0003,0.07
184.832,,,,-0.0003,0.0003,0.07
184.883,,,,-0.0003,0.0003,0.07
184.934,,,,-0.0003,0.0003,0.07
184.986,,,,-0.0003,0.0003,0.07
185.037,,,,-0.0003,0.0003,0.07
185.087,,,,-0.0003,0.0003,0.07
185.138,,,,-0.0003,0.0003,0.07
185.189,,,,-0.0003,0.0003,0.07
185.24,,,,-0.0003,0.0003,0.07
185.29,,,,-0.0003,0.0003,0.07
185.341,,,,-0.0003,0.0003,0.07
185.392,,,,-0.0003,0.0003,0.07
185.442,,,,-0.0003,0.0003,0.07
185.493,,,,-0.0003,0.0003,0.07
185.583,,,,-0.0003,0.0003,0.07
185.633,,,,-0.0003,0.0003,0.07
185.684,,,,-0.0003,0.0003,0.07
185.735,,,,-0.0003,0.0003,0.07
185.785,,,,-0.0003,0.0003,0.07
185.836,,,,-0.0003,0.0003,0.07
185.886,,,,-0.0003,0.0003,0.07
185.937,,,,-0.0003,0.0003,0.07
185.988,,,,-0.0003,0.0003,0.07
186.038,,,,-0.0003,0.0003,0.07
186.097,,,,-0.0003,0.0003,0.07
186.148,,,,-0.0003,0.0003,0.07
186.199,,,,-0.0003,0.0003,0.07
186.25,,,,-0.0003,0.0003,0.07
186.3,,,,-0.0003,0.0003,0.07
186.351,,,,-0.0003,0.0003,0.07
186.401,,,,-0.0003,0.0003,0.07
186.452,,,,-0.0003,0.0003,0.07
186.503,,,,-0.0003,0.0003,0.07
186.553,,,,-0.0003,0.0003,0.07
186.604,,,,-0.0003,0.0003,0.07
186.655,,,,-0.0003,0.0003,0.07
186.705,,,,-0.0003,0.0003,0.07
186.756,,,,-0.0003,0.0003,0.07
186.807,,,,-0.0003,0.0003,0.07
186.858,,,,-0.0003,0.0003,0.07
186.909,,,,-0.0003,0.0003,0.07
186.96,,,,-0.0003,0.0003,0.07
187.01,,,,-0.0003,0.0003,0.07
187.061,,,,-0.0003,0.0003,0.07
187.112,,,,-0.0003,0.0003,0.07
187.162,,,,-0.0003,0.0003,0.07
187.213,,,,-0.0003,0.0003,0.07
187.264,,,,-0.0003,0.0003,0.07
187.314,,,,-0.0003,0.0003,0.07
187.365,,,,-0.0003,0.0003,0.07
187.415,,,,-0.0003,0.0003,0.07
187.466,,,,-0.0003,0.0003,0.07
187.517,,,,-0.0003,0.0003,0.07
187.567,,,,-0.0003,0.0003,0.07
187.618,,,,-0.0003,0.0003,0.07
187.669,,,,-0.0003,0.0003,0.07
187.719,,,,-0.0003,0.0003,0.07
187.77,,,,-0.0003,0.0003,0.07
187.821,,,,-0.0003,0.0003,0.07
187.871,,,,-0.0003,0.0003,0.07
187.923,,,,-0.0003,0.0003,0.07
187.973,,,,-0.0003,0.0003,0.07
188.024,,,,-0.0003,0.0003,0.07
188.075,,,,-0.0003,0.0003,0.07
188.126,,,,-0.0003,0.0003,0.07
188.176,,,,-0.0003,0.0003,0.07
188.227,,,,-0.0003,0.0003,0.07
188.278,,,,-0.0003,0.0003,0.07
188.328,,,,-0.0003,0.0003,0.07
188.379,,,,-0.0003,0.0003,0.07
188.429,,,,-0.0003,0.0003,0.07
188.48,,,,-0.0003,0.0003,0.07
188.531,,,,-0.0003,0.0003,0.07
188.581,,,,-0.0003,0.0003,0.07
188.632,,,,-0.0003,0.0003,0.07
188.683,,,,-0.0003,0.0003,0.07
188.733,,,,-0.0003,0.0003,0.07
188.785,,,,-0.0003,0.0003,0.07
188.835,,,,-0.0003,0.0003,0.07
188.886,,,,-0.0003,0.0003,0.07
188.937,,,,-0.0003,0.0003,0.07
188.987,,,,-0.0003,0.0003,0.07
189.038,,,,-0.0003,0.0003,0.07
189.089,,,,-0.0003,0.0003,0.07
189.139,,,,-0.0003,0.0003,0.07
189.19,,,,-0.0003,0.0003,0.07
189.241,,,,-0.0003,0.0003,0.07
189.292,,,,-0.0003,0.0003,0.07
189.342,,,,-0.0003,0.0003,0.07
189.393,,,,-0.0003,0.0003,0.07
189.443,,,,-0.0003,0.0003,0.07
189.494,,,,-0.0003,0.0003,0.07
189.545,,,,-0.0003,0.0003,0.07
189.596,,,,-0.0003,0.0003,0.07
189.672,,,,-0.0003,0.0003,0.07
189.723,,,,-0.0003,0.0003,0.07
189.774,,,,-0.0003,0.0003,0.07
189.824,,,,-0.0003,0.0003,0.07
189.875,,,,-0.0003,0.0003,0.07
189.926,,,,-0.0003,0.0003,0.07
189.977,,,,-0.0003,0.0003,0.07
190.027,,,,-0.0003,0.0003,0.07
190.078,,,,-0.0003,0.0003,0.07
190.133,,,,-0.0003,0.0003,0.07
190.184,,,,-0.0003,0.0003,0.07
190.234,,,,-0.0003,0.0003,0.07
190.284,,,,-0.0003,0.0003,0.07
190.335,,,,-0.0003,0.0003,0.07
190.385,,,,-0.0003,0.0003,0.07
190.436,,,,-0.0003,0.0003,0.07
190.487,,,,-0.0003,0.0003,0.07
190.537,,,,-0.0003,0.0003,0.07
190.588,,,,-0.0003,0.0003,0.07
190.639,,,,-0.0003,0.0003,0.07
190.69,,,,-0.0003,0.0003,0.07
190.741,,,,-0.0003,0.0003,0.07
190.792,,,,-0.0003,0.0003,0.07
190.842,,,,-0.0003,0.0003,0.07
190.893,,,,-0.0003,0.0003,0.07
190.944,,,,-0.0003,0.0003,0.07
191.034,,,,-0.0003,0.0003,0.07
191.085,,,,-0.0003,0.0003,0.07
191.135,,,,-0.0003,0.0003,0.07
191.186,,,,-0.0003,0.0003,0.07
191.237,,,,-0.0003,0.0003,0.07
191.288,,,,-0.0003,0.0003,0.07
191.338,,,,-0.0003,0.0003,0.07
191.389,,,,-0.0003,0.0003,0.07
191.44,,,,-0.0003,0.0003,0.07
191.49,,,,-0.0003,0.0003,0.07
191.541,,,,-0.0003,0.0003,0.07
191.592,,,,-0.0003,0.0003,0.07
191.643,,,,-0.0003,0.0003,0.07
191.694,,,,-0.0003,0.0003,0.07
191.745,,,,-0.0003,0.0003,0.07
191.795,,,,-0.0003,0.0003,0.07
191.846,,,,-0.0003,0.0003,0.07
191.897,,,,-0.0003,0.0003,0.07
191.947,,,,-0.0003,0.0003,0.07
191.998,,,,-0.0003,0.0003,0.07
192.049,,,,-0.0003,0.0003,0.07
192.1,,,,-0.0003,0.0003,0.07
192.151,,,,-0.0003,0.0003,0.07
192.201,,,,-0.0003,0.0003,0.07
192.261,,,,-0.0003,0.0003,0.07
192.312,,,,-0.0003,0.0003,0.07
192.401,,,,-0.0003,0.0003,0.07
192.451,,,,-0.0003,0.0003,0.07
192.502,,,,-0.0003,0.0003,0.07
192.553,,,,-0.0003,0.0003,0.07
192.603,,,,-0.0003,0.0003,0.07
192.654,,,,-0.0003,0.0003,0.07
192.705,,,,-0.0003,0.0003,0.07
192.755,,,,-0.0003,0.0003,0.07
192.806,,,,-0.0003,0.0003,0.07
192.856,,,,-0.0003,0.0003,0.07
192.907,,,,-0.0003,0.0003,0.07
192.958,,,,-0.0003,0.0003,0.07
193.008,,,,-0.0003,0.0003,0.07
193.059,,,,-0.0003,0.0003,0.07
193.111,,,,-0.0003,0.0003,0.07
193.162,,,,-0.0003,0.0003,0.07
193.212,,,,-0.0003,0.0003,0.07
193.263,,,,-0.0003,0.0003,0.07
193.314,,,,-0.0003,0.0003,0.07
193.364,,,,-0.0003,0.0003,0.07
193.415,,,,-0.0003,0.0003,0.07
193.466,,,,-0.0003,0.0003,0.07
193.516,,,,-0.0003,0.0003,0.07
193.567,,,,-0.0003,0.0003,0.07
193.618,,,,-0.0003,0.0003,0.07
193.668,,,,-0.0003,0.0003,0.07
193.719,,,,-0.0003,0.0003,0.07
193.77,,,,-0.0003,0.0003,0.07
193.82,,,,-0.0003,0.0003,0.07
193.871,,,,-0.0003,0.0003,0.07
193.922,,,,-0.0003,0.0003,0.07
193.973,,,,-0.0003,0.0003,0.07
194.023,,,,-0.0003,0.0003,0.07
194.074,,,,-0.0003,0.0003,0.07
194.125,,,,-0.0003,0.0003,0.07
194.176,,,,-0.0003,0.0003,0.07
194.226,,,,-0.0003,0.0003,0.07
194.277,,,,-0.0003,0.0003,0.07
194.327,,,,-0.0003,0.0003,0.07
194.378,,,,-0.0003,0.0003,0.07
194.428,,,,-0.0003,0.0003,0.07
194.479,,,,-0.0003,0.0003,0.07
194.53,,,,-0.0003,0.0003,0.07
194.58,,,,-0.0003,0.0003,0.07
194.631,,,,-0.0003,0.0003,0.07
194.681,,,,-0.0003,0.0003,0.07
194.732,,,,-0.0003,0.0003,0.07
194.783,,,,-0.0003,0.0003,0.07
194.833,,,,-0.0003,0.0003,0.07
194.884,,,,-0.0003,0.0003,0.07
194.934,,,,-0.0003,0.0003,0.07
194.986,,,,-0.0003,0.0003,0.07
195.037,,,,-0.0003,0.0003,0.07
195.087,,,,-0.0003,0.0003,0.07
195.137,,,,-0.0003,0.0003,0.07
195.188,,,,-0.0003,0.0003,0.07
195.239,,,,-0.0003,0.0003,0.07
195.29,,,,-0.0003,0.0003,0.07
195.341,,,,-0.0003,0.0003,0.07
195.391,,,,-0.0003,0.0003,0.07
195.442,,,,-0.0003,0.0003,0.07
195.493,,,,-0.0003,0.0003,0.07
195.543,,,,-0.0003,0.0003,0.07
195.594,,,,-0.0003,0.0003,0.07
195.644,,,,-0.0003,0.0003,0.07
195.695,,,,-0.0003,0.0003,0.07
195.746,,,,-0.0003,0.0003,0.07
195.796,,,,-0.0003,0.0003,0.07
195.847,,,,-0.0003,0.0003,0.07
195.898,,,,-0.0003,0.0003,0.07
195.948,,,,-0.0003,0.0003,0.07
195.999,,,,-0.0003,0.0003,0.07
196.05,,,,-0.0003,0.0003,0.07
196.1,,,,-0.0003,0.0003,0.07
196.151,,,,-0.0003,0.0003,0.07
196.201,,,,-0.0003,0.0003,0.07
196.252,,,,-0.0003,0.0003,0.07
196.303,,,,-0.0003,0.0003,0.07
196.353,,,,-0.0003,0.0003,0.07
196.404,,,,-0.0003,0.0003,0.07
196.455,,,,-0.0003,0.0003,0.07
196.505,,,,-0.0003,0.0003,0.07
196.556,,,,-0.0003,0.0003,0.07
196.606,,,,-0.0003,0.0003,0.07
196.657,,,,-0.0003,0.0003,0.07
196.707,,,,-0.0003,0.0003,0.07
196.758,,,,-0.0003,0.0003,0.07
196.808,,,,-0.0003,0.0003,0.07
196.859,,,,-0.0003,0.0003,0.07
196.91,,,,-0.0003,0.0003,0.07
196.961,,,,-0.0003,0.0003,0.07
197.011,,,,-0.0003,0.0003,0.07
197.062,,,,-0.0003,0.0003,0.07
197.113,,,,-0.0003,0.0003,0.07
197.164,,,,-0.0003,0.0003,0.07
197.216,,,,-0.0003,0.0003,0.07
197.267,,,,-0.0003,0.0003,0.07
197.318,,,,-0.0003,0.0003,0.07
197.369,,,,-0.0003,0.0003,0.07
197.419,,,,-0.0003,0.0003,0.07
197.47,,,,-0.0003,0.0003,0.07
197.52,,,,-0.0003,0.0003,0.07
197.571,,,,-0.0003,0.0003,0.07
197.622,,,,-0.0003,0.0003,0.07
197.673,,,,-0.0003,0.0003,0.07
197.724,,,,-0.0003,0.0003,0.07
197.775,,,,-0.0003,0.0003,0.07
197.867,,,,-0.0003,0.0003,0.07
197.918,,,,-0.0003,0.0003,0.07
197.969,,,,-0.0003,0.0003,0.07
198.019,,,,-0.0003,0.0003,0.07
198.07,,,,-0.0003,0.0003,0.07
198.121,,,,-0.0003,0.0003,0.07
198.171,,,,-0.0003,0.0003,0.07
198.222,,,,-0.0003,0.0003,0.07
198.272,,,,-0.0003,0.0003,0.07
198.323,,,,-0.0003,0.0003,0.07
198.374,,,,-0.0003,0.0003,0.07
198.425,,,,-0.0003,0.0003,0.07
198.476,,,,-0.0003,0.0003,0.07
198.526,,,,-0.0003,0.0003,0.07
198.577,,,,-0.0003,0.0003,0.07
198.628,,,,-0.0003,0.0003,0.07
198.679,,,,-0.0003,0.0003,0.07
198.73,,,,-0.0003,0.0003,0.07
198.78,,,,-0.0003,0.0003,0.07
198.832,,,,-0.0003,0.0003,0.07
198.882,,,,-0.0003,0.0003,0.07
198.932,,,,-0.0003,0.0003,0.07
198.984,,,,-0.0003,0.0003,0.07
199.034,,,,-0.0003,0.0003,0.07
199.086,,,,-0.0003,0.0003,0.07
199.136,,,,-0.0003,0.0003,0.07
199.187,,,,-0.0003,0.0003,0.07
199.238,,,,-0.0003,0.0003,0.07
199.288,,,,-0.0003,0.0003,0.07
199.339,,,,-0.0003,0.0003,0.07
199.39,,,,-0.0003,0.0003,0.07
199.44,,,,-0.0003,0.0003,0.07
199.491,,,,-0.0003,0.0003,0.07
199.542,,,,-0.0003,0.0003,0.07
199.592,,,,-0.0003,0.0003,0.07
199.644,,,,-0.0003,0.0003,0.07
199.694,,,,-0.0003,0.0003,0.07
199.745,,,,-0.0003,0.0003,0.07
199.795,,,,-0.0003,0.0003,0.07
199.846,,,,-0.0003,0.0003,0.07
199.897,,,,-0.0003,0.0003,0.07
199.947,,,,-0.0003,0.0003,0.07
199.998,,,,-0.0003,0.0003,0.07
200.049,,,,-0.0003,0.0003,0.07
200.099,,,,-0.0003,0.0003,0.07
200.149,,,,-0.0003,0.0003,0.07
200.2,,,,-0.0003,0.0003,0.07
200.251,,,,-0.0003,0.0003,0.07
200.301,,,,-0.0003,0.0003,0.07
200.352,,,,-0.0003,0.0003,0.07
200.402,,,,-0.0003,0.0003,0.07
200.453,,,,-0.0003,0.0003,0.07
200.503,,,,-0.0003,0.0003,0.07
200.581,,,,-0.0003,0.0003,0.07
200.631,,,,-0.0003,0.0003,0.07
200.682,,,,-0.0003,0.0003,0.07
200.732,,,,-0.0003,0.0003,0.07
200.783,,,,-0.0003,0.0003,0.07
200.833,,,,-0.0003,0.0003,0.07
200.884,,,,-0.0003,0.0003,0.07
200.935,,,,-0.0003,0.0003,0.07
200.985,,,,-0.0003,0.0003,0.07
201.036,,,,-0.0003,0.0003,0.07
201.087,,,,-0.0003,0.0003,0.07
201.138,,,,-0.0003,0.0003,0.07
201.188,,,,-0.0003,0.0003,0.07
201.239,,,,-0.0003,0.0003,0.07
201.29,,,,-0.0003,0.0003,0.07
201.341,,,,-0.0003,0.0003,0.07
201.392,,,,-0.0003,0.0003,0.07
201.442,,,,-0.0003,0.0003,0.07
201.493,,,,-0.0003,0.0003,0.07
201.543,,,,-0.0003,0.0003,0.07
201.594,,,,-0.0003,0.0003,0.07
201.645,,,,-0.0003,0.0003,0.07
201.696,,,,-0.0003,0.0003,0.07
201.746,,,,-0.0003,0.0003,0.07
201.797,,,,-0.0003,0.0003,0.07
201.848,,,,-0.0003,0.0003,0.07
201.898,,,,-0.0003,0.0003,0.07
201.952,,,,-0.0003,0.0003,0.07
202.003,,,,-0.0003,0.0003,0.07
202.054,,,,-0.0003,0.0003,0.07
202.105,,,,-0.0003,0.0003,0.07
202.156,,,,-0.0003,0.0003,0.07
202.207,,,,-0.0003,0.0003,0.07
202.258,,,,-0.0003,0.0003,0.07
202.308,,,,-0.0003,0.0003,0.07
202.359,,,,-0.0003,0.0003,0.07
202.41,,,,-0.0003,0.0003,0.07
202.461,,,,-0.0003,0.0003,0.07
202.512,,,,-0.0003,0.0003,0.07
202.562,,,,-0.0003,0.0003,0.07
202.613,,,,-0.0003,0.0003,0.07
202.664,,,,-0.0003,0.0003,0.07
202.714,,,,-0.0003,0.0003,0.07
202.765,,,,-0.0003,0.0003,0.07
202.815,,,,-0.0003,0.0003,0.07
202.866,,,,-0.0003,0.0003,0.07
202.916,,,,-0.0003,0.0003,0.07
202.967,,,,-0.0003,0.0003,0.07
203.017,,,,-0.0003,0.0003,0.07
203.068,,,,-0.0003,0.0003,0.07
203.119,,,,-0.0003,0.0003,0.07
203.17,,,,-0.0003,0.0003,0.07
203.22,,,,-0.0003,0.0003,0.07
203.305,,,,-0.0003,0.0003,0.07
203.356,,,,-0.0003,0.0003,0.07
203.406,,,,-0.0003,0.0003,0.07
203.457,,,,-0.0003,0.0003,0.07
203.508,,,,-0.0003,0.0003,0.07
203.559,,,,-0.0003,0.0003,0.07
203.609,,,,-0.0003,0.0003,0.07
203.66,,,,-0.0003,0.0003,0.07
203.71,,,,-0.0003,0.0003,0.07
203.761,,,,-0.0003,0.0003,0.07
203.811,,,,-0.0003,0.0003,0.07
203.862,,,,-0.0003,0.0003,0.07
203.913,,,,-0.0003,0.0003,0.07
203.963,,,,-0.0003,0.0003,0.07
204.014,,,,-0.0003,0.0003,0.07
204.064,,,,-0.0003,0.0003,0.07
204.115,,,,-0.0003,0.0003,0.07
204.166,,,,-0.0003,0.0003,0.07
204.216,,,,-0.0003,0.0003,0.07
204.266,,,,-0.0003,0.0003,0.07
204.317,,,,-0.0003,0.0003,0.07
204.368,,,,-0.0003,0.0003,0.07
204.419,,,,-0.0003,0.0003,0.07
204.469,,,,-0.0003,0.0003,0.07
204.52,,,,-0.0003,0.0003,0.07
204.571,,,,-0.0003,0.0003,0.07
204.622,,,,-0.0003,0.0003,0.07
204.68,,,,-0.0003,0.0003,0.07
204.731,,,,-0.0003,0.0003,0.07
204.782,,,,-0.0003,0.0003,0.07
204.832,,,,-0.0003,0.0003,0.07
204.883,,,,-0.0003,0.0003,0.07
204.934,,,,-0.0003,0.0003,0.07
204.984,,,,-0.0003,0.0003,0.07
205.035,,,,-0.0003,0.0003,0.07
205.085,,,,-0.0003,0.0003,0.07
205.135,,,,-0.0003,0.0003,0.07
205.186,,,,-0.0003,0.0003,0.07
205.236,,,,-0.0003,0.0003,0.07
205.286,,,,-0.0003,0.0003,0.07
205.337,,,,-0.0003,0.0003,0.07
205.387,,,,-0.0003,0.0003,0.07
205.439,,,,-0.0003,0.0003,0.07
205.49,,,,-0.0003,0.0003,0.07
205.542,,,,-0.0003,0.0003,0.07
205.592,,,,-0.0003,0.0003,0.07
205.642,,,,-0.0003,0.0003,0.07
205.693,,,,-0.0003,0.0003,0.07
205.743,,,,-0.0003,0.0003,0.07
205.794,,,,-0.0003,0.0003,0.07
205.844,,,,-0.0003,0.0003,0.07
205.894,,,,-0.0003,0.0003,0.07
205.945,,,,-0.0003,0.0003,0.07
206.035,,,,-0.0003,0.0003,0.07
206.085,,,,-0.0003,0.0003,0.07
206.136,,,,-0.0003,0.0003,0.07
206.187,,,,-0.0003,0.0003,0.07
206.237,,,,-0.0003,0.0003,0.07
206.288,,,,-0.0003,0.0003,0.07
206.338,,,,-0.0003,0.0003,0.07
206.389,,,,-0.0003,0.0003,0.07
206.439,,,,-0.0003,0.0003,0.07
206.49,,,,-0.0003,0.0003,0.07
206.541,,,,-0.0003,0.0003,0.07
206.591,,,,-0.0003,0.0003,0.07
206.641,,,,-0.0003,0.0003,0.07
206.692,,,,-0.0003,0.0003,0.07
206.742,,,,-0.0003,0.0003,0.07
206.793,,,,-0.0003,0.0003,0.07
206.843,,,,-0.0003,0.0003,0.07
206.894,,,,-0.0003,0.0003,0.07
206.944,,,,-0.0003,0.0003,0.07
206.995,,,,-0.0003,0.0003,0.07
207.045,,,,-0.0003,0.0003,0.07
207.096,,,,-0.0003,0.0003,0.07
207.147,,,,-0.0003,0.0003,0.07
207.197,,,,-0.0003,0.0003,0.07
207.248,,,,-0.0003,0.0003,0.07
207.299,,,,-0.0003,0.0003,0.07
207.35,,,,-0.0003,0.0003,0.07
207.401,,,,-0.0003,0.0003,0.07
207.451,,,,-0.0003,0.0003,0.07
207.502,,,,-0.0003,0.0003,0.07
207.552,,,,-0.0003,0.0003,0.07
207.603,,,,-0.0003,0.0003,0.07
207.654,,,,-0.0003,0.0003,0.07
207.705,,,,-0.0003,0.0003,0.07
207.755,,,,-0.0003,0.0003,0.07
207.806,,,,-0.0003,0.0003,0.07
207.857,,,,-0.0003,0.0003,0.07
207.908,,,,-0.0003,0.0003,0.07
207.958,,,,-0.0003,0.0003,0.07
208.009,,,,-0.0003,0.0003,0.07
208.06,,,,-0.0003,0.0003,0.07
208.11,,,,-0.0003,0.0003,0.07
208.161,,,,-0.0003,0.0003,0.07
208.212,,,,-0.0003,0.0003,0.07
208.263,,,,-0.0003,0.0003,0.07
208.313,,,,-0.0003,0.0003,0.07
208.364,,,,-0.0003,0.0003,0.07
208.414,,,,-0.0003,0.0003,0.07
208.465,,,,-0.0003,0.0003,0.07
208.516,,,,-0.0003,0.0003,0.07
208.567,,,,-0.0003,0.0003,0.07
208.618,,,,-0.0003,0.0003,0.07
208.669,,,,-0.0003,0.0003,0.07
208.72,,,,-0.0003,0.0003,0.07
208.77,,,,-0.0003,0.0003,0.07
208.821,,,,-0.0003,0.0003,0.07
208.871,,,,-0.0003,0.0003,0.07
208.922,,,,-0.0003,0.0003,0.07
208.972,,,,-0.0003,0.0003,0.07
209.022,,,,-0.0003,0.0003,0.07
209.073,,,,-0.0003,0.0003,0.07
209.123,,,,-0.0003,0.0003,0.07
209.174,,,,-0.0003,0.0003,0.07
209.224,,,,-0.0003,0.0003,0.07
209.275,,,,-0.0003,0.0003,0.07
209.326,,,,-0.0003,0.0003,0.07
209.376,,,,-0.0003,0.0003,0.07
209.427,,,,-0.0003,0.0003,0.07
209.477,,,,-0.0003,0.0003,0.07
209.528,,,,-0.0003,0.0003,0.07
209.58,,,,-0.0003,0.0003,0.07
209.63,,,,-0.0003,0.0003,0.07
209.681,,,,-0.0003,0.0003,0.07
209.731,,,,-0.0003,0.0003,0.07
209.782,,,,-0.0003,0.0003,0.07
209.833,,,,-0.0003,0.0003,0.07
209.884,,,,-0.0003,0.0003,0.07
209.935,,,,-0.0003,0.0003,0.07
209.986,,,,-0.0003,0.0003,0.07
210.036,,,,-0.0003,0.0003,0.07
210.087,,,,-0.0003,0.0003,0.07
210.138,,,,-0.0003,0.0003,0.07
210.188,,,,-0.0003,0.0003,0.07
210.239,,,,-0.0003,0.0003,0.07
210.29,,,,-0.0003,0.0003,0.07
210.341,,,,-0.0003,0.0003,0.07
210.392,,,,-0.0003,0.0003,0.07
210.442,,,,-0.0003,0.0003,0.07
210.492,,,,-0.0003,0.0003,0.07
210.543,,,,-0.0003,0.0003,0.07
210.594,,,,-0.0003,0.0003,0.07
210.645,,,,-0.0003,0.0003,0.07
210.695,,,,-0.0003,0.0003,0.07
210.746,,,,-0.0003,0.0003,0.07
210.797,,,,-0.0003,0.0003,0.07
210.847,,,,-0.0003,0.0003,0.07
210.898,,,,-0.0003,0.0003,0.07
210.949,,,,-0.0003,0.0003,0.07
210.999,,,,-0.0003,0.0003,0.07
211.05,,,,-0.0003,0.0003,0.07
211.1,,,,-0.0003,0.0003,0.07
211.151,,,,-0.0003,0.0003,0.07
211.202,,,,-0.0003,0.0003,0.07
211.253,,,,-0.0003,0.0003,0.07
211.303,,,,-0.0003,0.0003,0.07
211.354,,,,-0.0003,0.0003,0.07
211.404,,,,-0.0003,0.0003,0.07
211.491,,,,-0.0003,0.0003,0.07
211.542,,,,-0.0003,0.0003,0.07
211.593,,,,-0.0003,0.0003,0.07
211.644,,,,-0.0003,0.0003,0.07
211.694,,,,-0.0003,0.0003,0.07
211.745,,,,-0.0003,0.0003,0.07
211.796,,,,-0.0003,0.0003,0.07
211.847,,,,-0.0003,0.0003,0.07
211.897,,,,-0.0003,0.0003,0.07
211.948,,,,-0.0003,0.0003,0.07
211.999,,,,-0.0003,0.0003,0.07
212.049,,,,-0.0003,0.0003,0.07
212.1,,,,-0.0003,0.0003,0.07
212.151,,,,-0.0003,0.0003,0.07
212.202,,,,-0.0003,0.0003,0.07
212.253,,,,-0.0003,0.0003,0.07
212.304,,,,-0.0003,0.0003,0.07
212.354,,,,-0.0003,0.0003,0.07
212.405,,,,-0.0003,0.0003,0.07
212.456,,,,-0.0003,0.0003,0.07
212.507,,,,-0.0003,0.0003,0.07
212.558,,,,-0.0003,0.0003,0.07
212.609,,,,-0.0003,0.0003,0.07
212.66,,,,-0.0003,0.0003,0.07
212.711,,,,-0.0003,0.0003,0.07
212.763,,,,-0.0003,0.0003,0.07
212.851,,,,-0.0003,0.0003,0.07
212.902,,,,-0.0003,0.0003,0.07
212.952,,,,-0.0003,0.0003,0.07
213.003,,,,-0.0003,0.0003,0.07
213.053,,,,-0.0003,0.0003,0.07
213.104,,,,-0.0003,0.0003,0.07
213.155,,,,-0.0003,0.0003,0.07
213.206,,,,-0.0003,0.0003,0.07
213.256,,,,-0.0003,0.0003,0.07
213.307,,,,-0.0003,0.0003,0.07
213.357,,,,-0.0003,0.0003,0.07
213.408,,,,-0.0003,0.0003,0.07
213.458,,,,-0.0003,0.0003,0.07
213.509,,,,-0.0003,0.0003,0.07
213.559,,,,-0.0003,0.0003,0.07
213.61,,,,-0.0003,0.0003,0.07
213.66,,,,-0.0003,0.0003,0.07
213.711,,,,-0.0003,0.0003,0.07
213.761,,,,-0.0003,0.0003,0.07
213.812,,,,-0.0003,0.0003,0.07
213.862,,,,-0.0003,0.0003,0.07
213.913,,,,-0.0003,0.0003,0.07
213.964,,,,-0.0003,0.0003,0.07
214.014,,,,-0.0003,0.0003,0.07
214.065,,,,-0.0003,0.0003,0.07
214.115,,,,-0.0003,0.0003,0.07
214.166,,,,-0.0003,0.0003,0.07
214.217,,,,-0.0003,0.0003,0.07
214.268,,,,-0.0003,0.0003,0.07
214.318,,,,-0.0003,0.0003,0.07
214.369,,,,-0.0003,0.0003,0.07
214.42,,,,-0.0003,0.0003,0.07
214.47,,,,-0.0003,0.0003,0.07
214.521,,,,-0.0003,0.0003,0.07
214.572,,,,-0.0003,0.0003,0.07
214.622,,,,-0.0003,0.0003,0.07
214.673,,,,-0.0003,0.0003,0.07
214.723,,,,-0.0003,0.0003,0.07
214.773,,,,-0.0003,0.0003,0.07
214.824,,,,-0.0003,0.0003,0.07
214.874,,,,-0.0003,0.0003,0.07
214.925,,,,-0.0003,0.0003,0.07
214.976,,,,-0.0003,0.0003,0.07
215.029,,,,-0.0003,0.0003,0.07
215.08,,,,-0.0003,0.0003,0.07
215.13,,,,-0.0003,0.0003,0.07
215.181,,,,-0.0003,0.0003,0.07
215.232,,,,-0.0003,0.0003,0.07
215.283,,,,-0.0003,0.0003,0.07
215.334,,,,-0.0003,0.0003,0.07
215.384,,,,-0.0003,0.0003,0.07
215.435,,,,-0.0003,0.0003,0.07
215.486,,,,-0.0003,0.0003,0.07
215.536,,,,-0.0003,0.0003,0.07
215.587,,,,-0.0003,0.0003,0.07
215.638,,,,-0.0003,0.0003,0.07
215.689,,,,-0.0003,0.0003,0.07
215.739,,,,-0.0003,0.0003,0.07
215.79,,,,-0.0003,0.0003,0.07
215.84,,,,-0.0003,0.0003,0.07
215.891,,,,-0.0003,0.0003,0.07
215.941,,,,-0.0003,0.0003,0.07
215.992,,,,-0.0003,0.0003,0.07
216.042,,,,-0.0003,0.0003,0.07
216.092,,,,-0.0003,0.0003,0.07
216.142,,,,-0.0003,0.0003,0.07
216.193,,,,-0.0003,0.0003,0.07
216.244,,,,-0.0003,0.0003,0.07
216.295,,,,-0.0003,0.0003,0.07
216.346,,,,-0.0003,0.0003,0.07
216.396,,,,-0.0003,0.0003,0.07
216.447,,,,-0.0003,0.0003,0.07
216.497,,,,-0.0003,0.0003,0.07
216.548,,,,-0.0003,0.0003,0.07
216.598,,,,-0.0003,0.0003,0.07
216.649,,,,-0.0003,0.0003,0.07
216.7,,,,-0.0003,0.0003,0.07
216.75,,,,-0.0003,0.0003,0.07
216.8,,,,-0.0003,0.0003,0.07
216.851,,,,-0.0003,0.0003,0.07
216.901,,,,-0.0003,0.0003,0.07
216.952,,,,-0.0003,0.0003,0.07
217.003,,,,-0.0003,0.0003,0.07
217.053,,,,-0.0003,0.0003,0.07
217.105,,,,-0.0003,0.0003,0.07
217.155,,,,-0.0003,0.0003,0.07
217.206,,,,-0.0003,0.0003,0.07
217.256,,,,-0.0003,0.0003,0.07
217.307,,,,-0.0003,0.0003,0.07
217.358,,,,-0.0003,0.0003,0.07
217.409,,,,-0.0003,0.0003,0.07
217.46,,,,-0.0003,0.0003,0.07
217.511,,,,-0.0003,0.0003,0.07
217.562,,,,-0.0003,0.0003,0.07
217.613,,,,-0.0003,0.0003,0.07
217.663,,,,-0.0003,0.0003,0.07
217.714,,,,-0.0003,0.0003,0.07
217.764,,,,-0.0003,0.0003,0.07
217.815,,,,-0.0003,0.0003,0.07
217.866,,,,-0.0003,0.0003,0.07
217.917,,,,-0.0003,0.0003,0.07
217.967,,,,-0.0003,0.0003,0.07
218.018,,,,-0.0003,0.0003,0.07
218.069,,,,-0.0003,0.0003,0.07
218.12,,,,-0.0003,0.0003,0.07
218.17,,,,-0.0003,0.0003,0.07
218.22,,,,-0.0003,0.0003,0.07
218.271,,,,-0.0003,0.0003,0.07
218.322,,,,-0.0003,0.0003,0.07
218.372,,,,-0.0003,0.0003,0.07
218.423,,,,-0.0003,0.0003,0.07
218.474,,,,-0.0003,0.0003,0.07
218.524,,,,-0.0003,0.0003,0.07
218.575,,,,-0.0003,0.0003,0.07
218.626,,,,-0.0003,0.0003,0.07
218.677,,,,-0.0003,0.0003,0.07
218.727,,,,-0.0003,0.0003,0.07
218.778,,,,-0.0003,0.0003,0.07
218.829,,,,-0.0003,0.0003,0.07
218.879,,,,-0.0003,0.0003,0.07
218.93,,,,-0.0003,0.0003,0.07
218.981,,,,-0.0003,0.0003,0.07
219.031,,,,-0.0003,0.0003,0.07
219.082,,,,-0.0003,0.0003,0.07
219.132,,,,-0.0003,0.0003,0.07
219.184,,,,-0.0003,0.0003,0.07
219.234,,,,-0.0003,0.0003,0.07
219.284,,,,-0.0003,0.0003,0.07
219.335,,,,-0.0003,0.0003,0.07
219.385,,,,-0.0003,0.0003,0.07
219.436,,,,-0.0003,0.0003,0.07
219.487,,,,-0.0003,0.0003,0.07
219.538,,,,-0.0003,0.0003,0.07
219.589,,,,-0.0003,0.0003,0.07
219.674,,,,-0.0003,0.0003,0.07
219.725,,,,-0.0003,0.0003,0.07
219.776,,,,-0.0003,0.0003,0.07
219.826,,,,-0.0003,0.0003,0.07
219.877,,,,-0.0003,0.0003,0.07
219.927,,,,-0.0003,0.0003,0.07
219.978,,,,-0.0003,0.0003,0.07
220.028,,,,-0.0003,0.0003,0.07
220.079,,,,-0.0003,0.0003,0.07
220.13,,,,-0.0003,0.0003,0.07
220.18,,,,-0.0003,0.0003,0.07
220.231,,,,-0.0003,0.0003,0.07
220.282,,,,-0.0003,0.0003,0.07
220.332,,,,-0.0003,0.0003,0.07
220.383,,,,-0.0003,0.0003,0.07
220.433,,,,-0.0003,0.0003,0.07
220.484,,,,-0.0003,0.0003,0.07
220.535,,,,-0.0003,0.0003,0.07
220.586,,,,-0.0003,0.0003,0.07
220.636,,,,-0.0003,0.0003,0.07
220.687,,,,-0.0003,0.0003,0.07
220.737,,,,-0.0003,0.0003,0.07
220.788,,,,-0.0003,0.0003,0.07
220.839,,,,-0.0003,0.0003,0.07
220.889,,,,-0.0003,0.0003,0.07
220.94,,,,-0.0003,0.0003,0.07
220.991,,,,-0.0003,0.0003,0.07
221.041,,,,-0.0003,0.0003,0.07
221.092,,,,-0.0003,0.0003,0.07
221.143,,,,-0.0003,0.0003,0.07
221.193,,,,-0.0003,0.0003,0.07
221.244,,,,-0.0003,0.0003,0.07
221.295,,,,-0.0003,0.0003,0.07
221.346,,,,-0.0003,0.0003,0.07
221.396,,,,-0.0003,0.0003,0.07
221.447,,,,-0.0003,0.0003,0.07
221.498,,,,-0.0003,0.0003,0.07
221.549,,,,-0.0003,0.0003,0.07
221.599,,,,-0.0003,0.0003,0.07
221.65,,,,-0.0003,0.0003,0.07
221.7,,,,-0.0003,0.0003,0.07
221.752,,,,-0.0003,0.0003,0.07
221.806,,,,-0.0003,0.0003,0.07
221.866,,,,-0.0003,0.0003,0.07
221.917,,,,-0.0003,0.0003,0.07
221.968,,,,-0.0003,0.0003,0.07
222.018,,,,-0.0003,0.0003,0.07
222.068,,,,-0.0003,0.0003,0.07
222.119,,,,-0.0003,0.0003,0.07
222.17,,,,-0.0003,0.0003,0.07
222.22,,,,-0.0003,0.0003,0.07
222.271,,,,-0.0003,0.0003,0.07
222.321,,,,-0.0003,0.0003,0.07
222.397,,,,-0.0003,0.0003,0.07
222.447,,,,-0.0003,0.0003,0.07
222.498,,,,-0.0003,0.0003,0.07
222.549,,,,-0.0003,0.0003,0.07
222.599,,,,-0.0003,0.0003,0.07
222.65,,,,-0.0003,0.0003,0.07
222.701,,,,-0.0003,0.0003,0.07
222.752,,,,-0.0003,0.0003,0.07
222.802,,,,-0.0003,0.0003,0.07
222.853,,,,-0.0003,0.0003,0.07
222.904,,,,-0.0003,0.0003,0.07
222.955,,,,-0.0003,0.0003,0.07
223.006,,,,-0.0003,0.0003,0.07
223.057,,,,-0.0003,0.0003,0.07
223.107,,,,-0.0003,0.0003,0.07
223.157,,,,-0.0003,0.0003,0.07
223.208,,,,-0.0003,0.0003,0.07
223.259,,,,-0.0003,0.0003,0.07
223.31,,,,-0.0003,0.0003,0.07
223.36,,,,-0.0003,0.0003,0.07
223.411,,,,-0.0003,0.0003,0.07
223.462,,,,-0.0003,0.0003,0.07
223.513,,,,-0.0003,0.0003,0.07
223.563,,,,-0.0003,0.0003,0.07
223.614,,,,-0.0003,0.0003,0.07
223.664,,,,-0.0003,0.0003,0.07
223.715,,,,-0.0003,0.0003,0.07
223.765,,,,-0.0003,0.0003,0.07
223.816,,,,-0.0003,0.0003,0.07
223.867,,,,-0.0003,0.0003,0.07
223.917,,,,-0.0003,0.0003,0.07
223.968,,,,-0.0003,0.0003,0.07
224.019,,,,-0.0003,0.0003,0.07
224.069,,,,-0.0003,0.0003,0.07
224.12,,,,-0.0003,0.0003,0.07
224.172,,,,-0.0003,0.0003,0.07
224.249,,,,-0.0003,0.0003,0.07
224.3,,,,-0.0003,0.0003,0.07
224.351,,,,-0.0003,0.0003,0.07
224.402,,,,-0.0003,0.0003,0.07
224.452,,,,-0.0003,0.0003,0.07
224.503,,,,-0.0003,0.0003,0.07
224.553,,,,-0.0003,0.0003,0.07
224.604,,,,-0.0003,0.0003,0.07
224.654,,,,-0.0003,0.0003,0.07
224.705,,,,-0.0003,0.0003,0.07
224.755,,,,-0.0003,0.0003,0.07
224.806,,,,-0.0003,0.0003,0.07
224.857,,,,-0.0003,0.0003,0.07
224.908,,,,-0.0003,0.0003,0.07
224.958,,,,-0.0003,0.0003,0.07
225.009,,,,-0.0003,0.0003,0.07
225.06,,,,-0.0003,0.0003,0.07
225.119,,,,-0.0003,0.0003,0.07
225.17,,,,-0.0003,0.0003,0.07
225.221,,,,-0.0003,0.0003,0.07
225.272,,,,-0.0003,0.0003,0.07
225.322,,,,-0.0003,0.0003,0.07
225.373,,,,-0.0003,0.0003,0.07
225.424,,,,-0.0003,0.0003,0.07
225.475,,,,-0.0003,0.0003,0.07
225.525,,,,-0.0003,0.0003,0.07
225.576,,,,-0.0003,0.0003,0.07
225.627,,,,-0.0003,0.0003,0.07
225.677,,,,-0.0003,0.0003,0.07
225.728,,,,-0.0003,0.0003,0.07
225.778,,,,-0.0003,0.0003,0.07
225.829,,,,-0.0003,0.0003,0.07
225.88,,,,-0.0003,0.0003,0.07
225.931,,,,-0.0003,0.0003,0.07
225.982,,,,-0.0003,0.0003,0.07
226.033,,,,-0.0003,0.0003,0.07
226.084,,,,-0.0003,0.0003,0.07
226.134,,,,-0.0003,0.0003,0.07
226.185,,,,-0.0003,0.0003,0.07
226.236,,,,-0.0003,0.0003,0.07
226.287,,,,-0.0003,0.0003,0.07
226.337,,,,-0.0003,0.0003,0.07
226.388,,,,-0.0003,0.0003,0.07
226.438,,,,-0.0003,0.0003,0.07
226.489,,,,-0.0003,0.0003,0.07
226.54,,,,-0.0003,0.0003,0.07
226.591,,,,-0.0003,0.0003,0.07
226.642,,,,-0.0003,0.0003,0.07
226.692,,,,-0.0003,0.0003,0.07
226.743,,,,-0.0003,0.0003,0.07
226.794,,,,-0.0003,0.0003,0.07
226.845,,,,-0.0003,0.0003,0.07
226.896,,,,-0.0003,0.0003,0.07
226.947,,,,-0.0003,0.0003,0.07
226.997,,,,-0.0003,0.0003,0.07
227.048,,,,-0.0003,0.0003,0.07
227.098,,,,-0.0003,0.0003,0.07
227.149,,,,-0.0003,0.0003,0.07
227.199,,,,-0.0003,0.0003,0.07
227.25,,,,-0.0003,0.0003,0.07
227.3,,,,-0.0003,0.0003,0.07
227.351,,,,-0.0003,0.0003,0.07
227.402,,,,-0.0003,0.0003,0.07
227.452,,,,-0.0003,0.0003,0.07
227.503,,,,-0.0003,0.0003,0.07
227.554,,,,-0.0003,0.0003,0.07
227.605,,,,-0.0003,0.0003,0.07
227.655,,,,-0.0003,0.0003,0.07
227.706,,,,-0.0003,0.0003,0.07
227.757,,,,-0.0003,0.0003,0.07
227.84,,,,-0.0003,0.0003,0.07
227.891,,,,-0.0003,0.0003,0.07
227.942,,,,-0.0003,0.0003,0.07
227.992,,,,-0.0003,0.0003,0.07
228.044,,,,-0.0003,0.0003,0.07
228.094,,,,-0.0003,0.0003,0.07
228.145,,,,-0.0003,0.0003,0.07
228.195,,,,-0.0003,0.0003,0.07
228.245,,,,-0.0003,0.0003,0.07
228.296,,,,-0.0003,0.0003,0.07
228.347,,,,-0.0003,0.0003,0.07
228.398,,,,-0.0003,0.0003,0.07
228.449,,,,-0.0003,0.0003,0.07
228.5,,,,-0.0003,0.0003,0.07
228.552,,,,-0.0003,0.0003,0.07
228.602,,,,-0.0003,0.0003,0.07
228.653,,,,-0.0003,0.0003,0.07
228.703,,,,-0.0003,0.0003,0.07
228.754,,,,-0.0003,0.0003,0.07
228.805,,,,-0.0003,0.0003,0.07
228.855,,,,-0.0003,0.0003,0.07
228.906,,,,-0.0003,0.0003,0.07
228.956,,,,-0.0003,0.0003,0.07
229.007,,,,-0.0003,0.0003,0.07
229.058,,,,-0.0003,0.0003,0.07
229.109,,,,-0.0003,0.0003,0.07
229.16,,,,-0.0003,0.0003,0.07
229.21,,,,-0.0003,0.0003,0.07
229.261,,,,-0.0003,0.0003,0.07
229.311,,,,-0.0003,0.0003,0.07
229.362,,,,-0.0003,0.0003,0.07
229.412,,,,-0.0003,0.0003,0.07
229.463,,,,-0.0003,0.0003,0.07
229.513,,,,-0.0003,0.0003,0.07
229.593,,,,-0.0003,0.0003,0.07
229.643,,,,-0.0003,0.0003,0.07
229.694,,,,-0.0003,0.0003,0.07
229.745,,,,-0.0003,0.0003,0.07
229.795,,,,-0.0003,0.0003,0.07
229.847,,,,-0.0003,0.0003,0.07
229.898,,,,-0.0003,0.0003,0.07
229.949,,,,-0.0003,0.0003,0.07
229.999,,,,-0.0003,0.0003,0.07
230.05,,,,-0.0003,0.0003,0.07
230.101,,,,-0.0003,0.0003,0.07
230.152,,,,-0.0003,0.0003,0.07
230.203,,,,-0.0003,0.0003,0.07
230.254,,,,-0.0003,0.0003,0.07
230.304,,,,-0.0003,0.0003,0.07
230.355,,,,-0.0003,0.0003,0.07
230.406,,,,-0.0003,0.0003,0.07
230.456,,,,-0.0003,0.0003,0.07
230.507,,,,-0.0003,0.0003,0.07
230.557,,,,-0.0003,0.0003,0.07
230.608,,,,-0.0003,0.0003,0.07
230.658,,,,-0.0003,0.0003,0.07
230.709,,,,-0.0003,0.0003,0.07
230.759,,,,-0.0003,0.0003,0.07
230.81,,,,-0.0003,0.0003,0.07
230.86,,,,-0.0003,0.0003,0.07
230.911,,,,-0.0003,0.0003,0.07
230.961,,,,-0.0003,0.0003,0.07
231.012,,,,-0.0003,0.0003,0.07
231.063,,,,-0.0003,0.0003,0.07
231.114,,,,-0.0003,0.0003,0.07
231.164,,,,-0.0003,0.0003,0.07
231.215,,,,-0.0003,0.0003,0.07
231.266,,,,-0.0003,0.0003,0.07
231.316,,,,-0.0003,0.0003,0.07
231.367,,,,-0.0003,0.0003,0.07
231.418,,,,-0.0003,0.0003,0.07
231.468,,,,-0.0003,0.0003,0.07
231.519,,,,-0.0003,0.0003,0.07
231.569,,,,-0.0003,0.0003,0.07
231.62,,,,-0.0003,0.0003,0.07
231.671,,,,-0.0003,0.0003,0.07
231.722,,,,-0.0003,0.0003,0.07
231.773,,,,-0.0003,0.0003,0.07
231.824,,,,-0.0003,0.0003,0.07
231.875,,,,-0.0003,0.0003,0.07
231.926,,,,-0.0003,0.0003,0.07
231.976,,,,-0.0003,0.0003,0.07
232.027,,,,-0.0003,0.0003,0.07
232.077,,,,-0.0003,0.0003,0.07
232.128,,,,-0.0003,0.0003,0.07
232.179,,,,-0.0003,0.0003,0.07
232.229,,,,-0.0003,0.0003,0.07
232.28,,,,-0.0003,0.0003,0.07
232.331,,,,-0.0003,0.0003,0.07
232.382,,,,-0.0003,0.0003,0.07
232.432,,,,-0.0003,0.0003,0.07
232.483,,,,-0.0003,0.0003,0.07
232.533,,,,-0.0003,0.0003,0.07
232.584,,,,-0.0003,0.0003,0.07
232.635,,,,-0.0003,0.0003,0.07
232.685,,,,-0.0003,0.0003,0.07
232.736,,,,-0.0003,0.0003,0.07
232.787,,,,-0.0003,0.0003,0.07
232.838,,,,-0.0003,0.0003,0.07
232.888,,,,-0.0003,0.0003,0.07
232.939,,,,-0.0003,0.0003,0.07
232.99,,,,-0.0003,0.0003,0.07
233.04,,,,-0.0003,0.0003,0.07
233.091,,,,-0.0003,0.0003,0.07
233.141,,,,-0.0003,0.0003,0.07
233.192,,,,-0.0003,0.0003,0.07
233.242,,,,-0.0003,0.0003,0.07
233.302,,,,-0.0003,0.0003,0.07
233.352,,,,-0.0003,0.0003,0.07
233.403,,,,-0.0003,0.0003,0.07
233.454,,,,-0.0003,0.0003,0.07
233.504,,,,-0.0003,0.0003,0.07
233.555,,,,-0.0003,0.0003,0.07
233.605,,,,-0.0003,0.0003,0.07
233.655,,,,-0.0003,0.0003,0.07
233.706,,,,-0.0003,0.0003,0.07
233.757,,,,-0.0003,0.0003,0.07
233.807,,,,-0.0003,0.0003,0.07
233.858,,,,-0.0003,0.0003,0.07
233.908,,,,-0.0003,0.0003,0.07
233.959,,,,-0.0003,0.0003,0.07
234.009,,,,-0.0003,0.0003,0.07
234.06,,,,-0.0003,0.0003,0.07
234.111,,,,-0.0003,0.0003,0.07
234.161,,,,-0.0003,0.0003,0.07
234.212,,,,-0.0003,0.0003,0.07
234.263,,,,-0.0003,0.0003,0.07
234.313,,,,-0.0003,0.0003,0.07
234.364,,,,-0.0003,0.0003,0.07
234.414,,,,-0.0003,0.0003,0.07
234.465,,,,-0.0003,0.0003,0.07
234.516,,,,-0.0003,0.0003,0.07
234.567,,,,-0.0003,0.0003,0.07
234.617,,,,-0.0003,0.0003,0.07
234.668,,,,-0.0003,0.0003,0.07
234.719,,,,-0.0003,0.0003,0.07
234.77,,,,-0.0003,0.0003,0.07
234.821,,,,-0.0003,0.0003,0.07
234.872,,,,-0.0003,0.0003,0.07
234.922,,,,-0.0003,0.0003,0.07
234.973,,,,-0.0003,0.0003,0.07
235.024,,,,-0.0003,0.0003,0.07
235.075,,,,-0.0003,0.0003,0.07
235.126,,,,-0.0003,0.0003,0.07
235.176,,,,-0.0003,0.0003,0.07
235.227,,,,-0.0003,0.0003,0.07
235.277,,,,-0.0003,0.0003,0.07
235.328,,,,-0.0003,0.0003,0.07
235.379,,,,-0.0003,0.0003,0.07
235.43,,,,-0.0003,0.0003,0.07
235.481,,,,-0.0003,0.0003,0.07
235.531,,,,-0.0003,0.0003,0.07
235.582,,,,-0.0003,0.0003,0.07
235.632,,,,-0.0003,0.0003,0.07
235.683,,,,-0.0003,0.0003,0.07
235.734,,,,-0.0003,0.0003,0.07
235.784,,,,-0.0003,0.0003,0.07
235.835,,,,-0.0003,0.0003,0.07
235.886,,,,-0.0003,0.0003,0.07
235.937,,,,-0.0003,0.0003,0.07
236.02,,,,-0.0003,0.0003,0.07
236.071,,,,-0.0003,0.0003,0.07
236.122,,,,-0.0003,0.0003,0.07
236.173,,,,-0.0003,0.0003,0.07
236.224,,,,-0.0003,0.0003,0.07
236.274,,,,-0.0003,0.0003,0.07
236.325,,,,-0.0003,0.0003,0.07
236.376,,,,-0.0003,0.0003,0.07
236.427,,,,-0.0003,0.0003,0.07
236.477,,,,-0.0003,0.0003,0.07
236.528,,,,-0.0003,0.0003,0.07
236.578,,,,-0.0003,0.0003,0.07
236.629,,,,-0.0003,0.0003,0.07
236.68,,,,-0.0003,0.0003,0.07
236.731,,,,-0.0003,0.0003,0.07
236.782,,,,-0.0003,0.0003,0.07
236.833,,,,-0.0003,0.0003,0.07
236.883,,,,-0.0003,0.0003,0.07
236.934,,,,-0.0003,0.0003,0.07
236.985,,,,-0.0003,0.0003,0.07
237.035,,,,-0.0003,0.0003,0.07
237.086,,,,-0.0003,0.0003,0.07
237.137,,,,-0.0003,0.0003,0.07
237.187,,,,-0.0003,0.0003,0.07
237.239,,,,-0.0003,0.0003,0.07
237.289,,,,-0.0003,0.0003,0.07
237.34,,,,-0.0003,0.0003,0.07
237.391,,,,-0.0003,0.0003,0.07
237.442,,,,-0.0003,0.0003,0.07
237.493,,,,-0.0003,0.0003,0.07
237.543,,,,-0.0003,0.0003,0.07
237.594,,,,-0.0003,0.0003,0.07
237.645,,,,-0.0003,0.0003,0.07
237.696,,,,-0.0003,0.0003,0.07
237.747,,,,-0.0003,0.0003,0.07
237.811,,,,-0.0003,0.0003,0.07
237.862,,,,-0.0003,0.0003,0.07
237.913,,,,-0.0003,0.0003,0.07
237.966,,,,-0.0003,0.0003,0.07
238.017,,,,-0.0003,0.0003,0.07
238.068,,,,-0.0003,0.0003,0.07
238.119,,,,-0.0003,0.0003,0.07
238.169,,,,-0.0003,0.0003,0.07
238.22,,,,-0.0003,0.0003,0.07
238.271,,,,-0.0003,0.0003,0.07
238.322,,,,-0.0003,0.0003,0.07
238.372,,,,-0.0003,0.0003,0.07
238.423,,,,-0.0003,0.0003,0.07
238.475,,,,-0.0003,0.0003,0.07
238.527,,,,-0.0003,0.0003,0.07
238.578,,,,-0.0003,0.0003,0.07
238.628,,,,-0.0003,0.0003,0.07
238.679,,,,-0.0003,0.0003,0.07
238.754,,,,-0.0003,0.0003,0.07
238.804,,,,-0.0003,0.0003,0.07
238.855,,,,-0.0003,0.0003,0.07
238.906,,,,-0.0003,0.0003,0.07
238.957,,,,-0.0003,0.0003,0.07
239.008,,,,-0.0003,0.0003,0.07
239.059,,,,-0.0003,0.0003,0.07
239.11,,,,-0.0003,0.0003,0.07
239.161,,,,-0.0003,0.0003,0.07
239.212,,,,-0.0003,0.0003,0.07
239.262,,,,-0.0003,0.0003,0.07
239.313,,,,-0.0003,0.0003,0.07
239.364,,,,-0.0003,0.0003,0.07
239.414,,,,-0.0003,0.0003,0.07
239.465,,,,-0.0003,0.0003,0.07
239.516,,,,-0.0003,0.0003,0.07
239.567,,,,-0.0003,0.0003,0.07
239.618,,,,-0.0003,0.0003,0.07
239.668,,,,-0.0003,0.0003,0.07
239.719,,,,-0.0003,0.0003,0.07
239.77,,,,-0.0003,0.0003,0.07
239.82,,,,-0.0003,0.0003,0.07
239.871,,,,-0.0003,0.0003,0.07
239.922,,,,-0.0003,0.0003,0.07
239.972,,,,-0.0003,0.0003,0.07
240.023,,,,-0.0003,0.0003,0.07
240.111,,,,-0.0003,0.0003,0.07
240.165,,,,-0.0003,0.0003,0.07
240.215,,,,-0.0003,0.0003,0.07
240.266,,,,-0.0003,0.0003,0.07
240.318,,,,-0.0003,0.0003,0.07
240.369,,,,-0.0003,0.0003,0.07
240.419,,,,-0.0003,0.0003,0.07
240.47,,,,-0.0003,0.0003,0.07
240.521,,,,-0.0003,0.0003,0.07
240.572,,,,-0.0003,0.0003,0.07
240.622,,,,-0.0003,0.0003,0.07
240.673,,,,-0.0003,0.0003,0.07
240.724,,,,-0.0003,0.0003,0.07
240.775,,,,-0.0003,0.0003,0.07
240.825,,,,-0.0003,0.0003,0.07
240.876,,,,-0.0003,0.0003,0.07
240.927,,,,-0.0003,0.0003,0.07
240.979,,,,-0.0003,0.0003,0.07
241.029,,,,-0.0003,0.0003,0.07
241.08,,,,-0.0003,0.0003,0.07
241.131,,,,-0.0003,0.0003,0.07
241.182,,,,-0.0003,0.0003,0.07
241.232,,,,-0.0003,0.0003,0.07
241.283,,,,-0.0003,0.0003,0.07
241.334,,,,-0.0003,0.0003,0.07
241.385,,,,-0.0003,0.0003,0.07
241.472,,,,-0.0003,0.0003,0.07
241.523,,,,-0.0003,0.0003,0.07
241.573,,,,-0.0003,0.0003,0.07
241.624,,,,-0.0003,0.0003,0.07
241.675,,,,-0.0003,0.0003,0.07
241.726,,,,-0.0003,0.0003,0.07
241.776,,,,-0.0003,0.0003,0.07
241.827,,,,-0.0003,0.0003,0.07
241.878,,,,-0.0003,0.0003,0.07
241.929,,,,-0.0003,0.0003,0.07
241.98,,,,-0.0003,0.0003,0.07
242.031,,,,-0.0003,0.0003,0.07
242.081,,,,-0.0003,0.0003,0.07
242.132,,,,-0.0003,0.0003,0.07
242.183,,,,-0.0003,0.0003,0.07
242.233,,,,-0.0003,0.0003,0.07
242.284,,,,-0.0003,0.0003,0.07
242.335,,,,-0.0003,0.0003,0.07
242.385,,,,-0.0003,0.0003,0.07
242.436,,,,-0.0003,0.0003,0.07
242.486,,,,-0.0003,0.0003,0.07
242.537,,,,-0.0003,0.0003,0.07
242.588,,,,-0.0003,0.0003,0.07
242.639,,,,-0.0003,0.0003,0.07
242.69,,,,-0.0003,0.0003,0.07
242.74,,,,-0.0003,0.0003,0.07
242.791,,,,-0.0003,0.0003,0.07
242.844,,,,-0.0003,0.0003,0.07
242.895,,,,-0.0003,0.0003,0.07
242.946,,,,-0.0003,0.0003,0.07
242.997,,,,-0.0003,0.0003,0.07
243.047,,,,-0.0003,0.0003,0.07
243.098,,,,-0.0003,0.0003,0.07
243.148,,,,-0.0003,0.0003,0.07
243.199,,,,-0.0003,0.0003,0.07
243.25,,,,-0.0003,0.0003,0.07
243.301,,,,-0.0003,0.0003,0.07
243.351,,,,-0.0003,0.0003,0.07
243.402,,,,-0.0003,0.0003,0.07
243.453,,,,-0.0003,0.0003,0.07
243.503,,,,-0.0003,0.0003,0.07
243.554,,,,-0.0003,0.0003,0.07
243.605,,,,-0.0003,0.0003,0.07
243.655,,,,-0.0003,0.0003,0.07
243.706,,,,-0.0003,0.0003,0.07
243.757,,,,-0.0003,0.0003,0.07
243.807,,,,-0.0003,0.0003,0.07
243.858,,,,-0.0003,0.0003,0.07
243.909,,,,-0.0003,0.0003,0.07
243.959,,,,-0.0003,0.0003,0.07
244.01,,,,-0.0003,0.0003,0.07
244.061,,,,-0.0003,0.0003,0.07
244.111,,,,-0.0003,0.0003,0.07
244.2,,,,-0.0003,0.0003,0.07
244.25,,,,-0.0003,0.0003,0.07
244.301,,,,-0.0003,0.0003,0.07
244.351,,,,-0.0003,0.0003,0.07
244.402,,,,-0.0003,0.0003,0.07
244.452,,,,-0.0003,0.0003,0.07
244.502,,,,-0.0003,0.0003,0.07
244.553,,,,-0.0003,0.0003,0.07
244.604,,,,-0.0003,0.0003,0.07
244.655,,,,-0.0003,0.0003,0.07
244.706,,,,-0.0003,0.0003,0.07
244.757,,,,-0.0003,0.0003,0.07
244.807,,,,-0.0003,0.0003,0.07
244.858,,,,-0.0003,0.0003,0.07
244.909,,,,-0.0003,0.0003,0.07
244.959,,,,-0.0003,0.0003,0.07
245.01,,,,-0.0003,0.0003,0.07
245.06,,,,-0.0003,0.0003,0.07
245.111,,,,-0.0003,0.0003,0.07
245.161,,,,-0.0003,0.0003,0.07
245.212,,,,-0.0003,0.0003,0.07
245.263,,,,-0.0003,0.0003,0.07
245.314,,,,-0.0003,0.0003,0.07
245.364,,,,-0.0003,0.0003,0.07
245.415,,,,-0.0003,0.0003,0.07
245.466,,,,-0.0003,0.0003,0.07
245.517,,,,-0.0003,0.0003,0.07
245.574,,,,-0.0003,0.0003,0.07
245.624,,,,-0.0003,0.0003,0.07
245.675,,,,-0.0003,0.0003,0.07
245.725,,,,-0.0003,0.0003,0.07
245.776,,,,-0.0003,0.0003,0.07
245.827,,,,-0.0003,0.0003,0.07
245.877,,,,-0.0003,0.0003,0.07
245.928,,,,-0.0003,0.0003,0.07
245.979,,,,-0.0003,0.0003,0.07
246.03,,,,-0.0003,0.0003,0.07
246.081,,,,-0.0003,0.0003,0.07
246.131,,,,-0.0003,0.0003,0.07
246.183,,,,-0.0003,0.0003,0.07
246.233,,,,-0.0003,0.0003,0.07
246.284,,,,-0.0003,0.0003,0.07
246.334,,,,-0.0003,0.0003,0.07
246.384,,,,-0.0003,0.0003,0.07
246.435,,,,-0.0003,0.0003,0.07
246.486,,,,-0.0003,0.0003,0.07
246.536,,,,-0.0003,0.0003,0.07
246.587,,,,-0.0003,0.0003,0.07
246.637,,,,-0.0003,0.0003,0.07
246.688,,,,-0.0003,0.0003,0.07
246.74,,,,-0.0003,0.0003,0.07
246.79,,,,-0.0003,0.0003,0.07
246.841,,,,-0.0003,0.0003,0.07
246.892,,,,-0.0003,0.0003,0.07
246.943,,,,-0.0003,0.0003,0.07
246.993,,,,-0.0003,0.0003,0.07
247.044,,,,-0.0003,0.0003,0.07
247.095,,,,-0.0003,0.0003,0.07
247.145,,,,-0.0003,0.0003,0.07
247.196,,,,-0.0003,0.0003,0.07
247.247,,,,-0.0003,0.0003,0.07
247.298,,,,-0.0003,0.0003,0.07
247.348,,,,-0.0003,0.0003,0.07
247.399,,,,-0.0003,0.0003,0.07
247.449,,,,-0.0003,0.0003,0.07
247.501,,,,-0.0003,0.0003,0.07
247.552,,,,-0.0003,0.0003,0.07
247.603,,,,-0.0003,0.0003,0.07
247.653,,,,-0.0003,0.0003,0.07
247.704,,,,-0.0003,0.0003,0.07
247.757,,,,-0.0003,0.0003,0.07
247.81,,,,-0.0003,0.0003,0.07
247.86,,,,-0.0003,0.0003,0.07
247.911,,,,-0.0003,0.0003,0.07
247.963,,,,-0.0003,0.0003,0.07
248.013,,,,-0.0003,0.0003,0.07
248.064,,,,-0.0003,0.0003,0.07
248.115,,,,-0.0003,0.0003,0.07
248.166,,,,-0.0003,0.0003,0.07
248.217,,,,-0.0003,0.0003,0.07
248.295,,,,-0.0003,0.0003,0.07
248.346,,,,-0.0003,0.0003,0.07
248.397,,,,-0.0003,0.0003,0.07
248.447,,,,-0.0003,0.0003,0.07
248.498,,,,-0.0003,0.0003,0.07
248.549,,,,-0.0003,0.0003,0.07
248.599,,,,-0.0003,0.0003,0.07
248.65,,,,-0.0003,0.0003,0.07
248.701,,,,-0.0003,0.0003,0.07
248.752,,,,-0.0003,0.0003,0.07
248.803,,,,-0.0003,0.0003,0.07
248.853,,,,-0.0003,0.0003,0.07
248.904,,,,-0.0003,0.0003,0.07
248.954,,,,-0.0003,0.0003,0.07
249.005,,,,-0.0003,0.0003,0.07
249.056,,,,-0.0003,0.0003,0.07
249.106,,,,-0.0003,0.0003,0.07
249.157,,,,-0.0003,0.0003,0.07
249.208,,,,-0.0003,0.0003,0.07
249.258,,,,-0.0003,0.0003,0.07
249.309,,,,-0.0003,0.0003,0.07
249.36,,,,-0.0003,0.0003,0.07
249.41,,,,-0.0003,0.0003,0.07
249.461,,,,-0.0003,0.0003,0.07
249.511,,,,-0.0003,0.0003,0.07
249.562,,,,-0.0003,0.0003,0.07
249.652,,,,-0.0003,0.0003,0.07
249.702,,,,-0.0003,0.0003,0.07
249.753,,,,-0.0003,0.0003,0.07
249.803,,,,-0.0003,0.0003,0.07
249.854,,,,-0.0003,0.0003,0.07
249.905,,,,-0.0003,0.0003,0.07
249.956,,,,-0.0003,0.0003,0.07
250.006,,,,-0.0003,0.0003,0.07
250.057,,,,-0.0003,0.0003,0.07
250.108,,,,-0.0003,0.0003,0.07
250.158,,,,-0.0003,0.0003,0.07
250.209,,,,-0.0003,0.0003,0.07
250.26,,,,-0.0003,0.0003,0.07
250.311,,,,-0.0003,0.0003,0.07
250.362,,,,-0.0003,0.0003,0.07
250.412,,,,-0.0003,0.0003,0.07
250.462,,,,-0.0003,0.0003,0.07
250.513,,,,-0.0003,0.0003,0.07
250.564,,,,-0.0003,0.0003,0.07
250.614,,,,-0.0003,0.0003,0.07
250.665,,,,-0.0003,0.0003,0.07
250.715,,,,-0.0003,0.0003,0.07
250.766,,,,-0.0003,0.0003,0.07
250.817,,,,-0.0003,0.0003,0.07
250.867,,,,-0.0003,0.0003,0.07
250.918,,,,-0.0003,0.0003,0.07
250.968,,,,-0.0003,0.0003,0.07
251.019,,,,-0.0003,0.0003,0.07
251.07,,,,-0.0003,0.0003,0.07
251.121,,,,-0.0003,0.0003,0.07
251.171,,,,-0.0003,0.0003,0.07
251.222,,,,-0.0003,0.0003,0.07
251.272,,,,-0.0003,0.0003,0.07
251.324,,,,-0.0003,0.0003,0.07
251.374,,,,-0.0003,0.0003,0.07
251.425,,,,-0.0003,0.0003,0.07
251.476,,,,-0.0003,0.0003,0.07
251.527,,,,-0.0003,0.0003,0.07
251.577,,,,-0.0003,0.0003,0.07
251.628,,,,-0.0003,0.0003,0.07
251.679,,,,-0.0003,0.0003,0.07
251.73,,,,-0.0003,0.0003,0.07
251.782,,,,-0.0003,0.0003,0.07
251.832,,,,-0.0003,0.0003,0.07
251.883,,,,-0.0003,0.0003,0.07
251.933,,,,-0.0003,0.0003,0.07
251.984,,,,-0.0003,0.0003,0.07
252.035,,,,-0.0003,0.0003,0.07
252.085,,,,-0.0003,0.0003,0.07
252.136,,,,-0.0003,0.0003,0.07
252.186,,,,-0.0003,0.0003,0.07
252.238,,,,-0.0003,0.0003,0.07
252.289,,,,-0.0003,0.0003,0.07
252.34,,,,-0.0003,0.0003,0.07
252.39,,,,-0.0003,0.0003,0.07
252.441,,,,-0.0003,0.0003,0.07
252.492,,,,-0.0003,0.0003,0.07
252.543,,,,-0.0003,0.0003,0.07
252.594,,,,-0.0003,0.0003,0.07
252.644,,,,-0.0003,0.0003,0.07
252.695,,,,-0.0003,0.0003,0.07
252.745,,,,-0.0003,0.0003,0.07
252.796,,,,-0.0003,0.0003,0.07
252.846,,,,-0.0003,0.0003,0.07
252.897,,,,-0.0003,0.0003,0.07
252.948,,,,-0.0003,0.0003,0.07
252.998,,,,-0.0003,0.0003,0.07
253.049,,,,-0.0003,0.0003,0.07
253.099,,,,-0.0003,0.0003,0.07
253.15,,,,-0.0003,0.0003,0.07
253.2,,,,-0.0003,0.0003,0.07
253.251,,,,-0.0003,0.0003,0.07
253.302,,,,-0.0003,0.0003,0.07
253.353,,,,-0.0003,0.0003,0.07
253.403,,,,-0.0003,0.0003,0.07
253.454,,,,-0.0003,0.0003,0.07
253.504,,,,-0.0003,0.0003,0.07
253.555,,,,-0.0003,0.0003,0.07
253.605,,,,-0.0003,0.0003,0.07
253.656,,,,-0.0003,0.0003,0.07
253.743,,,,-0.0003,0.0003,0.07
253.793,,,,-0.0003,0.0003,0.07
253.844,,,,-0.0003,0.0003,0.07
253.894,,,,-0.0003,0.0003,0.07
253.945,,,,-0.0003,0.0003,0.07
253.996,,,,-0.0003,0.0003,0.07
254.046,,,,-0.0003,0.0003,0.07
254.096,,,,-0.0003,0.0003,0.07
254.147,,,,-0.0003,0.0003,0.07
254.198,,,,-0.0003,0.0003,0.07
254.248,,,,-0.0003,0.0003,0.07
254.299,,,,-0.0003,0.0003,0.07
254.35,,,,-0.0003,0.0003,0.07
254.4,,,,-0.0003,0.0003,0.07
254.451,,,,-0.0003,0.0003,0.07
254.502,,,,-0.0003,0.0003,0.07
254.553,,,,-0.0003,0.0003,0.07
254.603,,,,-0.0003,0.0003,0.07
254.654,,,,-0.0003,0.0003,0.07
254.705,,,,-0.0003,0.0003,0.07
254.756,,,,-0.0003,0.0003,0.07
254.807,,,,-0.0003,0.0003,0.07
254.858,,,,-0.0003,0.0003,0.07
254.908,,,,-0.0003,0.0003,0.07
254.958,,,,-0.0003,0.0003,0.07
255.01,,,,-0.0003,0.0003,0.07
255.062,,,,-0.0003,0.0003,0.07
255.115,,,,-0.0003,0.0003,0.07
255.165,,,,-0.0003,0.0003,0.07
255.216,,,,-0.0003,0.0003,0.07
255.267,,,,-0.0003,0.0003,0.07
255.317,,,,-0.0003,0.0003,0.07
255.368,,,,-0.0003,0.0003,0.07
255.419,,,,-0.0003,0.0003,0.07
255.47,,,,-0.0003,0.0003,0.07
255.52,,,,-0.0003,0.0003,0.07
255.571,,,,-0.0003,0.0003,0.07
255.622,,,,-0.0003,0.0003,0.07
255.673,,,,-0.0003,0.0003,0.07
255.723,,,,-0.0003,0.0003,0.07
255.774,,,,-0.0003,0.0003,0.07
255.825,,,,-0.0003,0.0003,0.07
255.875,,,,-0.0003,0.0003,0.07
255.926,,,,-0.0003,0.0003,0.07
255.977,,,,-0.0003,0.0003,0.07
256.028,,,,-0.0003,0.0003,0.07
256.078,,,,-0.0003,0.0003,0.07
256.129,,,,-0.0003,0.0003,0.07
256.179,,,,-0.0003,0.0003,0.07
256.23,,,,-0.0003,0.0003,0.07
256.281,,,,-0.0003,0.0003,0.07
256.331,,,,-0.0003,0.0003,0.07
256.384,,,,-0.0003,0.0003,0.07
256.473,,,,-0.0003,0.0003,0.07
256.523,,,,-0.0003,0.0003,0.07
256.575,,,,-0.0003,0.0003,0.07
256.625,,,,-0.0003,0.0003,0.07
256.676,,,,-0.0003,0.0003,0.07
256.727,,,,-0.0003,0.0003,0.07
256.778,,,,-0.0003,0.0003,0.07
256.828,,,,-0.0003,0.0003,0.07
256.879,,,,-0.0003,0.0003,0.07
256.929,,,,-0.0003,0.0003,0.07
256.98,,,,-0.0003,0.0003,0.07
257.031,,,,-0.0003,0.0003,0.07
257.082,,,,-0.0003,0.0003,0.07
257.132,,,,-0.0003,0.0003,0.07
257.184,,,,-0.0003,0.0003,0.07
257.234,,,,-0.0003,0.0003,0.07
257.285,,,,-0.0003,0.0003,0.07
257.337,,,,-0.0003,0.0003,0.07
257.387,,,,-0.0003,0.0003,0.07
257.438,,,,-0.0003,0.0003,0.07
257.489,,,,-0.0003,0.0003,0.07
257.54,,,,-0.0003,0.0003,0.07
257.59,,,,-0.0003,0.0003,0.07
257.641,,,,-0.0003,0.0003,0.07
257.692,,,,-0.0003,0.0003,0.07
257.742,,,,-0.0003,0.0003,0.07
257.833,,,,-0.0003,0.0003,0.07
257.884,,,,-0.0003,0.0003,0.07
257.935,,,,-0.0003,0.0003,0.07
257.986,,,,-0.0003,0.0003,0.07
258.037,,,,-0.0003,0.0003,0.07
258.088,,,,-0.0003,0.0003,0.07
258.138,,,,-0.0003,0.0003,0.07
258.189,,,,-0.0003,0.0003,0.07
258.24,,,,-0.0003,0.0003,0.07
258.29,,,,-0.0003,0.0003,0.07
258.341,,,,-0.0003,0.0003,0.07
258.393,,,,-0.0003,0.0003,0.07
258.444,,,,-0.0003,0.0003,0.07
258.495,,,,-0.0003,0.0003,0.07
258.545,,,,-0.0003,0.0003,0.07
258.596,,,,-0.0003,0.0003,0.07
258.647,,,,-0.0003,0.0003,0.07
258.698,,,,-0.0003,0.0003,0.07
258.749,,,,-0.0003,0.0003,0.07
258.8,,,,-0.0003,0.0003,0.07
258.85,,,,-0.0003,0.0003,0.07
258.903,,,,-0.0003,0.0003,0.07
258.954,,,,-0.0003,0.0003,0.07
259.005,,,,-0.0003,0.0003,0.07
259.055,,,,-0.0003,0.0003,0.07
259.106,,,,-0.0003,0.0003,0.07
259.157,,,,-0.0003,0.0003,0.07
259.207,,,,-0.0003,0.0003,0.07
259.258,,,,-0.0003,0.0003,0.07
259.309,,,,-0.0003,0.0003,0.07
259.359,,,,-0.0003,0.0003,0.07
259.41,,,,-0.0003,0.0003,0.07
259.46,,,,-0.0003,0.0003,0.07
259.511,,,,-0.0003,0.0003,0.07
259.561,,,,-0.0003,0.0003,0.07
259.612,,,,-0.0003,0.0003,0.07
259.663,,,,-0.0003,0.0003,0.07
259.714,,,,-0.0003,0.0003,0.07
259.764,,,,-0.0003,0.0003,0.07
259.815,,,,-0.0003,0.0003,0.07
259.866,,,,-0.0003,0.0003,0.07
259.916,,,,-0.0003,0.0003,0.07
259.967,,,,-0.0003,0.0003,0.07
260.018,,,,-0.0003,0.0003,0.07
260.068,,,,-0.0003,0.0003,0.07
260.119,,,,-0.0003,0.0003,0.07
260.169,,,,-0.0003,0.0003,0.07
260.22,,,,-0.0003,0.0003,0.07
260.27,,,,-0.0003,0.0003,0.07
260.321,,,,-0.0003,0.0003,0.07
260.372,,,,-0.0003,0.0003,0.07
260.422,,,,-0.0003,0.0003,0.07
260.473,,,,-0.0003,0.0003,0.07
260.523,,,,-0.0003,0.0003,0.07
260.574,,,,-0.0003,0.0003,0.07
260.625,,,,-0.0003,0.0003,0.07
260.675,,,,-0.0003,0.0003,0.07
260.726,,,,-0.0003,0.0003,0.07
260.776,,,,-0.0003,0.0003,0.07
260.827,,,,-0.0003,0.0003,0.07
260.878,,,,-0.0003,0.0003,0.07
260.928,,,,-0.0003,0.0003,0.07
260.979,,,,-0.0003,0.0003,0.07
261.03,,,,-0.0003,0.0003,0.07
261.081,,,,-0.0003,0.0003,0.07
261.131,,,,-0.0003,0.0003,0.07
261.182,,,,-0.0003,0.0003,0.07
261.233,,,,-0.0003,0.0003,0.07
261.284,,,,-0.0003,0.0003,0.07
261.334,,,,-0.0003,0.0003,0.07
261.385,,,,-0.0003,0.0003,0.07
261.435,,,,-0.0003,0.0003,0.07
261.486,,,,-0.0003,0.0003,0.07
261.537,,,,-0.0003,0.0003,0.07
261.588,,,,-0.0003,0.0003,0.07
261.639,,,,-0.0003,0.0003,0.07
261.689,,,,-0.0003,0.0003,0.07
261.74,,,,-0.0003,0.0003,0.07
261.791,,,,-0.0003,0.0003,0.07
261.841,,,,-0.0003,0.0003,0.07
261.892,,,,-0.0003,0.0003,0.07
261.943,,,,-0.0003,0.0003,0.07
261.993,,,,-0.0003,0.0003,0.07
262.045,,,,-0.0003,0.0003,0.07
262.095,,,,-0.0003,0.0003,0.07
262.146,,,,-0.0003,0.0003,0.07
262.197,,,,-0.0003,0.0003,0.07
262.247,,,,-0.0003,0.0003,0.07
262.298,,,,-0.0003,0.0003,0.07
262.349,,,,-0.0003,0.0003,0.07
262.399,,,,-0.0003,0.0003,0.07
262.45,,,,-0.0003,0.0003,0.07
262.501,,,,-0.0003,0.0003,0.07
262.551,,,,-0.0003,0.0003,0.07
262.602,,,,-0.0003,0.0003,0.07
262.653,,,,-0.0003,0.0003,0.07
262.703,,,,-0.0003,0.0003,0.07
262.754,,,,-0.0003,0.0003,0.07
262.805,,,,-0.0003,0.0003,0.07
262.855,,,,-0.0003,0.0003,0.07
262.906,,,,-0.0003,0.0003,0.07
262.957,,,,-0.0003,0.0003,0.07
263.008,,,,-0.0003,0.0003,0.07
263.059,,,,-0.0003,0.0003,0.07
263.11,,,,-0.0003,0.0003,0.07
263.16,,,,-0.0003,0.0003,0.07
263.212,,,,-0.0003,0.0003,0.07
263.296,,,,-0.0003,0.0003,0.07
263.348,,,,-0.0003,0.0003,0.07
263.399,,,,-0.0003,0.0003,0.07
263.45,,,,-0.0003,0.0003,0.07
263.5,,,,-0.0003,0.0003,0.07
263.551,,,,-0.0003,0.0003,0.07
263.601,,,,-0.0003,0.0003,0.07
263.652,,,,-0.0003,0.0003,0.07
263.703,,,,-0.0003,0.0003,0.07
263.753,,,,-0.0003,0.0003,0.07
263.804,,,,-0.0003,0.0003,0.07
263.855,,,,-0.0003,0.0003,0.07
263.905,,,,-0.0003,0.0003,0.07
263.956,,,,-0.0003,0.0003,0.07
264.007,,,,-0.0003,0.0003,0.07
264.057,,,,-0.0003,0.0003,0.07
264.108,,,,-0.0003,0.0003,0.07
264.158,,,,-0.0003,0.0003,0.07
264.209,,,,-0.0003,0.0003,0.07
264.259,,,,-0.0003,0.0003,0.07
264.31,,,,-0.0003,0.0003,0.07
264.36,,,,-0.0003,0.0003,0.07
264.411,,,,-0.0003,0.0003,0.07
264.462,,,,-0.0003,0.0003,0.07
264.513,,,,-0.0003,0.0003,0.07
264.563,,,,-0.0003,0.0003,0.07
264.655,,,,-0.0003,0.0003,0.07
264.706,,,,-0.0003,0.0003,0.07
264.757,,,,-0.0003,0.0003,0.07
264.808,,,,-0.0003,0.0003,0.07
264.858,,,,-0.0003,0.0003,0.07
264.909,,,,-0.0003,0.0003,0.07
264.96,,,,-0.0003,0.0003,0.07
265.01,,,,-0.0003,0.0003,0.07
265.061,,,,-0.0003,0.0003,0.07
265.112,,,,-0.0003,0.0003,0.07
265.162,,,,-0.0003,0.0003,0.07
265.213,,,,-0.0003,0.0003,0.07
265.263,,,,-0.0003,0.0003,0.07
265.315,,,,-0.0003,0.0003,0.07
265.365,,,,-0.0003,0.0003,0.07
265.416,,,,-0.0003,0.0003,0.07
265.466,,,,-0.0003,0.0003,0.07
265.517,,,,-0.0003,0.0003,0.07
265.567,,,,-0.0003,0.0003,0.07
265.618,,,,-0.0003,0.0003,0.07
265.669,,,,-0.0003,0.0003,0.07
265.72,,,,-0.0003,0.0003,0.07
265.771,,,,-0.0003,0.0003,0.07
265.822,,,,-0.0003,0.0003,0.07
265.873,,,,-0.0003,0.0003,0.07
265.925,,,,-0.0003,0.0003,0.07
266.013,,,,-0.0003,0.0003,0.07
266.065,,,,-0.0003,0.0003,0.07
266.116,,,,-0.0003,0.0003,0.07
266.167,,,,-0.0003,0.0003,0.07
266.218,,,,-0.0003,0.0003,0.07
266.269,,,,-0.0003,0.0003,0.07
266.32,,,,-0.0003,0.0003,0.07
266.37,,,,-0.0003,0.0003,0.07
266.421,,,,-0.0003,0.0003,0.07
266.472,,,,-0.0003,0.0003,0.07
266.524,,,,-0.0003,0.0003,0.07
266.575,,,,-0.0003,0.0003,0.07
266.625,,,,-0.0003,0.0003,0.07
266.676,,,,-0.0003,0.0003,0.07
266.727,,,,-0.0003,0.0003,0.07
266.777,,,,-0.0003,0.0003,0.07
266.828,,,,-0.0003,0.0003,0.07
266.879,,,,-0.0003,0.0003,0.07
266.93,,,,-0.0003,0.0003,0.07
266.98,,,,-0.0003,0.0003,0.07
267.031,,,,-0.0003,0.0003,0.07
267.082,,,,-0.0003,0.0003,0.07
267.132,,,,-0.0003,0.0003,0.07
267.183,,,,-0.0003,0.0003,0.07
267.234,,,,-0.0003,0.0003,0.07
267.285,,,,-0.0003,0.0003,0.07
267.375,,,,-0.0003,0.0003,0.07
267.426,,,,-0.0003,0.0003,0.07
267.477,,,,-0.0003,0.0003,0.07
267.527,,,,-0.0003,0.0003,0.07
267.578,,,,-0.0003,0.0003,0.07
267.629,,,,-0.0003,0.0003,0.07
267.679,,,,-0.0003,0.0003,0.07
267.731,,,,-0.0003,0.0003,0.07
267.781,,,,-0.0003,0.0003,0.07
267.832,,,,-0.0003,0.0003,0.07
267.883,,,,-0.0003,0.0003,0.07
267.933,,,,-0.0003,0.0003,0.07
267.983,,,,-0.0003,0.0003,0.07
268.034,,,,-0.0003,0.0003,0.07
268.085,,,,-0.0003,0.0003,0.07
268.135,,,,-0.0003,0.0003,0.07
268.186,,,,-0.0003,0.0003,0.07
268.237,,,,-0.0003,0.0003,0.07
268.287,,,,-0.0003,0.0003,0.07
268.338,,,,-0.0003,0.0003,0.07
268.388,,,,-0.0003,0.0003,0.07
268.439,,,,-0.0003,0.0003,0.07
268.49,,,,-0.0003,0.0003,0.07
268.541,,,,-0.0003,0.0003,0.07
268.591,,,,-0.0003,0.0003,0.07
268.642,,,,-0.0003,0.0003,0.07
268.693,,,,-0.0003,0.0003,0.07
268.747,,,,-0.0003,0.0003,0.07
268.798,,,,-0.0003,0.0003,0.07
268.85,,,,-0.0003,0.0003,0.07
268.9,,,,-0.0003,0.0003,0.07
268.951,,,,-0.0003,0.0003,0.07
269.002,,,,-0.0003,0.0003,0.07
269.052,,,,-0.0003,0.0003,0.07
269.103,,,,-0.0003,0.0003,0.07
269.154,,,,-0.0003,0.0003,0.07
269.205,,,,-0.0003,0.0003,0.07
269.255,,,,-0.0003,0.0003,0.07
269.306,,,,-0.0003,0.0003,0.07
269.356,,,,-0.0003,0.0003,0.07
269.407,,,,-0.0003,0.0003,0.07
269.458,,,,-0.0003,0.0003,0.07
269.508,,,,-0.0003,0.0003,0.07
269.559,,,,-0.0003,0.0003,0.07
269.611,,,,-0.0003,0.0003,0.07
269.662,,,,-0.0003,0.0003,0.07
269.713,,,,-0.0003,0.0003,0.07
269.764,,,,-0.0003,0.0003,0.07
269.814,,,,-0.0003,0.0003,0.07
269.865,,,,-0.0003,0.0003,0.07
269.916,,,,-0.0003,0.0003,0.07
269.967,,,,-0.0003,0.0003,0.07
270.017,,,,-0.0003,0.0003,0.07
270.104,,,,-0.0003,0.0003,0.07
270.155,,,,-0.0003,0.0003,0.07
270.206,,,,-0.0003,0.0003,0.07
270.257,,,,-0.0003,0.0003,0.07
270.308,,,,-0.0003,0.0003,0.07
270.358,,,,-0.0003,0.0003,0.07
270.409,,,,-0.0003,0.0003,0.07
270.46,,,,-0.0003,0.0003,0.07
270.511,,,,-0.0003,0.0003,0.07
270.561,,,,-0.0003,0.0003,0.07
270.612,,,,-0.0003,0.0003,0.07
270.662,,,,-0.0003,0.0003,0.07
270.714,,,,-0.0003,0.0003,0.07
270.765,,,,-0.0003,0.0003,0.07
270.815,,,,-0.0003,0.0003,0.07
270.866,,,,-0.0003,0.0003,0.07
270.917,,,,-0.0003,0.0003,0.07
270.968,,,,-0.0003,0.0003,0.07
271.018,,,,-0.0003,0.0003,0.07
271.068,,,,-0.0003,0.0003,0.07
271.119,,,,-0.0003,0.0003,0.07
271.169,,,,-0.0003,0.0003,0.07
271.22,,,,-0.0003,0.0003,0.07
271.27,,,,-0.0003,0.0003,0.07
271.321,,,,-0.0003,0.0003,0.07
271.372,,,,-0.0003,0.0003,0.07
271.422,,,,-0.0003,0.0003,0.07
271.473,,,,-0.0003,0.0003,0.07
271.524,,,,-0.0003,0.0003,0.07
271.574,,,,-0.0003,0.0003,0.07
271.625,,,,-0.0003,0.0003,0.07
271.675,,,,-0.0003,0.0003,0.07
271.726,,,,-0.0003,0.0003,0.07
271.777,,,,-0.0003,0.0003,0.07
271.828,,,,-0.0003,0.0003,0.07
271.878,,,,-0.0003,0.0003,0.07
271.929,,,,-0.0003,0.0003,0.07
271.98,,,,-0.0003,0.0003,0.07
272.031,,,,-0.0003,0.0003,0.07
272.081,,,,-0.0003,0.0003,0.07
272.132,,,,-0.0003,0.0003,0.07
272.182,,,,-0.0003,0.0003,0.07
272.233,,,,-0.0003,0.0003,0.07
272.283,,,,-0.0003,0.0003,0.07
272.334,,,,-0.0003,0.0003,0.07
272.385,,,,-0.0003,0.0003,0.07
272.435,,,,-0.0003,0.0003,0.07
272.486,,,,-0.0003,0.0003,0.07
272.536,,,,-0.0003,0.0003,0.07
272.587,,,,-0.0003,0.0003,0.07
272.638,,,,-0.0003,0.0003,0.07
272.689,,,,-0.0003,0.0003,0.07
272.739,,,,-0.0003,0.0003,0.07
272.79,,,,-0.0003,0.0003,0.07
272.841,,,,-0.0003,0.0003,0.07
272.891,,,,-0.0003,0.0003,0.07
272.942,,,,-0.0003,0.0003,0.07
272.992,,,,-0.0003,0.0003,0.07
273.043,,,,-0.0003,0.0003,0.07
273.094,,,,-0.0003,0.0003,0.07
273.144,,,,-0.0003,0.0003,0.07
273.195,,,,-0.0003,0.0003,0.07
273.246,,,,-0.0003,0.0003,0.07
273.297,,,,-0.0003,0.0003,0.07
273.348,,,,-0.0003,0.0003,0.07
273.399,,,,-0.0003,0.0003,0.07
273.449,,,,-0.0003,0.0003,0.07
273.5,,,,-0.0003,0.0003,0.07
273.55,,,,-0.0003,0.0003,0.07
273.601,,,,-0.0003,0.0003,0.07
273.651,,,,-0.0003,0.0003,0.07
273.702,,,,-0.0003,0.0003,0.07
273.753,,,,-0.0003,0.0003,0.07
273.805,,,,-0.0003,0.0003,0.07
273.856,,,,-0.0003,0.0003,0.07
273.907,,,,-0.0003,0.0003,0.07
273.957,,,,-0.0003,0.0003,0.07
274.008,,,,-0.0003,0.0003,0.07
274.059,,,,-0.0003,0.0003,0.07
274.109,,,,-0.0003,0.0003,0.07
274.193,,,,-0.0003,0.0003,0.07
274.244,,,,-0.0003,0.0003,0.07
274.295,,,,-0.0003,0.0003,0.07
274.346,,,,-0.0003,0.0003,0.07
274.397,,,,-0.0003,0.0003,0.07
274.448,,,,-0.0003,0.0003,0.07
274.499,,,,-0.0003,0.0003,0.07
274.549,,,,-0.0003,0.0003,0.07
274.601,,,,-0.0003,0.0003,0.07
274.651,,,,-0.0003,0.0003,0.07
274.702,,,,-0.0003,0.0003,0.07
274.754,,,,-0.0003,0.0003,0.07
274.805,,,,-0.0003,0.0003,0.07
274.856,,,,-0.0003,0.0003,0.07
274.907,,,,-0.0003,0.0003,0.07
274.958,,,,-0.0003,0.0003,0.07
275.008,,,,-0.0003,0.0003,0.07
275.059,,,,-0.0003,0.0003,0.07
275.11,,,,-0.0003,0.0003,0.07
275.161,,,,-0.0003,0.0003,0.07
275.211,,,,-0.0003,0.0003,0.07
275.261,,,,-0.0003,0.0003,0.07
275.312,,,,-0.0003,0.0003,0.07
275.363,,,,-0.0003,0.0003,0.07
275.413,,,,-0.0003,0.0003,0.07
275.464,,,,-0.0003,0.0003,0.07
275.514,,,,-0.0003,0.0003,0.07
275.565,,,,-0.0003,0.0003,0.07
275.615,,,,-0.0003,0.0003,0.07
275.667,,,,-0.0003,0.0003,0.07
275.717,,,,-0.0003,0.0003,0.07
275.768,,,,-0.0003,0.0003,0.07
275.818,,,,-0.0003,0.0003,0.07
275.869,,,,-0.0003,0.0003,0.07
275.92,,,,-0.0003,0.0003,0.07
275.97,,,,-0.0003,0.0003,0.07
276.022,,,,-0.0003,0.0003,0.07
276.072,,,,-0.0003,0.0003,0.07
276.123,,,,-0.0003,0.0003,0.07
276.174,,,,-0.0003,0.0003,0.07
276.225,,,,-0.0003,0.0003,0.07
276.276,,,,-0.0003,0.0003,0.07
276.326,,,,-0.0003,0.0003,0.07
276.377,,,,-0.0003,0.0003,0.07
276.427,,,,-0.0003,0.0003,0.07
276.478,,,,-0.0003,0.0003,0.07
276.529,,,,-0.0003,0.0003,0.07
276.58,,,,-0.0003,0.0003,0.07
276.631,,,,-0.0003,0.0003,0.07
276.682,,,,-0.0003,0.0003,0.07
276.732,,,,-0.0003,0.0003,0.07
276.782,,,,-0.0003,0.0003,0.07
276.834,,,,-0.0003,0.0003,0.07
276.923,,,,-0.0003,0.0003,0.07
276.973,,,,-0.0003,0.0003,0.07
277.024,,,,-0.0003,0.0003,0.07
277.075,,,,-0.0003,0.0003,0.07
277.125,,,,-0.0003,0.0003,0.07
277.176,,,,-0.0003,0.0003,0.07
277.226,,,,-0.0003,0.0003,0.07
277.277,,,,-0.0003,0.0003,0.07
277.328,,,,-0.0003,0.0003,0.07
277.378,,,,-0.0003,0.0003,0.07
277.429,,,,-0.0003,0.0003,0.07
277.48,,,,-0.0003,0.0003,0.07
277.531,,,,-0.0003,0.0003,0.07
277.581,,,,-0.0003,0.0003,0.07
277.631,,,,-0.0003,0.0003,0.07
277.682,,,,-0.0003,0.0003,0.07
277.732,,,,-0.0003,0.0003,0.07
277.783,,,,-0.0003,0.0003,0.07
277.834,,,,-0.0003,0.0003,0.07
277.884,,,,-0.0003,0.0003,0.07
277.935,,,,-0.0003,0.0003,0.07
277.987,,,,-0.0003,0.0003,0.07
278.038,,,,-0.0003,0.0003,0.07
278.089,,,,-0.0003,0.0003,0.07
278.139,,,,-0.0003,0.0003,0.07
278.19,,,,-0.0003,0.0003,0.07
278.24,,,,-0.0003,0.0003,0.07
278.29,,,,-0.0003,0.0003,0.07
278.341,,,,-0.0003,0.0003,0.07
278.391,,,,-0.0003,0.0003,0.07
278.442,,,,-0.0003,0.0003,0.07
278.492,,,,-0.0003,0.0003,0.07
278.543,,,,-0.0003,0.0003,0.07
278.593,,,,-0.0003,0.0003,0.07
278.643,,,,-0.0003,0.0003,0.07
278.694,,,,-0.0003,0.0003,0.07
278.744,,,,-0.0003,0.0003,0.07
278.795,,,,-0.0003,0.0003,0.07
278.846,,,,-0.0003,0.0003,0.07
278.896,,,,-0.0003,0.0003,0.07
278.947,,,,-0.0003,0.0003,0.07
278.998,,,,-0.0003,0.0003,0.07
279.049,,,,-0.0003,0.0003,0.07
279.1,,,,-0.0003,0.0003,0.07
279.15,,,,-0.0003,0.0003,0.07
279.201,,,,-0.0003,0.0003,0.07
279.252,,,,-0.0003,0.0003,0.07
279.303,,,,-0.0003,0.0003,0.07
279.354,,,,-0.0003,0.0003,0.07
279.404,,,,-0.0003,0.0003,0.07
279.456,,,,-0.0003,0.0003,0.07
279.506,,,,-0.0003,0.0003,0.07
279.557,,,,-0.0003,0.0003,0.07
279.608,,,,-0.0003,0.0003,0.07
279.658,,,,-0.0003,0.0003,0.07
279.709,,,,-0.0003,0.0003,0.07
279.759,,,,-0.0003,0.0003,0.07
279.81,,,,-0.0003,0.0003,0.07
279.861,,,,-0.0003,0.0003,0.07
279.912,,,,-0.0003,0.0003,0.07
279.963,,,,-0.0003,0.0003,0.07
280.014,,,,-0.0003,0.0003,0.07
280.065,,,,-0.0003,0.0003,0.07
280.115,,,,-0.0003,0.0003,0.07
280.166,,,,-0.0003,0.0003,0.07
280.216,,,,-0.0003,0.0003,0.07
280.267,,,,-0.0003,0.0003,0.07
280.318,,,,-0.0003,0.0003,0.07
280.368,,,,-0.0003,0.0003,0.07
280.419,,,,-0.0003,0.0003,0.07
280.47,,,,-0.0003,0.0003,0.07
280.52,,,,-0.0003,0.0003,0.07
280.571,,,,-0.0003,0.0003,0.07
280.621,,,,-0.0003,0.0003,0.07
280.672,,,,-0.0003,0.0003,0.07
280.723,,,,-0.0003,0.0003,0.07
280.774,,,,-0.0003,0.0003,0.07
280.824,,,,-0.0003,0.0003,0.07
280.875,,,,-0.0003,0.0003,0.07
280.926,,,,-0.0003,0.0003,0.07
280.993,,,,-0.0003,0.0003,0.07
281.044,,,,-0.0003,0.0003,0.07
281.095,,,,-0.0003,0.0003,0.07
281.146,,,,-0.0003,0.0003,0.07
281.197,,,,-0.0003,0.0003,0.07
281.247,,,,-0.0003,0.0003,0.07
281.298,,,,-0.0003,0.0003,0.07
281.349,,,,-0.0003,0.0003,0.07
281.4,,,,-0.0003,0.0003,0.07
281.45,,,,-0.0003,0.0003,0.07
281.501,,,,-0.0003,0.0003,0.07
281.552,,,,-0.0003,0.0003,0.07
281.602,,,,-0.0003,0.0003,0.07
281.653,,,,-0.0003,0.0003,0.07
281.704,,,,-0.0003,0.0003,0.07
281.755,,,,-0.0003,0.0003,0.07
281.805,,,,-0.0003,0.0003,0.07
281.856,,,,-0.0003,0.0003,0.07
281.907,,,,-0.0003,0.0003,0.07
281.958,,,,-0.0003,0.0003,0.07
282.008,,,,-0.0003,0.0003,0.07
282.058,,,,-0.0003,0.0003,0.07
282.109,,,,-0.0003,0.0003,0.07
282.16,,,,-0.0003,0.0003,0.07
282.211,,,,-0.0003,0.0003,0.07
282.262,,,,-0.0003,0.0003,0.07
282.312,,,,-0.0003,0.0003,0.07
282.363,,,,-0.0003,0.0003,0.07
282.414,,,,-0.0003,0.0003,0.07
282.465,,,,-0.0003,0.0003,0.07
282.515,,,,-0.0003,0.0003,0.07
282.567,,,,-0.0003,0.0003,0.07
282.617,,,,-0.0003,0.0003,0.07
282.668,,,,-0.0003,0.0003,0.07
282.718,,,,-0.0003,0.0003,0.07
282.769,,,,-0.0003,0.0003,0.07
282.82,,,,-0.0003,0.0003,0.07
282.87,,,,-0.0003,0.0003,0.07
282.921,,,,-0.0003,0.0003,0.07
282.971,,,,-0.0003,0.0003,0.07
283.022,,,,-0.0003,0.0003,0.07
283.073,,,,-0.0003,0.0003,0.07
283.124,,,,-0.0003,0.0003,0.07
283.175,,,,-0.0003,0.0003,0.07
283.226,,,,-0.0003,0.0003,0.07
283.277,,,,-0.0003,0.0003,0.07
283.328,,,,-0.0003,0.0003,0.07
283.378,,,,-0.0003,0.0003,0.07
283.429,,,,-0.0003,0.0003,0.07
283.48,,,,-0.0003,0.0003,0.07
283.532,,,,-0.0003,0.0003,0.07
283.582,,,,-0.0003,0.0003,0.07
283.635,,,,-0.0003,0.0003,0.07
283.686,,,,-0.0003,0.0003,0.07
283.737,,,,-0.0003,0.0003,0.07
283.788,,,,-0.0003,0.0003,0.07
283.838,,,,-0.0003,0.0003,0.07
283.888,,,,-0.0003,0.0003,0.07
283.939,,,,-0.0003,0.0003,0.07
283.99,,,,-0.0003,0.0003,0.07
284.041,,,,-0.0003,0.0003,0.07
284.091,,,,-0.0003,0.0003,0.07
284.142,,,,-0.0003,0.0003,0.07
284.193,,,,-0.0003,0.0003,0.07
284.244,,,,-0.0003,0.0003,0.07
284.295,,,,-0.0003,0.0003,0.07
284.345,,,,-0.0003,0.0003,0.07
284.396,,,,-0.0003,0.0003,0.07
284.446,,,,-0.0003,0.0003,0.07
284.497,,,,-0.0003,0.0003,0.07
284.548,,,,-0.0003,0.0003,0.07
284.598,,,,-0.0003,0.0003,0.07
284.649,,,,-0.0003,0.0003,0.07
284.7,,,,-0.0003,0.0003,0.07
284.75,,,,-0.0003,0.0003,0.07
284.801,,,,-0.0003,0.0003,0.07
284.852,,,,-0.0003,0.0003,0.07
284.903,,,,-0.0003,0.0003,0.07
284.953,,,,-0.0003,0.0003,0.07
285.004,,,,-0.0003,0.0003,0.07
285.055,,,,-0.0003,0.0003,0.07
285.106,,,,-0.0003,0.0003,0.07
285.157,,,,-0.0003,0.0003,0.07
285.208,,,,-0.0003,0.0003,0.07
285.259,,,,-0.0003,0.0003,0.07
285.309,,,,-0.0003,0.0003,0.07
285.359,,,,-0.0003,0.0003,0.07
285.41,,,,-0.0003,0.0003,0.07
285.461,,,,-0.0003,0.0003,0.07
285.512,,,,-0.0003,0.0003,0.07
285.563,,,,-0.0003,0.0003,0.07
285.614,,,,-0.0003,0.0003,0.07
285.664,,,,-0.0003,0.0003,0.07
285.714,,,,-0.0003,0.0003,0.07
285.765,,,,-0.0003,0.0003,0.07
285.816,,,,-0.0003,0.0003,0.07
285.867,,,,-0.0003,0.0003,0.07
285.918,,,,-0.0003,0.0003,0.07
285.969,,,,-0.0003,0.0003,0.07
286.019,,,,-0.0003,0.0003,0.07
286.07,,,,-0.0003,0.0003,0.07
286.12,,,,-0.0003,0.0003,0.07
286.171,,,,-0.0003,0.0003,0.07
286.222,,,,-0.0003,0.0003,0.07
286.273,,,,-0.0003,0.0003,0.07
286.323,,,,-0.0003,0.0003,0.07
286.374,,,,-0.0003,0.0003,0.07
286.461,,,,-0.0003,0.0003,0.07
286.511,,,,-0.0003,0.0003,0.07
286.562,,,,-0.0003,0.0003,0.07
286.617,,,,-0.0003,0.0003,0.07
286.676,,,,-0.0003,0.0003,0.07
286.729,,,,-0.0003,0.0003,0.07
286.78,,,,-0.0003,0.0003,0.07
286.83,,,,-0.0003,0.0003,0.07
286.881,,,,-0.0003,0.0003,0.07
286.931,,,,-0.0003,0.0003,0.07
286.982,,,,-0.0003,0.0003,0.07
287.032,,,,-0.0003,0.0003,0.07
287.083,,,,-0.0003,0.0003,0.07
287.133,,,,-0.0003,0.0003,0.07
287.183,,,,-0.0003,0.0003,0.07
287.234,,,,-0.0003,0.0003,0.07
287.284,,,,-0.0003,0.0003,0.07
287.335,,,,-0.0003,0.0003,0.07
287.385,,,,-0.0003,0.0003,0.07
287.435,,,,-0.0003,0.0003,0.07
287.486,,,,-0.0003,0.0003,0.07
287.536,,,,-0.0003,0.0003,0.07
287.586,,,,-0.0003,0.0003,0.07
287.637,,,,-0.0003,0.0003,0.07
287.688,,,,-0.0003,0.0003,0.07
287.738,,,,-0.0003,0.0003,0.07
287.824,,,,-0.0003,0.0003,0.07
287.875,,,,-0.0003,0.0003,0.07
287.925,,,,-0.0003,0.0003,0.07
287.976,,,,-0.0003,0.0003,0.07
288.026,,,,-0.0003,0.0003,0.07
288.077,,,,-0.0003,0.0003,0.07
288.128,,,,-0.0003,0.0003,0.07
288.179,,,,-0.0003,0.0003,0.07
288.23,,,,-0.0003,0.0003,0.07
288.28,,,,-0.0003,0.0003,0.07
288.331,,,,-0.0003,0.0003,0.07
288.381,,,,-0.0003,0.0003,0.07
288.432,,,,-0.0003,0.0003,0.07
288.483,,,,-0.0003,0.0003,0.07
288.533,,,,-0.0003,0.0003,0.07
288.584,,,,-0.0003,0.0003,0.07
288.634,,,,-0.0003,0.0003,0.07
288.685,,,,-0.0003,0.0003,0.07
288.735,,,,-0.0003,0.0003,0.07
288.786,,,,-0.0003,0.0003,0.07
288.836,,,,-0.0003,0.0003,0.07
288.886,,,,-0.0003,0.0003,0.07
288.937,,,,-0.0003,0.0003,0.07
288.987,,,,-0.0003,0.0003,0.07
289.038,,,,-0.0003,0.0003,0.07
289.089,,,,-0.0003,0.0003,0.07
289.14,,,,-0.0003,0.0003,0.07
289.19,,,,-0.0003,0.0003,0.07
289.241,,,,-0.0003,0.0003,0.07
289.291,,,,-0.0003,0.0003,0.07
289.342,,,,-0.0003,0.0003,0.07
289.392,,,,-0.0003,0.0003,0.07
289.443,,,,-0.0003,0.0003,0.07
289.493,,,,-0.0003,0.0003,0.07
289.544,,,,-0.0003,0.0003,0.07
289.594,,,,-0.0003,0.0003,0.07
289.645,,,,-0.0003,0.0003,0.07
289.695,,,,-0.0003,0.0003,0.07
289.745,,,,-0.0003,0.0003,0.07
289.796,,,,-0.0003,0.0003,0.07
289.847,,,,-0.0003,0.0003,0.07
289.897,,,,-0.0003,0.0003,0.07
289.948,,,,-0.0003,0.0003,0.07
289.999,,,,-0.0003,0.0003,0.07
290.049,,,,-0.0003,0.0003,0.07
290.1,,,,-0.0003,0.0003,0.07
290.151,,,,-0.0003,0.0003,0.07
290.201,,,,-0.0003,0.0003,0.07
290.252,,,,-0.0003,0.0003,0.07
290.302,,,,-0.0003,0.0003,0.07
290.354,,,,-0.0003,0.0003,0.07
290.404,,,,-0.0003,0.0003,0.07
290.455,,,,-0.0003,0.0003,0.07
290.505,,,,-0.0003,0.0003,0.07
290.556,,,,-0.0003,0.0003,0.07
290.607,,,,-0.0003,0.0003,0.07
290.658,,,,-0.0003,0.0003,0.07
290.709,,,,-0.0003,0.0003,0.07
290.76,,,,-0.0003,0.0003,0.07
290.811,,,,-0.0003,0.0003,0.07
290.861,,,,-0.0003,0.0003,0.07
290.912,,,,-0.0003,0.0003,0.07
290.963,,,,-0.0003,0.0003,0.07
291.013,,,,-0.0003,0.0003,0.07
291.064,,,,-0.0003,0.0003,0.07
291.114,,,,-0.0003,0.0003,0.07
291.165,,,,-0.0003,0.0003,0.07
291.215,,,,-0.0003,0.0003,0.07
291.266,,,,-0.0003,0.0003,0.07
291.317,,,,-0.0003,0.0003,0.07
291.368,,,,-0.0003,0.0003,0.07
291.419,,,,-0.0003,0.0003,0.07
291.469,,,,-0.0003,0.0003,0.07
291.52,,,,-0.0003,0.0003,0.07
291.571,,,,-0.0003,0.0003,0.07
291.621,,,,-0.0003,0.0003,0.07
291.672,,,,-0.0003,0.0003,0.07
291.722,,,,-0.0003,0.0003,0.07
291.773,,,,-0.0003,0.0003,0.07
291.823,,,,-0.0003,0.0003,0.07
291.909,,,,-0.0003,0.0003,0.07
291.961,,,,-0.0003,0.0003,0.07
292.012,,,,-0.0003,0.0003,0.07
292.062,,,,-0.0003,0.0003,0.07
292.113,,,,-0.0003,0.0003,0.07
292.163,,,,-0.0003,0.0003,0.07
292.215,,,,-0.0003,0.0003,0.07
292.265,,,,-0.0003,0.0003,0.07
292.316,,,,-0.0003,0.0003,0.07
292.367,,,,-0.0003,0.0003,0.07
292.417,,,,-0.0003,0.0003,0.07
292.468,,,,-0.0003,0.0003,0.07
292.519,,,,-0.0003,0.0003,0.07
292.569,,,,-0.0003,0.0003,0.07
292.62,,,,-0.0003,0.0003,0.07
292.671,,,,-0.0003,0.0003,0.07
292.722,,,,-0.0003,0.0003,0.07
292.773,,,,-0.0003,0.0003,0.07
292.823,,,,-0.0003,0.0003,0.07
292.874,,,,-0.0003,0.0003,0.07
292.925,,,,-0.0003,0.0003,0.07
292.976,,,,-0.0003,0.0003,0.07
293.026,,,,-0.0003,0.0003,0.07
293.077,,,,-0.0003,0.0003,0.07
293.128,,,,-0.0003,0.0003,0.07
293.179,,,,-0.0003,0.0003,0.07
293.229,,,,-0.0003,0.0003,0.07
293.28,,,,-0.0003,0.0003,0.07
293.331,,,,-0.0003,0.0003,0.07
293.382,,,,-0.0003,0.0003,0.07
293.432,,,,-0.0003,0.0003,0.07
293.482,,,,-0.0003,0.0003,0.07
293.533,,,,-0.0003,0.0003,0.07
293.583,,,,-0.0003,0.0003,0.07
293.634,,,,-0.0003,0.0003,0.07
293.684,,,,-0.0003,0.0003,0.07
293.735,,,,-0.0003,0.0003,0.07
293.786,,,,-0.0003,0.0003,0.07
293.837,,,,-0.0003,0.0003,0.07
293.888,,,,-0.0003,0.0003,0.07
293.938,,,,-0.0003,0.0003,0.07
293.989,,,,-0.0003,0.0003,0.07
294.04,,,,-0.0003,0.0003,0.07
294.09,,,,-0.0003,0.0003,0.07
294.141,,,,-0.0003,0.0003,0.07
294.192,,,,-0.0003,0.0003,0.07
294.243,,,,-0.0003,0.0003,0.07
294.293,,,,-0.0003,0.0003,0.07
294.344,,,,-0.0003,0.0003,0.07
294.395,,,,-0.0003,0.0003,0.07
294.446,,,,-0.0003,0.0003,0.07
294.496,,,,-0.0003,0.0003,0.07
294.547,,,,-0.0003,0.0003,0.07
294.634,,,,-0.0003,0.0003,0.07
294.685,,,,-0.0003,0.0003,0.07
294.736,,,,-0.0003,0.0003,0.07
294.787,,,,-0.0003,0.0003,0.07
294.838,,,,-0.0003,0.0003,0.07
294.889,,,,-0.0003,0.0003,0.07
294.939,,,,-0.0003,0.0003,0.07
294.991,,,,-0.0003,0.0003,0.07
295.041,,,,-0.0003,0.0003,0.07
295.092,,,,-0.0003,0.0003,0.07
295.144,,,,-0.0003,0.0003,0.07
295.194,,,,-0.0003,0.0003,0.07
295.245,,,,-0.0003,0.0003,0.07
295.295,,,,-0.0003,0.0003,0.07
295.346,,,,-0.0003,0.0003,0.07
295.397,,,,-0.0003,0.0003,0.07
295.448,,,,-0.0003,0.0003,0.07
295.498,,,,-0.0003,0.0003,0.07
295.549,,,,-0.0003,0.0003,0.07
295.599,,,,-0.0003,0.0003,0.07
295.65,,,,-0.0003,0.0003,0.07
295.701,,,,-0.0003,0.0003,0.07
295.752,,,,-0.0003,0.0003,0.07
295.803,,,,-0.0003,0.0003,0.07
295.853,,,,-0.0003,0.0003,0.07
295.904,,,,-0.0003,0.0003,0.07
295.955,,,,-0.0003,0.0003,0.07
296.007,,,,-0.0003,0.0003,0.07
296.058,,,,-0.0003,0.0003,0.07
296.109,,,,-0.0003,0.0003,0.07
296.16,,,,-0.0003,0.0003,0.07
296.21,,,,-0.0003,0.0003,0.07
296.262,,,,-0.0003,0.0003,0.07
296.313,,,,-0.0003,0.0003,0.07
296.363,,,,-0.0003,0.0003,0.07
296.414,,,,-0.0003,0.0003,0.07
296.465,,,,-0.0003,0.0003,0.07
296.515,,,,-0.0003,0.0003,0.07
296.566,,,,-0.0003,0.0003,0.07
296.617,,,,-0.0003,0.0003,0.07
296.668,,,,-0.0003,0.0003,0.07
296.719,,,,-0.0003,0.0003,0.07
296.769,,,,-0.0003,0.0003,0.07
296.819,,,,-0.0003,0.0003,0.07
296.87,,,,-0.0003,0.0003,0.07
296.922,,,,-0.0003,0.0003,0.07
296.972,,,,-0.0003,0.0003,0.07
297.023,,,,-0.0003,0.0003,0.07
297.074,,,,-0.0003,0.0003,0.07
297.125,,,,-0.0003,0.0003,0.07
297.175,,,,-0.0003,0.0003,0.07
297.226,,,,-0.0003,0.0003,0.07
297.278,,,,-0.0003,0.0003,0.07
297.366,,,,-0.0003,0.0003,0.07
297.417,,,,-0.0003,0.0003,0.07
297.468,,,,-0.0003,0.0003,0.07
297.518,,,,-0.0003,0.0003,0.07
297.569,,,,-0.0003,0.0003,0.07
297.619,,,,-0.0003,0.0003,0.07
297.67,,,,-0.0003,0.0003,0.07
297.721,,,,-0.0003,0.0003,0.07
297.772,,,,-0.0003,0.0003,0.07
297.823,,,,-0.0003,0.0003,0.07
297.874,,,,-0.0003,0.0003,0.07
297.924,,,,-0.0003,0.0003,0.07
297.974,,,,-0.0003,0.0003,0.07
298.025,,,,-0.0003,0.0003,0.07
298.076,,,,-0.0003,0.0003,0.07
298.127,,,,-0.0003,0.0003,0.07
298.178,,,,-0.0003,0.0003,0.07
298.228,,,,-0.0003,0.0003,0.07
298.279,,,,-0.0003,0.0003,0.07
298.329,,,,-0.0003,0.0003,0.07
298.38,,,,-0.0003,0.0003,0.07
298.431,,,,-0.0003,0.0003,0.07
298.481,,,,-0.0003,0.0003,0.07
298.532,,,,-0.0003,0.0003,0.07
298.582,,,,-0.0003,0.0003,0.07
298.633,,,,-0.0003,0.0003,0.07
298.684,,,,-0.0003,0.0003,0.07
298.735,,,,-0.0003,0.0003,0.07
298.786,,,,-0.0003,0.0003,0.07
298.837,,,,-0.0003,0.0003,0.07
298.888,,,,-0.0003,0.0003,0.07
298.939,,,,-0.0003,0.0003,0.07
298.99,,,,-0.0003,0.0003,0.07
299.042,,,,-0.0003,0.0003,0.07
299.093,,,,-0.0003,0.0003,0.07
299.144,,,,-0.0003,0.0003,0.07
299.194,,,,-0.0003,0.0003,0.07
299.245,,,,-0.0003,0.0003,0.07
299.296,,,,-0.0003,0.0003,0.07
299.347,,,,-0.0003,0.0003,0.07
299.398,,,,-0.0003,0.0003,0.07
299.449,,,,-0.0003,0.0003,0.07
299.499,,,,-0.0003,0.0003,0.07
299.55,,,,-0.0003,0.0003,0.07
299.601,,,,-0.0003,0.0003,0.07
299.653,,,,-0.0003,0.0003,0.07
299.703,,,,-0.0003,0.0003,0.07
299.754,,,,-0.0003,0.0003,0.07
299.805,,,,-0.0003,0.0003,0.07
299.856,,,,-0.0003,0.0003,0.07
299.906,,,,-0.0003,0.0003,0.07
299.957,,,,-0.0003,0.0003,0.07
300.008,,,,-0.0003,0.0003,0.07
300.098,,,,-0.0003,0.0003,0.07
300.151,,,,-0.0003,0.0003,0.07
300.202,,,,-0.0003,0.0003,0.07
300.253,,,,-0.0003,0.0003,0.07
300.304,,,,-0.0003,0.0003,0.07
300.355,,,,-0.0003,0.0003,0.07
300.405,,,,-0.0003,0.0003,0.07
300.456,,,,-0.0003,0.0003,0.07
300.506,,,,-0.0003,0.0003,0.07
300.557,,,,-0.0003,0.0003,0.07
300.608,,,,-0.0003,0.0003,0.07
300.659,,,,-0.0003,0.0003,0.07
300.71,,,,-0.0003,0.0003,0.07
300.761,,,,-0.0003,0.0003,0.07
300.811,,,,-0.0003,0.0003,0.07
300.862,,,,-0.0003,0.0003,0.07
300.913,,,,-0.0003,0.0003,0.07
300.963,,,,-0.0003,0.0003,0.07
301.014,,,,-0.0003,0.0003,0.07
301.064,,,,-0.0003,0.0003,0.07
301.115,,,,-0.0003,0.0003,0.07
301.166,,,,-0.0003,0.0003,0.07
301.217,,,,-0.0003,0.0003,0.07
301.268,,,,-0.0003,0.0003,0.07
301.318,,,,-0.0003,0.0003,0.07
301.369,,,,-0.0003,0.0003,0.07
301.45,,,,-0.0003,0.0003,0.07
301.5,,,,-0.0003,0.0003,0.07
301.551,,,,-0.0003,0.0003,0.07
301.602,,,,-0.0003,0.0003,0.07
301.653,,,,-0.0003,0.0003,0.07
301.703,,,,-0.0003,0.0003,0.07
301.754,,,,-0.0003,0.0003,0.07
301.805,,,,-0.0003,0.0003,0.07
301.856,,,,-0.0003,0.0003,0.07
301.907,,,,-0.0003,0.0003,0.07
301.958,,,,-0.0003,0.0003,0.07
302.008,,,,-0.0003,0.0003,0.07
302.059,,,,-0.0003,0.0003,0.07
302.11,,,,-0.0003,0.0003,0.07
302.16,,,,-0.0003,0.0003,0.07
302.211,,,,-0.0003,0.0003,0.07
302.262,,,,-0.0003,0.0003,0.07
302.313,,,,-0.0003,0.0003,0.07
302.364,,,,-0.0003,0.0003,0.07
302.414,,,,-0.0003,0.0003,0.07
302.465,,,,-0.0003,0.0003,0.07
302.515,,,,-0.0003,0.0003,0.07
302.566,,,,-0.0003,0.0003,0.07
302.617,,,,-0.0003,0.0003,0.07
302.668,,,,-0.0003,0.0003,0.07
302.718,,,,-0.0003,0.0003,0.07
302.769,,,,-0.0003,0.0003,0.07
302.82,,,,-0.0003,0.0003,0.07
302.87,,,,-0.0003,0.0003,0.07
302.921,,,,-0.0003,0.0003,0.07
302.971,,,,-0.0003,0.0003,0.07
303.024,,,,-0.0003,0.0003,0.07
303.076,,,,-0.0003,0.0003,0.07
303.143,,,,-0.0003,0.0003,0.07
303.196,,,,-0.0003,0.0003,0.07
303.248,,,,-0.0003,0.0003,0.07
303.299,,,,-0.0003,0.0003,0.07
303.349,,,,-0.0003,0.0003,0.07
303.402,,,,-0.0003,0.0003,0.07
303.455,,,,-0.0003,0.0003,0.07
303.507,,,,-0.0003,0.0003,0.07
303.557,,,,-0.0003,0.0003,0.07
303.608,,,,-0.0003,0.0003,0.07
303.66,,,,-0.0003,0.0003,0.07
303.711,,,,-0.0003,0.0003,0.07
303.761,,,,-0.0003,0.0003,0.07
303.813,,,,-0.0003,0.0003,0.07
303.863,,,,-0.0003,0.0003,0.07
303.915,,,,-0.0003,0.0003,0.07
303.966,,,,-0.0003,0.0003,0.07
304.017,,,,-0.0003,0.0003,0.07
304.067,,,,-0.0003,0.0003,0.07
304.119,,,,-0.0003,0.0003,0.07
304.178,,,,-0.0003,0.0003,0.07
304.229,,,,-0.0003,0.0003,0.07
304.279,,,,-0.0003,0.0003,0.07
304.33,,,,-0.0003,0.0003,0.07
304.381,,,,-0.0003,0.0003,0.07
304.431,,,,-0.0003,0.0003,0.07
304.482,,,,-0.0003,0.0003,0.07
304.532,,,,-0.0003,0.0003,0.07
304.583,,,,-0.0003,0.0003,0.07
304.635,,,,-0.0003,0.0003,0.07
304.685,,,,-0.0003,0.0003,0.07
304.735,,,,-0.0003,0.0003,0.07
304.786,,,,-0.0003,0.0003,0.07
304.837,,,,-0.0003,0.0003,0.07
304.888,,,,-0.0003,0.0003,0.07
304.942,,,,-0.0003,0.0003,0.07
304.993,,,,-0.0003,0.0003,0.07
305.044,,,,-0.0003,0.0003,0.07
305.094,,,,-0.0003,0.0003,0.07
305.145,,,,-0.0003,0.0003,0.07
305.195,,,,-0.0003,0.0003,0.07
305.246,,,,-0.0003,0.0003,0.07
305.312,,,,-0.0003,0.0003,0.07
305.371,,,,-0.0003,0.0003,0.07
305.423,,,,-0.0003,0.0003,0.07
305.478,,,,-0.0003,0.0003,0.07
305.529,,,,-0.0003,0.0003,0.07
305.581,,,,-0.0003,0.0003,0.07
305.632,,,,-0.0003,0.0003,0.07
305.685,,,,-0.0003,0.0003,0.07
305.737,,,,-0.0003,0.0003,0.07
305.789,,,,-0.0003,0.0003,0.07
305.839,,,,-0.0003,0.0003,0.07
305.89,,,,-0.0003,0.0003,0.07
305.941,,,,-0.0003,0.0003,0.07
305.994,,,,-0.0003,0.0003,0.07
306.044,,,,-0.0003,0.0003,0.07
306.099,,,,-0.0003,0.0003,0.07
306.151,,,,-0.0003,0.0003,0.07
306.202,,,,-0.0003,0.0003,0.07
306.259,,,,-0.0003,0.0003,0.07
306.319,,,,-0.0003,0.0003,0.07
306.374,,,,-0.0003,0.0003,0.07
306.429,,,,-0.0003,0.0003,0.07
306.483,,,,-0.0003,0.0003,0.07
306.538,,,,-0.0003,0.0003,0.07
306.59,,,,-0.0003,0.0003,0.07
306.64,,,,-0.0003,0.0003,0.07
306.691,,,,-0.0003,0.0003,0.07
306.742,,,,-0.0003,0.0003,0.07
306.792,,,,-0.0003,0.0003,0.07
306.843,,,,-0.0003,0.0003,0.07
306.894,,,,-0.0003,0.0003,0.07
306.945,,,,-0.0003,0.0003,0.07
306.996,,,,-0.0003,0.0003,0.07
307.046,,,,-0.0003,0.0003,0.07
307.097,,,,-0.0003,0.0003,0.07
307.147,,,,-0.0003,0.0003,0.07
307.197,,,,-0.0003,0.0003,0.07
307.248,,,,-0.0003,0.0003,0.07
307.298,,,,-0.0003,0.0003,0.07
307.349,,,,-0.0003,0.0003,0.07
307.4,,,,-0.0003,0.0003,0.07
307.451,,,,-0.0003,0.0003,0.07
307.501,,,,-0.0003,0.0003,0.07
307.552,,,,-0.0003,0.0003,0.07
307.603,,,,-0.0003,0.0003,0.07
307.653,,,,-0.0003,0.0003,0.07
307.704,,,,-0.0003,0.0003,0.07
307.755,,,,-0.0003,0.0003,0.07
307.806,,,,-0.0003,0.0003,0.07
307.856,,,,-0.0003,0.0003,0.07
307.907,,,,-0.0003,0.0003,0.07
307.957,,,,-0.0003,0.0003,0.07
308.008,,,,-0.0003,0.0003,0.07
308.059,,,,-0.0003,0.0003,0.07
308.109,,,,-0.0003,0.0003,0.07
308.16,,,,-0.0003,0.0003,0.07
308.211,,,,-0.0003,0.0003,0.07
308.261,,,,-0.0003,0.0003,0.07
308.312,,,,-0.0003,0.0003,0.07
308.363,,,,-0.0003,0.0003,0.07
308.414,,,,-0.0003,0.0003,0.07
308.464,,,,-0.0003,0.0003,0.07
308.515,,,,-0.0003,0.0003,0.07
308.566,,,,-0.0003,0.0003,0.07
308.617,,,,-0.0003,0.0003,0.07
308.668,,,,-0.0003,0.0003,0.07
308.718,,,,-0.0003,0.0003,0.07
308.769,,,,-0.0003,0.0003,0.07
308.819,,,,-0.0003,0.0003,0.07
308.87,,,,-0.0003,0.0003,0.07
308.924,,,,-0.0003,0.0003,0.07
308.975,,,,-0.0003,0.0003,0.07
309.026,,,,-0.0003,0.0003,0.07
309.078,,,,-0.0003,0.0003,0.07
309.129,,,,-0.0003,0.0003,0.07
309.18,,,,-0.0003,0.0003,0.07
309.231,,,,-0.0003,0.0003,0.07
309.283,,,,-0.0003,0.0003,0.07
309.339,,,,-0.0003,0.0003,0.07
309.391,,,,-0.0003,0.0003,0.07
309.443,,,,-0.0003,0.0003,0.07
309.494,,,,-0.0003,0.0003,0.07
309.544,,,,-0.0003,0.0003,0.07
309.596,,,,-0.0003,0.0003,0.07
309.647,,,,-0.0003,0.0003,0.07
309.697,,,,-0.0003,0.0003,0.07
309.748,,,,-0.0003,0.0003,0.07
309.799,,,,-0.0003,0.0003,0.07
309.85,,,,-0.0003,0.0003,0.07
309.901,,,,-0.0003,0.0003,0.07
309.952,,,,-0.0003,0.0003,0.07
310.004,,,,-0.0003,0.0003,0.07
310.054,,,,-0.0003,0.0003,0.07
310.106,,,,-0.0003,0.0003,0.07
310.157,,,,-0.0003,0.0003,0.07
310.208,,,,-0.0003,0.0003,0.07
310.259,,,,-0.0003,0.0003,0.07
310.31,,,,-0.0003,0.0003,0.07
310.36,,,,-0.0003,0.0003,0.07
310.411,,,,-0.0003,0.0003,0.07
310.461,,,,-0.0003,0.0003,0.07
310.512,,,,-0.0003,0.0003,0.07
310.563,,,,-0.0003,0.0003,0.07
310.614,,,,-0.0003,0.0003,0.07
310.665,,,,-0.0003,0.0003,0.07
310.715,,,,-0.0003,0.0003,0.07
310.767,,,,-0.0003,0.0003,0.07
310.817,,,,-0.0003,0.0003,0.07
310.868,,,,-0.0003,0.0003,0.07
310.919,,,,-0.0003,0.0003,0.07
311.003,,,,-0.0003,0.0003,0.07
311.054,,,,-0.0003,0.0003,0.07
311.104,,,,-0.0003,0.0003,0.07
311.155,,,,-0.0003,0.0003,0.07
311.206,,,,-0.0003,0.0003,0.07
311.256,,,,-0.0003,0.0003,0.07
311.307,,,,-0.0003,0.0003,0.07
311.358,,,,-0.0003,0.0003,0.07
311.409,,,,-0.0003,0.0003,0.07
311.459,,,,-0.0003,0.0003,0.07
311.51,,,,-0.0003,0.0003,0.07
311.561,,,,-0.0003,0.0003,0.07
311.611,,,,-0.0003,0.0003,0.07
311.662,,,,-0.0003,0.0003,0.07
311.713,,,,-0.0003,0.0003,0.07
311.763,,,,-0.0003,0.0003,0.07
311.814,,,,-0.0003,0.0003,0.07
311.865,,,,-0.0003,0.0003,0.07
311.915,,,,-0.0003,0.0003,0.07
311.966,,,,-0.0003,0.0003,0.07
312.017,,,,-0.0003,0.0003,0.07
312.067,,,,-0.0003,0.0003,0.07
312.118,,,,-0.0003,0.0003,0.07
312.168,,,,-0.0003,0.0003,0.07
312.219,,,,-0.0003,0.0003,0.07
312.27,,,,-0.0003,0.0003,0.07
312.359,,,,-0.0003,0.0003,0.07
312.41,,,,-0.0003,0.0003,0.07
312.462,,,,-0.0003,0.0003,0.07
312.512,,,,-0.0003,0.0003,0.07
312.563,,,,-0.0003,0.0003,0.07
312.614,,,,-0.0003,0.0003,0.07
312.665,,,,-0.0003,0.0003,0.07
312.716,,,,-0.0003,0.0003,0.07
312.767,,,,-0.0003,0.0003,0.07
312.817,,,,-0.0003,0.0003,0.07
312.868,,,,-0.0003,0.0003,0.07
312.919,,,,-0.0003,0.0003,0.07
312.97,,,,-0.0003,0.0003,0.07
313.02,,,,-0.0003,0.0003,0.07
313.071,,,,-0.0003,0.0003,0.07
313.122,,,,-0.0003,0.0003,0.07
313.173,,,,-0.0003,0.0003,0.07
313.223,,,,-0.0003,0.0003,0.07
313.274,,,,-0.0003,0.0003,0.07
313.325,,,,-0.0003,0.0003,0.07
313.376,,,,-0.0003,0.0003,0.07
313.427,,,,-0.0003,0.0003,0.07
313.478,,,,-0.0003,0.0003,0.07
313.528,,,,-0.0003,0.0003,0.07
313.579,,,,-0.0003,0.0003,0.07
313.63,,,,-0.0003,0.0003,0.07
313.68,,,,-0.0003,0.0003,0.07
313.731,,,,-0.0003,0.0003,0.07
313.782,,,,-0.0003,0.0003,0.07
313.832,,,,-0.0003,0.0003,0.07
313.883,,,,-0.0003,0.0003,0.07
313.933,,,,-0.0003,0.0003,0.07
313.984,,,,-0.0003,0.0003,0.07
314.034,,,,-0.0003,0.0003,0.07
314.085,,,,-0.0003,0.0003,0.07
314.136,,,,-0.0003,0.0003,0.07
314.187,,,,-0.0003,0.0003,0.07
314.237,,,,-0.0003,0.0003,0.07
314.288,,,,-0.0003,0.0003,0.07
314.339,,,,-0.0003,0.0003,0.07
314.389,,,,-0.0003,0.0003,0.07
314.44,,,,-0.0003,0.0003,0.07
314.491,,,,-0.0003,0.0003,0.07
314.541,,,,-0.0003,0.0003,0.07
314.592,,,,-0.0003,0.0003,0.07
314.642,,,,-0.0003,0.0003,0.07
314.693,,,,-0.0003,0.0003,0.07
314.744,,,,-0.0003,0.0003,0.07
314.794,,,,-0.0003,0.0003,0.07
314.845,,,,-0.0003,0.0003,0.07
314.896,,,,-0.0003,0.0003,0.07
314.946,,,,-0.0003,0.0003,0.07
314.997,,,,-0.0003,0.0003,0.07
315.087,,,,-0.0003,0.0003,0.07
315.137,,,,-0.0003,0.0003,0.07
315.188,,,,-0.0003,0.0003,0.07
315.239,,,,-0.0003,0.0003,0.07
315.289,,,,-0.0003,0.0003,0.07
315.34,,,,-0.0003,0.0003,0.07
315.391,,,,-0.0003,0.0003,0.07
315.441,,,,-0.0003,0.0003,0.07
315.491,,,,-0.0003,0.0003,0.07
315.542,,,,-0.0003,0.0003,0.07
315.593,,,,-0.0003,0.0003,0.07
315.643,,,,-0.0003,0.0003,0.07
315.693,,,,-0.0003,0.0003,0.07
315.744,,,,-0.0003,0.0003,0.07
315.795,,,,-0.0003,0.0003,0.07
315.846,,,,-0.0003,0.0003,0.07
315.896,,,,-0.0003,0.0003,0.07
315.947,,,,-0.0003,0.0003,0.07
315.998,,,,-0.0003,0.0003,0.07
316.048,,,,-0.0003,0.0003,0.07
316.099,,,,-0.0003,0.0003,0.07
316.15,,,,-0.0003,0.0003,0.07
316.201,,,,-0.0003,0.0003,0.07
316.251,,,,-0.0003,0.0003,0.07
316.302,,,,-0.0003,0.0003,0.07
316.352,,,,-0.0003,0.0003,0.07
316.403,,,,-0.0003,0.0003,0.07
316.454,,,,-0.0003,0.0003,0.07
316.505,,,,-0.0003,0.0003,0.07
316.555,,,,-0.0003,0.0003,0.07
316.606,,,,-0.0003,0.0003,0.07
316.657,,,,-0.0003,0.0003,0.07
316.708,,,,-0.0003,0.0003,0.07
316.759,,,,-0.0003,0.0003,0.07
316.809,,,,-0.0003,0.0003,0.07
316.86,,,,-0.0003,0.0003,0.07
316.911,,,,-0.0003,0.0003,0.07
316.961,,,,-0.0003,0.0003,0.07
317.012,,,,-0.0003,0.0003,0.07
317.062,,,,-0.0003,0.0003,0.07
317.113,,,,-0.0003,0.0003,0.07
317.164,,,,-0.0003,0.0003,0.07
317.215,,,,-0.0003,0.0003,0.07
317.266,,,,-0.0003,0.0003,0.07
317.317,,,,-0.0003,0.0003,0.07
317.367,,,,-0.0003,0.0003,0.07
317.418,,,,-0.0003,0.0003,0.07
317.468,,,,-0.0003,0.0003,0.07
317.519,,,,-0.0003,0.0003,0.07
317.57,,,,-0.0003,0.0003,0.07
317.62,,,,-0.0003,0.0003,0.07
317.671,,,,-0.0003,0.0003,0.07
317.722,,,,-0.0003,0.0003,0.07
317.808,,,,-0.0003,0.0003,0.07
317.858,,,,-0.0003,0.0003,0.07
317.909,,,,-0.0003,0.0003,0.07
317.959,,,,-0.0003,0.0003,0.07
318.01,,,,-0.0003,0.0003,0.07
318.061,,,,-0.0003,0.0003,0.07
318.111,,,,-0.0003,0.0003,0.07
318.162,,,,-0.0003,0.0003,0.07
318.213,,,,-0.0003,0.0003,0.07
318.264,,,,-0.0003,0.0003,0.07
318.314,,,,-0.0003,0.0003,0.07
318.365,,,,-0.0003,0.0003,0.07
318.416,,,,-0.0003,0.0003,0.07
318.466,,,,-0.0003,0.0003,0.07
318.517,,,,-0.0003,0.0003,0.07
318.567,,,,-0.0003,0.0003,0.07
318.618,,,,-0.0003,0.0003,0.07
318.669,,,,-0.0003,0.0003,0.07
318.719,,,,-0.0003,0.0003,0.07
318.77,,,,-0.0003,0.0003,0.07
318.821,,,,-0.0003,0.0003,0.07
318.871,,,,-0.0003,0.0003,0.07
318.922,,,,-0.0003,0.0003,0.07
318.973,,,,-0.0003,0.0003,0.07
319.024,,,,-0.0003,0.0003,0.07
319.075,,,,-0.0003,0.0003,0.07
319.125,,,,-0.0003,0.0003,0.07
319.183,,,,-0.0003,0.0003,0.07
319.234,,,,-0.0003,0.0003,0.07
319.284,,,,-0.0003,0.0003,0.07
319.335,,,,-0.0003,0.0003,0.07
319.386,,,,-0.0003,0.0003,0.07
319.436,,,,-0.0003,0.0003,0.07
319.487,,,,-0.0003,0.0003,0.07
319.538,,,,-0.0003,0.0003,0.07
319.59,,,,-0.0003,0.0003,0.07
319.64,,,,-0.0003,0.0003,0.07
319.691,,,,-0.0003,0.0003,0.07
319.742,,,,-0.0003,0.0003,0.07
319.793,,,,-0.0003,0.0003,0.07
319.843,,,,-0.0003,0.0003,0.07
319.894,,,,-0.0003,0.0003,0.07
319.945,,,,-0.0003,0.0003,0.07
319.996,,,,-0.0003,0.0003,0.07
320.046,,,,-0.0003,0.0003,0.07
320.097,,,,-0.0003,0.0003,0.07
320.148,,,,-0.0003,0.0003,0.07
320.199,,,,-0.0003,0.0003,0.07
320.249,,,,-0.0003,0.0003,0.07
320.3,,,,-0.0003,0.0003,0.07
320.35,,,,-0.0003,0.0003,0.07
320.401,,,,-0.0003,0.0003,0.07
320.451,,,,-0.0003,0.0003,0.07
320.502,,,,-0.0003,0.0003,0.07
320.552,,,,-0.0003,0.0003,0.07
320.604,,,,-0.0003,0.0003,0.07
320.654,,,,-0.0003,0.0003,0.07
320.705,,,,-0.0003,0.0003,0.07
320.756,,,,-0.0003,0.0003,0.07
320.807,,,,-0.0003,0.0003,0.07
320.857,,,,-0.0003,0.0003,0.07
320.908,,,,-0.0003,0.0003,0.07
320.959,,,,-0.0003,0.0003,0.07
321.01,,,,-0.0003,0.0003,0.07
321.06,,,,-0.0003,0.0003,0.07
321.111,,,,-0.0003,0.0003,0.07
321.162,,,,-0.0003,0.0003,0.07
321.213,,,,-0.0003,0.0003,0.07
321.264,,,,-0.0003,0.0003,0.07
321.314,,,,-0.0003,0.0003,0.07
321.365,,,,-0.0003,0.0003,0.07
321.416,,,,-0.0003,0.0003,0.07
321.466,,,,-0.0003,0.0003,0.07
321.516,,,,-0.0003,0.0003,0.07
321.568,,,,-0.0003,0.0003,0.07
321.619,,,,-0.0003,0.0003,0.07
321.669,,,,-0.0003,0.0003,0.07
321.72,,,,-0.0003,0.0003,0.07
321.772,,,,-0.0003,0.0003,0.07
321.823,,,,-0.0003,0.0003,0.07
321.905,,,,-0.0003,0.0003,0.07
321.955,,,,-0.0003,0.0003,0.07
322.007,,,,-0.0003,0.0003,0.07
322.057,,,,-0.0003,0.0003,0.07
322.108,,,,-0.0003,0.0003,0.07
322.159,,,,-0.0003,0.0003,0.07
322.209,,,,-0.0003,0.0003,0.07
322.26,,,,-0.0003,0.0003,0.07
322.31,,,,-0.0003,0.0003,0.07
322.361,,,,-0.0003,0.0003,0.07
322.411,,,,-0.0003,0.0003,0.07
322.462,,,,-0.0003,0.0003,0.07
322.513,,,,-0.0003,0.0003,0.07
322.563,,,,-0.0003,0.0003,0.07
322.614,,,,-0.0003,0.0003,0.07
322.664,,,,-0.0003,0.0003,0.07
322.715,,,,-0.0003,0.0003,0.07
322.765,,,,-0.0003,0.0003,0.07
322.816,,,,-0.0003,0.0003,0.07
322.867,,,,-0.0003,0.0003,0.07
322.917,,,,-0.0003,0.0003,0.07
322.968,,,,-0.0003,0.0003,0.07
323.019,,,,-0.0003,0.0003,0.07
323.07,,,,-0.0003,0.0003,0.07
323.121,,,,-0.0003,0.0003,0.07
323.171,,,,-0.0003,0.0003,0.07
323.222,,,,-0.0003,0.0003,0.07
323.275,,,,-0.0003,0.0003,0.07
323.327,,,,-0.0003,0.0003,0.07
323.378,,,,-0.0003,0.0003,0.07
323.428,,,,-0.0003,0.0003,0.07
323.479,,,,-0.0003,0.0003,0.07
323.53,,,,-0.0003,0.0003,0.07
323.58,,,,-0.0003,0.0003,0.07
323.631,,,,-0.0003,0.0003,0.07
323.682,,,,-0.0003,0.0003,0.07
323.732,,,,-0.0003,0.0003,0.07
323.783,,,,-0.0003,0.0003,0.07
323.834,,,,-0.0003,0.0003,0.07
323.885,,,,-0.0003,0.0003,0.07
323.936,,,,-0.0003,0.0003,0.07
323.987,,,,-0.0003,0.0003,0.07
324.037,,,,-0.0003,0.0003,0.07
324.088,,,,-0.0003,0.0003,0.07
324.138,,,,-0.0003,0.0003,0.07
324.189,,,,-0.0003,0.0003,0.07
324.239,,,,-0.0003,0.0003,0.07
324.29,,,,-0.0003,0.0003,0.07
324.341,,,,-0.0003,0.0003,0.07
324.391,,,,-0.0003,0.0003,0.07
324.442,,,,-0.0003,0.0003,0.07
324.493,,,,-0.0003,0.0003,0.07
324.544,,,,-0.0003,0.0003,0.07
324.595,,,,-0.0003,0.0003,0.07
324.645,,,,-0.0003,0.0003,0.07
324.696,,,,-0.0003,0.0003,0.07
324.747,,,,-0.0003,0.0003,0.07
324.798,,,,-0.0003,0.0003,0.07
324.849,,,,-0.0003,0.0003,0.07
324.9,,,,-0.0003,0.0003,0.07
324.95,,,,-0.0003,0.0003,0.07
325.001,,,,-0.0003,0.0003,0.07
325.052,,,,-0.0003,0.0003,0.07
325.102,,,,-0.0003,0.0003,0.07
325.153,,,,-0.0003,0.0003,0.07
325.204,,,,-0.0003,0.0003,0.07
325.255,,,,-0.0003,0.0003,0.07
325.305,,,,-0.0003,0.0003,0.07
325.356,,,,-0.0003,0.0003,0.07
325.409,,,,-0.0003,0.0003,0.07
325.459,,,,-0.0003,0.0003,0.07
325.51,,,,-0.0003,0.0003,0.07
325.561,,,,-0.0003,0.0003,0.07
325.612,,,,-0.0003,0.0003,0.07
325.663,,,,-0.0003,0.0003,0.07
325.713,,,,-0.0003,0.0003,0.07
325.764,,,,-0.0003,0.0003,0.07
325.815,,,,-0.0003,0.0003,0.07
325.865,,,,-0.0003,0.0003,0.07
325.916,,,,-0.0003,0.0003,0.07
325.999,,,,-0.0003,0.0003,0.07
326.05,,,,-0.0003,0.0003,0.07
326.101,,,,-0.0003,0.0003,0.07
326.151,,,,-0.0003,0.0003,0.07
326.203,,,,-0.0003,0.0003,0.07
326.254,,,,-0.0003,0.0003,0.07
326.304,,,,-0.0003,0.0003,0.07
326.355,,,,-0.0003,0.0003,0.07
326.406,,,,-0.0003,0.0003,0.07
326.456,,,,-0.0003,0.0003,0.07
326.507,,,,-0.0003,0.0003,0.07
326.558,,,,-0.0003,0.0003,0.07
326.609,,,,-0.0003,0.0003,0.07
326.659,,,,-0.0003,0.0003,0.07
326.71,,,,-0.0003,0.0003,0.07
326.761,,,,-0.0003,0.0003,0.07
326.812,,,,-0.0003,0.0003,0.07
326.863,,,,-0.0003,0.0003,0.07
326.914,,,,-0.0003,0.0003,0.07
326.965,,,,-0.0003,0.0003,0.07
327.016,,,,-0.0003,0.0003,0.07
327.066,,,,-0.0003,0.0003,0.07
327.117,,,,-0.0003,0.0003,0.07
327.168,,,,-0.0003,0.0003,0.07
327.218,,,,-0.0003,0.0003,0.07
327.269,,,,-0.0003,0.0003,0.07
327.32,,,,-0.0003,0.0003,0.07
327.371,,,,-0.0003,0.0003,0.07
327.422,,,,-0.0003,0.0003,0.07
327.473,,,,-0.0003,0.0003,0.07
327.523,,,,-0.0003,0.0003,0.07
327.574,,,,-0.0003,0.0003,0.07
327.625,,,,-0.0003,0.0003,0.07
327.676,,,,-0.0003,0.0003,0.07
327.727,,,,-0.0003,0.0003,0.07
327.777,,,,-0.0003,0.0003,0.07
327.828,,,,-0.0003,0.0003,0.07
327.879,,,,-0.0003,0.0003,0.07
327.929,,,,-0.0003,0.0003,0.07
327.98,,,,-0.0003,0.0003,0.07
328.03,,,,-0.0003,0.0003,0.07
328.081,,,,-0.0003,0.0003,0.07
328.131,,,,-0.0003,0.0003,0.07
328.182,,,,-0.0003,0.0003,0.07
328.233,,,,-0.0003,0.0003,0.07
328.284,,,,-0.0003,0.0003,0.07
328.334,,,,-0.0003,0.0003,0.07
328.385,,,,-0.0003,0.0003,0.07
328.436,,,,-0.0003,0.0003,0.07
328.486,,,,-0.0003,0.0003,0.07
328.537,,,,-0.0003,0.0003,0.07
328.588,,,,-0.0003,0.0003,0.07
328.638,,,,-0.0003,0.0003,0.07
328.714,,,,-0.0003,0.0003,0.07
328.765,,,,-0.0003,0.0003,0.07
328.816,,,,-0.0003,0.0003,0.07
328.866,,,,-0.0003,0.0003,0.07
328.917,,,,-0.0003,0.0003,0.07
328.967,,,,-0.0003,0.0003,0.07
329.017,,,,-0.0003,0.0003,0.07
329.068,,,,-0.0003,0.0003,0.07
329.119,,,,-0.0003,0.0003,0.07
329.17,,,,-0.0003,0.0003,0.07
329.22,,,,-0.0003,0.0003,0.07
329.271,,,,-0.0003,0.0003,0.07
329.322,,,,-0.0003,0.0003,0.07
329.373,,,,-0.0003,0.0003,0.07
329.424,,,,-0.0003,0.0003,0.07
329.474,,,,-0.0003,0.0003,0.07
329.525,,,,-0.0003,0.0003,0.07
329.575,,,,-0.0003,0.0003,0.07
329.627,,,,-0.0003,0.0003,0.07
329.677,,,,-0.0003,0.0003,0.07
329.727,,,,-0.0003,0.0003,0.07
329.779,,,,-0.0003,0.0003,0.07
329.83,,,,-0.0003,0.0003,0.07
329.881,,,,-0.0003,0.0003,0.07
329.932,,,,-0.0003,0.0003,0.07
329.983,,,,-0.0003,0.0003,0.07
330.034,,,,-0.0003,0.0003,0.07
330.085,,,,-0.0003,0.0003,0.07
330.135,,,,-0.0003,0.0003,0.07
330.186,,,,-0.0003,0.0003,0.07
330.237,,,,-0.0003,0.0003,0.07
330.288,,,,-0.0003,0.0003,0.07
330.339,,,,-0.0003,0.0003,0.07
330.39,,,,-0.0003,0.0003,0.07
330.441,,,,-0.0003,0.0003,0.07
330.492,,,,-0.0003,0.0003,0.07
330.543,,,,-0.0003,0.0003,0.07
330.593,,,,-0.0003,0.0003,0.07
330.644,,,,-0.0003,0.0003,0.07
330.694,,,,-0.0003,0.0003,0.07
330.745,,,,-0.0003,0.0003,0.07
330.795,,,,-0.0003,0.0003,0.07
330.846,,,,-0.0003,0.0003,0.07
330.897,,,,-0.0003,0.0003,0.07
330.947,,,,-0.0003,0.0003,0.07
330.998,,,,-0.0003,0.0003,0.07
331.048,,,,-0.0003,0.0003,0.07
331.099,,,,-0.0003,0.0003,0.07
331.15,,,,-0.0003,0.0003,0.07
331.2,,,,-0.0003,0.0003,0.07
331.251,,,,-0.0003,0.0003,0.07
331.301,,,,-0.0003,0.0003,0.07
331.352,,,,-0.0003,0.0003,0.07
331.403,,,,-0.0003,0.0003,0.07
331.453,,,,-0.0003,0.0003,0.07
331.504,,,,-0.0003,0.0003,0.07
331.555,,,,-0.0003,0.0003,0.07
331.606,,,,-0.0003,0.0003,0.07
331.657,,,,-0.0003,0.0003,0.07
331.708,,,,-0.0003,0.0003,0.07
331.759,,,,-0.0003,0.0003,0.07
331.809,,,,-0.0003,0.0003,0.07
331.86,,,,-0.0003,0.0003,0.07
331.911,,,,-0.0003,0.0003,0.07
331.962,,,,-0.0003,0.0003,0.07
332.013,,,,-0.0003,0.0003,0.07
332.064,,,,-0.0003,0.0003,0.07
332.115,,,,-0.0003,0.0003,0.07
332.166,,,,-0.0003,0.0003,0.07
332.217,,,,-0.0003,0.0003,0.07
332.267,,,,-0.0003,0.0003,0.07
332.318,,,,-0.0003,0.0003,0.07
332.369,,,,-0.0003,0.0003,0.07
332.42,,,,-0.0003,0.0003,0.07
332.47,,,,-0.0003,0.0003,0.07
332.521,,,,-0.0003,0.0003,0.07
332.572,,,,-0.0003,0.0003,0.07
332.623,,,,-0.0003,0.0003,0.07
332.674,,,,-0.0003,0.0003,0.07
332.725,,,,-0.0003,0.0003,0.07
332.81,,,,-0.0003,0.0003,0.07
332.861,,,,-0.0003,0.0003,0.07
332.911,,,,-0.0003,0.0003,0.07
332.962,,,,-0.0003,0.0003,0.07
333.013,,,,-0.0003,0.0003,0.07
333.064,,,,-0.0003,0.0003,0.07
333.115,,,,-0.0003,0.0003,0.07
333.166,,,,-0.0003,0.0003,0.07
333.216,,,,-0.0003,0.0003,0.07
333.267,,,,-0.0003,0.0003,0.07
333.318,,,,-0.0003,0.0003,0.07
333.369,,,,-0.0003,0.0003,0.07
333.419,,,,-0.0003,0.0003,0.07
333.47,,,,-0.0003,0.0003,0.07
333.521,,,,-0.0003,0.0003,0.07
333.571,,,,-0.0003,0.0003,0.07
333.622,,,,-0.0003,0.0003,0.07
333.673,,,,-0.0003,0.0003,0.07
333.723,,,,-0.0003,0.0003,0.07
333.773,,,,-0.0003,0.0003,0.07
333.824,,,,-0.0003,0.0003,0.07
333.874,,,,-0.0003,0.0003,0.07
333.926,,,,-0.0003,0.0003,0.07
333.977,,,,-0.0003,0.0003,0.07
334.028,,,,-0.0003,0.0003,0.07
334.078,,,,-0.0003,0.0003,0.07
334.129,,,,-0.0003,0.0003,0.07
334.18,,,,-0.0003,0.0003,0.07
334.231,,,,-0.0003,0.0003,0.07
334.281,,,,-0.0003,0.0003,0.07
334.332,,,,-0.0003,0.0003,0.07
334.383,,,,-0.0003,0.0003,0.07
334.433,,,,-0.0003,0.0003,0.07
334.484,,,,-0.0003,0.0003,0.07
334.535,,,,-0.0003,0.0003,0.07
334.585,,,,-0.0003,0.0003,0.07
334.636,,,,-0.0003,0.0003,0.07
334.687,,,,-0.0003,0.0003,0.07
334.738,,,,-0.0003,0.0003,0.07
334.788,,,,-0.0003,0.0003,0.07
334.839,,,,-0.0003,0.0003,0.07
334.89,,,,-0.0003,0.0003,0.07
334.94,,,,-0.0003,0.0003,0.07
334.991,,,,-0.0003,0.0003,0.07
335.042,,,,-0.0003,0.0003,0.07
335.092,,,,-0.0003,0.0003,0.07
335.143,,,,-0.0003,0.0003,0.07
335.193,,,,-0.0003,0.0003,0.07
335.244,,,,-0.0003,0.0003,0.07
335.295,,,,-0.0003,0.0003,0.07
335.345,,,,-0.0003,0.0003,0.07
335.396,,,,-0.0003,0.0003,0.07
335.446,,,,-0.0003,0.0003,0.07
335.536,,,,-0.0003,0.0003,0.07
335.587,,,,-0.0003,0.0003,0.07
335.637,,,,-0.0003,0.0003,0.07
335.687,,,,-0.0003,0.0003,0.07
335.738,,,,-0.0003,0.0003,0.07
335.788,,,,-0.0003,0.0003,0.07
335.839,,,,-0.0003,0.0003,0.07
335.889,,,,-0.0003,0.0003,0.07
335.941,,,,-0.0003,0.0003,0.07
335.992,,,,-0.0003,0.0003,0.07
336.043,,,,-0.0003,0.0003,0.07
336.093,,,,-0.0003,0.0003,0.07
336.144,,,,-0.0003,0.0003,0.07
336.195,,,,-0.0003,0.0003,0.07
336.245,,,,-0.0003,0.0003,0.07
336.296,,,,-0.0003,0.0003,0.07
336.346,,,,-0.0003,0.0003,0.07
336.399,,,,-0.0003,0.0003,0.07
336.45,,,,-0.0003,0.0003,0.07
336.501,,,,-0.0003,0.0003,0.07
336.551,,,,-0.0003,0.0003,0.07
336.602,,,,-0.0003,0.0003,0.07
336.653,,,,-0.0003,0.0003,0.07
336.703,,,,-0.0003,0.0003,0.07
336.754,,,,-0.0003,0.0003,0.07
336.805,,,,-0.0003,0.0003,0.07
336.856,,,,-0.0003,0.0003,0.07
336.907,,,,-0.0003,0.0003,0.07
336.957,,,,-0.0003,0.0003,0.07
337.008,,,,-0.0003,0.0003,0.07
337.058,,,,-0.0003,0.0003,0.07
337.109,,,,-0.0003,0.0003,0.07
337.159,,,,-0.0003,0.0003,0.07
337.21,,,,-0.0003,0.0003,0.07
337.26,,,,-0.0003,0.0003,0.07
337.311,,,,-0.0003,0.0003,0.07
337.361,,,,-0.0003,0.0003,0.07
337.412,,,,-0.0003,0.0003,0.07
337.462,,,,-0.0003,0.0003,0.07
337.513,,,,-0.0003,0.0003,0.07
337.564,,,,-0.0003,0.0003,0.07
337.614,,,,-0.0003,0.0003,0.07
337.665,,,,-0.0003,0.0003,0.07
337.716,,,,-0.0003,0.0003,0.07
337.766,,,,-0.0003,0.0003,0.07
337.817,,,,-0.0003,0.0003,0.07
337.868,,,,-0.0003,0.0003,0.07
337.918,,,,-0.0003,0.0003,0.07
337.969,,,,-0.0003,0.0003,0.07
338.02,,,,-0.0003,0.0003,0.07
338.071,,,,-0.0003,0.0003,0.07
338.121,,,,-0.0003,0.0003,0.07
338.172,,,,-0.0003,0.0003,0.07
338.223,,,,-0.0003,0.0003,0.07
338.274,,,,-0.0003,0.0003,0.07
338.325,,,,-0.0003,0.0003,0.07
338.376,,,,-0.0003,0.0003,0.07
338.427,,,,-0.0003,0.0003,0.07
338.478,,,,-0.0003,0.0003,0.07
338.528,,,,-0.0003,0.0003,0.07
338.579,,,,-0.0003,0.0003,0.07
338.63,,,,-0.0003,0.0003,0.07
338.681,,,,-0.0003,0.0003,0.07
338.731,,,,-0.0003,0.0003,0.07
338.782,,,,-0.0003,0.0003,0.07
338.832,,,,-0.0003,0.0003,0.07
338.883,,,,-0.0003,0.0003,0.07
338.934,,,,-0.0003,0.0003,0.07
338.984,,,,-0.0003,0.0003,0.07
339.035,,,,-0.0003,0.0003,0.07
339.086,,,,-0.0003,0.0003,0.07
339.137,,,,-0.0003,0.0003,0.07
339.188,,,,-0.0003,0.0003,0.07
339.239,,,,-0.0003,0.0003,0.07
339.29,,,,-0.0003,0.0003,0.07
339.341,,,,-0.0003,0.0003,0.07
339.391,,,,-0.0003,0.0003,0.07
339.442,,,,-0.0003,0.0003,0.07
339.493,,,,-0.0003,0.0003,0.07
339.544,,,,-0.0003,0.0003,0.07
339.625,,,,-0.0003,0.0003,0.07
339.675,,,,-0.0003,0.0003,0.07
339.727,,,,-0.0003,0.0003,0.07
339.777,,,,-0.0003,0.0003,0.07
339.828,,,,-0.0003,0.0003,0.07
339.879,,,,-0.0003,0.0003,0.07
339.93,,,,-0.0003,0.0003,0.07
339.981,,,,-0.0003,0.0003,0.07
340.032,,,,-0.0003,0.0003,0.07
340.083,,,,-0.0003,0.0003,0.07
340.134,,,,-0.0003,0.0003,0.07
340.184,,,,-0.0003,0.0003,0.07
340.235,,,,-0.0003,0.0003,0.07
340.286,,,,-0.0003,0.0003,0.07
340.336,,,,-0.0003,0.0003,0.07
340.387,,,,-0.0003,0.0003,0.07
340.437,,,,-0.0003,0.0003,0.07
340.488,,,,-0.0003,0.0003,0.07
340.538,,,,-0.0003,0.0003,0.07
340.59,,,,-0.0003,0.0003,0.07
340.641,,,,-0.0003,0.0003,0.07
340.691,,,,-0.0003,0.0003,0.07
340.742,,,,-0.0003,0.0003,0.07
340.792,,,,-0.0003,0.0003,0.07
340.843,,,,-0.0003,0.0003,0.07
340.894,,,,-0.0003,0.0003,0.07
340.944,,,,-0.0003,0.0003,0.07
340.995,,,,-0.0003,0.0003,0.07
341.045,,,,-0.0003,0.0003,0.07
341.096,,,,-0.0003,0.0003,0.07
341.147,,,,-0.0003,0.0003,0.07
341.197,,,,-0.0003,0.0003,0.07
341.248,,,,-0.0003,0.0003,0.07
341.299,,,,-0.0003,0.0003,0.07
341.35,,,,-0.0003,0.0003,0.07
341.401,,,,-0.0003,0.0003,0.07
341.451,,,,-0.0003,0.0003,0.07
341.502,,,,-0.0003,0.0003,0.07
341.552,,,,-0.0003,0.0003,0.07
341.603,,,,-0.0003,0.0003,0.07
341.654,,,,-0.0003,0.0003,0.07
341.704,,,,-0.0003,0.0003,0.07
341.755,,,,-0.0003,0.0003,0.07
341.806,,,,-0.0003,0.0003,0.07
341.856,,,,-0.0003,0.0003,0.07
341.906,,,,-0.0003,0.0003,0.07
341.957,,,,-0.0003,0.0003,0.07
342.008,,,,-0.0003,0.0003,0.07
342.058,,,,-0.0003,0.0003,0.07
342.109,,,,-0.0003,0.0003,0.07
342.16,,,,-0.0003,0.0003,0.07
342.211,,,,-0.0003,0.0003,0.07
342.261,,,,-0.0003,0.0003,0.07
342.312,,,,-0.0003,0.0003,0.07
342.363,,,,-0.0003,0.0003,0.07
342.414,,,,-0.0003,0.0003,0.07
342.464,,,,-0.0003,0.0003,0.07
342.515,,,,-0.0003,0.0003,0.07
342.565,,,,-0.0003,0.0003,0.07
342.616,,,,-0.0003,0.0003,0.07
342.667,,,,-0.0003,0.0003,0.07
342.718,,,,-0.0003,0.0003,0.07
342.769,,,,-0.0003,0.0003,0.07
342.819,,,,-0.0003,0.0003,0.07
342.87,,,,-0.0003,0.0003,0.07
342.921,,,,-0.0003,0.0003,0.07
342.972,,,,-0.0003,0.0003,0.07
343.022,,,,-0.0003,0.0003,0.07
343.073,,,,-0.0003,0.0003,0.07
343.123,,,,-0.0003,0.0003,0.07
343.175,,,,-0.0003,0.0003,0.07
343.225,,,,-0.0003,0.0003,0.07
343.276,,,,-0.0003,0.0003,0.07
343.327,,,,-0.0003,0.0003,0.07
343.378,,,,-0.0003,0.0003,0.07
343.428,,,,-0.0003,0.0003,0.07
343.479,,,,-0.0003,0.0003,0.07
343.53,,,,-0.0003,0.0003,0.07
343.581,,,,-0.0003,0.0003,0.07
343.632,,,,-0.0003,0.0003,0.07
343.711,,,,-0.0003,0.0003,0.07
343.762,,,,-0.0003,0.0003,0.07
343.812,,,,-0.0003,0.0003,0.07
343.863,,,,-0.0003,0.0003,0.07
343.914,,,,-0.0003,0.0003,0.07
343.965,,,,-0.0003,0.0003,0.07
344.016,,,,-0.0003,0.0003,0.07
344.066,,,,-0.0003,0.0003,0.07
344.117,,,,-0.0003,0.0003,0.07
344.168,,,,-0.0003,0.0003,0.07
344.218,,,,-0.0003,0.0003,0.07
344.269,,,,-0.0003,0.0003,0.07
344.32,,,,-0.0003,0.0003,0.07
344.37,,,,-0.0003,0.0003,0.07
344.421,,,,-0.0003,0.0003,0.07
344.472,,,,-0.0003,0.0003,0.07
344.522,,,,-0.0003,0.0003,0.07
344.573,,,,-0.0003,0.0003,0.07
344.624,,,,-0.0003,0.0003,0.07
344.675,,,,-0.0003,0.0003,0.07
344.725,,,,-0.0003,0.0003,0.07
344.776,,,,-0.0003,0.0003,0.07
344.826,,,,-0.0003,0.0003,0.07
344.877,,,,-0.0003,0.0003,0.07
344.928,,,,-0.0003,0.0003,0.07
344.979,,,,-0.0003,0.0003,0.07
345.03,,,,-0.0003,0.0003,0.07
345.085,,,,-0.0003,0.0003,0.07
345.136,,,,-0.0003,0.0003,0.07
345.186,,,,-0.0003,0.0003,0.07
345.237,,,,-0.0003,0.0003,0.07
345.287,,,,-0.0003,0.0003,0.07
345.338,,,,-0.0003,0.0003,0.07
345.388,,,,-0.0003,0.0003,0.07
345.439,,,,-0.0003,0.0003,0.07
345.489,,,,-0.0003,0.0003,0.07
345.54,,,,-0.0003,0.0003,0.07
345.591,,,,-0.0003,0.0003,0.07
345.641,,,,-0.0003,0.0003,0.07
345.692,,,,-0.0003,0.0003,0.07
345.743,,,,-0.0003,0.0003,0.07
345.794,,,,-0.0003,0.0003,0.07
345.845,,,,-0.0003,0.0003,0.07
345.895,,,,-0.0003,0.0003,0.07
345.946,,,,-0.0003,0.0003,0.07
345.998,,,,-0.0003,0.0003,0.07
346.049,,,,-0.0003,0.0003,0.07
346.1,,,,-0.0003,0.0003,0.07
346.151,,,,-0.0003,0.0003,0.07
346.202,,,,-0.0003,0.0003,0.07
346.253,,,,-0.0003,0.0003,0.07
346.303,,,,-0.0003,0.0003,0.07
346.354,,,,-0.0003,0.0003,0.07
346.404,,,,-0.0003,0.0003,0.07
346.455,,,,-0.0003,0.0003,0.07
346.505,,,,-0.0003,0.0003,0.07
346.556,,,,-0.0003,0.0003,0.07
346.607,,,,-0.0003,0.0003,0.07
346.658,,,,-0.0003,0.0003,0.07
346.709,,,,-0.0003,0.0003,0.07
346.76,,,,-0.0003,0.0003,0.07
346.811,,,,-0.0003,0.0003,0.07
346.862,,,,-0.0003,0.0003,0.07
346.912,,,,-0.0003,0.0003,0.07
346.963,,,,-0.0003,0.0003,0.07
347.015,,,,-0.0003,0.0003,0.07
347.066,,,,-0.0003,0.0003,0.07
347.116,,,,-0.0003,0.0003,0.07
347.167,,,,-0.0003,0.0003,0.07
347.217,,,,-0.0003,0.0003,0.07
347.268,,,,-0.0003,0.0003,0.07
347.319,,,,-0.0003,0.0003,0.07
347.37,,,,-0.0003,0.0003,0.07
347.42,,,,-0.0003,0.0003,0.07
347.471,,,,-0.0003,0.0003,0.07
347.522,,,,-0.0003,0.0003,0.07
347.573,,,,-0.0003,0.0003,0.07
347.623,,,,-0.0003,0.0003,0.07
347.674,,,,-0.0003,0.0003,0.07
347.724,,,,-0.0003,0.0003,0.07
347.81,,,,-0.0003,0.0003,0.07
347.861,,,,-0.0003,0.0003,0.07
347.911,,,,-0.0003,0.0003,0.07
347.962,,,,-0.0003,0.0003,0.07
348.013,,,,-0.0003,0.0003,0.07
348.063,,,,-0.0003,0.0003,0.07
348.113,,,,-0.0003,0.0003,0.07
348.164,,,,-0.0003,0.0003,0.07
348.215,,,,-0.0003,0.0003,0.07
348.266,,,,-0.0003,0.0003,0.07
348.317,,,,-0.0003,0.0003,0.07
348.368,,,,-0.0003,0.0003,0.07
348.419,,,,-0.0003,0.0003,0.07
348.47,,,,-0.0003,0.0003,0.07
348.521,,,,-0.0003,0.0003,0.07
348.571,,,,-0.0003,0.0003,0.07
348.622,,,,-0.0003,0.0003,0.07
348.673,,,,-0.0003,0.0003,0.07
348.724,,,,-0.0003,0.0003,0.07
348.775,,,,-0.0003,0.0003,0.07
348.825,,,,-0.0003,0.0003,0.07
348.876,,,,-0.0003,0.0003,0.07
348.927,,,,-0.0003,0.0003,0.07
348.977,,,,-0.0003,0.0003,0.07
349.028,,,,-0.0003,0.0003,0.07
349.081,,,,-0.0003,0.0003,0.07
349.169,,,,-0.0003,0.0003,0.07
349.22,,,,-0.0003,0.0003,0.07
349.271,,,,-0.0003,0.0003,0.07
349.321,,,,-0.0003,0.0003,0.07
349.372,,,,-0.0003,0.0003,0.07
349.423,,,,-0.0003,0.0003,0.07
349.474,,,,-0.0003,0.0003,0.07
349.525,,,,-0.0003,0.0003,0.07
349.575,,,,-0.0003,0.0003,0.07
349.626,,,,-0.0003,0.0003,0.07
349.678,,,,-0.0003,0.0003,0.07
349.729,,,,-0.0003,0.0003,0.07
349.779,,,,-0.0003,0.0003,0.07
349.83,,,,-0.0003,0.0003,0.07
349.881,,,,-0.0003,0.0003,0.07
349.932,,,,-0.0003,0.0003,0.07
349.983,,,,-0.0003,0.0003,0.07
350.033,,,,-0.0003,0.0003,0.07
350.084,,,,-0.0003,0.0003,0.07
350.135,,,,-0.0003,0.0003,0.07
350.186,,,,-0.0003,0.0003,0.07
350.236,,,,-0.0003,0.0003,0.07
350.287,,,,-0.0003,0.0003,0.07
350.338,,,,-0.0003,0.0003,0.07
350.388,,,,-0.0003,0.0003,0.07
350.439,,,,-0.0003,0.0003,0.07
350.527,,,,-0.0003,0.0003,0.07
350.577,,,,-0.0003,0.0003,0.07
350.628,,,,-0.0003,0.0003,0.07
350.679,,,,-0.0003,0.0003,0.07
350.73,,,,-0.0003,0.0003,0.07
350.78,,,,-0.0003,0.0003,0.07
350.831,,,,-0.0003,0.0003,0.07
350.882,,,,-0.0003,0.0003,0.07
350.933,,,,-0.0003,0.0003,0.07
350.983,,,,-0.0003,0.0003,0.07
351.034,,,,-0.0003,0.0003,0.07
351.085,,,,-0.0003,0.0003,0.07
351.135,,,,-0.0003,0.0003,0.07
351.186,,,,-0.0003,0.0003,0.07
351.237,,,,-0.0003,0.0003,0.07
351.288,,,,-0.0003,0.0003,0.07
351.338,,,,-0.0003,0.0003,0.07
351.388,,,,-0.0003,0.0003,0.07
351.439,,,,-0.0003,0.0003,0.07
351.49,,,,-0.0003,0.0003,0.07
351.541,,,,-0.0003,0.0003,0.07
351.591,,,,-0.0003,0.0003,0.07
351.642,,,,-0.0003,0.0003,0.07
351.693,,,,-0.0003,0.0003,0.07
351.744,,,,-0.0003,0.0003,0.07
351.794,,,,-0.0003,0.0003,0.07
351.852,,,,-0.0003,0.0003,0.07
351.903,,,,-0.0003,0.0003,0.07
351.954,,,,-0.0003,0.0003,0.07
352.005,,,,-0.0003,0.0003,0.07
352.055,,,,-0.0003,0.0003,0.07
352.106,,,,-0.0003,0.0003,0.07
352.156,,,,-0.0003,0.0003,0.07
352.207,,,,-0.0003,0.0003,0.07
352.257,,,,-0.0003,0.0003,0.07
352.308,,,,-0.0003,0.0003,0.07
352.359,,,,-0.0003,0.0003,0.07
352.409,,,,-0.0003,0.0003,0.07
352.46,,,,-0.0003,0.0003,0.07
352.51,,,,-0.0003,0.0003,0.07
352.561,,,,-0.0003,0.0003,0.07
352.612,,,,-0.0003,0.0003,0.07
352.663,,,,-0.0003,0.0003,0.07
352.714,,,,-0.0003,0.0003,0.07
352.765,,,,-0.0003,0.0003,0.07
352.816,,,,-0.0003,0.0003,0.07
352.866,,,,-0.0003,0.0003,0.07
352.917,,,,-0.0003,0.0003,0.07
352.967,,,,-0.0003,0.0003,0.07
353.018,,,,-0.0003,0.0003,0.07
353.069,,,,-0.0003,0.0003,0.07
353.119,,,,-0.0003,0.0003,0.07
353.169,,,,-0.0003,0.0003,0.07
353.25,,,,-0.0003,0.0003,0.07
353.3,,,,-0.0003,0.0003,0.07
353.351,,,,-0.0003,0.0003,0.07
353.402,,,,-0.0003,0.0003,0.07
353.452,,,,-0.0003,0.0003,0.07
353.503,,,,-0.0003,0.0003,0.07
353.554,,,,-0.0003,0.0003,0.07
353.605,,,,-0.0003,0.0003,0.07
353.655,,,,-0.0003,0.0003,0.07
353.706,,,,-0.0003,0.0003,0.07
353.757,,,,-0.0003,0.0003,0.07
353.808,,,,-0.0003,0.0003,0.07
353.859,,,,-0.0003,0.0003,0.07
353.909,,,,-0.0003,0.0003,0.07
353.96,,,,-0.0003,0.0003,0.07
354.011,,,,-0.0003,0.0003,0.07
354.062,,,,-0.0003,0.0003,0.07
354.112,,,,-0.0003,0.0003,0.07
354.163,,,,-0.0003,0.0003,0.07
354.214,,,,-0.0003,0.0003,0.07
354.265,,,,-0.0003,0.0003,0.07
354.316,,,,-0.0003,0.0003,0.07
354.366,,,,-0.0003,0.0003,0.07
354.417,,,,-0.0003,0.0003,0.07
354.468,,,,-0.0003,0.0003,0.07
354.519,,,,-0.0003,0.0003,0.07
354.569,,,,-0.0003,0.0003,0.07
354.625,,,,-0.0003,0.0003,0.07
354.676,,,,-0.0003,0.0003,0.07
354.727,,,,-0.0003,0.0003,0.07
354.777,,,,-0.0003,0.0003,0.07
354.828,,,,-0.0003,0.0003,0.07
354.878,,,,-0.0003,0.0003,0.07
354.929,,,,-0.0003,0.0003,0.07
354.98,,,,-0.0003,0.0003,0.07
355.03,,,,-0.0003,0.0003,0.07
355.081,,,,-0.0003,0.0003,0.07
355.133,,,,-0.0003,0.0003,0.07
355.185,,,,-0.0003,0.0003,0.07
355.236,,,,-0.0003,0.0003,0.07
355.286,,,,-0.0003,0.0003,0.07
355.337,,,,-0.0003,0.0003,0.07
355.387,,,,-0.0003,0.0003,0.07
355.438,,,,-0.0003,0.0003,0.07
355.489,,,,-0.0003,0.0003,0.07
355.539,,,,-0.0003,0.0003,0.07
355.59,,,,-0.0003,0.0003,0.07
355.64,,,,-0.0003,0.0003,0.07
355.691,,,,-0.0003,0.0003,0.07
355.742,,,,-0.0003,0.0003,0.07
355.792,,,,-0.0003,0.0003,0.07
355.848,,,,-0.0003,0.0003,0.07
355.899,,,,-0.0003,0.0003,0.07
355.95,,,,-0.0003,0.0003,0.07
356.0,,,,-0.0003,0.0003,0.07
356.05,,,,-0.0003,0.0003,0.07
356.101,,,,-0.0003,0.0003,0.07
356.152,,,,-0.0003,0.0003,0.07
356.202,,,,-0.0003,0.0003,0.07
356.254,,,,-0.0003,0.0003,0.07
356.304,,,,-0.0003,0.0003,0.07
356.355,,,,-0.0003,0.0003,0.07
356.406,,,,-0.0003,0.0003,0.07
356.457,,,,-0.0003,0.0003,0.07
356.507,,,,-0.0003,0.0003,0.07
356.558,,,,-0.0003,0.0003,0.07
356.608,,,,-0.0003,0.0003,0.07
356.659,,,,-0.0003,0.0003,0.07
356.71,,,,-0.0003,0.0003,0.07
356.761,,,,-0.0003,0.0003,0.07
356.811,,,,-0.0003,0.0003,0.07
356.862,,,,-0.0003,0.0003,0.07
356.913,,,,-0.0003,0.0003,0.07
356.964,,,,-0.0003,0.0003,0.07
357.015,,,,-0.0003,0.0003,0.07
357.066,,,,-0.0003,0.0003,0.07
357.116,,,,-0.0003,0.0003,0.07
357.168,,,,-0.0003,0.0003,0.07
357.219,,,,-0.0003,0.0003,0.07
357.27,,,,-0.0003,0.0003,0.07
357.349,,,,-0.0003,0.0003,0.07
357.4,,,,-0.0003,0.0003,0.07
357.451,,,,-0.0003,0.0003,0.07
357.501,,,,-0.0003,0.0003,0.07
357.552,,,,-0.0003,0.0003,0.07
357.603,,,,-0.0003,0.0003,0.07
357.654,,,,-0.0003,0.0003,0.07
357.704,,,,-0.0003,0.0003,0.07
357.755,,,,-0.0003,0.0003,0.07
357.806,,,,-0.0003,0.0003,0.07
357.857,,,,-0.0003,0.0003,0.07
357.907,,,,-0.0003,0.0003,0.07
357.958,,,,-0.0003,0.0003,0.07
358.008,,,,-0.0003,0.0003,0.07
358.059,,,,-0.0003,0.0003,0.07
358.109,,,,-0.0003,0.0003,0.07
358.16,,,,-0.0003,0.0003,0.07
358.21,,,,-0.0003,0.0003,0.07
358.261,,,,-0.0003,0.0003,0.07
358.312,,,,-0.0003,0.0003,0.07
358.363,,,,-0.0003,0.0003,0.07
358.414,,,,-0.0003,0.0003,0.07
358.464,,,,-0.0003,0.0003,0.07
358.515,,,,-0.0003,0.0003,0.07
358.566,,,,-0.0003,0.0003,0.07
358.616,,,,-0.0003,0.0003,0.07
358.666,,,,-0.0003,0.0003,0.07
358.717,,,,-0.0003,0.0003,0.07
358.768,,,,-0.0003,0.0003,0.07
358.818,,,,-0.0003,0.0003,0.07
358.869,,,,-0.0003,0.0003,0.07
358.919,,,,-0.0003,0.0003,0.07
358.97,,,,-0.0003,0.0003,0.07
359.022,,,,-0.0003,0.0003,0.07
359.073,,,,-0.0003,0.0003,0.07
359.124,,,,-0.0003,0.0003,0.07
359.174,,,,-0.0003,0.0003,0.07
359.225,,,,-0.0003,0.0003,0.07
359.276,,,,-0.0003,0.0003,0.07
359.327,,,,-0.0003,0.0003,0.07
359.378,,,,-0.0003,0.0003,0.07
359.429,,,,-0.0003,0.0003,0.07
359.479,,,,-0.0003,0.0003,0.07
359.53,,,,-0.0003,0.0003,0.07
359.581,,,,-0.0003,0.0003,0.07
359.631,,,,-0.0003,0.0003,0.07
359.682,,,,-0.0003,0.0003,0.07
359.733,,,,-0.0003,0.0003,0.07
359.784,,,,-0.0003,0.0003,0.07
359.834,,,,-0.0003,0.0003,0.07
359.885,,,,-0.0003,0.0003,0.07
359.936,,,,-0.0003,0.0003,0.07
359.987,,,,-0.0003,0.0003,0.07
360.038,,,,-0.0003,0.0003,0.07
360.088,,,,-0.0003,0.0003,0.07
360.139,,,,-0.0003,0.0003,0.07
360.19,,,,-0.0003,0.0003,0.07
360.24,,,,-0.0003,0.0003,0.07
360.291,,,,-0.0003,0.0003,0.07
360.341,,,,-0.0003,0.0003,0.07
360.392,,,,-0.0003,0.0003,0.07
360.443,,,,-0.0003,0.0003,0.07
360.493,,,,-0.0003,0.0003,0.07
360.544,,,,-0.0003,0.0003,0.07
360.596,,,,-0.0003,0.0003,0.07
360.647,,,,-0.0003,0.0003,0.07
360.697,,,,-0.0003,0.0003,0.07
360.748,,,,-0.0003,0.0003,0.07
360.799,,,,-0.0003,0.0003,0.07
360.85,,,,-0.0003,0.0003,0.07
360.901,,,,-0.0003,0.0003,0.07
360.952,,,,-0.0003,0.0003,0.07
361.003,,,,-0.0003,0.0003,0.07
361.053,,,,-0.0003,0.0003,0.07
361.104,,,,-0.0003,0.0003,0.07
361.155,,,,-0.0003,0.0003,0.07
361.206,,,,-0.0003,0.0003,0.07
361.257,,,,-0.0003,0.0003,0.07
361.308,,,,-0.0003,0.0003,0.07
361.359,,,,-0.0003,0.0003,0.07
361.409,,,,-0.0003,0.0003,0.07
361.46,,,,-0.0003,0.0003,0.07
361.51,,,,-0.0003,0.0003,0.07
361.561,,,,-0.0003,0.0003,0.07
361.611,,,,-0.0003,0.0003,0.07
361.662,,,,-0.0003,0.0003,0.07
361.713,,,,-0.0003,0.0003,0.07
361.763,,,,-0.0003,0.0003,0.07
361.814,,,,-0.0003,0.0003,0.07
361.865,,,,-0.0003,0.0003,0.07
361.916,,,,-0.0003,0.0003,0.07
361.966,,,,-0.0003,0.0003,0.07
362.017,,,,-0.0003,0.0003,0.07
362.068,,,,-0.0003,0.0003,0.07
362.119,,,,-0.0003,0.0003,0.07
362.169,,,,-0.0003,0.0003,0.07
362.22,,,,-0.0003,0.0003,0.07
362.27,,,,-0.0003,0.0003,0.07
362.321,,,,-0.0003,0.0003,0.07
362.372,,,,-0.0003,0.0003,0.07
362.422,,,,-0.0003,0.0003,0.07
362.473,,,,-0.0003,0.0003,0.07
362.523,,,,-0.0003,0.0003,0.07
362.574,,,,-0.0003,0.0003,0.07
362.624,,,,-0.0003,0.0003,0.07
362.675,,,,-0.0003,0.0003,0.07
362.726,,,,-0.0003,0.0003,0.07
362.805,,,,-0.0003,0.0003,0.07
362.857,,,,-0.0003,0.0003,0.07
362.908,,,,-0.0003,0.0003,0.07
362.958,,,,-0.0003,0.0003,0.07
363.009,,,,-0.0003,0.0003,0.07
363.059,,,,-0.0003,0.0003,0.07
363.11,,,,-0.0003,0.0003,0.07
363.161,,,,-0.0003,0.0003,0.07
363.212,,,,-0.0003,0.0003,0.07
363.262,,,,-0.0003,0.0003,0.07
363.313,,,,-0.0003,0.0003,0.07
363.364,,,,-0.0003,0.0003,0.07
363.415,,,,-0.0003,0.0003,0.07
363.465,,,,-0.0003,0.0003,0.07
363.516,,,,-0.0003,0.0003,0.07
363.567,,,,-0.0003,0.0003,0.07
363.618,,,,-0.0003,0.0003,0.07
363.669,,,,-0.0003,0.0003,0.07
363.719,,,,-0.0003,0.0003,0.07
363.77,,,,-0.0003,0.0003,0.07
363.82,,,,-0.0003,0.0003,0.07
363.871,,,,-0.0003,0.0003,0.07
363.922,,,,-0.0003,0.0003,0.07
363.972,,,,-0.0003,0.0003,0.07
364.023,,,,-0.0003,0.0003,0.07
364.076,,,,-0.0003,0.0003,0.07
364.164,,,,-0.0003,0.0003,0.07
364.215,,,,-0.0003,0.0003,0.07
364.266,,,,-0.0003,0.0003,0.07
364.316,,,,-0.0003,0.0003,0.07
364.367,,,,-0.0003,0.0003,0.07
364.418,,,,-0.0003,0.0003,0.07
364.469,,,,-0.0003,0.0003,0.07
364.52,,,,-0.0003,0.0003,0.07
364.57,,,,-0.0003,0.0003,0.07
364.621,,,,-0.0003,0.0003,0.07
364.671,,,,-0.0003,0.0003,0.07
364.722,,,,-0.0003,0.0003,0.07
364.773,,,,-0.0003,0.0003,0.07
364.824,,,,-0.0003,0.0003,0.07
364.875,,,,-0.0003,0.0003,0.07
364.925,,,,-0.0003,0.0003,0.07
364.976,,,,-0.0003,0.0003,0.07
365.026,,,,-0.0003,0.0003,0.07
365.077,,,,-0.0003,0.0003,0.07
365.128,,,,-0.0003,0.0003,0.07
365.179,,,,-0.0003,0.0003,0.07
365.229,,,,-0.0003,0.0003,0.07
365.28,,,,-0.0003,0.0003,0.07
365.331,,,,-0.0003,0.0003,0.07
365.381,,,,-0.0003,0.0003,0.07
365.432,,,,-0.0003,0.0003,0.07
365.482,,,,-0.0003,0.0003,0.07
365.533,,,,-0.0003,0.0003,0.07
365.583,,,,-0.0003,0.0003,0.07
365.634,,,,-0.0003,0.0003,0.07
365.684,,,,-0.0003,0.0003,0.07
365.735,,,,-0.0003,0.0003,0.07
365.786,,,,-0.0003,0.0003,0.07
365.836,,,,-0.0003,0.0003,0.07
365.887,,,,-0.0003,0.0003,0.07
365.938,,,,-0.0003,0.0003,0.07
365.99,,,,-0.0003,0.0003,0.07
366.04,,,,-0.0003,0.0003,0.07
366.091,,,,-0.0003,0.0003,0.07
366.141,,,,-0.0003,0.0003,0.07
366.192,,,,-0.0003,0.0003,0.07
366.242,,,,-0.0003,0.0003,0.07
366.293,,,,-0.0003,0.0003,0.07
366.344,,,,-0.0003,0.0003,0.07
366.394,,,,-0.0003,0.0003,0.07
366.445,,,,-0.0003,0.0003,0.07
366.496,,,,-0.0003,0.0003,0.07
366.546,,,,-0.0003,0.0003,0.07
366.597,,,,-0.0003,0.0003,0.07
366.648,,,,-0.0003,0.0003,0.07
366.698,,,,-0.0003,0.0003,0.07
366.749,,,,-0.0003,0.0003,0.07
366.8,,,,-0.0003,0.0003,0.07
366.851,,,,-0.0003,0.0003,0.07
366.901,,,,-0.0003,0.0003,0.07
366.951,,,,-0.0003,0.0003,0.07
367.002,,,,-0.0003,0.0003,0.07
367.053,,,,-0.0003,0.0003,0.07
367.104,,,,-0.0003,0.0003,0.07
367.154,,,,-0.0003,0.0003,0.07
367.205,,,,-0.0003,0.0003,0.07
367.256,,,,-0.0003,0.0003,0.07
367.307,,,,-0.0003,0.0003,0.07
367.357,,,,-0.0003,0.0003,0.07
367.408,,,,-0.0003,0.0003,0.07
367.458,,,,-0.0003,0.0003,0.07
367.509,,,,-0.0003,0.0003,0.07
367.56,,,,-0.0003,0.0003,0.07
367.61,,,,-0.0003,0.0003,0.07
367.661,,,,-0.0003,0.0003,0.07
367.712,,,,-0.0003,0.0003,0.07
367.762,,,,-0.0003,0.0003,0.07
367.813,,,,-0.0003,0.0003,0.07
367.863,,,,-0.0003,0.0003,0.07
367.914,,,,-0.0003,0.0003,0.07
367.964,,,,-0.0003,0.0003,0.07
368.015,,,,-0.0003,0.0003,0.07
368.065,,,,-0.0003,0.0003,0.07
368.116,,,,-0.0003,0.0003,0.07
368.169,,,,-0.0003,0.0003,0.07
368.26,,,,-0.0003,0.0003,0.07
368.311,,,,-0.0003,0.0003,0.07
368.362,,,,-0.0003,0.0003,0.07
368.412,,,,-0.0003,0.0003,0.07
368.463,,,,-0.0003,0.0003,0.07
368.514,,,,-0.0003,0.0003,0.07
368.564,,,,-0.0003,0.0003,0.07
368.617,,,,-0.0003,0.0003,0.07
368.668,,,,-0.0003,0.0003,0.07
368.719,,,,-0.0003,0.0003,0.07
368.77,,,,-0.0003,0.0003,0.07
368.82,,,,-0.0003,0.0003,0.07
368.871,,,,-0.0003,0.0003,0.07
368.922,,,,-0.0003,0.0003,0.07
368.973,,,,-0.0003,0.0003,0.07
369.024,,,,-0.0003,0.0003,0.07
369.075,,,,-0.0003,0.0003,0.07
369.125,,,,-0.0003,0.0003,0.07
369.176,,,,-0.0003,0.0003,0.07
369.227,,,,-0.0003,0.0003,0.07
369.278,,,,-0.0003,0.0003,0.07
369.328,,,,-0.0003,0.0003,0.07
369.379,,,,-0.0003,0.0003,0.07
369.43,,,,-0.0003,0.0003,0.07
369.481,,,,-0.0003,0.0003,0.07
369.531,,,,-0.0003,0.0003,0.07
369.613,,,,-0.0003,0.0003,0.07
369.665,,,,-0.0003,0.0003,0.07
369.716,,,,-0.0003,0.0003,0.07
369.766,,,,-0.0003,0.0003,0.07
369.817,,,,-0.0003,0.0003,0.07
369.868,,,,-0.0003,0.0003,0.07
369.918,,,,-0.0003,0.0003,0.07
369.969,,,,-0.0003,0.0003,0.07
370.02,,,,-0.0003,0.0003,0.07
370.071,,,,-0.0003,0.0003,0.07
370.121,,,,-0.0003,0.0003,0.07
370.172,,,,-0.0003,0.0003,0.07
370.223,,,,-0.0003,0.0003,0.07
370.274,,,,-0.0003,0.0003,0.07
370.325,,,,-0.0003,0.0003,0.07
370.376,,,,-0.0003,0.0003,0.07
370.426,,,,-0.0003,0.0003,0.07
370.477,,,,-0.0003,0.0003,0.07
370.528,,,,-0.0003,0.0003,0.07
370.579,,,,-0.0003,0.0003,0.07
370.63,,,,-0.0003,0.0003,0.07
370.681,,,,-0.0003,0.0003,0.07
370.732,,,,-0.0003,0.0003,0.07
370.783,,,,-0.0003,0.0003,0.07
370.833,,,,-0.0003,0.0003,0.07
370.884,,,,-0.0003,0.0003,0.07
370.936,,,,-0.0003,0.0003,0.07
370.986,,,,-0.0003,0.0003,0.07
371.037,,,,-0.0003,0.0003,0.07
371.087,,,,-0.0003,0.0003,0.07
371.139,,,,-0.0003,0.0003,0.07
371.19,,,,-0.0003,0.0003,0.07
371.24,,,,-0.0003,0.0003,0.07
371.291,,,,-0.0003,0.0003,0.07
371.342,,,,-0.0003,0.0003,0.07
371.392,,,,-0.0003,0.0003,0.07
371.443,,,,-0.0003,0.0003,0.07
371.493,,,,-0.0003,0.0003,0.07
371.544,,,,-0.0003,0.0003,0.07
371.594,,,,-0.0003,0.0003,0.07
371.648,,,,-0.0003,0.0003,0.07
371.699,,,,-0.0003,0.0003,0.07
371.75,,,,-0.0003,0.0003,0.07
371.8,,,,-0.0003,0.0003,0.07
371.851,,,,-0.0003,0.0003,0.07
371.902,,,,-0.0003,0.0003,0.07
371.953,,,,-0.0003,0.0003,0.07
372.003,,,,-0.0003,0.0003,0.07
372.054,,,,-0.0003,0.0003,0.07
372.105,,,,-0.0003,0.0003,0.07
372.155,,,,-0.0003,0.0003,0.07
372.206,,,,-0.0003,0.0003,0.07
372.256,,,,-0.0003,0.0003,0.07
372.347,,,,-0.0003,0.0003,0.07
372.398,,,,-0.0003,0.0003,0.07
372.449,,,,-0.0003,0.0003,0.07
372.5,,,,-0.0003,0.0003,0.07
372.55,,,,-0.0003,0.0003,0.07
372.601,,,,-0.0003,0.0003,0.07
372.654,,,,-0.0003,0.0003,0.07
372.705,,,,-0.0003,0.0003,0.07
372.756,,,,-0.0003,0.0003,0.07
372.807,,,,-0.0003,0.0003,0.07
372.858,,,,-0.0003,0.0003,0.07
372.909,,,,-0.0003,0.0003,0.07
372.959,,,,-0.0003,0.0003,0.07
373.01,,,,-0.0003,0.0003,0.07
373.061,,,,-0.0003,0.0003,0.07
373.112,,,,-0.0003,0.0003,0.07
373.162,,,,-0.0003,0.0003,0.07
373.213,,,,-0.0003,0.0003,0.07
373.264,,,,-0.0003,0.0003,0.07
373.314,,,,-0.0003,0.0003,0.07
373.364,,,,-0.0003,0.0003,0.07
373.415,,,,-0.0003,0.0003,0.07
373.466,,,,-0.0003,0.0003,0.07
373.516,,,,-0.0003,0.0003,0.07
373.567,,,,-0.0003,0.0003,0.07
373.617,,,,-0.0003,0.0003,0.07
373.704,,,,-0.0003,0.0003,0.07
373.755,,,,-0.0003,0.0003,0.07
373.806,,,,-0.0003,0.0003,0.07
373.857,,,,-0.0003,0.0003,0.07
373.908,,,,-0.0003,0.0003,0.07
373.958,,,,-0.0003,0.0003,0.07
374.009,,,,-0.0003,0.0003,0.07
374.06,,,,-0.0003,0.0003,0.07
374.111,,,,-0.0003,0.0003,0.07
374.162,,,,-0.0003,0.0003,0.07
374.214,,,,-0.0003,0.0003,0.07
374.265,,,,-0.0003,0.0003,0.07
374.316,,,,-0.0003,0.0003,0.07
374.367,,,,-0.0003,0.0003,0.07
374.418,,,,-0.0003,0.0003,0.07
374.469,,,,-0.0003,0.0003,0.07
374.52,,,,-0.0003,0.0003,0.07
374.57,,,,-0.0003,0.0003,0.07
374.621,,,,-0.0003,0.0003,0.07
374.672,,,,-0.0003,0.0003,0.07
374.723,,,,-0.0003,0.0003,0.07
374.773,,,,-0.0003,0.0003,0.07
374.824,,,,-0.0003,0.0003,0.07
374.875,,,,-0.0003,0.0003,0.07
374.925,,,,-0.0003,0.0003,0.07
374.977,,,,-0.0003,0.0003,0.07
375.064,,,,-0.0003,0.0003,0.07
375.114,,,,-0.0003,0.0003,0.07
375.165,,,,-0.0003,0.0003,0.07
375.216,,,,-0.0003,0.0003,0.07
375.267,,,,-0.0003,0.0003,0.07
375.317,,,,-0.0003,0.0003,0.07
375.369,,,,-0.0003,0.0003,0.07
375.419,,,,-0.0003,0.0003,0.07
375.47,,,,-0.0003,0.0003,0.07
375.522,,,,-0.0003,0.0003,0.07
375.573,,,,-0.0003,0.0003,0.07
375.623,,,,-0.0003,0.0003,0.07
375.674,,,,-0.0003,0.0003,0.07
375.725,,,,-0.0003,0.0003,0.07
375.776,,,,-0.0003,0.0003,0.07
375.827,,,,-0.0003,0.0003,0.07
375.877,,,,-0.0003,0.0003,0.07
375.927,,,,-0.0003,0.0003,0.07
375.978,,,,-0.0003,0.0003,0.07
376.029,,,,-0.0003,0.0003,0.07
376.079,,,,-0.0003,0.0003,0.07
376.13,,,,-0.0003,0.0003,0.07
376.18,,,,-0.0003,0.0003,0.07
376.233,,,,-0.0003,0.0003,0.07
376.284,,,,-0.0003,0.0003,0.07
376.335,,,,-0.0003,0.0003,0.07
376.386,,,,-0.0003,0.0003,0.07
376.436,,,,-0.0003,0.0003,0.07
376.487,,,,-0.0003,0.0003,0.07
376.538,,,,-0.0003,0.0003,0.07
376.588,,,,-0.0003,0.0003,0.07
376.639,,,,-0.0003,0.0003,0.07
376.69,,,,-0.0003,0.0003,0.07
376.741,,,,-0.0003,0.0003,0.07
376.792,,,,-0.0003,0.0003,0.07
376.842,,,,-0.0003,0.0003,0.07
376.893,,,,-0.0003,0.0003,0.07
376.944,,,,-0.0003,0.0003,0.07
376.994,,,,-0.0003,0.0003,0.07
377.045,,,,-0.0003,0.0003,0.07
377.096,,,,-0.0003,0.0003,0.07
377.146,,,,-0.0003,0.0003,0.07
377.197,,,,-0.0003,0.0003,0.07
377.247,,,,-0.0003,0.0003,0.07
377.298,,,,-0.0003,0.0003,0.07
377.349,,,,-0.0003,0.0003,0.07
377.399,,,,-0.0003,0.0003,0.07
377.451,,,,-0.0003,0.0003,0.07
377.502,,,,-0.0003,0.0003,0.07
377.552,,,,-0.0003,0.0003,0.07
377.603,,,,-0.0003,0.0003,0.07
377.654,,,,-0.0003,0.0003,0.07
377.704,,,,-0.0003,0.0003,0.07
377.79,,,,-0.0003,0.0003,0.07
377.84,,,,-0.0003,0.0003,0.07
377.891,,,,-0.0003,0.0003,0.07
377.942,,,,-0.0003,0.0003,0.07
377.992,,,,-0.0003,0.0003,0.07
378.043,,,,-0.0003,0.0003,0.07
378.094,,,,-0.0003,0.0003,0.07
378.144,,,,-0.0003,0.0003,0.07
378.195,,,,-0.0003,0.0003,0.07
378.246,,,,-0.0003,0.0003,0.07
378.297,,,,-0.0003,0.0003,0.07
378.348,,,,-0.0003,0.0003,0.07
378.399,,,,-0.0003,0.0003,0.07
378.45,,,,-0.0003,0.0003,0.07
378.501,,,,-0.0003,0.0003,0.07
378.551,,,,-0.0003,0.0003,0.07
378.602,,,,-0.0003,0.0003,0.07
378.653,,,,-0.0003,0.0003,0.07
378.704,,,,-0.0003,0.0003,0.07
378.754,,,,-0.0003,0.0003,0.07
378.805,,,,-0.0003,0.0003,0.07
378.856,,,,-0.0003,0.0003,0.07
378.906,,,,-0.0003,0.0003,0.07
378.957,,,,-0.0003,0.0003,0.07
379.008,,,,-0.0003,0.0003,0.07
379.058,,,,-0.0003,0.0003,0.07
379.109,,,,-0.0003,0.0003,0.07
379.16,,,,-0.0003,0.0003,0.07
379.211,,,,-0.0003,0.0003,0.07
379.261,,,,-0.0003,0.0003,0.07
379.312,,,,-0.0003,0.0003,0.07
379.363,,,,-0.0003,0.0003,0.07
379.413,,,,-0.0003,0.0003,0.07
379.464,,,,-0.0003,0.0003,0.07
379.515,,,,-0.0003,0.0003,0.07
379.566,,,,-0.0003,0.0003,0.07
379.617,,,,-0.0003,0.0003,0.07
379.668,,,,-0.0003,0.0003,0.07
379.718,,,,-0.0003,0.0003,0.07
379.769,,,,-0.0003,0.0003,0.07
379.819,,,,-0.0003,0.0003,0.07
379.87,,,,-0.0003,0.0003,0.07
379.921,,,,-0.0003,0.0003,0.07
379.972,,,,-0.0003,0.0003,0.07
380.022,,,,-0.0003,0.0003,0.07
380.073,,,,-0.0003,0.0003,0.07
380.123,,,,-0.0003,0.0003,0.07
380.174,,,,-0.0003,0.0003,0.07
380.224,,,,-0.0003,0.0003,0.07
380.275,,,,-0.0003,0.0003,0.07
380.325,,,,-0.0003,0.0003,0.07
380.376,,,,-0.0003,0.0003,0.07
380.426,,,,-0.0003,0.0003,0.07
380.477,,,,-0.0003,0.0003,0.07
380.527,,,,-0.0003,0.0003,0.07
380.578,,,,-0.0003,0.0003,0.07
380.628,,,,-0.0003,0.0003,0.07
380.679,,,,-0.0003,0.0003,0.07
380.73,,,,-0.0003,0.0003,0.07
380.78,,,,-0.0003,0.0003,0.07
380.831,,,,-0.0003,0.0003,0.07
380.882,,,,-0.0003,0.0003,0.07
380.933,,,,-0.0003,0.0003,0.07
380.983,,,,-0.0003,0.0003,0.07
381.034,,,,-0.0003,0.0003,0.07
381.085,,,,-0.0003,0.0003,0.07
381.136,,,,-0.0003,0.0003,0.07
381.187,,,,-0.0003,0.0003,0.07
381.237,,,,-0.0003,0.0003,0.07
381.288,,,,-0.0003,0.0003,0.07
381.339,,,,-0.0003,0.0003,0.07
381.389,,,,-0.0003,0.0003,0.07
381.44,,,,-0.0003,0.0003,0.07
381.49,,,,-0.0003,0.0003,0.07
381.541,,,,-0.0003,0.0003,0.07
381.592,,,,-0.0003,0.0003,0.07
381.642,,,,-0.0003,0.0003,0.07
381.693,,,,-0.0003,0.0003,0.07
381.744,,,,-0.0003,0.0003,0.07
381.794,,,,-0.0003,0.0003,0.07
381.883,,,,-0.0003,0.0003,0.07
381.934,,,,-0.0003,0.0003,0.07
381.985,,,,-0.0003,0.0003,0.07
382.035,,,,-0.0003,0.0003,0.07
382.086,,,,-0.0003,0.0003,0.07
382.137,,,,-0.0003,0.0003,0.07
382.187,,,,-0.0003,0.0003,0.07
382.239,,,,-0.0003,0.0003,0.07
382.29,,,,-0.0003,0.0003,0.07
382.341,,,,-0.0003,0.0003,0.07
382.391,,,,-0.0003,0.0003,0.07
382.442,,,,-0.0003,0.0003,0.07
382.492,,,,-0.0003,0.0003,0.07
382.543,,,,-0.0003,0.0003,0.07
382.594,,,,-0.0003,0.0003,0.07
382.644,,,,-0.0003,0.0003,0.07
382.695,,,,-0.0003,0.0003,0.07
382.745,,,,-0.0003,0.0003,0.07
382.796,,,,-0.0003,0.0003,0.07
382.847,,,,-0.0003,0.0003,0.07
382.898,,,,-0.0003,0.0003,0.07
382.948,,,,-0.0003,0.0003,0.07
382.999,,,,-0.0003,0.0003,0.07
383.05,,,,-0.0003,0.0003,0.07
383.102,,,,-0.0003,0.0003,0.07
383.153,,,,-0.0003,0.0003,0.07
383.203,,,,-0.0003,0.0003,0.07
383.254,,,,-0.0003,0.0003,0.07
383.305,,,,-0.0003,0.0003,0.07
383.356,,,,-0.0003,0.0003,0.07
383.406,,,,-0.0003,0.0003,0.07
383.457,,,,-0.0003,0.0003,0.07
383.507,,,,-0.0003,0.0003,0.07
383.558,,,,-0.0003,0.0003,0.07
383.609,,,,-0.0003,0.0003,0.07
383.66,,,,-0.0003,0.0003,0.07
383.711,,,,-0.0003,0.0003,0.07
383.761,,,,-0.0003,0.0003,0.07
383.812,,,,-0.0003,0.0003,0.07
383.863,,,,-0.0003,0.0003,0.07
383.913,,,,-0.0003,0.0003,0.07
383.964,,,,-0.0003,0.0003,0.07
384.015,,,,-0.0003,0.0003,0.07
384.065,,,,-0.0003,0.0003,0.07
384.116,,,,-0.0003,0.0003,0.07
384.166,,,,-0.0003,0.0003,0.07
384.217,,,,-0.0003,0.0003,0.07
384.277,,,,-0.0003,0.0003,0.07
384.329,,,,-0.0003,0.0003,0.07
384.38,,,,-0.0003,0.0003,0.07
384.43,,,,-0.0003,0.0003,0.07
384.481,,,,-0.0003,0.0003,0.07
384.532,,,,-0.0003,0.0003,0.07
384.607,,,,-0.0003,0.0003,0.07
384.658,,,,-0.0003,0.0003,0.07
384.709,,,,-0.0003,0.0003,0.07
384.759,,,,-0.0003,0.0003,0.07
384.81,,,,-0.0003,0.0003,0.07
384.86,,,,-0.0003,0.0003,0.07
384.911,,,,-0.0003,0.0003,0.07
384.962,,,,-0.0003,0.0003,0.07
385.013,,,,-0.0003,0.0003,0.07
385.064,,,,-0.0003,0.0003,0.07
385.115,,,,-0.0003,0.0003,0.07
385.165,,,,-0.0003,0.0003,0.07
385.216,,,,-0.0003,0.0003,0.07
385.266,,,,-0.0003,0.0003,0.07
385.317,,,,-0.0003,0.0003,0.07
385.367,,,,-0.0003,0.0003,0.07
385.418,,,,-0.0003,0.0003,0.07
385.469,,,,-0.0003,0.0003,0.07
385.519,,,,-0.0003,0.0003,0.07
385.57,,,,-0.0003,0.0003,0.07
385.621,,,,-0.0003,0.0003,0.07
385.671,,,,-0.0003,0.0003,0.07
385.722,,,,-0.0003,0.0003,0.07
385.772,,,,-0.0003,0.0003,0.07
385.823,,,,-0.0003,0.0003,0.07
385.876,,,,-0.0003,0.0003,0.07
385.927,,,,-0.0003,0.0003,0.07
385.98,,,,-0.0003,0.0003,0.07
386.031,,,,-0.0003,0.0003,0.07
386.083,,,,-0.0003,0.0003,0.07
386.134,,,,-0.0003,0.0003,0.07
386.184,,,,-0.0003,0.0003,0.07
386.234,,,,-0.0003,0.0003,0.07
386.285,,,,-0.0003,0.0003,0.07
386.336,,,,-0.0003,0.0003,0.07
386.387,,,,-0.0003,0.0003,0.07
386.437,,,,-0.0003,0.0003,0.07
386.488,,,,-0.0003,0.0003,0.07
386.539,,,,-0.0003,0.0003,0.07
386.589,,,,-0.0003,0.0003,0.07
386.64,,,,-0.0003,0.0003,0.07
386.691,,,,-0.0003,0.0003,0.07
386.742,,,,-0.0003,0.0003,0.07
386.793,,,,-0.0003,0.0003,0.07
386.844,,,,-0.0003,0.0003,0.07
386.895,,,,-0.0003,0.0003,0.07
386.945,,,,-0.0003,0.0003,0.07
386.996,,,,-0.0003,0.0003,0.07
387.047,,,,-0.0003,0.0003,0.07
387.098,,,,-0.0003,0.0003,0.07
387.149,,,,-0.0003,0.0003,0.07
387.199,,,,-0.0003,0.0003,0.07
387.25,,,,-0.0003,0.0003,0.07
387.329,,,,-0.0003,0.0003,0.07
387.38,,,,-0.0003,0.0003,0.07
387.432,,,,-0.0003,0.0003,0.07
387.482,,,,-0.0003,0.0003,0.07
387.532,,,,-0.0003,0.0003,0.07
387.583,,,,-0.0003,0.0003,0.07
387.634,,,,-0.0003,0.0003,0.07
387.685,,,,-0.0003,0.0003,0.07
387.735,,,,-0.0003,0.0003,0.07
387.786,,,,-0.0003,0.0003,0.07
387.836,,,,-0.0003,0.0003,0.07
387.887,,,,-0.0003,0.0003,0.07
387.938,,,,-0.0003,0.0003,0.07
387.989,,,,-0.0003,0.0003,0.07
388.04,,,,-0.0003,0.0003,0.07
388.09,,,,-0.0003,0.0003,0.07
388.141,,,,-0.0003,0.0003,0.07
388.192,,,,-0.0003,0.0003,0.07
388.242,,,,-0.0003,0.0003,0.07
388.293,,,,-0.0003,0.0003,0.07
388.344,,,,-0.0003,0.0003,0.07
388.395,,,,-0.0003,0.0003,0.07
388.445,,,,-0.0003,0.0003,0.07
388.496,,,,-0.0003,0.0003,0.07
388.547,,,,-0.0003,0.0003,0.07
388.598,,,,-0.0003,0.0003,0.07
388.648,,,,-0.0003,0.0003,0.07
388.7,,,,-0.0003,0.0003,0.07
388.75,,,,-0.0003,0.0003,0.07
388.801,,,,-0.0003,0.0003,0.07
388.851,,,,-0.0003,0.0003,0.07
388.902,,,,-0.0003,0.0003,0.07
388.953,,,,-0.0003,0.0003,0.07
389.004,,,,-0.0003,0.0003,0.07
389.054,,,,-0.0003,0.0003,0.07
389.105,,,,-0.0003,0.0003,0.07
389.156,,,,-0.0003,0.0003,0.07
389.206,,,,-0.0003,0.0003,0.07
389.257,,,,-0.0003,0.0003,0.07
389.308,,,,-0.0003,0.0003,0.07
389.359,,,,-0.0003,0.0003,0.07
389.41,,,,-0.0003,0.0003,0.07
389.46,,,,-0.0003,0.0003,0.07
389.511,,,,-0.0003,0.0003,0.07
389.561,,,,-0.0003,0.0003,0.07
389.612,,,,-0.0003,0.0003,0.07
389.663,,,,-0.0003,0.0003,0.07
389.714,,,,-0.0003,0.0003,0.07
389.765,,,,-0.0003,0.0003,0.07
389.816,,,,-0.0003,0.0003,0.07
389.867,,,,-0.0003,0.0003,0.07
389.918,,,,-0.0003,0.0003,0.07
389.969,,,,-0.0003,0.0003,0.07
390.057,,,,-0.0003,0.0003,0.07
390.109,,,,-0.0003,0.0003,0.07
390.159,,,,-0.0003,0.0003,0.07
390.211,,,,-0.0003,0.0003,0.07
390.261,,,,-0.0003,0.0003,0.07
390.317,,,,-0.0003,0.0003,0.07
390.368,,,,-0.0003,0.0003,0.07
390.419,,,,-0.0003,0.0003,0.07
390.47,,,,-0.0003,0.0003,0.07
390.521,,,,-0.0003,0.0003,0.07
390.571,,,,-0.0003,0.0003,0.07
390.622,,,,-0.0003,0.0003,0.07
390.673,,,,-0.0003,0.0003,0.07
390.723,,,,-0.0003,0.0003,0.07
390.774,,,,-0.0003,0.0003,0.07
390.824,,,,-0.0003,0.0003,0.07
390.875,,,,-0.0003,0.0003,0.07
390.926,,,,-0.0003,0.0003,0.07
390.976,,,,-0.0003,0.0003,0.07
391.027,,,,-0.0003,0.0003,0.07
391.078,,,,-0.0003,0.0003,0.07
391.129,,,,-0.0003,0.0003,0.07
391.179,,,,-0.0003,0.0003,0.07
391.23,,,,-0.0003,0.0003,0.07
391.281,,,,-0.0003,0.0003,0.07
391.331,,,,-0.0003,0.0003,0.07
391.382,,,,-0.0003,0.0003,0.07
391.433,,,,-0.0003,0.0003,0.07
391.484,,,,-0.0003,0.0003,0.07
391.534,,,,-0.0003,0.0003,0.07
391.585,,,,-0.0003,0.0003,0.07
391.635,,,,-0.0003,0.0003,0.07
391.686,,,,-0.0003,0.0003,0.07
391.737,,,,-0.0003,0.0003,0.07
391.787,,,,-0.0003,0.0003,0.07
391.838,,,,-0.0003,0.0003,0.07
391.889,,,,-0.0003,0.0003,0.07
391.94,,,,-0.0003,0.0003,0.07
391.99,,,,-0.0003,0.0003,0.07
392.041,,,,-0.0003,0.0003,0.07
392.092,,,,-0.0003,0.0003,0.07
392.142,,,,-0.0003,0.0003,0.07
392.193,,,,-0.0003,0.0003,0.07
392.243,,,,-0.0003,0.0003,0.07
392.294,,,,-0.0003,0.0003,0.07
392.345,,,,-0.0003,0.0003,0.07
392.396,,,,-0.0003,0.0003,0.07
392.446,,,,-0.0003,0.0003,0.07
392.498,,,,-0.0003,0.0003,0.07
392.548,,,,-0.0003,0.0003,0.07
392.598,,,,-0.0003,0.0003,0.07
392.649,,,,-0.0003,0.0003,0.07
392.699,,,,-0.0003,0.0003,0.07
392.787,,,,-0.0003,0.0003,0.07
392.84,,,,-0.0003,0.0003,0.07
392.89,,,,-0.0003,0.0003,0.07
392.941,,,,-0.0003,0.0003,0.07
392.992,,,,-0.0003,0.0003,0.07
393.042,,,,-0.0003,0.0003,0.07
393.093,,,,-0.0003,0.0003,0.07
393.144,,,,-0.0003,0.0003,0.07
393.194,,,,-0.0003,0.0003,0.07
393.245,,,,-0.0003,0.0003,0.07
393.296,,,,-0.0003,0.0003,0.07
393.346,,,,-0.0003,0.0003,0.07
393.398,,,,-0.0003,0.0003,0.07
393.448,,,,-0.0003,0.0003,0.07
393.499,,,,-0.0003,0.0003,0.07
393.55,,,,-0.0003,0.0003,0.07
393.6,,,,-0.0003,0.0003,0.07
393.651,,,,-0.0003,0.0003,0.07
393.702,,,,-0.0003,0.0003,0.07
393.752,,,,-0.0003,0.0003,0.07
393.804,,,,-0.0003,0.0003,0.07
393.854,,,,-0.0003,0.0003,0.07
393.905,,,,-0.0003,0.0003,0.07
393.956,,,,-0.0003,0.0003,0.07
394.007,,,,-0.0003,0.0003,0.07
394.058,,,,-0.0003,0.0003,0.07
394.146,,,,-0.0003,0.0003,0.07
394.197,,,,-0.0003,0.0003,0.07
394.247,,,,-0.0003,0.0003,0.07
394.298,,,,-0.0003,0.0003,0.07
394.349,,,,-0.0003,0.0003,0.07
394.399,,,,-0.0003,0.0003,0.07
394.45,,,,-0.0003,0.0003,0.07
394.5,,,,-0.0003,0.0003,0.07
394.551,,,,-0.0003,0.0003,0.07
394.602,,,,-0.0003,0.0003,0.07
394.653,,,,-0.0003,0.0003,0.07
394.704,,,,-0.0003,0.0003,0.07
394.755,,,,-0.0003,0.0003,0.07
394.806,,,,-0.0003,0.0003,0.07
394.856,,,,-0.0003,0.0003,0.07
394.907,,,,-0.0003,0.0003,0.07
394.957,,,,-0.0003,0.0003,0.07
395.008,,,,-0.0003,0.0003,0.07
395.059,,,,-0.0003,0.0003,0.07
395.11,,,,-0.0003,0.0003,0.07
395.161,,,,-0.0003,0.0003,0.07
395.211,,,,-0.0003,0.0003,0.07
395.262,,,,-0.0003,0.0003,0.07
395.313,,,,-0.0003,0.0003,0.07
395.363,,,,-0.0003,0.0003,0.07
395.414,,,,-0.0003,0.0003,0.07
395.465,,,,-0.0003,0.0003,0.07
395.52,,,,-0.0003,0.0003,0.07
395.572,,,,-0.0003,0.0003,0.07
395.623,,,,-0.0003,0.0003,0.07
395.674,,,,-0.0003,0.0003,0.07
395.725,,,,-0.0003,0.0003,0.07
395.776,,,,-0.0003,0.0003,0.07
395.826,,,,-0.0003,0.0003,0.07
395.877,,,,-0.0003,0.0003,0.07
395.928,,,,-0.0003,0.0003,0.07
395.978,,,,-0.0003,0.0003,0.07
396.029,,,,-0.0003,0.0003,0.07
396.079,,,,-0.0003,0.0003,0.07
396.151,,,,-0.0003,0.0003,0.07
396.202,,,,-0.0003,0.0003,0.07
396.252,,,,-0.0003,0.0003,0.07
396.303,,,,-0.0003,0.0003,0.07
396.353,,,,-0.0003,0.0003,0.07
396.404,,,,-0.0003,0.0003,0.07
396.454,,,,-0.0003,0.0003,0.07
396.505,,,,-0.0003,0.0003,0.07
396.555,,,,-0.0003,0.0003,0.07
396.606,,,,-0.0003,0.0003,0.07
396.657,,,,-0.0003,0.0003,0.07
396.708,,,,-0.0003,0.0003,0.07
396.758,,,,-0.0003,0.0003,0.07
396.809,,,,-0.0003,0.0003,0.07
396.86,,,,-0.0003,0.0003,0.07
396.91,,,,-0.0003,0.0003,0.07
396.961,,,,-0.0003,0.0003,0.07
397.012,,,,-0.0003,0.0003,0.07
397.062,,,,-0.0003,0.0003,0.07
397.113,,,,-0.0003,0.0003,0.07
397.163,,,,-0.0003,0.0003,0.07
397.214,,,,-0.0003,0.0003,0.07
397.264,,,,-0.0003,0.0003,0.07
397.314,,,,-0.0003,0.0003,0.07
397.365,,,,-0.0003,0.0003,0.07
397.416,,,,-0.0003,0.0003,0.07
397.467,,,,-0.0003,0.0003,0.07
397.518,,,,-0.0003,0.0003,0.07
397.568,,,,-0.0003,0.0003,0.07
397.619,,,,-0.0003,0.0003,0.07
397.67,,,,-0.0003,0.0003,0.07
397.72,,,,-0.0003,0.0003,0.07
397.772,,,,-0.0003,0.0003,0.07
397.822,,,,-0.0003,0.0003,0.07
397.873,,,,-0.0003,0.0003,0.07
397.924,,,,-0.0003,0.0003,0.07
397.975,,,,-0.0003,0.0003,0.07
398.025,,,,-0.0003,0.0003,0.07
398.076,,,,-0.0003,0.0003,0.07
398.127,,,,-0.0003,0.0003,0.07
398.177,,,,-0.0003,0.0003,0.07
398.228,,,,-0.0003,0.0003,0.07
398.278,,,,-0.0003,0.0003,0.07
398.329,,,,-0.0003,0.0003,0.07
398.38,,,,-0.0003,0.0003,0.07
398.431,,,,-0.0003,0.0003,0.07
398.488,,,,-0.0003,0.0003,0.07
398.538,,,,-0.0003,0.0003,0.07
398.59,,,,-0.0003,0.0003,0.07
398.64,,,,-0.0003,0.0003,0.07
398.69,,,,-0.0003,0.0003,0.07
398.741,,,,-0.0003,0.0003,0.07
398.792,,,,-0.0003,0.0003,0.07
398.842,,,,-0.0003,0.0003,0.07
398.893,,,,-0.0003,0.0003,0.07
398.944,,,,-0.0003,0.0003,0.07
398.995,,,,-0.0003,0.0003,0.07
399.046,,,,-0.0003,0.0003,0.07
399.096,,,,-0.0003,0.0003,0.07
399.147,,,,-0.0003,0.0003,0.07
399.198,,,,-0.0003,0.0003,0.07
399.249,,,,-0.0003,0.0003,0.07
399.3,,,,-0.0003,0.0003,0.07
399.35,,,,-0.0003,0.0003,0.07
399.401,,,,-0.0003,0.0003,0.07
399.451,,,,-0.0003,0.0003,0.07
399.502,,,,-0.0003,0.0003,0.07
399.553,,,,-0.0003,0.0003,0.07
399.608,,,,-0.0003,0.0003,0.07
399.659,,,,-0.0003,0.0003,0.07
399.709,,,,-0.0003,0.0003,0.07
399.76,,,,-0.0003,0.0003,0.07
399.811,,,,-0.0003,0.0003,0.07
399.862,,,,-0.0003,0.0003,0.07
399.913,,,,-0.0003,0.0003,0.07
399.963,,,,-0.0003,0.0003,0.07
400.014,,,,-0.0003,0.0003,0.07
400.065,,,,-0.0003,0.0003,0.07
400.116,,,,-0.0003,0.0003,0.07
400.167,,,,-0.0003,0.0003,0.07
400.218,,,,-0.0003,0.0003,0.07
400.268,,,,-0.0003,0.0003,0.07
400.319,,,,-0.0003,0.0003,0.07
400.369,,,,-0.0003,0.0003,0.07
400.42,,,,-0.0003,0.0003,0.07
400.47,,,,-0.0003,0.0003,0.07
400.521,,,,-0.0003,0.0003,0.07
400.572,,,,-0.0003,0.0003,0.07
400.623,,,,-0.0003,0.0003,0.07
400.673,,,,-0.0003,0.0003,0.07
400.724,,,,-0.0003,0.0003,0.07
400.775,,,,-0.0003,0.0003,0.07
400.825,,,,-0.0003,0.0003,0.07
400.876,,,,-0.0003,0.0003,0.07
400.927,,,,-0.0003,0.0003,0.07
400.978,,,,-0.0003,0.0003,0.07
401.029,,,,-0.0003,0.0003,0.07
401.079,,,,-0.0003,0.0003,0.07
401.13,,,,-0.0003,0.0003,0.07
401.181,,,,-0.0003,0.0003,0.07
401.232,,,,-0.0003,0.0003,0.07
401.282,,,,-0.0003,0.0003,0.07
401.333,,,,-0.0003,0.0003,0.07
401.384,,,,-0.0003,0.0003,0.07
401.435,,,,-0.0003,0.0003,0.07
401.485,,,,-0.0003,0.0003,0.07
401.535,,,,-0.0003,0.0003,0.07
401.586,,,,-0.0003,0.0003,0.07
401.637,,,,-0.0003,0.0003,0.07
401.688,,,,-0.0003,0.0003,0.07
401.738,,,,-0.0003,0.0003,0.07
401.789,,,,-0.0003,0.0003,0.07
401.84,,,,-0.0003,0.0003,0.07
401.891,,,,-0.0003,0.0003,0.07
401.942,,,,-0.0003,0.0003,0.07
401.992,,,,-0.0003,0.0003,0.07
402.043,,,,-0.0003,0.0003,0.07
402.094,,,,-0.0003,0.0003,0.07
402.145,,,,-0.0003,0.0003,0.07
402.195,,,,-0.0003,0.0003,0.07
402.246,,,,-0.0003,0.0003,0.07
402.327,,,,-0.0003,0.0003,0.07
402.377,,,,-0.0003,0.0003,0.07
402.428,,,,-0.0003,0.0003,0.07
402.479,,,,-0.0003,0.0003,0.07
402.529,,,,-0.0003,0.0003,0.07
402.58,,,,-0.0003,0.0003,0.07
402.631,,,,-0.0003,0.0003,0.07
402.682,,,,-0.0003,0.0003,0.07
402.732,,,,-0.0003,0.0003,0.07
402.783,,,,-0.0003,0.0003,0.07
402.834,,,,-0.0003,0.0003,0.07
402.884,,,,-0.0003,0.0003,0.07
402.935,,,,-0.0003,0.0003,0.07
402.986,,,,-0.0003,0.0003,0.07
403.037,,,,-0.0003,0.0003,0.07
403.087,,,,-0.0003,0.0003,0.07
403.138,,,,-0.0003,0.0003,0.07
403.188,,,,-0.0003,0.0003,0.07
403.239,,,,-0.0003,0.0003,0.07
403.29,,,,-0.0003,0.0003,0.07
403.341,,,,-0.0003,0.0003,0.07
403.391,,,,-0.0003,0.0003,0.07
403.442,,,,-0.0003,0.0003,0.07
403.493,,,,-0.0003,0.0003,0.07
403.544,,,,-0.0003,0.0003,0.07
403.594,,,,-0.0003,0.0003,0.07
403.646,,,,-0.0003,0.0003,0.07
403.701,,,,-0.0003,0.0003,0.07
403.752,,,,-0.0003,0.0003,0.07
403.803,,,,-0.0003,0.0003,0.07
403.854,,,,-0.0003,0.0003,0.07
403.904,,,,-0.0003,0.0003,0.07
403.955,,,,-0.0003,0.0003,0.07
404.006,,,,-0.0003,0.0003,0.07
404.056,,,,-0.0003,0.0003,0.07
404.108,,,,-0.0003,0.0003,0.07
404.158,,,,-0.0003,0.0003,0.07
404.209,,,,-0.0003,0.0003,0.07
404.259,,,,-0.0003,0.0003,0.07
404.31,,,,-0.0003,0.0003,0.07
404.361,,,,-0.0003,0.0003,0.07
404.412,,,,-0.0003,0.0003,0.07
404.463,,,,-0.0003,0.0003,0.07
404.514,,,,-0.0003,0.0003,0.07
404.564,,,,-0.0003,0.0003,0.07
404.616,,,,-0.0003,0.0003,0.07
404.667,,,,-0.0003,0.0003,0.07
404.718,,,,-0.0003,0.0003,0.07
404.769,,,,-0.0003,0.0003,0.07
404.82,,,,-0.0003,0.0003,0.07
404.871,,,,-0.0003,0.0003,0.07
404.922,,,,-0.0003,0.0003,0.07
404.973,,,,-0.0003,0.0003,0.07
405.055,,,,-0.0003,0.0003,0.07
405.106,,,,-0.0003,0.0003,0.07
405.156,,,,-0.0003,0.0003,0.07
405.207,,,,-0.0003,0.0003,0.07
405.258,,,,-0.0003,0.0003,0.07
405.308,,,,-0.0003,0.0003,0.07
405.359,,,,-0.0003,0.0003,0.07
405.41,,,,-0.0003,0.0003,0.07
405.46,,,,-0.0003,0.0003,0.07
405.511,,,,-0.0003,0.0003,0.07
405.562,,,,-0.0003,0.0003,0.07
405.612,,,,-0.0003,0.0003,0.07
405.663,,,,-0.0003,0.0003,0.07
405.714,,,,-0.0003,0.0003,0.07
405.765,,,,-0.0003,0.0003,0.07
405.815,,,,-0.0003,0.0003,0.07
405.866,,,,-0.0003,0.0003,0.07
405.917,,,,-0.0003,0.0003,0.07
405.967,,,,-0.0003,0.0003,0.07
406.018,,,,-0.0003,0.0003,0.07
406.068,,,,-0.0003,0.0003,0.07
406.119,,,,-0.0003,0.0003,0.07
406.169,,,,-0.0003,0.0003,0.07
406.22,,,,-0.0003,0.0003,0.07
406.27,,,,-0.0003,0.0003,0.07
406.321,,,,-0.0003,0.0003,0.07
406.372,,,,-0.0003,0.0003,0.07
406.433,,,,-0.0003,0.0003,0.07
406.484,,,,-0.0003,0.0003,0.07
406.544,,,,-0.0003,0.0003,0.07
406.595,,,,-0.0003,0.0003,0.07
406.645,,,,-0.0003,0.0003,0.07
406.697,,,,-0.0003,0.0003,0.07
406.747,,,,-0.0003,0.0003,0.07
406.798,,,,-0.0003,0.0003,0.07
406.849,,,,-0.0003,0.0003,0.07
406.899,,,,-0.0003,0.0003,0.07
406.95,,,,-0.0003,0.0003,0.07
407.001,,,,-0.0003,0.0003,0.07
407.052,,,,-0.0003,0.0003,0.07
407.102,,,,-0.0003,0.0003,0.07
407.153,,,,-0.0003,0.0003,0.07
407.203,,,,-0.0003,0.0003,0.07
407.254,,,,-0.0003,0.0003,0.07
407.305,,,,-0.0003,0.0003,0.07
407.356,,,,-0.0003,0.0003,0.07
407.407,,,,-0.0003,0.0003,0.07
407.457,,,,-0.0003,0.0003,0.07
407.508,,,,-0.0003,0.0003,0.07
407.559,,,,-0.0003,0.0003,0.07
407.609,,,,-0.0003,0.0003,0.07
407.66,,,,-0.0003,0.0003,0.07
407.711,,,,-0.0003,0.0003,0.07
407.777,,,,-0.0003,0.0003,0.07
407.828,,,,-0.0003,0.0003,0.07
407.878,,,,-0.0003,0.0003,0.07
407.929,,,,-0.0003,0.0003,0.07
407.98,,,,-0.0003,0.0003,0.07
408.031,,,,-0.0003,0.0003,0.07
408.082,,,,-0.0003,0.0003,0.07
408.133,,,,-0.0003,0.0003,0.07
408.183,,,,-0.0003,0.0003,0.07
408.234,,,,-0.0003,0.0003,0.07
408.285,,,,-0.0003,0.0003,0.07
408.336,,,,-0.0003,0.0003,0.07
408.387,,,,-0.0003,0.0003,0.07
408.437,,,,-0.0003,0.0003,0.07
408.488,,,,-0.0003,0.0003,0.07
408.539,,,,-0.0003,0.0003,0.07
408.589,,,,-0.0003,0.0003,0.07
408.639,,,,-0.0003,0.0003,0.07
408.69,,,,-0.0003,0.0003,0.07
408.74,,,,-0.0003,0.0003,0.07
408.791,,,,-0.0003,0.0003,0.07
408.843,,,,-0.0003,0.0003,0.07
408.894,,,,-0.0003,0.0003,0.07
408.944,,,,-0.0003,0.0003,0.07
408.995,,,,-0.0003,0.0003,0.07
409.046,,,,-0.0003,0.0003,0.07
409.097,,,,-0.0003,0.0003,0.07
409.15,,,,-0.0003,0.0003,0.07
409.2,,,,-0.0003,0.0003,0.07
409.251,,,,-0.0003,0.0003,0.07
409.302,,,,-0.0003,0.0003,0.07
409.352,,,,-0.0003,0.0003,0.07
409.403,,,,-0.0003,0.0003,0.07
409.454,,,,-0.0003,0.0003,0.07
409.504,,,,-0.0003,0.0003,0.07
409.555,,,,-0.0003,0.0003,0.07
409.606,,,,-0.0003,0.0003,0.07
409.657,,,,-0.0003,0.0003,0.07
409.708,,,,-0.0003,0.0003,0.07
409.759,,,,-0.0003,0.0003,0.07
409.809,,,,-0.0003,0.0003,0.07
409.86,,,,-0.0003,0.0003,0.07
409.911,,,,-0.0003,0.0003,0.07
409.961,,,,-0.0003,0.0003,0.07
410.012,,,,-0.0003,0.0003,0.07
410.062,,,,-0.0003,0.0003,0.07
410.113,,,,-0.0003,0.0003,0.07
410.164,,,,-0.0003,0.0003,0.07
410.215,,,,-0.0003,0.0003,0.07
410.266,,,,-0.0003,0.0003,0.07
410.316,,,,-0.0003,0.0003,0.07
410.367,,,,-0.0003,0.0003,0.07
410.417,,,,-0.0003,0.0003,0.07
410.503,,,,-0.0003,0.0003,0.07
410.553,,,,-0.0003,0.0003,0.07
410.604,,,,-0.0003,0.0003,0.07
410.655,,,,-0.0003,0.0003,0.07
410.706,,,,-0.0003,0.0003,0.07
410.757,,,,-0.0003,0.0003,0.07
410.807,,,,-0.0003,0.0003,0.07
410.858,,,,-0.0003,0.0003,0.07
410.909,,,,-0.0003,0.0003,0.07
410.959,,,,-0.0003,0.0003,0.07
411.01,,,,-0.0003,0.0003,0.07
411.061,,,,-0.0003,0.0003,0.07
411.111,,,,-0.0003,0.0003,0.07
411.162,,,,-0.0003,0.0003,0.07
411.213,,,,-0.0003,0.0003,0.07
411.263,,,,-0.0003,0.0003,0.07
411.313,,,,-0.0003,0.0003,0.07
411.364,,,,-0.0003,0.0003,0.07
411.415,,,,-0.0003,0.0003,0.07
411.465,,,,-0.0003,0.0003,0.07
411.516,,,,-0.0003,0.0003,0.07
411.567,,,,-0.0003,0.0003,0.07
411.617,,,,-0.0003,0.0003,0.07
411.668,,,,-0.0003,0.0003,0.07
411.718,,,,-0.0003,0.0003,0.07
411.769,,,,-0.0003,0.0003,0.07
411.82,,,,-0.0003,0.0003,0.07
411.877,,,,-0.0003,0.0003,0.07
411.928,,,,-0.0003,0.0003,0.07
411.978,,,,-0.0003,0.0003,0.07
412.029,,,,-0.0003,0.0003,0.07
412.08,,,,-0.0003,0.0003,0.07
412.13,,,,-0.0003,0.0003,0.07
412.181,,,,-0.0003,0.0003,0.07
412.232,,,,-0.0003,0.0003,0.07
412.282,,,,-0.0003,0.0003,0.07
412.334,,,,-0.0003,0.0003,0.07
412.385,,,,-0.0003,0.0003,0.07
412.435,,,,-0.0003,0.0003,0.07
412.486,,,,-0.0003,0.0003,0.07
412.537,,,,-0.0003,0.0003,0.07
412.587,,,,-0.0003,0.0003,0.07
412.638,,,,-0.0003,0.0003,0.07
412.689,,,,-0.0003,0.0003,0.07
412.74,,,,-0.0003,0.0003,0.07
412.791,,,,-0.0003,0.0003,0.07
412.842,,,,-0.0003,0.0003,0.07
412.893,,,,-0.0003,0.0003,0.07
412.943,,,,-0.0003,0.0003,0.07
412.994,,,,-0.0003,0.0003,0.07
413.045,,,,-0.0003,0.0003,0.07
413.095,,,,-0.0003,0.0003,0.07
413.146,,,,-0.0003,0.0003,0.07
413.237,,,,-0.0003,0.0003,0.07
413.288,,,,-0.0003,0.0003,0.07
413.339,,,,-0.0003,0.0003,0.07
413.39,,,,-0.0003,0.0003,0.07
413.44,,,,-0.0003,0.0003,0.07
413.491,,,,-0.0003,0.0003,0.07
413.541,,,,-0.0003,0.0003,0.07
413.592,,,,-0.0003,0.0003,0.07
413.642,,,,-0.0003,0.0003,0.07
413.693,,,,-0.0003,0.0003,0.07
413.744,,,,-0.0003,0.0003,0.07
413.795,,,,-0.0003,0.0003,0.07
413.845,,,,-0.0003,0.0003,0.07
413.896,,,,-0.0003,0.0003,0.07
413.946,,,,-0.0003,0.0003,0.07
413.997,,,,-0.0003,0.0003,0.07
414.047,,,,-0.0003,0.0003,0.07
414.098,,,,-0.0003,0.0003,0.07
414.149,,,,-0.0003,0.0003,0.07
414.199,,,,-0.0003,0.0003,0.07
414.25,,,,-0.0003,0.0003,0.07
414.3,,,,-0.0003,0.0003,0.07
414.351,,,,-0.0003,0.0003,0.07
414.402,,,,-0.0003,0.0003,0.07
414.452,,,,-0.0003,0.0003,0.07
414.503,,,,-0.0003,0.0003,0.07
414.594,,,,-0.0003,0.0003,0.07
414.644,,,,-0.0003,0.0003,0.07
414.695,,,,-0.0003,0.0003,0.07
414.745,,,,-0.0003,0.0003,0.07
414.796,,,,-0.0003,0.0003,0.07
414.847,,,,-0.0003,0.0003,0.07
414.898,,,,-0.0003,0.0003,0.07
414.949,,,,-0.0003,0.0003,0.07
414.999,,,,-0.0003,0.0003,0.07
415.05,,,,-0.0003,0.0003,0.07
415.101,,,,-0.0003,0.0003,0.07
415.151,,,,-0.0003,0.0003,0.07
415.202,,,,-0.0003,0.0003,0.07
415.252,,,,-0.0003,0.0003,0.07
415.303,,,,-0.0003,0.0003,0.07
415.354,,,,-0.0003,0.0003,0.07
415.404,,,,-0.0003,0.0003,0.07
415.455,,,,-0.0003,0.0003,0.07
415.506,,,,-0.0003,0.0003,0.07
415.556,,,,-0.0003,0.0003,0.07
415.607,,,,-0.0003,0.0003,0.07
415.658,,,,-0.0003,0.0003,0.07
415.708,,,,-0.0003,0.0003,0.07
415.759,,,,-0.0003,0.0003,0.07
415.81,,,,-0.0003,0.0003,0.07
415.86,,,,-0.0003,0.0003,0.07
415.912,,,,-0.0003,0.0003,0.07
415.965,,,,-0.0003,0.0003,0.07
416.017,,,,-0.0003,0.0003,0.07
416.067,,,,-0.0003,0.0003,0.07
416.118,,,,-0.0003,0.0003,0.07
416.169,,,,-0.0003,0.0003,0.07
416.22,,,,-0.0003,0.0003,0.07
416.271,,,,-0.0003,0.0003,0.07
416.321,,,,-0.0003,0.0003,0.07
416.372,,,,-0.0003,0.0003,0.07
416.423,,,,-0.0003,0.0003,0.07
416.473,,,,-0.0003,0.0003,0.07
416.524,,,,-0.0003,0.0003,0.07
416.575,,,,-0.0003,0.0003,0.07
416.625,,,,-0.0003,0.0003,0.07
416.676,,,,-0.0003,0.0003,0.07
416.727,,,,-0.0003,0.0003,0.07
416.777,,,,-0.0003,0.0003,0.07
416.828,,,,-0.0003,0.0003,0.07
416.879,,,,-0.0003,0.0003,0.07
416.929,,,,-0.0003,0.0003,0.07
417.003,,,,-0.0003,0.0003,0.07
417.057,,,,-0.0003,0.0003,0.07
417.107,,,,-0.0003,0.0003,0.07
417.158,,,,-0.0003,0.0003,0.07
417.208,,,,-0.0003,0.0003,0.07
417.259,,,,-0.0003,0.0003,0.07
417.323,,,,-0.0003,0.0003,0.07
417.374,,,,-0.0003,0.0003,0.07
417.424,,,,-0.0003,0.0003,0.07
417.475,,,,-0.0003,0.0003,0.07
417.525,,,,-0.0003,0.0003,0.07
417.576,,,,-0.0003,0.0003,0.07
417.626,,,,-0.0003,0.0003,0.07
417.677,,,,-0.0003,0.0003,0.07
417.728,,,,-0.0003,0.0003,0.07
417.779,,,,-0.0003,0.0003,0.07
417.829,,,,-0.0003,0.0003,0.07
417.88,,,,-0.0003,0.0003,0.07
417.931,,,,-0.0003,0.0003,0.07
417.982,,,,-0.0003,0.0003,0.07
418.033,,,,-0.0003,0.0003,0.07
418.083,,,,-0.0003,0.0003,0.07
418.133,,,,-0.0003,0.0003,0.07
418.184,,,,-0.0003,0.0003,0.07
418.235,,,,-0.0003,0.0003,0.07
418.285,,,,-0.0003,0.0003,0.07
418.336,,,,-0.0003,0.0003,0.07
418.387,,,,-0.0003,0.0003,0.07
418.437,,,,-0.0003,0.0003,0.07
418.488,,,,-0.0003,0.0003,0.07
418.539,,,,-0.0003,0.0003,0.07
418.59,,,,-0.0003,0.0003,0.07
418.641,,,,-0.0003,0.0003,0.07
418.695,,,,-0.0003,0.0003,0.07
418.746,,,,-0.0003,0.0003,0.07
418.796,,,,-0.0003,0.0003,0.07
418.847,,,,-0.0003,0.0003,0.07
418.898,,,,-0.0003,0.0003,0.07
418.948,,,,-0.0003,0.0003,0.07
418.999,,,,-0.0003,0.0003,0.07
419.05,,,,-0.0003,0.0003,0.07
419.101,,,,-0.0003,0.0003,0.07
419.151,,,,-0.0003,0.0003,0.07
419.202,,,,-0.0003,0.0003,0.07
419.253,,,,-0.0003,0.0003,0.07
419.303,,,,-0.0003,0.0003,0.07
419.354,,,,-0.0003,0.0003,0.07
419.405,,,,-0.0003,0.0003,0.07
419.455,,,,-0.0003,0.0003,0.07
419.506,,,,-0.0003,0.0003,0.07
419.556,,,,-0.0003,0.0003,0.07
419.607,,,,-0.0003,0.0003,0.07
419.658,,,,-0.0003,0.0003,0.07
419.709,,,,-0.0003,0.0003,0.07
419.76,,,,-0.0003,0.0003,0.07
419.811,,,,-0.0003,0.0003,0.07
419.862,,,,-0.0003,0.0003,0.07
419.912,,,,-0.0003,0.0003,0.07
419.963,,,,-0.0003,0.0003,0.07
420.014,,,,-0.0003,0.0003,0.07
420.064,,,,-0.0003,0.0003,0.07
420.115,,,,-0.0003,0.0003,0.07
420.166,,,,-0.0003,0.0003,0.07
420.216,,,,-0.0003,0.0003,0.07
420.267,,,,-0.0003,0.0003,0.07
420.318,,,,-0.0003,0.0003,0.07
420.369,,,,-0.0003,0.0003,0.07
420.419,,,,-0.0003,0.0003,0.07
420.47,,,,-0.0003,0.0003,0.07
420.52,,,,-0.0003,0.0003,0.07
420.571,,,,-0.0003,0.0003,0.07
420.622,,,,-0.0003,0.0003,0.07
420.673,,,,-0.0003,0.0003,0.07
420.724,,,,-0.0003,0.0003,0.07
420.774,,,,-0.0003,0.0003,0.07
420.825,,,,-0.0003,0.0003,0.07
420.876,,,,-0.0003,0.0003,0.07
420.927,,,,-0.0003,0.0003,0.07
420.978,,,,-0.0003,0.0003,0.07
421.029,,,,-0.0003,0.0003,0.07
421.079,,,,-0.0003,0.0003,0.07
421.13,,,,-0.0003,0.0003,0.07
421.181,,,,-0.0003,0.0003,0.07
421.231,,,,-0.0003,0.0003,0.07
421.282,,,,-0.0003,0.0003,0.07
421.332,,,,-0.0003,0.0003,0.07
421.383,,,,-0.0003,0.0003,0.07
421.434,,,,-0.0003,0.0003,0.07
421.485,,,,-0.0003,0.0003,0.07
421.536,,,,-0.0003,0.0003,0.07
421.586,,,,-0.0003,0.0003,0.07
421.637,,,,-0.0003,0.0003,0.07
421.687,,,,-0.0003,0.0003,0.07
421.738,,,,-0.0003,0.0003,0.07
421.788,,,,-0.0003,0.0003,0.07
421.839,,,,-0.0003,0.0003,0.07
421.89,,,,-0.0003,0.0003,0.07
421.94,,,,-0.0003,0.0003,0.07
421.991,,,,-0.0003,0.0003,0.07
422.042,,,,-0.0003,0.0003,0.07
422.093,,,,-0.0003,0.0003,0.07
422.144,,,,-0.0003,0.0003,0.07
422.195,,,,-0.0003,0.0003,0.07
422.245,,,,-0.0003,0.0003,0.07
422.296,,,,-0.0003,0.0003,0.07
422.347,,,,-0.0003,0.0003,0.07
422.397,,,,-0.0003,0.0003,0.07
422.448,,,,-0.0003,0.0003,0.07
422.499,,,,-0.0003,0.0003,0.07
422.55,,,,-0.0003,0.0003,0.07
422.601,,,,-0.0003,0.0003,0.07
422.653,,,,-0.0003,0.0003,0.07
422.704,,,,-0.0003,0.0003,0.07
422.773,,,,-0.0003,0.0003,0.07
422.823,,,,-0.0003,0.0003,0.07
422.875,,,,-0.0003,0.0003,0.07
422.925,,,,-0.0003,0.0003,0.07
422.976,,,,-0.0003,0.0003,0.07
423.027,,,,-0.0003,0.0003,0.07
423.077,,,,-0.0003,0.0003,0.07
423.127,,,,-0.0003,0.0003,0.07
423.178,,,,-0.0003,0.0003,0.07
423.229,,,,-0.0003,0.0003,0.07
423.279,,,,-0.0003,0.0003,0.07
423.33,,,,-0.0003,0.0003,0.07
423.38,,,,-0.0003,0.0003,0.07
423.43,,,,-0.0003,0.0003,0.07
423.481,,,,-0.0003,0.0003,0.07
423.531,,,,-0.0003,0.0003,0.07
423.582,,,,-0.0003,0.0003,0.07
423.633,,,,-0.0003,0.0003,0.07
423.683,,,,-0.0003,0.0003,0.07
423.735,,,,-0.0003,0.0003,0.07
423.785,,,,-0.0003,0.0003,0.07
423.836,,,,-0.0003,0.0003,0.07
423.886,,,,-0.0003,0.0003,0.07
423.938,,,,-0.0003,0.0003,0.07
423.988,,,,-0.0003,0.0003,0.07
424.038,,,,-0.0003,0.0003,0.07
424.089,,,,-0.0003,0.0003,0.07
424.14,,,,-0.0003,0.0003,0.07
424.19,,,,-0.0003,0.0003,0.07
424.241,,,,-0.0003,0.0003,0.07
424.291,,,,-0.0003,0.0003,0.07
424.342,,,,-0.0003,0.0003,0.07
424.392,,,,-0.0003,0.0003,0.07
424.443,,,,-0.0003,0.0003,0.07
424.493,,,,-0.0003,0.0003,0.07
424.543,,,,-0.0003,0.0003,0.07
424.594,,,,-0.0003,0.0003,0.07
424.652,,,,-0.0003,0.0003,0.07
424.703,,,,-0.0003,0.0003,0.07
424.754,,,,-0.0003,0.0003,0.07
424.805,,,,-0.0003,0.0003,0.07
424.855,,,,-0.0003,0.0003,0.07
424.906,,,,-0.0003,0.0003,0.07
424.957,,,,-0.0003,0.0003,0.07
425.008,,,,-0.0003,0.0003,0.07
425.058,,,,-0.0003,0.0003,0.07
425.109,,,,-0.0003,0.0003,0.07
425.16,,,,-0.0003,0.0003,0.07
425.211,,,,-0.0003,0.0003,0.07
425.262,,,,-0.0003,0.0003,0.07
425.313,,,,-0.0003,0.0003,0.07
425.364,,,,-0.0003,0.0003,0.07
425.414,,,,-0.0003,0.0003,0.07
425.465,,,,-0.0003,0.0003,0.07
425.516,,,,-0.0003,0.0003,0.07
425.566,,,,-0.0003,0.0003,0.07
425.617,,,,-0.0003,0.0003,0.07
425.667,,,,-0.0003,0.0003,0.07
425.718,,,,-0.0003,0.0003,0.07
425.769,,,,-0.0003,0.0003,0.07
425.82,,,,-0.0003,0.0003,0.07
425.871,,,,-0.0003,0.0003,0.07
425.921,,,,-0.0003,0.0003,0.07
425.972,,,,-0.0003,0.0003,0.07
426.023,,,,-0.0003,0.0003,0.07
426.073,,,,-0.0003,0.0003,0.07
426.124,,,,-0.0003,0.0003,0.07
426.175,,,,-0.0003,0.0003,0.07
426.233,,,,-0.0003,0.0003,0.07
426.284,,,,-0.0003,0.0003,0.07
426.335,,,,-0.0003,0.0003,0.07
426.385,,,,-0.0003,0.0003,0.07
426.436,,,,-0.0003,0.0003,0.07
426.487,,,,-0.0003,0.0003,0.07
426.538,,,,-0.0003,0.0003,0.07
426.588,,,,-0.0003,0.0003,0.07
426.639,,,,-0.0003,0.0003,0.07
426.69,,,,-0.0003,0.0003,0.07
426.74,,,,-0.0003,0.0003,0.07
426.79,,,,-0.0003,0.0003,0.07
426.866,,,,-0.0003,0.0003,0.07
426.916,,,,-0.0003,0.0003,0.07
426.968,,,,-0.0003,0.0003,0.07
427.018,,,,-0.0003,0.0003,0.07
427.069,,,,-0.0003,0.0003,0.07
427.12,,,,-0.0003,0.0003,0.07
427.171,,,,-0.0003,0.0003,0.07
427.221,,,,-0.0003,0.0003,0.07
427.272,,,,-0.0003,0.0003,0.07
427.323,,,,-0.0003,0.0003,0.07
427.373,,,,-0.0003,0.0003,0.07
427.424,,,,-0.0003,0.0003,0.07
427.475,,,,-0.0003,0.0003,0.07
427.525,,,,-0.0003,0.0003,0.07
427.576,,,,-0.0003,0.0003,0.07
427.627,,,,-0.0003,0.0003,0.07
427.678,,,,-0.0003,0.0003,0.07
427.728,,,,-0.0003,0.0003,0.07
427.778,,,,-0.0003,0.0003,0.07
427.829,,,,-0.0003,0.0003,0.07
427.879,,,,-0.0003,0.0003,0.07
427.93,,,,-0.0003,0.0003,0.07
427.98,,,,-0.0003,0.0003,0.07
428.031,,,,-0.0003,0.0003,0.07
428.081,,,,-0.0003,0.0003,0.07
428.132,,,,-0.0003,0.0003,0.07
428.182,,,,-0.0003,0.0003,0.07
428.233,,,,-0.0003,0.0003,0.07
428.283,,,,-0.0003,0.0003,0.07
428.334,,,,-0.0003,0.0003,0.07
428.384,,,,-0.0003,0.0003,0.07
428.435,,,,-0.0003,0.0003,0.07
428.485,,,,-0.0003,0.0003,0.07
428.536,,,,-0.0003,0.0003,0.07
428.586,,,,-0.0003,0.0003,0.07
428.636,,,,-0.0003,0.0003,0.07
428.687,,,,-0.0003,0.0003,0.07
428.738,,,,-0.0003,0.0003,0.07
428.788,,,,-0.0003,0.0003,0.07
428.838,,,,-0.0003,0.0003,0.07
428.889,,,,-0.0003,0.0003,0.07
428.94,,,,-0.0003,0.0003,0.07
428.991,,,,-0.0003,0.0003,0.07
429.041,,,,-0.0003,0.0003,0.07
429.092,,,,-0.0003,0.0003,0.07
429.143,,,,-0.0003,0.0003,0.07
429.193,,,,-0.0003,0.0003,0.07
429.244,,,,-0.0003,0.0003,0.07
429.294,,,,-0.0003,0.0003,0.07
429.345,,,,-0.0003,0.0003,0.07
429.395,,,,-0.0003,0.0003,0.07
429.446,,,,-0.0003,0.0003,0.07
429.497,,,,-0.0003,0.0003,0.07
429.548,,,,-0.0003,0.0003,0.07
429.599,,,,-0.0003,0.0003,0.07
429.65,,,,-0.0003,0.0003,0.07
429.7,,,,-0.0003,0.0003,0.07
429.751,,,,-0.0003,0.0003,0.07
429.802,,,,-0.0003,0.0003,0.07
429.853,,,,-0.0003,0.0003,0.07
429.903,,,,-0.0003,0.0003,0.07
429.954,,,,-0.0003,0.0003,0.07
430.004,,,,-0.0003,0.0003,0.07
430.055,,,,-0.0003,0.0003,0.07
430.106,,,,-0.0003,0.0003,0.07
430.156,,,,-0.0003,0.0003,0.07
430.207,,,,-0.0003,0.0003,0.07
430.258,,,,-0.0003,0.0003,0.07
430.308,,,,-0.0003,0.0003,0.07
430.359,,,,-0.0003,0.0003,0.07
430.41,,,,-0.0003,0.0003,0.07
430.46,,,,-0.0003,0.0003,0.07
430.51,,,,-0.0003,0.0003,0.07
430.561,,,,-0.0003,0.0003,0.07
430.611,,,,-0.0003,0.0003,0.07
430.662,,,,-0.0003,0.0003,0.07
430.712,,,,-0.0003,0.0003,0.07
430.763,,,,-0.0003,0.0003,0.07
430.813,,,,-0.0003,0.0003,0.07
430.863,,,,-0.0003,0.0003,0.07
430.949,,,,-0.0003,0.0003,0.07
430.999,,,,-0.0003,0.0003,0.07
431.049,,,,-0.0003,0.0003,0.07
431.1,,,,-0.0003,0.0003,0.07
431.15,,,,-0.0003,0.0003,0.07
431.201,,,,-0.0003,0.0003,0.07
431.251,,,,-0.0003,0.0003,0.07
431.302,,,,-0.0003,0.0003,0.07
431.352,,,,-0.0003,0.0003,0.07
431.403,,,,-0.0003,0.0003,0.07
431.453,,,,-0.0003,0.0003,0.07
431.504,,,,-0.0003,0.0003,0.07
431.554,,,,-0.0003,0.0003,0.07
431.605,,,,-0.0003,0.0003,0.07
431.655,,,,-0.0003,0.0003,0.07
431.706,,,,-0.0003,0.0003,0.07
431.756,,,,-0.0003,0.0003,0.07
431.807,,,,-0.0003,0.0003,0.07
431.857,,,,-0.0003,0.0003,0.07
431.907,,,,-0.0003,0.0003,0.07
431.958,,,,-0.0003,0.0003,0.07
432.009,,,,-0.0003,0.0003,0.07
432.059,,,,-0.0003,0.0003,0.07
432.11,,,,-0.0003,0.0003,0.07
432.16,,,,-0.0003,0.0003,0.07
432.21,,,,-0.0003,0.0003,0.07
432.261,,,,-0.0003,0.0003,0.07
432.312,,,,-0.0003,0.0003,0.07
432.362,,,,-0.0003,0.0003,0.07
432.413,,,,-0.0003,0.0003,0.07
432.463,,,,-0.0003,0.0003,0.07
432.513,,,,-0.0003,0.0003,0.07
432.564,,,,-0.0003,0.0003,0.07
432.615,,,,-0.0003,0.0003,0.07
432.665,,,,-0.0003,0.0003,0.07
432.716,,,,-0.0003,0.0003,0.07
432.766,,,,-0.0003,0.0003,0.07
432.816,,,,-0.0003,0.0003,0.07
432.867,,,,-0.0003,0.0003,0.07
432.918,,,,-0.0003,0.0003,0.07
432.97,,,,-0.0003,0.0003,0.07
433.02,,,,-0.0003,0.0003,0.07
433.071,,,,-0.0003,0.0003,0.07
433.121,,,,-0.0003,0.0003,0.07
433.172,,,,-0.0003,0.0003,0.07
433.223,,,,-0.0003,0.0003,0.07
433.273,,,,-0.0003,0.0003,0.07
433.324,,,,-0.0003,0.0003,0.07
433.374,,,,-0.0003,0.0003,0.07
433.425,,,,-0.0003,0.0003,0.07
433.475,,,,-0.0003,0.0003,0.07
433.526,,,,-0.0003,0.0003,0.07
433.576,,,,-0.0003,0.0003,0.07
433.626,,,,-0.0003,0.0003,0.07
433.686,,,,-0.0003,0.0003,0.07
433.736,,,,-0.0003,0.0003,0.07
433.787,,,,-0.0003,0.0003,0.07
433.838,,,,-0.0003,0.0003,0.07
433.888,,,,-0.0003,0.0003,0.07
433.939,,,,-0.0003,0.0003,0.07
433.989,,,,-0.0003,0.0003,0.07
434.04,,,,-0.0003,0.0003,0.07
434.09,,,,-0.0003,0.0003,0.07
434.141,,,,-0.0003,0.0003,0.07
434.191,,,,-0.0003,0.0003,0.07
434.242,,,,-0.0003,0.0003,0.07
434.292,,,,-0.0003,0.0003,0.07
434.343,,,,-0.0003,0.0003,0.07
434.393,,,,-0.0003,0.0003,0.07
434.443,,,,-0.0003,0.0003,0.07
434.494,,,,-0.0003,0.0003,0.07
434.544,,,,-0.0003,0.0003,0.07
434.595,,,,-0.0003,0.0003,0.07
434.646,,,,-0.0003,0.0003,0.07
434.696,,,,-0.0003,0.0003,0.07
434.747,,,,-0.0003,0.0003,0.07
434.797,,,,-0.0003,0.0003,0.07
434.848,,,,-0.0003,0.0003,0.07
434.898,,,,-0.0003,0.0003,0.07
434.95,,,,-0.0003,0.0003,0.07
435.001,,,,-0.0003,0.0003,0.07
435.051,,,,-0.0003,0.0003,0.07
435.102,,,,-0.0003,0.0003,0.07
435.152,,,,-0.0003,0.0003,0.07
435.203,,,,-0.0003,0.0003,0.07
435.253,,,,-0.0003,0.0003,0.07
435.304,,,,-0.0003,0.0003,0.07
435.354,,,,-0.0003,0.0003,0.07
435.405,,,,-0.0003,0.0003,0.07
435.455,,,,-0.0003,0.0003,0.07
435.506,,,,-0.0003,0.0003,0.07
435.557,,,,-0.0003,0.0003,0.07
435.607,,,,-0.0003,0.0003,0.07
435.658,,,,-0.0003,0.0003,0.07
435.708,,,,-0.0003,0.0003,0.07
435.759,,,,-0.0003,0.0003,0.07
435.81,,,,-0.0003,0.0003,0.07
435.86,,,,-0.0003,0.0003,0.07
435.911,,,,-0.0003,0.0003,0.07
435.961,,,,-0.0003,0.0003,0.07
436.012,,,,-0.0003,0.0003,0.07
436.062,,,,-0.0003,0.0003,0.07
436.113,,,,-0.0003,0.0003,0.07
436.164,,,,-0.0003,0.0003,0.07
436.214,,,,-0.0003,0.0003,0.07
436.265,,,,-0.0003,0.0003,0.07
436.315,,,,-0.0003,0.0003,0.07
436.365,,,,-0.0003,0.0003,0.07
436.416,,,,-0.0003,0.0003,0.07
436.467,,,,-0.0003,0.0003,0.07
436.518,,,,-0.0003,0.0003,0.07
436.569,,,,-0.0003,0.0003,0.07
436.619,,,,-0.0003,0.0003,0.07
436.67,,,,-0.0003,0.0003,0.07
436.721,,,,-0.0003,0.0003,0.07
436.771,,,,-0.0003,0.0003,0.07
436.822,,,,-0.0003,0.0003,0.07
436.872,,,,-0.0003,0.0003,0.07
436.924,,,,-0.0003,0.0003,0.07
436.975,,,,-0.0003,0.0003,0.07
437.025,,,,-0.0003,0.0003,0.07
437.076,,,,-0.0003,0.0003,0.07
437.127,,,,-0.0003,0.0003,0.07
437.177,,,,-0.0003,0.0003,0.07
437.228,,,,-0.0003,0.0003,0.07
437.279,,,,-0.0003,0.0003,0.07
437.329,,,,-0.0003,0.0003,0.07
437.38,,,,-0.0003,0.0003,0.07
437.434,,,,-0.0003,0.0003,0.07
437.485,,,,-0.0003,0.0003,0.07
437.535,,,,-0.0003,0.0003,0.07
437.586,,,,-0.0003,0.0003,0.07
437.636,,,,-0.0003,0.0003,0.07
437.687,,,,-0.0003,0.0003,0.07
437.77,,,,-0.0003,0.0003,0.07
437.821,,,,-0.0003,0.0003,0.07
437.871,,,,-0.0003,0.0003,0.07
437.922,,,,-0.0003,0.0003,0.07
437.972,,,,-0.0003,0.0003,0.07
438.023,,,,-0.0003,0.0003,0.07
438.073,,,,-0.0003,0.0003,0.07
438.127,,,,-0.0003,0.0003,0.07
438.177,,,,-0.0003,0.0003,0.07
438.228,,,,-0.0003,0.0003,0.07
438.279,,,,-0.0003,0.0003,0.07
438.329,,,,-0.0003,0.0003,0.07
438.38,,,,-0.0003,0.0003,0.07
438.431,,,,-0.0003,0.0003,0.07
438.482,,,,-0.0003,0.0003,0.07
438.533,,,,-0.0003,0.0003,0.07
438.583,,,,-0.0003,0.0003,0.07
438.634,,,,-0.0003,0.0003,0.07
438.685,,,,-0.0003,0.0003,0.07
438.736,,,,-0.0003,0.0003,0.07
438.786,,,,-0.0003,0.0003,0.07
438.837,,,,-0.0003,0.0003,0.07
438.887,,,,-0.0003,0.0003,0.07
438.938,,,,-0.0003,0.0003,0.07
438.988,,,,-0.0003,0.0003,0.07
439.039,,,,-0.0003,0.0003,0.07
439.089,,,,-0.0003,0.0003,0.07
439.142,,,,-0.0003,0.0003,0.07
439.193,,,,-0.0003,0.0003,0.07
439.244,,,,-0.0003,0.0003,0.07
439.294,,,,-0.0003,0.0003,0.07
439.345,,,,-0.0003,0.0003,0.07
439.396,,,,-0.0003,0.0003,0.07
439.446,,,,-0.0003,0.0003,0.07
439.497,,,,-0.0003,0.0003,0.07
439.548,,,,-0.0003,0.0003,0.07
439.598,,,,-0.0003,0.0003,0.07
439.65,,,,-0.0003,0.0003,0.07
439.7,,,,-0.0003,0.0003,0.07
439.751,,,,-0.0003,0.0003,0.07
439.803,,,,-0.0003,0.0003,0.07
439.853,,,,-0.0003,0.0003,0.07
439.904,,,,-0.0003,0.0003,0.07
439.954,,,,-0.0003,0.0003,0.07
440.005,,,,-0.0003,0.0003,0.07
440.056,,,,-0.0003,0.0003,0.07
440.106,,,,-0.0003,0.0003,0.07
440.157,,,,-0.0003,0.0003,0.07
440.208,,,,-0.0003,0.0003,0.07
440.258,,,,-0.0003,0.0003,0.07
440.308,,,,-0.0003,0.0003,0.07
440.359,,,,-0.0003,0.0003,0.07
440.41,,,,-0.0003,0.0003,0.07
440.46,,,,-0.0003,0.0003,0.07
440.51,,,,-0.0003,0.0003,0.07
440.561,,,,-0.0003,0.0003,0.07
440.612,,,,-0.0003,0.0003,0.07
440.662,,,,-0.0003,0.0003,0.07
440.713,,,,-0.0003,0.0003,0.07
440.764,,,,-0.0003,0.0003,0.07
440.815,,,,-0.0003,0.0003,0.07
440.865,,,,-0.0003,0.0003,0.07
440.915,,,,-0.0003,0.0003,0.07
440.966,,,,-0.0003,0.0003,0.07
441.017,,,,-0.0003,0.0003,0.07
441.068,,,,-0.0003,0.0003,0.07
441.119,,,,-0.0003,0.0003,0.07
441.187,,,,-0.0003,0.0003,0.07
441.237,,,,-0.0003,0.0003,0.07
441.288,,,,-0.0003,0.0003,0.07
441.339,,,,-0.0003,0.0003,0.07
441.389,,,,-0.0003,0.0003,0.07
441.439,,,,-0.0003,0.0003,0.07
441.49,,,,-0.0003,0.0003,0.07
441.54,,,,-0.0003,0.0003,0.07
441.591,,,,-0.0003,0.0003,0.07
441.641,,,,-0.0003,0.0003,0.07
441.691,,,,-0.0003,0.0003,0.07
441.742,,,,-0.0003,0.0003,0.07
441.793,,,,-0.0003,0.0003,0.07
441.843,,,,-0.0003,0.0003,0.07
441.894,,,,-0.0003,0.0003,0.07
441.944,,,,-0.0003,0.0003,0.07
441.995,,,,-0.0003,0.0003,0.07
442.046,,,,-0.0003,0.0003,0.07
442.096,,,,-0.0003,0.0003,0.07
442.147,,,,-0.0003,0.0003,0.07
442.198,,,,-0.0003,0.0003,0.07
442.248,,,,-0.0003,0.0003,0.07
442.299,,,,-0.0003,0.0003,0.07
442.349,,,,-0.0003,0.0003,0.07
442.4,,,,-0.0003,0.0003,0.07
442.45,,,,-0.0003,0.0003,0.07
442.501,,,,-0.0003,0.0003,0.07
442.552,,,,-0.0003,0.0003,0.07
442.602,,,,-0.0003,0.0003,0.07
442.653,,,,-0.0003,0.0003,0.07
442.704,,,,-0.0003,0.0003,0.07
442.755,,,,-0.0003,0.0003,0.07
442.805,,,,-0.0003,0.0003,0.07
442.856,,,,-0.0003,0.0003,0.07
442.906,,,,-0.0003,0.0003,0.07
442.957,,,,-0.0003,0.0003,0.07
443.008,,,,-0.0003,0.0003,0.07
443.058,,,,-0.0003,0.0003,0.07
443.11,,,,-0.0003,0.0003,0.07
443.161,,,,-0.0003,0.0003,0.07
443.229,,,,-0.0003,0.0003,0.07
443.279,,,,-0.0003,0.0003,0.07
443.33,,,,-0.0003,0.0003,0.07
443.381,,,,-0.0003,0.0003,0.07
443.432,,,,-0.0003,0.0003,0.07
443.482,,,,-0.0003,0.0003,0.07
443.533,,,,-0.0003,0.0003,0.07
443.585,,,,-0.0003,0.0003,0.07
443.636,,,,-0.0003,0.0003,0.07
443.686,,,,-0.0003,0.0003,0.07
443.736,,,,-0.0003,0.0003,0.07
443.787,,,,-0.0003,0.0003,0.07
443.838,,,,-0.0003,0.0003,0.07
443.889,,,,-0.0003,0.0003,0.07
443.939,,,,-0.0003,0.0003,0.07
443.989,,,,-0.0003,0.0003,0.07
444.04,,,,-0.0003,0.0003,0.07
444.091,,,,-0.0003,0.0003,0.07
444.141,,,,-0.0003,0.0003,0.07
444.192,,,,-0.0003,0.0003,0.07
444.242,,,,-0.0003,0.0003,0.07
444.293,,,,-0.0003,0.0003,0.07
444.343,,,,-0.0003,0.0003,0.07
444.394,,,,-0.0003,0.0003,0.07
444.444,,,,-0.0003,0.0003,0.07
444.495,,,,-0.0003,0.0003,0.07
444.584,,,,-0.0003,0.0003,0.07
444.635,,,,-0.0003,0.0003,0.07
444.686,,,,-0.0003,0.0003,0.07
444.736,,,,-0.0003,0.0003,0.07
444.787,,,,-0.0003,0.0003,0.07
444.838,,,,-0.0003,0.0003,0.07
444.888,,,,-0.0003,0.0003,0.07
444.939,,,,-0.0003,0.0003,0.07
444.989,,,,-0.0003,0.0003,0.07
445.04,,,,-0.0003,0.0003,0.07
445.091,,,,-0.0003,0.0003,0.07
445.141,,,,-0.0003,0.0003,0.07
445.192,,,,-0.0003,0.0003,0.07
445.242,,,,-0.0003,0.0003,0.07
445.293,,,,-0.0003,0.0003,0.07
445.343,,,,-0.0003,0.0003,0.07
445.394,,,,-0.0003,0.0003,0.07
445.445,,,,-0.0003,0.0003,0.07
445.495,,,,-0.0003,0.0003,0.07
445.546,,,,-0.0003,0.0003,0.07
445.597,,,,-0.0003,0.0003,0.07
445.647,,,,-0.0003,0.0003,0.07
445.698,,,,-0.0003,0.0003,0.07
445.748,,,,-0.0003,0.0003,0.07
445.8,,,,-0.0003,0.0003,0.07
445.85,,,,-0.0003,0.0003,0.07
445.901,,,,-0.0003,0.0003,0.07
445.954,,,,-0.0003,0.0003,0.07
446.005,,,,-0.0003,0.0003,0.07
446.056,,,,-0.0003,0.0003,0.07
446.106,,,,-0.0003,0.0003,0.07
446.157,,,,-0.0003,0.0003,0.07
446.208,,,,-0.0003,0.0003,0.07
446.258,,,,-0.0003,0.0003,0.07
446.309,,,,-0.0003,0.0003,0.07
446.359,,,,-0.0003,0.0003,0.07
446.41,,,,-0.0003,0.0003,0.07
446.461,,,,-0.0003,0.0003,0.07
446.511,,,,-0.0003,0.0003,0.07
446.562,,,,-0.0003,0.0003,0.07
446.613,,,,-0.0003,0.0003,0.07
446.663,,,,-0.0003,0.0003,0.07
446.714,,,,-0.0003,0.0003,0.07
446.765,,,,-0.0003,0.0003,0.07
446.815,,,,-0.0003,0.0003,0.07
446.866,,,,-0.0003,0.0003,0.07
446.916,,,,-0.0003,0.0003,0.07
446.967,,,,-0.0003,0.0003,0.07
447.018,,,,-0.0003,0.0003,0.07
447.068,,,,-0.0003,0.0003,0.07
447.119,,,,-0.0003,0.0003,0.07
447.17,,,,-0.0003,0.0003,0.07
447.221,,,,-0.0003,0.0003,0.07
447.271,,,,-0.0003,0.0003,0.07
447.322,,,,-0.0003,0.0003,0.07
447.373,,,,-0.0003,0.0003,0.07
447.423,,,,-0.0003,0.0003,0.07
447.474,,,,-0.0003,0.0003,0.07
447.524,,,,-0.0003,0.0003,0.07
447.575,,,,-0.0003,0.0003,0.07
447.626,,,,-0.0003,0.0003,0.07
447.676,,,,-0.0003,0.0003,0.07
447.727,,,,-0.0003,0.0003,0.07
447.777,,,,-0.0003,0.0003,0.07
447.828,,,,-0.0003,0.0003,0.07
447.879,,,,-0.0003,0.0003,0.07
447.93,,,,-0.0003,0.0003,0.07
447.98,,,,-0.0003,0.0003,0.07
448.03,,,,-0.0003,0.0003,0.07
448.081,,,,-0.0003,0.0003,0.07
448.131,,,,-0.0003,0.0003,0.07
448.182,,,,-0.0003,0.0003,0.07
448.233,,,,-0.0003,0.0003,0.07
448.283,,,,-0.0003,0.0003,0.07
448.334,,,,-0.0003,0.0003,0.07
448.384,,,,-0.0003,0.0003,0.07
448.435,,,,-0.0003,0.0003,0.07
448.485,,,,-0.0003,0.0003,0.07
448.536,,,,-0.0003,0.0003,0.07
448.586,,,,-0.0003,0.0003,0.07
448.637,,,,-0.0003,0.0003,0.07
448.688,,,,-0.0003,0.0003,0.07
448.738,,,,-0.0003,0.0003,0.07
448.789,,,,-0.0003,0.0003,0.07
448.84,,,,-0.0003,0.0003,0.07
448.89,,,,-0.0003,0.0003,0.07
448.941,,,,-0.0003,0.0003,0.07
448.991,,,,-0.0003,0.0003,0.07
449.042,,,,-0.0003,0.0003,0.07
449.092,,,,-0.0003,0.0003,0.07
449.143,,,,-0.0003,0.0003,0.07
449.194,,,,-0.0003,0.0003,0.07
449.245,,,,-0.0003,0.0003,0.07
449.295,,,,-0.0003,0.0003,0.07
449.345,,,,-0.0003,0.0003,0.07
449.396,,,,-0.0003,0.0003,0.07
449.446,,,,-0.0003,0.0003,0.07
449.497,,,,-0.0003,0.0003,0.07
449.548,,,,-0.0003,0.0003,0.07
449.599,,,,-0.0003,0.0003,0.07
449.649,,,,-0.0003,0.0003,0.07
449.7,,,,-0.0003,0.0003,0.07
449.751,,,,-0.0003,0.0003,0.07
449.802,,,,-0.0003,0.0003,0.07
449.853,,,,-0.0003,0.0003,0.07
449.904,,,,-0.0003,0.0003,0.07
449.954,,,,-0.0003,0.0003,0.07
450.005,,,,-0.0003,0.0003,0.07
450.055,,,,-0.0003,0.0003,0.07
450.106,,,,-0.0003,0.0003,0.07
450.156,,,,-0.0003,0.0003,0.07
450.207,,,,-0.0003,0.0003,0.07
450.258,,,,-0.0003,0.0003,0.07
450.308,,,,-0.0003,0.0003,0.07
450.359,,,,-0.0003,0.0003,0.07
450.41,,,,-0.0003,0.0003,0.07
450.461,,,,-0.0003,0.0003,0.07
450.511,,,,-0.0003,0.0003,0.07
450.562,,,,-0.0003,0.0003,0.07
450.612,,,,-0.0003,0.0003,0.07
450.663,,,,-0.0003,0.0003,0.07
450.714,,,,-0.0003,0.0003,0.07
450.764,,,,-0.0003,0.0003,0.07
450.814,,,,-0.0003,0.0003,0.07
450.865,,,,-0.0003,0.0003,0.07
450.915,,,,-0.0003,0.0003,0.07
450.966,,,,-0.0003,0.0003,0.07
451.017,,,,-0.0003,0.0003,0.07
451.067,,,,-0.0003,0.0003,0.07
451.119,,,,-0.0003,0.0003,0.07
451.169,,,,-0.0003,0.0003,0.07
451.22,,,,-0.0003,0.0003,0.07
451.271,,,,-0.0003,0.0003,0.07
451.322,,,,-0.0003,0.0003,0.07
451.4,,,,-0.0003,0.0003,0.07
451.451,,,,-0.0003,0.0003,0.07
451.502,,,,-0.0003,0.0003,0.07
451.552,,,,-0.0003,0.0003,0.07
451.602,,,,-0.0003,0.0003,0.07
451.653,,,,-0.0003,0.0003,0.07
451.704,,,,-0.0003,0.0003,0.07
451.754,,,,-0.0003,0.0003,0.07
451.805,,,,-0.0003,0.0003,0.07
451.856,,,,-0.0003,0.0003,0.07
451.906,,,,-0.0003,0.0003,0.07
451.957,,,,-0.0003,0.0003,0.07
452.008,,,,-0.0003,0.0003,0.07
452.059,,,,-0.0003,0.0003,0.07
452.11,,,,-0.0003,0.0003,0.07
452.161,,,,-0.0003,0.0003,0.07
452.211,,,,-0.0003,0.0003,0.07
452.262,,,,-0.0003,0.0003,0.07
452.312,,,,-0.0003,0.0003,0.07
452.363,,,,-0.0003,0.0003,0.07
452.414,,,,-0.0003,0.0003,0.07
452.464,,,,-0.0003,0.0003,0.07
452.516,,,,-0.0003,0.0003,0.07
452.566,,,,-0.0003,0.0003,0.07
452.617,,,,-0.0003,0.0003,0.07
452.667,,,,-0.0003,0.0003,0.07
452.718,,,,-0.0003,0.0003,0.07
452.772,,,,-0.0003,0.0003,0.07
452.831,,,,-0.0003,0.0003,0.07
452.882,,,,-0.0003,0.0003,0.07
452.933,,,,-0.0003,0.0003,0.07
452.983,,,,-0.0003,0.0003,0.07
453.034,,,,-0.0003,0.0003,0.07
453.086,,,,-0.0003,0.0003,0.07
453.136,,,,-0.0003,0.0003,0.07
453.187,,,,-0.0003,0.0003,0.07
453.238,,,,-0.0003,0.0003,0.07
453.288,,,,-0.0003,0.0003,0.07
453.339,,,,-0.0003,0.0003,0.07
453.389,,,,-0.0003,0.0003,0.07
453.44,,,,-0.0003,0.0003,0.07
453.491,,,,-0.0003,0.0003,0.07
453.542,,,,-0.0003,0.0003,0.07
453.593,,,,-0.0003,0.0003,0.07
453.644,,,,-0.0003,0.0003,0.07
453.695,,,,-0.0003,0.0003,0.07
453.745,,,,-0.0003,0.0003,0.07
453.796,,,,-0.0003,0.0003,0.07
453.847,,,,-0.0003,0.0003,0.07
453.897,,,,-0.0003,0.0003,0.07
453.948,,,,-0.0003,0.0003,0.07
453.999,,,,-0.0003,0.0003,0.07
454.049,,,,-0.0003,0.0003,0.07
454.129,,,,-0.0003,0.0003,0.07
454.179,,,,-0.0003,0.0003,0.07
454.23,,,,-0.0003,0.0003,0.07
454.281,,,,-0.0003,0.0003,0.07
454.331,,,,-0.0003,0.0003,0.07
454.412,,,,-0.0003,0.0003,0.07
454.463,,,,-0.0003,0.0003,0.07
454.514,,,,-0.0003,0.0003,0.07
454.564,,,,-0.0003,0.0003,0.07
454.615,,,,-0.0003,0.0003,0.07
454.666,,,,-0.0003,0.0003,0.07
454.716,,,,-0.0003,0.0003,0.07
454.767,,,,-0.0003,0.0003,0.07
454.817,,,,-0.0003,0.0003,0.07
454.868,,,,-0.0003,0.0003,0.07
454.919,,,,-0.0003,0.0003,0.07
454.97,,,,-0.0003,0.0003,0.07
455.021,,,,-0.0003,0.0003,0.07
455.071,,,,-0.0003,0.0003,0.07
455.122,,,,-0.0003,0.0003,0.07
455.173,,,,-0.0003,0.0003,0.07
455.224,,,,-0.0003,0.0003,0.07
455.274,,,,-0.0003,0.0003,0.07
455.324,,,,-0.0003,0.0003,0.07
455.375,,,,-0.0003,0.0003,0.07
455.425,,,,-0.0003,0.0003,0.07
455.498,,,,-0.0003,0.0003,0.07
455.549,,,,-0.0003,0.0003,0.07
455.6,,,,-0.0003,0.0003,0.07
455.65,,,,-0.0003,0.0003,0.07
455.701,,,,-0.0003,0.0003,0.07
455.751,,,,-0.0003,0.0003,0.07
455.802,,,,-0.0003,0.0003,0.07
455.852,,,,-0.0003,0.0003,0.07
455.903,,,,-0.0003,0.0003,0.07
455.954,,,,-0.0003,0.0003,0.07
456.005,,,,-0.0003,0.0003,0.07
456.056,,,,-0.0003,0.0003,0.07
456.106,,,,-0.0003,0.0003,0.07
456.157,,,,-0.0003,0.0003,0.07
456.208,,,,-0.0003,0.0003,0.07
456.258,,,,-0.0003,0.0003,0.07
456.309,,,,-0.0003,0.0003,0.07
456.36,,,,-0.0003,0.0003,0.07
456.411,,,,-0.0003,0.0003,0.07
456.461,,,,-0.0003,0.0003,0.07
456.512,,,,-0.0003,0.0003,0.07
456.562,,,,-0.0003,0.0003,0.07
456.613,,,,-0.0003,0.0003,0.07
456.663,,,,-0.0003,0.0003,0.07
456.714,,,,-0.0003,0.0003,0.07
456.764,,,,-0.0003,0.0003,0.07
456.851,,,,-0.0003,0.0003,0.07
456.902,,,,-0.0003,0.0003,0.07
456.954,,,,-0.0003,0.0003,0.07
457.004,,,,-0.0003,0.0003,0.07
457.055,,,,-0.0003,0.0003,0.07
457.106,,,,-0.0003,0.0003,0.07
457.156,,,,-0.0003,0.0003,0.07
457.207,,,,-0.0003,0.0003,0.07
457.257,,,,-0.0003,0.0003,0.07
457.308,,,,-0.0003,0.0003,0.07
457.359,,,,-0.0003,0.0003,0.07
457.409,,,,-0.0003,0.0003,0.07
457.46,,,,-0.0003,0.0003,0.07
457.51,,,,-0.0003,0.0003,0.07
457.561,,,,-0.0003,0.0003,0.07
457.611,,,,-0.0003,0.0003,0.07
457.662,,,,-0.0003,0.0003,0.07
457.713,,,,-0.0003,0.0003,0.07
457.764,,,,-0.0003,0.0003,0.07
457.815,,,,-0.0003,0.0003,0.07
457.866,,,,-0.0003,0.0003,0.07
457.917,,,,-0.0003,0.0003,0.07
457.968,,,,-0.0003,0.0003,0.07
458.018,,,,-0.0003,0.0003,0.07
458.068,,,,-0.0003,0.0003,0.07
458.119,,,,-0.0003,0.0003,0.07
458.17,,,,-0.0003,0.0003,0.07
458.221,,,,-0.0003,0.0003,0.07
458.271,,,,-0.0003,0.0003,0.07
458.322,,,,-0.0003,0.0003,0.07
458.372,,,,-0.0003,0.0003,0.07
458.423,,,,-0.0003,0.0003,0.07
458.473,,,,-0.0003,0.0003,0.07
458.524,,,,-0.0003,0.0003,0.07
458.574,,,,-0.0003,0.0003,0.07
458.625,,,,-0.0003,0.0003,0.07
458.676,,,,-0.0003,0.0003,0.07
458.727,,,,-0.0003,0.0003,0.07
458.777,,,,-0.0003,0.0003,0.07
458.827,,,,-0.0003,0.0003,0.07
458.878,,,,-0.0003,0.0003,0.07
458.928,,,,-0.0003,0.0003,0.07
458.978,,,,-0.0003,0.0003,0.07
459.029,,,,-0.0003,0.0003,0.07
459.08,,,,-0.0003,0.0003,0.07
459.131,,,,-0.0003,0.0003,0.07
459.181,,,,-0.0003,0.0003,0.07
459.232,,,,-0.0003,0.0003,0.07
459.283,,,,-0.0003,0.0003,0.07
459.333,,,,-0.0003,0.0003,0.07
459.384,,,,-0.0003,0.0003,0.07
459.434,,,,-0.0003,0.0003,0.07
459.485,,,,-0.0003,0.0003,0.07
459.536,,,,-0.0003,0.0003,0.07
459.587,,,,-0.0003,0.0003,0.07
459.639,,,,-0.0003,0.0003,0.07
459.691,,,,-0.0003,0.0003,0.07
459.742,,,,-0.0003,0.0003,0.07
459.792,,,,-0.0003,0.0003,0.07
459.843,,,,-0.0003,0.0003,0.07
459.894,,,,-0.0003,0.0003,0.07
459.945,,,,-0.0003,0.0003,0.07
459.995,,,,-0.0003,0.0003,0.07
460.046,,,,-0.0003,0.0003,0.07
460.096,,,,-0.0003,0.0003,0.07
460.147,,,,-0.0003,0.0003,0.07
460.197,,,,-0.0003,0.0003,0.07
460.248,,,,-0.0003,0.0003,0.07
460.299,,,,-0.0003,0.0003,0.07
460.349,,,,-0.0003,0.0003,0.07
460.4,,,,-0.0003,0.0003,0.07
460.451,,,,-0.0003,0.0003,0.07
460.501,,,,-0.0003,0.0003,0.07
460.552,,,,-0.0003,0.0003,0.07
460.603,,,,-0.0003,0.0003,0.07
460.654,,,,-0.0003,0.0003,0.07
460.705,,,,-0.0003,0.0003,0.07
460.766,,,,-0.0003,0.0003,0.07
460.817,,,,-0.0003,0.0003,0.07
460.867,,,,-0.0003,0.0003,0.07
460.946,,,,-0.0003,0.0003,0.07
460.996,,,,-0.0003,0.0003,0.07
461.047,,,,-0.0003,0.0003,0.07
461.097,,,,-0.0003,0.0003,0.07
461.148,,,,-0.0003,0.0003,0.07
461.199,,,,-0.0003,0.0003,0.07
461.25,,,,-0.0003,0.0003,0.07
461.301,,,,-0.0003,0.0003,0.07
461.351,,,,-0.0003,0.0003,0.07
461.402,,,,-0.0003,0.0003,0.07
461.453,,,,-0.0003,0.0003,0.07
461.503,,,,-0.0003,0.0003,0.07
461.554,,,,-0.0003,0.0003,0.07
461.605,,,,-0.0003,0.0003,0.07
461.656,,,,-0.0003,0.0003,0.07
461.706,,,,-0.0003,0.0003,0.07
461.757,,,,-0.0003,0.0003,0.07
461.807,,,,-0.0003,0.0003,0.07
461.858,,,,-0.0003,0.0003,0.07
461.91,,,,-0.0003,0.0003,0.07
461.961,,,,-0.0003,0.0003,0.07
462.011,,,,-0.0003,0.0003,0.07
462.062,,,,-0.0003,0.0003,0.07
462.112,,,,-0.0003,0.0003,0.07
462.164,,,,-0.0003,0.0003,0.07
462.215,,,,-0.0003,0.0003,0.07
462.27,,,,-0.0003,0.0003,0.07
462.321,,,,-0.0003,0.0003,0.07
462.372,,,,-0.0003,0.0003,0.07
462.422,,,,-0.0003,0.0003,0.07
462.473,,,,-0.0003,0.0003,0.07
462.524,,,,-0.0003,0.0003,0.07
462.574,,,,-0.0003,0.0003,0.07
462.625,,,,-0.0003,0.0003,0.07
462.676,,,,-0.0003,0.0003,0.07
462.727,,,,-0.0003,0.0003,0.07
462.777,,,,-0.0003,0.0003,0.07
462.828,,,,-0.0003,0.0003,0.07
462.879,,,,-0.0003,0.0003,0.07
462.929,,,,-0.0003,0.0003,0.07
462.98,,,,-0.0003,0.0003,0.07
463.031,,,,-0.0003,0.0003,0.07
463.082,,,,-0.0003,0.0003,0.07
463.132,,,,-0.0003,0.0003,0.07
463.183,,,,-0.0003,0.0003,0.07
463.233,,,,-0.0003,0.0003,0.07
463.284,,,,-0.0003,0.0003,0.07
463.335,,,,-0.0003,0.0003,0.07
463.385,,,,-0.0003,0.0003,0.07
463.436,,,,-0.0003,0.0003,0.07
463.486,,,,-0.0003,0.0003,0.07
463.537,,,,-0.0003,0.0003,0.07
463.588,,,,-0.0003,0.0003,0.07
463.676,,,,-0.0003,0.0003,0.07
463.727,,,,-0.0003,0.0003,0.07
463.777,,,,-0.0003,0.0003,0.07
463.828,,,,-0.0003,0.0003,0.07
463.879,,,,-0.0003,0.0003,0.07
463.929,,,,-0.0003,0.0003,0.07
463.98,,,,-0.0003,0.0003,0.07
464.03,,,,-0.0003,0.0003,0.07
464.081,,,,-0.0003,0.0003,0.07
464.132,,,,-0.0003,0.0003,0.07
464.183,,,,-0.0003,0.0003,0.07
464.234,,,,-0.0003,0.0003,0.07
464.284,,,,-0.0003,0.0003,0.07
464.335,,,,-0.0003,0.0003,0.07
464.386,,,,-0.0003,0.0003,0.07
464.437,,,,-0.0003,0.0003,0.07
464.487,,,,-0.0003,0.0003,0.07
464.538,,,,-0.0003,0.0003,0.07
464.589,,,,-0.0003,0.0003,0.07
464.64,,,,-0.0003,0.0003,0.07
464.69,,,,-0.0003,0.0003,0.07
464.741,,,,-0.0003,0.0003,0.07
464.791,,,,-0.0003,0.0003,0.07
464.842,,,,-0.0003,0.0003,0.07
464.893,,,,-0.0003,0.0003,0.07
464.943,,,,-0.0003,0.0003,0.07
464.994,,,,-0.0003,0.0003,0.07
465.045,,,,-0.0003,0.0003,0.07
465.095,,,,-0.0003,0.0003,0.07
465.146,,,,-0.0003,0.0003,0.07
465.196,,,,-0.0003,0.0003,0.07
465.247,,,,-0.0003,0.0003,0.07
465.298,,,,-0.0003,0.0003,0.07
465.348,,,,-0.0003,0.0003,0.07
465.399,,,,-0.0003,0.0003,0.07
465.45,,,,-0.0003,0.0003,0.07
465.501,,,,-0.0003,0.0003,0.07
465.551,,,,-0.0003,0.0003,0.07
465.602,,,,-0.0003,0.0003,0.07
465.652,,,,-0.0003,0.0003,0.07
465.703,,,,-0.0003,0.0003,0.07
465.754,,,,-0.0003,0.0003,0.07
465.805,,,,-0.0003,0.0003,0.07
465.855,,,,-0.0003,0.0003,0.07
465.906,,,,-0.0003,0.0003,0.07
465.957,,,,-0.0003,0.0003,0.07
466.007,,,,-0.0003,0.0003,0.07
466.058,,,,-0.0003,0.0003,0.07
466.109,,,,-0.0003,0.0003,0.07
466.16,,,,-0.0003,0.0003,0.07
466.211,,,,-0.0003,0.0003,0.07
466.261,,,,-0.0003,0.0003,0.07
466.312,,,,-0.0003,0.0003,0.07
466.399,,,,-0.0003,0.0003,0.07
466.449,,,,-0.0003,0.0003,0.07
466.5,,,,-0.0003,0.0003,0.07
466.551,,,,-0.0003,0.0003,0.07
466.601,,,,-0.0003,0.0003,0.07
466.652,,,,-0.0003,0.0003,0.07
466.703,,,,-0.0003,0.0003,0.07
466.754,,,,-0.0003,0.0003,0.07
466.804,,,,-0.0003,0.0003,0.07
466.855,,,,-0.0003,0.0003,0.07
466.906,,,,-0.0003,0.0003,0.07
466.956,,,,-0.0003,0.0003,0.07
467.007,,,,-0.0003,0.0003,0.07
467.058,,,,-0.0003,0.0003,0.07
467.108,,,,-0.0003,0.0003,0.07
467.159,,,,-0.0003,0.0003,0.07
467.209,,,,-0.0003,0.0003,0.07
467.26,,,,-0.0003,0.0003,0.07
467.311,,,,-0.0003,0.0003,0.07
467.362,,,,-0.0003,0.0003,0.07
467.412,,,,-0.0003,0.0003,0.07
467.463,,,,-0.0003,0.0003,0.07
467.513,,,,-0.0003,0.0003,0.07
467.564,,,,-0.0003,0.0003,0.07
467.615,,,,-0.0003,0.0003,0.07
467.665,,,,-0.0003,0.0003,0.07
467.719,,,,-0.0003,0.0003,0.07
467.77,,,,-0.0003,0.0003,0.07
467.821,,,,-0.0003,0.0003,0.07
467.872,,,,-0.0003,0.0003,0.07
467.922,,,,-0.0003,0.0003,0.07
467.972,,,,-0.0003,0.0003,0.07
468.023,,,,-0.0003,0.0003,0.07
468.073,,,,-0.0003,0.0003,0.07
468.124,,,,-0.0003,0.0003,0.07
468.174,,,,-0.0003,0.0003,0.07
468.225,,,,-0.0003,0.0003,0.07
468.275,,,,-0.0003,0.0003,0.07
468.326,,,,-0.0003,0.0003,0.07
468.377,,,,-0.0003,0.0003,0.07
468.427,,,,-0.0003,0.0003,0.07
468.478,,,,-0.0003,0.0003,0.07
468.528,,,,-0.0003,0.0003,0.07
468.579,,,,-0.0003,0.0003,0.07
468.63,,,,-0.0003,0.0003,0.07
468.68,,,,-0.0003,0.0003,0.07
468.731,,,,-0.0003,0.0003,0.07
468.782,,,,-0.0003,0.0003,0.07
468.832,,,,-0.0003,0.0003,0.07
468.883,,,,-0.0003,0.0003,0.07
468.934,,,,-0.0003,0.0003,0.07
468.984,,,,-0.0003,0.0003,0.07
469.035,,,,-0.0003,0.0003,0.07
469.118,,,,-0.0003,0.0003,0.07
469.169,,,,-0.0003,0.0003,0.07
469.22,,,,-0.0003,0.0003,0.07
469.27,,,,-0.0003,0.0003,0.07
469.321,,,,-0.0003,0.0003,0.07
469.372,,,,-0.0003,0.0003,0.07
469.422,,,,-0.0003,0.0003,0.07
469.479,,,,-0.0003,0.0003,0.07
469.531,,,,-0.0003,0.0003,0.07
469.581,,,,-0.0003,0.0003,0.07
469.632,,,,-0.0003,0.0003,0.07
469.683,,,,-0.0003,0.0003,0.07
469.734,,,,-0.0003,0.0003,0.07
469.784,,,,-0.0003,0.0003,0.07
469.835,,,,-0.0003,0.0003,0.07
469.886,,,,-0.0003,0.0003,0.07
469.936,,,,-0.0003,0.0003,0.07
469.987,,,,-0.0003,0.0003,0.07
470.038,,,,-0.0003,0.0003,0.07
470.089,,,,-0.0003,0.0003,0.07
470.14,,,,-0.0003,0.0003,0.07
470.191,,,,-0.0003,0.0003,0.07
470.242,,,,-0.0003,0.0003,0.07
470.293,,,,-0.0003,0.0003,0.07
470.344,,,,-0.0003,0.0003,0.07
470.394,,,,-0.0003,0.0003,0.07
470.481,,,,-0.0003,0.0003,0.07
470.532,,,,-0.0003,0.0003,0.07
470.583,,,,-0.0003,0.0003,0.07
470.633,,,,-0.0003,0.0003,0.07
470.684,,,,-0.0003,0.0003,0.07
470.735,,,,-0.0003,0.0003,0.07
470.785,,,,-0.0003,0.0003,0.07
470.836,,,,-0.0003,0.0003,0.07
470.887,,,,-0.0003,0.0003,0.07
470.937,,,,-0.0003,0.0003,0.07
470.988,,,,-0.0003,0.0003,0.07
471.039,,,,-0.0003,0.0003,0.07
471.09,,,,-0.0003,0.0003,0.07
471.141,,,,-0.0003,0.0003,0.07
471.192,,,,-0.0003,0.0003,0.07
471.242,,,,-0.0003,0.0003,0.07
471.293,,,,-0.0003,0.0003,0.07
471.344,,,,-0.0003,0.0003,0.07
471.394,,,,-0.0003,0.0003,0.07
471.445,,,,-0.0003,0.0003,0.07
471.496,,,,-0.0003,0.0003,0.07
471.546,,,,-0.0003,0.0003,0.07
471.597,,,,-0.0003,0.0003,0.07
471.647,,,,-0.0003,0.0003,0.07
471.698,,,,-0.0003,0.0003,0.07
471.749,,,,-0.0003,0.0003,0.07
471.799,,,,-0.0003,0.0003,0.07
471.85,,,,-0.0003,0.0003,0.07
471.9,,,,-0.0003,0.0003,0.07
471.951,,,,-0.0003,0.0003,0.07
472.001,,,,-0.0003,0.0003,0.07
472.052,,,,-0.0003,0.0003,0.07
472.103,,,,-0.0003,0.0003,0.07
472.154,,,,-0.0003,0.0003,0.07
472.204,,,,-0.0003,0.0003,0.07
472.255,,,,-0.0003,0.0003,0.07
472.306,,,,-0.0003,0.0003,0.07
472.356,,,,-0.0003,0.0003,0.07
472.407,,,,-0.0003,0.0003,0.07
472.457,,,,-0.0003,0.0003,0.07
472.508,,,,-0.0003,0.0003,0.07
472.558,,,,-0.0003,0.0003,0.07
472.609,,,,-0.0003,0.0003,0.07
472.66,,,,-0.0003,0.0003,0.07
472.711,,,,-0.0003,0.0003,0.07
472.762,,,,-0.0003,0.0003,0.07
472.813,,,,-0.0003,0.0003,0.07
472.863,,,,-0.0003,0.0003,0.07
472.914,,,,-0.0003,0.0003,0.07
472.964,,,,-0.0003,0.0003,0.07
473.015,,,,-0.0003,0.0003,0.07
473.066,,,,-0.0003,0.0003,0.07
473.116,,,,-0.0003,0.0003,0.07
473.167,,,,-0.0003,0.0003,0.07
473.218,,,,-0.0003,0.0003,0.07
473.268,,,,-0.0003,0.0003,0.07
473.319,,,,-0.0003,0.0003,0.07
473.369,,,,-0.0003,0.0003,0.07
473.42,,,,-0.0003,0.0003,0.07
473.471,,,,-0.0003,0.0003,0.07
473.521,,,,-0.0003,0.0003,0.07
473.572,,,,-0.0003,0.0003,0.07
473.622,,,,-0.0003,0.0003,0.07
473.673,,,,-0.0003,0.0003,0.07
473.724,,,,-0.0003,0.0003,0.07
473.774,,,,-0.0003,0.0003,0.07
473.825,,,,-0.0003,0.0003,0.07
473.876,,,,-0.0003,0.0003,0.07
473.927,,,,-0.0003,0.0003,0.07
473.977,,,,-0.0003,0.0003,0.07
474.028,,,,-0.0003,0.0003,0.07
474.079,,,,-0.0003,0.0003,0.07
474.129,,,,-0.0003,0.0003,0.07
474.18,,,,-0.0003,0.0003,0.07
474.23,,,,-0.0003,0.0003,0.07
474.281,,,,-0.0003,0.0003,0.07
474.332,,,,-0.0003,0.0003,0.07
474.382,,,,-0.0003,0.0003,0.07
474.433,,,,-0.0003,0.0003,0.07
474.484,,,,-0.0003,0.0003,0.07
474.572,,,,-0.0003,0.0003,0.07
474.623,,,,-0.0003,0.0003,0.07
474.674,,,,-0.0003,0.0003,0.07
474.725,,,,-0.0003,0.0003,0.07
474.775,,,,-0.0003,0.0003,0.07
474.826,,,,-0.0003,0.0003,0.07
474.877,,,,-0.0003,0.0003,0.07
474.928,,,,-0.0003,0.0003,0.07
474.978,,,,-0.0003,0.0003,0.07
475.029,,,,-0.0003,0.0003,0.07
475.08,,,,-0.0003,0.0003,0.07
475.13,,,,-0.0003,0.0003,0.07
475.181,,,,-0.0003,0.0003,0.07
475.231,,,,-0.0003,0.0003,0.07
475.281,,,,-0.0003,0.0003,0.07
475.332,,,,-0.0003,0.0003,0.07
475.383,,,,-0.0003,0.0003,0.07
475.434,,,,-0.0003,0.0003,0.07
475.484,,,,-0.0003,0.0003,0.07
475.535,,,,-0.0003,0.0003,0.07
475.586,,,,-0.0003,0.0003,0.07
475.636,,,,-0.0003,0.0003,0.07
475.687,,,,-0.0003,0.0003,0.07
475.738,,,,-0.0003,0.0003,0.07
475.788,,,,-0.0003,0.0003,0.07
475.838,,,,-0.0003,0.0003,0.07
475.889,,,,-0.0003,0.0003,0.07
475.94,,,,-0.0003,0.0003,0.07
475.99,,,,-0.0003,0.0003,0.07
476.041,,,,-0.0003,0.0003,0.07
476.091,,,,-0.0003,0.0003,0.07
476.142,,,,-0.0003,0.0003,0.07
476.192,,,,-0.0003,0.0003,0.07
476.243,,,,-0.0003,0.0003,0.07
476.294,,,,-0.0003,0.0003,0.07
476.345,,,,-0.0003,0.0003,0.07
476.396,,,,-0.0003,0.0003,0.07
476.446,,,,-0.0003,0.0003,0.07
476.497,,,,-0.0003,0.0003,0.07
476.547,,,,-0.0003,0.0003,0.07
476.598,,,,-0.0003,0.0003,0.07
476.649,,,,-0.0003,0.0003,0.07
476.7,,,,-0.0003,0.0003,0.07
476.775,,,,-0.0003,0.0003,0.07
476.826,,,,-0.0003,0.0003,0.07
476.878,,,,-0.0003,0.0003,0.07
476.928,,,,-0.0003,0.0003,0.07
476.979,,,,-0.0003,0.0003,0.07
477.029,,,,-0.0003,0.0003,0.07
477.08,,,,-0.0003,0.0003,0.07
477.13,,,,-0.0003,0.0003,0.07
477.181,,,,-0.0003,0.0003,0.07
477.232,,,,-0.0003,0.0003,0.07
477.305,,,,-0.0003,0.0003,0.07
477.356,,,,-0.0003,0.0003,0.07
477.407,,,,-0.0003,0.0003,0.07
477.457,,,,-0.0003,0.0003,0.07
477.508,,,,-0.0003,0.0003,0.07
477.559,,,,-0.0003,0.0003,0.07
477.609,,,,-0.0003,0.0003,0.07
477.662,,,,-0.0003,0.0003,0.07
477.713,,,,-0.0003,0.0003,0.07
477.764,,,,-0.0003,0.0003,0.07
477.815,,,,-0.0003,0.0003,0.07
477.866,,,,-0.0003,0.0003,0.07
477.916,,,,-0.0003,0.0003,0.07
477.967,,,,-0.0003,0.0003,0.07
478.018,,,,-0.0003,0.0003,0.07
478.068,,,,-0.0003,0.0003,0.07
478.119,,,,-0.0003,0.0003,0.07
478.169,,,,-0.0003,0.0003,0.07
478.22,,,,-0.0003,0.0003,0.07
478.271,,,,-0.0003,0.0003,0.07
478.321,,,,-0.0003,0.0003,0.07
478.372,,,,-0.0003,0.0003,0.07
478.422,,,,-0.0003,0.0003,0.07
478.473,,,,-0.0003,0.0003,0.07
478.524,,,,-0.0003,0.0003,0.07
478.575,,,,-0.0003,0.0003,0.07
478.625,,,,-0.0003,0.0003,0.07
478.676,,,,-0.0003,0.0003,0.07
478.726,,,,-0.0003,0.0003,0.07
478.777,,,,-0.0003,0.0003,0.07
478.827,,,,-0.0003,0.0003,0.07
478.878,,,,-0.0003,0.0003,0.07
478.929,,,,-0.0003,0.0003,0.07
478.979,,,,-0.0003,0.0003,0.07
479.03,,,,-0.0003,0.0003,0.07
479.081,,,,-0.0003,0.0003,0.07
479.131,,,,-0.0003,0.0003,0.07
479.182,,,,-0.0003,0.0003,0.07
479.233,,,,-0.0003,0.0003,0.07
479.284,,,,-0.0003,0.0003,0.07
479.334,,,,-0.0003,0.0003,0.07
479.385,,,,-0.0003,0.0003,0.07
479.435,,,,-0.0003,0.0003,0.07
479.486,,,,-0.0003,0.0003,0.07
479.536,,,,-0.0003,0.0003,0.07
479.587,,,,-0.0003,0.0003,0.07
479.637,,,,-0.0003,0.0003,0.07
479.688,,,,-0.0003,0.0003,0.07
479.739,,,,-0.0003,0.0003,0.07
479.789,,,,-0.0003,0.0003,0.07
479.84,,,,-0.0003,0.0003,0.07
479.89,,,,-0.0003,0.0003,0.07
479.941,,,,-0.0003,0.0003,0.07
480.027,,,,-0.0003,0.0003,0.07
480.078,,,,-0.0003,0.0003,0.07
480.129,,,,-0.0003,0.0003,0.07
480.179,,,,-0.0003,0.0003,0.07
480.23,,,,-0.0003,0.0003,0.07
480.28,,,,-0.0003,0.0003,0.07
480.331,,,,-0.0003,0.0003,0.07
480.381,,,,-0.0003,0.0003,0.07
480.432,,,,-0.0003,0.0003,0.07
480.482,,,,-0.0003,0.0003,0.07
480.533,,,,-0.0003,0.0003,0.07
480.583,,,,-0.0003,0.0003,0.07
480.634,,,,-0.0003,0.0003,0.07
480.685,,,,-0.0003,0.0003,0.07
480.736,,,,-0.0003,0.0003,0.07
480.786,,,,-0.0003,0.0003,0.07
480.837,,,,-0.0003,0.0003,0.07
480.887,,,,-0.0003,0.0003,0.07
480.938,,,,-0.0003,0.0003,0.07
480.989,,,,-0.0003,0.0003,0.07
481.04,,,,-0.0003,0.0003,0.07
481.09,,,,-0.0003,0.0003,0.07
481.141,,,,-0.0003,0.0003,0.07
481.191,,,,-0.0003,0.0003,0.07
481.242,,,,-0.0003,0.0003,0.07
481.293,,,,-0.0003,0.0003,0.07
481.343,,,,-0.0003,0.0003,0.07
481.399,,,,-0.0003,0.0003,0.07
481.45,,,,-0.0003,0.0003,0.07
481.501,,,,-0.0003,0.0003,0.07
481.551,,,,-0.0003,0.0003,0.07
481.602,,,,-0.0003,0.0003,0.07
481.652,,,,-0.0003,0.0003,0.07
481.703,,,,-0.0003,0.0003,0.07
481.753,,,,-0.0003,0.0003,0.07
481.804,,,,-0.0003,0.0003,0.07
481.854,,,,-0.0003,0.0003,0.07
481.905,,,,-0.0003,0.0003,0.07
481.956,,,,-0.0003,0.0003,0.07
482.006,,,,-0.0003,0.0003,0.07
482.057,,,,-0.0003,0.0003,0.07
482.118,,,,-0.0003,0.0003,0.07
482.176,,,,-0.0003,0.0003,0.07
482.227,,,,-0.0003,0.0003,0.07
482.279,,,,-0.0003,0.0003,0.07
482.329,,,,-0.0003,0.0003,0.07
482.38,,,,-0.0003,0.0003,0.07
482.43,,,,-0.0003,0.0003,0.07
482.48,,,,-0.0003,0.0003,0.07
482.531,,,,-0.0003,0.0003,0.07
482.581,,,,-0.0003,0.0003,0.07
482.632,,,,-0.0003,0.0003,0.07
482.682,,,,-0.0003,0.0003,0.07
482.757,,,,-0.0003,0.0003,0.07
482.807,,,,-0.0003,0.0003,0.07
482.858,,,,-0.0003,0.0003,0.07
482.908,,,,-0.0003,0.0003,0.07
482.959,,,,-0.0003,0.0003,0.07
483.009,,,,-0.0003,0.0003,0.07
483.06,,,,-0.0003,0.0003,0.07
483.11,,,,-0.0003,0.0003,0.07
483.161,,,,-0.0003,0.0003,0.07
483.212,,,,-0.0003,0.0003,0.07
483.263,,,,-0.0003,0.0003,0.07
483.313,,,,-0.0003,0.0003,0.07
483.364,,,,-0.0003,0.0003,0.07
483.414,,,,-0.0003,0.0003,0.07
483.465,,,,-0.0003,0.0003,0.07
483.515,,,,-0.0003,0.0003,0.07
483.566,,,,-0.0003,0.0003,0.07
483.617,,,,-0.0003,0.0003,0.07
483.667,,,,-0.0003,0.0003,0.07
483.717,,,,-0.0003,0.0003,0.07
483.769,,,,-0.0003,0.0003,0.07
483.82,,,,-0.0003,0.0003,0.07
483.871,,,,-0.0003,0.0003,0.07
483.922,,,,-0.0003,0.0003,0.07
483.972,,,,-0.0003,0.0003,0.07
484.023,,,,-0.0003,0.0003,0.07
484.073,,,,-0.0003,0.0003,0.07
484.126,,,,-0.0003,0.0003,0.07
484.177,,,,-0.0003,0.0003,0.07
484.228,,,,-0.0003,0.0003,0.07
484.279,,,,-0.0003,0.0003,0.07
484.329,,,,-0.0003,0.0003,0.07
484.38,,,,-0.0003,0.0003,0.07
484.43,,,,-0.0003,0.0003,0.07
484.481,,,,-0.0003,0.0003,0.07
484.531,,,,-0.0003,0.0003,0.07
484.582,,,,-0.0003,0.0003,0.07
484.633,,,,-0.0003,0.0003,0.07
484.683,,,,-0.0003,0.0003,0.07
484.734,,,,-0.0003,0.0003,0.07
484.785,,,,-0.0003,0.0003,0.07
484.836,,,,-0.0003,0.0003,0.07
484.886,,,,-0.0003,0.0003,0.07
484.937,,,,-0.0003,0.0003,0.07
484.987,,,,-0.0003,0.0003,0.07
485.038,,,,-0.0003,0.0003,0.07
485.089,,,,-0.0003,0.0003,0.07
485.14,,,,-0.0003,0.0003,0.07
485.19,,,,-0.0003,0.0003,0.07
485.241,,,,-0.0003,0.0003,0.07
485.292,,,,-0.0003,0.0003,0.07
485.343,,,,-0.0003,0.0003,0.07
485.393,,,,-0.0003,0.0003,0.07
485.444,,,,-0.0003,0.0003,0.07
485.494,,,,-0.0003,0.0003,0.07
485.544,,,,-0.0003,0.0003,0.07
485.595,,,,-0.0003,0.0003,0.07
485.646,,,,-0.0003,0.0003,0.07
485.697,,,,-0.0003,0.0003,0.07
485.748,,,,-0.0003,0.0003,0.07
485.798,,,,-0.0003,0.0003,0.07
485.849,,,,-0.0003,0.0003,0.07
485.899,,,,-0.0003,0.0003,0.07
485.95,,,,-0.0003,0.0003,0.07
486.0,,,,-0.0003,0.0003,0.07
486.051,,,,-0.0003,0.0003,0.07
486.102,,,,-0.0003,0.0003,0.07
486.153,,,,-0.0003,0.0003,0.07
486.203,,,,-0.0003,0.0003,0.07
486.254,,,,-0.0003,0.0003,0.07
486.304,,,,-0.0003,0.0003,0.07
486.355,,,,-0.0003,0.0003,0.07
486.405,,,,-0.0003,0.0003,0.07
486.456,,,,-0.0003,0.0003,0.07
486.507,,,,-0.0003,0.0003,0.07
486.557,,,,-0.0003,0.0003,0.07
486.608,,,,-0.0003,0.0003,0.07
486.668,,,,-0.0003,0.0003,0.07
486.719,,,,-0.0003,0.0003,0.07
486.77,,,,-0.0003,0.0003,0.07
486.84,,,,-0.0003,0.0003,0.07
486.89,,,,-0.0003,0.0003,0.07
486.941,,,,-0.0003,0.0003,0.07
486.992,,,,-0.0003,0.0003,0.07
487.042,,,,-0.0003,0.0003,0.07
487.093,,,,-0.0003,0.0003,0.07
487.144,,,,-0.0003,0.0003,0.07
487.194,,,,-0.0003,0.0003,0.07
487.245,,,,-0.0003,0.0003,0.07
487.295,,,,-0.0003,0.0003,0.07
487.346,,,,-0.0003,0.0003,0.07
487.397,,,,-0.0003,0.0003,0.07
487.448,,,,-0.0003,0.0003,0.07
487.498,,,,-0.0003,0.0003,0.07
487.549,,,,-0.0003,0.0003,0.07
487.6,,,,-0.0003,0.0003,0.07
487.65,,,,-0.0003,0.0003,0.07
487.701,,,,-0.0003,0.0003,0.07
487.751,,,,-0.0003,0.0003,0.07
487.802,,,,-0.0003,0.0003,0.07
487.852,,,,-0.0003,0.0003,0.07
487.903,,,,-0.0003,0.0003,0.07
487.953,,,,-0.0003,0.0003,0.07
488.004,,,,-0.0003,0.0003,0.07
488.055,,,,-0.0003,0.0003,0.07
488.106,,,,-0.0003,0.0003,0.07
488.156,,,,-0.0003,0.0003,0.07
488.207,,,,-0.0003,0.0003,0.07
488.257,,,,-0.0003,0.0003,0.07
488.308,,,,-0.0003,0.0003,0.07
488.359,,,,-0.0003,0.0003,0.07
488.41,,,,-0.0003,0.0003,0.07
488.461,,,,-0.0003,0.0003,0.07
488.511,,,,-0.0003,0.0003,0.07
488.562,,,,-0.0003,0.0003,0.07
488.613,,,,-0.0003,0.0003,0.07
488.664,,,,-0.0003,0.0003,0.07
488.715,,,,-0.0003,0.0003,0.07
488.765,,,,-0.0003,0.0003,0.07
488.815,,,,-0.0003,0.0003,0.07
488.867,,,,-0.0003,0.0003,0.07
488.917,,,,-0.0003,0.0003,0.07
488.967,,,,-0.0003,0.0003,0.07
489.018,,,,-0.0003,0.0003,0.07
489.069,,,,-0.0003,0.0003,0.07
489.12,,,,-0.0003,0.0003,0.07
489.17,,,,-0.0003,0.0003,0.07
489.221,,,,-0.0003,0.0003,0.07
489.272,,,,-0.0003,0.0003,0.07
489.322,,,,-0.0003,0.0003,0.07
489.373,,,,-0.0003,0.0003,0.07
489.423,,,,-0.0003,0.0003,0.07
489.474,,,,-0.0003,0.0003,0.07
489.524,,,,-0.0003,0.0003,0.07
489.578,,,,-0.0003,0.0003,0.07
489.629,,,,-0.0003,0.0003,0.07
489.68,,,,-0.0003,0.0003,0.07
489.731,,,,-0.0003,0.0003,0.07
489.781,,,,-0.0003,0.0003,0.07
489.832,,,,-0.0003,0.0003,0.07
489.882,,,,-0.0003,0.0003,0.07
489.933,,,,-0.0003,0.0003,0.07
489.984,,,,-0.0003,0.0003,0.07
490.034,,,,-0.0003,0.0003,0.07
490.085,,,,-0.0003,0.0003,0.07
490.136,,,,-0.0003,0.0003,0.07
490.187,,,,-0.0003,0.0003,0.07
490.238,,,,-0.0003,0.0003,0.07
490.288,,,,-0.0003,0.0003,0.07
490.339,,,,-0.0003,0.0003,0.07
490.389,,,,-0.0003,0.0003,0.07
490.44,,,,-0.0003,0.0003,0.07
490.49,,,,-0.0003,0.0003,0.07
490.541,,,,-0.0003,0.0003,0.07
490.591,,,,-0.0003,0.0003,0.07
490.642,,,,-0.0003,0.0003,0.07
490.693,,,,-0.0003,0.0003,0.07
490.743,,,,-0.0003,0.0003,0.07
490.794,,,,-0.0003,0.0003,0.07
490.845,,,,-0.0003,0.0003,0.07
490.895,,,,-0.0003,0.0003,0.07
490.946,,,,-0.0003,0.0003,0.07
490.997,,,,-0.0003,0.0003,0.07
491.048,,,,-0.0003,0.0003,0.07
491.099,,,,-0.0003,0.0003,0.07
491.149,,,,-0.0003,0.0003,0.07
491.2,,,,-0.0003,0.0003,0.07
491.25,,,,-0.0003,0.0003,0.07
491.3,,,,-0.0003,0.0003,0.07
491.351,,,,-0.0003,0.0003,0.07
491.402,,,,-0.0003,0.0003,0.07
491.452,,,,-0.0003,0.0003,0.07
491.503,,,,-0.0003,0.0003,0.07
491.554,,,,-0.0003,0.0003,0.07
491.605,,,,-0.0003,0.0003,0.07
491.655,,,,-0.0003,0.0003,0.07
491.706,,,,-0.0003,0.0003,0.07
491.757,,,,-0.0003,0.0003,0.07
491.807,,,,-0.0003,0.0003,0.07
491.858,,,,-0.0003,0.0003,0.07
491.909,,,,-0.0003,0.0003,0.07
491.96,,,,-0.0003,0.0003,0.07
492.01,,,,-0.0003,0.0003,0.07
492.061,,,,-0.0003,0.0003,0.07
492.111,,,,-0.0003,0.0003,0.07
492.162,,,,-0.0003,0.0003,0.07
492.212,,,,-0.0003,0.0003,0.07
492.293,,,,-0.0003,0.0003,0.07
492.343,,,,-0.0003,0.0003,0.07
492.394,,,,-0.0003,0.0003,0.07
492.444,,,,-0.0003,0.0003,0.07
492.495,,,,-0.0003,0.0003,0.07
492.545,,,,-0.0003,0.0003,0.07
492.596,,,,-0.0003,0.0003,0.07
492.647,,,,-0.0003,0.0003,0.07
492.697,,,,-0.0003,0.0003,0.07
492.748,,,,-0.0003,0.0003,0.07
492.799,,,,-0.0003,0.0003,0.07
492.849,,,,-0.0003,0.0003,0.07
492.9,,,,-0.0003,0.0003,0.07
492.951,,,,-0.0003,0.0003,0.07
493.002,,,,-0.0003,0.0003,0.07
493.052,,,,-0.0003,0.0003,0.07
493.103,,,,-0.0003,0.0003,0.07
493.153,,,,-0.0003,0.0003,0.07
493.204,,,,-0.0003,0.0003,0.07
493.255,,,,-0.0003,0.0003,0.07
493.305,,,,-0.0003,0.0003,0.07
493.355,,,,-0.0003,0.0003,0.07
493.406,,,,-0.0003,0.0003,0.07
493.456,,,,-0.0003,0.0003,0.07
493.508,,,,-0.0003,0.0003,0.07
493.558,,,,-0.0003,0.0003,0.07
493.609,,,,-0.0003,0.0003,0.07
493.663,,,,-0.0003,0.0003,0.07
493.713,,,,-0.0003,0.0003,0.07
493.764,,,,-0.0003,0.0003,0.07
493.814,,,,-0.0003,0.0003,0.07
493.865,,,,-0.0003,0.0003,0.07
493.916,,,,-0.0003,0.0003,0.07
493.968,,,,-0.0003,0.0003,0.07
494.019,,,,-0.0003,0.0003,0.07
494.07,,,,-0.0003,0.0003,0.07
494.12,,,,-0.0003,0.0003,0.07
494.171,,,,-0.0003,0.0003,0.07
494.222,,,,-0.0003,0.0003,0.07
494.272,,,,-0.0003,0.0003,0.07
494.323,,,,-0.0003,0.0003,0.07
494.373,,,,-0.0003,0.0003,0.07
494.424,,,,-0.0003,0.0003,0.07
494.474,,,,-0.0003,0.0003,0.07
494.525,,,,-0.0003,0.0003,0.07
494.576,,,,-0.0003,0.0003,0.07
494.627,,,,-0.0003,0.0003,0.07
494.678,,,,-0.0003,0.0003,0.07
494.729,,,,-0.0003,0.0003,0.07
494.78,,,,-0.0003,0.0003,0.07
494.83,,,,-0.0003,0.0003,0.07
494.88,,,,-0.0003,0.0003,0.07
494.931,,,,-0.0003,0.0003,0.07
494.982,,,,-0.0003,0.0003,0.07
495.032,,,,-0.0003,0.0003,0.07
495.083,,,,-0.0003,0.0003,0.07
495.133,,,,-0.0003,0.0003,0.07
495.184,,,,-0.0003,0.0003,0.07
495.235,,,,-0.0003,0.0003,0.07
495.285,,,,-0.0003,0.0003,0.07
495.336,,,,-0.0003,0.0003,0.07
495.387,,,,-0.0003,0.0003,0.07
495.437,,,,-0.0003,0.0003,0.07
495.488,,,,-0.0003,0.0003,0.07
495.539,,,,-0.0003,0.0003,0.07
495.59,,,,-0.0003,0.0003,0.07
495.64,,,,-0.0003,0.0003,0.07
495.691,,,,-0.0003,0.0003,0.07
495.742,,,,-0.0003,0.0003,0.07
495.792,,,,-0.0003,0.0003,0.07
495.842,,,,-0.0003,0.0003,0.07
495.893,,,,-0.0003,0.0003,0.07
495.944,,,,-0.0003,0.0003,0.07
495.994,,,,-0.0003,0.0003,0.07
496.047,,,,-0.0003,0.0003,0.07
496.099,,,,-0.0003,0.0003,0.07
496.15,,,,-0.0003,0.0003,0.07
496.2,,,,-0.0003,0.0003,0.07
496.251,,,,-0.0003,0.0003,0.07
496.301,,,,-0.0003,0.0003,0.07
496.355,,,,-0.0003,0.0003,0.07
496.407,,,,-0.0003,0.0003,0.07
496.458,,,,-0.0003,0.0003,0.07
496.509,,,,-0.0003,0.0003,0.07
496.559,,,,-0.0003,0.0003,0.07
496.61,,,,-0.0003,0.0003,0.07
496.661,,,,-0.0003,0.0003,0.07
496.711,,,,-0.0003,0.0003,0.07
496.762,,,,-0.0003,0.0003,0.07
496.812,,,,-0.0003,0.0003,0.07
496.863,,,,-0.0003,0.0003,0.07
496.914,,,,-0.0003,0.0003,0.07
496.965,,,,-0.0003,0.0003,0.07
497.016,,,,-0.0003,0.0003,0.07
497.066,,,,-0.0003,0.0003,0.07
497.116,,,,-0.0003,0.0003,0.07
497.167,,,,-0.0003,0.0003,0.07
497.218,,,,-0.0003,0.0003,0.07
497.268,,,,-0.0003,0.0003,0.07
497.319,,,,-0.0003,0.0003,0.07
497.369,,,,-0.0003,0.0003,0.07
497.42,,,,-0.0003,0.0003,0.07
497.47,,,,-0.0003,0.0003,0.07
497.521,,,,-0.0003,0.0003,0.07
497.573,,,,-0.0003,0.0003,0.07
497.623,,,,-0.0003,0.0003,0.07
497.673,,,,-0.0003,0.0003,0.07
497.753,,,,-0.0003,0.0003,0.07
497.803,,,,-0.0003,0.0003,0.07
497.855,,,,-0.0003,0.0003,0.07
497.905,,,,-0.0003,0.0003,0.07
497.955,,,,-0.0003,0.0003,0.07
498.006,,,,-0.0003,0.0003,0.07
498.056,,,,-0.0003,0.0003,0.07
498.106,,,,-0.0003,0.0003,0.07
498.157,,,,-0.0003,0.0003,0.07
498.208,,,,-0.0003,0.0003,0.07
498.258,,,,-0.0003,0.0003,0.07
498.309,,,,-0.0003,0.0003,0.07
498.359,,,,-0.0003,0.0003,0.07
498.409,,,,-0.0003,0.0003,0.07
498.46,,,,-0.0003,0.0003,0.07
498.51,,,,-0.0003,0.0003,0.07
498.561,,,,-0.0003,0.0003,0.07
498.611,,,,-0.0003,0.0003,0.07
498.662,,,,-0.0003,0.0003,0.07
498.713,,,,-0.0003,0.0003,0.07
498.763,,,,-0.0003,0.0003,0.07
498.813,,,,-0.0003,0.0003,0.07
498.864,,,,-0.0003,0.0003,0.07
498.914,,,,-0.0003,0.0003,0.07
498.965,,,,-0.0003,0.0003,0.07
499.015,,,,-0.0003,0.0003,0.07
499.066,,,,-0.0003,0.0003,0.07
499.117,,,,-0.0003,0.0003,0.07
499.167,,,,-0.0003,0.0003,0.07
499.218,,,,-0.0003,0.0003,0.07
499.268,,,,-0.0003,0.0003,0.07
499.318,,,,-0.0003,0.0003,0.07
499.368,,,,-0.0003,0.0003,0.07
499.42,,,,-0.0003,0.0003,0.07
499.47,,,,-0.0003,0.0003,0.07
499.521,,,,-0.0003,0.0003,0.07
499.571,,,,-0.0003,0.0003,0.07
499.622,,,,-0.0003,0.0003,0.07
499.672,,,,-0.0003,0.0003,0.07
499.723,,,,-0.0003,0.0003,0.07
499.773,,,,-0.0003,0.0003,0.07
499.824,,,,-0.0003,0.0003,0.07
499.875,,,,-0.0003,0.0003,0.07
499.926,,,,-0.0003,0.0003,0.07
499.977,,,,-0.0003,0.0003,0.07
500.028,,,,-0.0003,0.0003,0.07
500.078,,,,-0.0003,0.0003,0.07
500.129,,,,-0.0003,0.0003,0.07
500.181,,,,-0.0003,0.0003,0.07
500.231,,,,-0.0003,0.0003,0.07
500.282,,,,-0.0003,0.0003,0.07
500.332,,,,-0.0003,0.0003,0.07
500.383,,,,-0.0003,0.0003,0.07
500.433,,,,-0.0003,0.0003,0.07
500.484,,,,-0.0003,0.0003,0.07
500.534,,,,-0.0003,0.0003,0.07
500.585,,,,-0.0003,0.0003,0.07
500.635,,,,-0.0003,0.0003,0.07
500.686,,,,-0.0003,0.0003,0.07
500.736,,,,-0.0003,0.0003,0.07
500.787,,,,-0.0003,0.0003,0.07
500.837,,,,-0.0003,0.0003,0.07
500.888,,,,-0.0003,0.0003,0.07
500.939,,,,-0.0003,0.0003,0.07
500.99,,,,-0.0003,0.0003,0.07
501.041,,,,-0.0003,0.0003,0.07
501.091,,,,-0.0003,0.0003,0.07
501.142,,,,-0.0003,0.0003,0.07
501.192,,,,-0.0003,0.0003,0.07
501.243,,,,-0.0003,0.0003,0.07
501.294,,,,-0.0003,0.0003,0.07
501.345,,,,-0.0003,0.0003,0.07
501.395,,,,-0.0003,0.0003,0.07
501.446,,,,-0.0003,0.0003,0.07
501.496,,,,-0.0003,0.0003,0.07
501.547,,,,-0.0003,0.0003,0.07
501.598,,,,-0.0003,0.0003,0.07
501.648,,,,-0.0003,0.0003,0.07
501.699,,,,-0.0003,0.0003,0.07
501.749,,,,-0.0003,0.0003,0.07
501.835,,,,-0.0003,0.0003,0.07
501.886,,,,-0.0003,0.0003,0.07
501.936,,,,-0.0003,0.0003,0.07
501.987,,,,-0.0003,0.0003,0.07
502.038,,,,-0.0003,0.0003,0.07
502.089,,,,-0.0003,0.0003,0.07
502.139,,,,-0.0003,0.0003,0.07
502.19,,,,-0.0003,0.0003,0.07
502.241,,,,-0.0003,0.0003,0.07
502.292,,,,-0.0003,0.0003,0.07
502.342,,,,-0.0003,0.0003,0.07
502.393,,,,-0.0003,0.0003,0.07
502.443,,,,-0.0003,0.0003,0.07
502.494,,,,-0.0003,0.0003,0.07
502.544,,,,-0.0003,0.0003,0.07
502.595,,,,-0.0003,0.0003,0.07
502.645,,,,-0.0003,0.0003,0.07
502.696,,,,-0.0003,0.0003,0.07
502.746,,,,-0.0003,0.0003,0.07
502.796,,,,-0.0003,0.0003,0.07
502.847,,,,-0.0003,0.0003,0.07
502.897,,,,-0.0003,0.0003,0.07
502.948,,,,-0.0003,0.0003,0.07
502.999,,,,-0.0003,0.0003,0.07
503.049,,,,-0.0003,0.0003,0.07
503.1,,,,-0.0003,0.0003,0.07
503.15,,,,-0.0003,0.0003,0.07
503.2,,,,-0.0003,0.0003,0.07
503.251,,,,-0.0003,0.0003,0.07
503.302,,,,-0.0003,0.0003,0.07
503.353,,,,-0.0003,0.0003,0.07
503.403,,,,-0.0003,0.0003,0.07
503.454,,,,-0.0003,0.0003,0.07
503.504,,,,-0.0003,0.0003,0.07
503.555,,,,-0.0003,0.0003,0.07
503.605,,,,-0.0003,0.0003,0.07
503.656,,,,-0.0003,0.0003,0.07
503.707,,,,-0.0003,0.0003,0.07
503.757,,,,-0.0003,0.0003,0.07
503.808,,,,-0.0003,0.0003,0.07
503.858,,,,-0.0003,0.0003,0.07
503.909,,,,-0.0003,0.0003,0.07
503.96,,,,-0.0003,0.0003,0.07
504.011,,,,-0.0003,0.0003,0.07
504.061,,,,-0.0003,0.0003,0.07
504.112,,,,-0.0003,0.0003,0.07
504.163,,,,-0.0003,0.0003,0.07
504.214,,,,-0.0003,0.0003,0.07
504.264,,,,-0.0003,0.0003,0.07
504.315,,,,-0.0003,0.0003,0.07
504.365,,,,-0.0003,0.0003,0.07
504.416,,,,-0.0003,0.0003,0.07
504.467,,,,-0.0003,0.0003,0.07
504.517,,,,-0.0003,0.0003,0.07
504.573,,,,-0.0003,0.0003,0.07
504.624,,,,-0.0003,0.0003,0.07
504.674,,,,-0.0003,0.0003,0.07
504.725,,,,-0.0003,0.0003,0.07
504.776,,,,-0.0003,0.0003,0.07
504.827,,,,-0.0003,0.0003,0.07
504.877,,,,-0.0003,0.0003,0.07
504.928,,,,-0.0003,0.0003,0.07
504.979,,,,-0.0003,0.0003,0.07
505.029,,,,-0.0003,0.0003,0.07
505.08,,,,-0.0003,0.0003,0.07
505.13,,,,-0.0003,0.0003,0.07
505.181,,,,-0.0003,0.0003,0.07
505.232,,,,-0.0003,0.0003,0.07
505.282,,,,-0.0003,0.0003,0.07
505.333,,,,-0.0003,0.0003,0.07
505.383,,,,-0.0003,0.0003,0.07
505.434,,,,-0.0003,0.0003,0.07
505.485,,,,-0.0003,0.0003,0.07
505.535,,,,-0.0003,0.0003,0.07
505.586,,,,-0.0003,0.0003,0.07
505.637,,,,-0.0003,0.0003,0.07
505.688,,,,-0.0003,0.0003,0.07
505.738,,,,-0.0003,0.0003,0.07
505.789,,,,-0.0003,0.0003,0.07
505.84,,,,-0.0003,0.0003,0.07
505.944,,,,-0.0003,0.0003,0.07
505.994,,,,-0.0003,0.0003,0.07
506.044,,,,-0.0003,0.0003,0.07
506.095,,,,-0.0003,0.0003,0.07
506.145,,,,-0.0003,0.0003,0.07
506.196,,,,-0.0003,0.0003,0.07
506.247,,,,-0.0003,0.0003,0.07
506.297,,,,-0.0003,0.0003,0.07
506.348,,,,-0.0003,0.0003,0.07
506.398,,,,-0.0003,0.0003,0.07
506.449,,,,-0.0003,0.0003,0.07
506.499,,,,-0.0003,0.0003,0.07
506.55,,,,-0.0003,0.0003,0.07
506.601,,,,-0.0003,0.0003,0.07
506.651,,,,-0.0003,0.0003,0.07
506.702,,,,-0.0003,0.0003,0.07
506.753,,,,-0.0003,0.0003,0.07
506.803,,,,-0.0003,0.0003,0.07
506.853,,,,-0.0003,0.0003,0.07
506.904,,,,-0.0003,0.0003,0.07
506.954,,,,-0.0003,0.0003,0.07
507.005,,,,-0.0003,0.0003,0.07
507.056,,,,-0.0003,0.0003,0.07
507.106,,,,-0.0003,0.0003,0.07
507.157,,,,-0.0003,0.0003,0.07
507.208,,,,-0.0003,0.0003,0.07
507.297,,,,-0.0003,0.0003,0.07
507.348,,,,-0.0003,0.0003,0.07
507.399,,,,-0.0003,0.0003,0.07
507.45,,,,-0.0003,0.0003,0.07
507.5,,,,-0.0003,0.0003,0.07
507.551,,,,-0.0003,0.0003,0.07
507.602,,,,-0.0003,0.0003,0.07
507.652,,,,-0.0003,0.0003,0.07
507.702,,,,-0.0003,0.0003,0.07
507.753,,,,-0.0003,0.0003,0.07
507.803,,,,-0.0003,0.0003,0.07
507.854,,,,-0.0003,0.0003,0.07
507.904,,,,-0.0003,0.0003,0.07
507.955,,,,-0.0003,0.0003,0.07
508.005,,,,-0.0003,0.0003,0.07
508.056,,,,-0.0003,0.0003,0.07
508.108,,,,-0.0003,0.0003,0.07
508.158,,,,-0.0003,0.0003,0.07
508.209,,,,-0.0003,0.0003,0.07
508.26,,,,-0.0003,0.0003,0.07
508.311,,,,-0.0003,0.0003,0.07
508.361,,,,-0.0003,0.0003,0.07
508.412,,,,-0.0003,0.0003,0.07
508.463,,,,-0.0003,0.0003,0.07
508.513,,,,-0.0003,0.0003,0.07
508.564,,,,-0.0003,0.0003,0.07
508.615,,,,-0.0003,0.0003,0.07
508.665,,,,-0.0003,0.0003,0.07
508.716,,,,-0.0003,0.0003,0.07
508.766,,,,-0.0003,0.0003,0.07
508.817,,,,-0.0003,0.0003,0.07
508.868,,,,-0.0003,0.0003,0.07
508.919,,,,-0.0003,0.0003,0.07
508.97,,,,-0.0003,0.0003,0.07
509.021,,,,-0.0003,0.0003,0.07
509.072,,,,-0.0003,0.0003,0.07
509.122,,,,-0.0003,0.0003,0.07
509.173,,,,-0.0003,0.0003,0.07
509.224,,,,-0.0003,0.0003,0.07
509.274,,,,-0.0003,0.0003,0.07
509.325,,,,-0.0003,0.0003,0.07
509.375,,,,-0.0003,0.0003,0.07
509.426,,,,-0.0003,0.0003,0.07
509.477,,,,-0.0003,0.0003,0.07
509.527,,,,-0.0003,0.0003,0.07
509.577,,,,-0.0003,0.0003,0.07
509.628,,,,-0.0003,0.0003,0.07
509.679,,,,-0.0003,0.0003,0.07
509.729,,,,-0.0003,0.0003,0.07
509.78,,,,-0.0003,0.0003,0.07
509.831,,,,-0.0003,0.0003,0.07
509.881,,,,-0.0003,0.0003,0.07
509.932,,,,-0.0003,0.0003,0.07
509.984,,,,-0.0003,0.0003,0.07
510.035,,,,-0.0003,0.0003,0.07
510.086,,,,-0.0003,0.0003,0.07
510.136,,,,-0.0003,0.0003,0.07
510.187,,,,-0.0003,0.0003,0.07
510.237,,,,-0.0003,0.0003,0.07
510.288,,,,-0.0003,0.0003,0.07
510.338,,,,-0.0003,0.0003,0.07
510.389,,,,-0.0003,0.0003,0.07
510.44,,,,-0.0003,0.0003,0.07
510.49,,,,-0.0003,0.0003,0.07
510.541,,,,-0.0003,0.0003,0.07
510.591,,,,-0.0003,0.0003,0.07
510.642,,,,-0.0003,0.0003,0.07
510.693,,,,-0.0003,0.0003,0.07
510.743,,,,-0.0003,0.0003,0.07
510.794,,,,-0.0003,0.0003,0.07
510.844,,,,-0.0003,0.0003,0.07
510.895,,,,-0.0003,0.0003,0.07
510.946,,,,-0.0003,0.0003,0.07
510.996,,,,-0.0003,0.0003,0.07
511.047,,,,-0.0003,0.0003,0.07
511.098,,,,-0.0003,0.0003,0.07
511.148,,,,-0.0003,0.0003,0.07
511.199,,,,-0.0003,0.0003,0.07
511.249,,,,-0.0003,0.0003,0.07
511.301,,,,-0.0003,0.0003,0.07
511.38,,,,-0.0003,0.0003,0.07
511.431,,,,-0.0003,0.0003,0.07
511.481,,,,-0.0003,0.0003,0.07
511.532,,,,-0.0003,0.0003,0.07
511.583,,,,-0.0003,0.0003,0.07
511.634,,,,-0.0003,0.0003,0.07
511.685,,,,-0.0003,0.0003,0.07
511.735,,,,-0.0003,0.0003,0.07
511.786,,,,-0.0003,0.0003,0.07
511.836,,,,-0.0003,0.0003,0.07
511.887,,,,-0.0003,0.0003,0.07
511.937,,,,-0.0003,0.0003,0.07
511.988,,,,-0.0003,0.0003,0.07
512.038,,,,-0.0003,0.0003,0.07
512.089,,,,-0.0003,0.0003,0.07
512.139,,,,-0.0003,0.0003,0.07
512.19,,,,-0.0003,0.0003,0.07
512.241,,,,-0.0003,0.0003,0.07
512.291,,,,-0.0003,0.0003,0.07
512.342,,,,-0.0003,0.0003,0.07
512.392,,,,-0.0003,0.0003,0.07
512.443,,,,-0.0003,0.0003,0.07
512.494,,,,-0.0003,0.0003,0.07
512.545,,,,-0.0003,0.0003,0.07
512.595,,,,-0.0003,0.0003,0.07
512.645,,,,-0.0003,0.0003,0.07
512.697,,,,-0.0003,0.0003,0.07
512.753,,,,-0.0003,0.0003,0.07
512.804,,,,-0.0003,0.0003,0.07
512.854,,,,-0.0003,0.0003,0.07
512.905,,,,-0.0003,0.0003,0.07
512.955,,,,-0.0003,0.0003,0.07
513.006,,,,-0.0003,0.0003,0.07
513.056,,,,-0.0003,0.0003,0.07
513.107,,,,-0.0003,0.0003,0.07
513.158,,,,-0.0003,0.0003,0.07
513.208,,,,-0.0003,0.0003,0.07
513.259,,,,-0.0003,0.0003,0.07
513.309,,,,-0.0003,0.0003,0.07
513.36,,,,-0.0003,0.0003,0.07
513.411,,,,-0.0003,0.0003,0.07
513.462,,,,-0.0003,0.0003,0.07
513.513,,,,-0.0003,0.0003,0.07
513.563,,,,-0.0003,0.0003,0.07
513.614,,,,-0.0003,0.0003,0.07
513.665,,,,-0.0003,0.0003,0.07
513.715,,,,-0.0003,0.0003,0.07
513.766,,,,-0.0003,0.0003,0.07
513.817,,,,-0.0003,0.0003,0.07
513.868,,,,-0.0003,0.0003,0.07
513.918,,,,-0.0003,0.0003,0.07
513.969,,,,-0.0003,0.0003,0.07
514.02,,,,-0.0003,0.0003,0.07
514.071,,,,-0.0003,0.0003,0.07
514.121,,,,-0.0003,0.0003,0.07
514.172,,,,-0.0003,0.0003,0.07
514.222,,,,-0.0003,0.0003,0.07
514.273,,,,-0.0003,0.0003,0.07
514.324,,,,-0.0003,0.0003,0.07
514.375,,,,-0.0003,0.0003,0.07
514.425,,,,-0.0003,0.0003,0.07
514.476,,,,-0.0003,0.0003,0.07
514.526,,,,-0.0003,0.0003,0.07
514.577,,,,-0.0003,0.0003,0.07
514.627,,,,-0.0003,0.0003,0.07
514.678,,,,-0.0003,0.0003,0.07
514.729,,,,-0.0003,0.0003,0.07
514.78,,,,-0.0003,0.0003,0.07
514.83,,,,-0.0003,0.0003,0.07
514.881,,,,-0.0003,0.0003,0.07
514.931,,,,-0.0003,0.0003,0.07
514.982,,,,-0.0003,0.0003,0.07
515.033,,,,-0.0003,0.0003,0.07
515.083,,,,-0.0003,0.0003,0.07
515.134,,,,-0.0003,0.0003,0.07
515.185,,,,-0.0003,0.0003,0.07
515.235,,,,-0.0003,0.0003,0.07
515.286,,,,-0.0003,0.0003,0.07
515.336,,,,-0.0003,0.0003,0.07
515.387,,,,-0.0003,0.0003,0.07
515.437,,,,-0.0003,0.0003,0.07
515.488,,,,-0.0003,0.0003,0.07
515.539,,,,-0.0003,0.0003,0.07
515.589,,,,-0.0003,0.0003,0.07
515.64,,,,-0.0003,0.0003,0.07
515.691,,,,-0.0003,0.0003,0.07
515.741,,,,-0.0003,0.0003,0.07
515.8,,,,-0.0003,0.0003,0.07
515.85,,,,-0.0003,0.0003,0.07
515.901,,,,-0.0003,0.0003,0.07
515.952,,,,-0.0003,0.0003,0.07
516.002,,,,-0.0003,0.0003,0.07
516.053,,,,-0.0003,0.0003,0.07
516.104,,,,-0.0003,0.0003,0.07
516.154,,,,-0.0003,0.0003,0.07
516.205,,,,-0.0003,0.0003,0.07
516.256,,,,-0.0003,0.0003,0.07
516.307,,,,-0.0003,0.0003,0.07
516.358,,,,-0.0003,0.0003,0.07
516.409,,,,-0.0003,0.0003,0.07
516.46,,,,-0.0003,0.0003,0.07
516.511,,,,-0.0003,0.0003,0.07
516.561,,,,-0.0003,0.0003,0.07
516.612,,,,-0.0003,0.0003,0.07
516.662,,,,-0.0003,0.0003,0.07
516.713,,,,-0.0003,0.0003,0.07
516.763,,,,-0.0003,0.0003,0.07
516.842,,,,-0.0003,0.0003,0.07
516.893,,,,-0.0003,0.0003,0.07
516.943,,,,-0.0003,0.0003,0.07
516.994,,,,-0.0003,0.0003,0.07
517.045,,,,-0.0003,0.0003,0.07
517.095,,,,-0.0003,0.0003,0.07
517.146,,,,-0.0003,0.0003,0.07
517.196,,,,-0.0003,0.0003,0.07
517.247,,,,-0.0003,0.0003,0.07
517.298,,,,-0.0003,0.0003,0.07
517.349,,,,-0.0003,0.0003,0.07
517.399,,,,-0.0003,0.0003,0.07
517.45,,,,-0.0003,0.0003,0.07
517.5,,,,-0.0003,0.0003,0.07
517.551,,,,-0.0003,0.0003,0.07
517.601,,,,-0.0003,0.0003,0.07
517.652,,,,-0.0003,0.0003,0.07
517.703,,,,-0.0003,0.0003,0.07
517.753,,,,-0.0003,0.0003,0.07
517.804,,,,-0.0003,0.0003,0.07
517.854,,,,-0.0003,0.0003,0.07
517.905,,,,-0.0003,0.0003,0.07
517.955,,,,-0.0003,0.0003,0.07
518.006,,,,-0.0003,0.0003,0.07
518.057,,,,-0.0003,0.0003,0.07
518.107,,,,-0.0003,0.0003,0.07
518.158,,,,-0.0003,0.0003,0.07
518.208,,,,-0.0003,0.0003,0.07
518.259,,,,-0.0003,0.0003,0.07
518.31,,,,-0.0003,0.0003,0.07
518.36,,,,-0.0003,0.0003,0.07
518.41,,,,-0.0003,0.0003,0.07
518.461,,,,-0.0003,0.0003,0.07
518.511,,,,-0.0003,0.0003,0.07
518.562,,,,-0.0003,0.0003,0.07
518.612,,,,-0.0003,0.0003,0.07
518.663,,,,-0.0003,0.0003,0.07
518.713,,,,-0.0003,0.0003,0.07
518.764,,,,-0.0003,0.0003,0.07
518.814,,,,-0.0003,0.0003,0.07
518.865,,,,-0.0003,0.0003,0.07
518.915,,,,-0.0003,0.0003,0.07
518.966,,,,-0.0003,0.0003,0.07
519.017,,,,-0.0003,0.0003,0.07
519.067,,,,-0.0003,0.0003,0.07
519.117,,,,-0.0003,0.0003,0.07
519.168,,,,-0.0003,0.0003,0.07
519.219,,,,-0.0003,0.0003,0.07
519.269,,,,-0.0003,0.0003,0.07
519.32,,,,-0.0003,0.0003,0.07
519.371,,,,-0.0003,0.0003,0.07
519.421,,,,-0.0003,0.0003,0.07
519.472,,,,-0.0003,0.0003,0.07
519.523,,,,-0.0003,0.0003,0.07
519.573,,,,-0.0003,0.0003,0.07
519.624,,,,-0.0003,0.0003,0.07
519.674,,,,-0.0003,0.0003,0.07
519.725,,,,-0.0003,0.0003,0.07
519.775,,,,-0.0003,0.0003,0.07
519.826,,,,-0.0003,0.0003,0.07
519.876,,,,-0.0003,0.0003,0.07
519.926,,,,-0.0003,0.0003,0.07
519.977,,,,-0.0003,0.0003,0.07
520.027,,,,-0.0003,0.0003,0.07
520.077,,,,-0.0003,0.0003,0.07
520.128,,,,-0.0003,0.0003,0.07
520.178,,,,-0.0003,0.0003,0.07
520.229,,,,-0.0003,0.0003,0.07
520.279,,,,-0.0003,0.0003,0.07
520.33,,,,-0.0003,0.0003,0.07
520.381,,,,-0.0003,0.0003,0.07
520.431,,,,-0.0003,0.0003,0.07
520.482,,,,-0.0003,0.0003,0.07
520.532,,,,-0.0003,0.0003,0.07
520.583,,,,-0.0003,0.0003,0.07
520.633,,,,-0.0003,0.0003,0.07
520.684,,,,-0.0003,0.0003,0.07
520.734,,,,-0.0003,0.0003,0.07
520.785,,,,-0.0003,0.0003,0.07
520.836,,,,-0.0003,0.0003,0.07
520.919,,,,-0.0003,0.0003,0.07
520.97,,,,-0.0003,0.0003,0.07
521.021,,,,-0.0003,0.0003,0.07
521.071,,,,-0.0003,0.0003,0.07
521.122,,,,-0.0003,0.0003,0.07
521.172,,,,-0.0003,0.0003,0.07
521.223,,,,-0.0003,0.0003,0.07
521.273,,,,-0.0003,0.0003,0.07
521.324,,,,-0.0003,0.0003,0.07
521.374,,,,-0.0003,0.0003,0.07
521.425,,,,-0.0003,0.0003,0.07
521.475,,,,-0.0003,0.0003,0.07
521.526,,,,-0.0003,0.0003,0.07
521.577,,,,-0.0003,0.0003,0.07
521.627,,,,-0.0003,0.0003,0.07
521.678,,,,-0.0003,0.0003,0.07
521.728,,,,-0.0003,0.0003,0.07
521.779,,,,-0.0003,0.0003,0.07
521.829,,,,-0.0003,0.0003,0.07
521.88,,,,-0.0003,0.0003,0.07
521.93,,,,-0.0003,0.0003,0.07
521.981,,,,-0.0003,0.0003,0.07
522.031,,,,-0.0003,0.0003,0.07
522.082,,,,-0.0003,0.0003,0.07
522.133,,,,-0.0003,0.0003,0.07
522.183,,,,-0.0003,0.0003,0.07
522.234,,,,-0.0003,0.0003,0.07
522.284,,,,-0.0003,0.0003,0.07
522.335,,,,-0.0003,0.0003,0.07
522.385,,,,-0.0003,0.0003,0.07
522.458,,,,-0.0003,0.0003,0.07
522.52,,,,-0.0003,0.0003,0.07
522.572,,,,-0.0003,0.0003,0.07
522.622,,,,-0.0003,0.0003,0.07
522.673,,,,-0.0003,0.0003,0.07
522.724,,,,-0.0003,0.0003,0.07
522.774,,,,-0.0003,0.0003,0.07
522.825,,,,-0.0003,0.0003,0.07
522.875,,,,-0.0003,0.0003,0.07
522.926,,,,-0.0003,0.0003,0.07
522.977,,,,-0.0003,0.0003,0.07
523.027,,,,-0.0003,0.0003,0.07
523.078,,,,-0.0003,0.0003,0.07
523.128,,,,-0.0003,0.0003,0.07
523.179,,,,-0.0003,0.0003,0.07
523.23,,,,-0.0003,0.0003,0.07
523.28,,,,-0.0003,0.0003,0.07
523.331,,,,-0.0003,0.0003,0.07
523.382,,,,-0.0003,0.0003,0.07
523.433,,,,-0.0003,0.0003,0.07
523.483,,,,-0.0003,0.0003,0.07
523.534,,,,-0.0003,0.0003,0.07
523.584,,,,-0.0003,0.0003,0.07
523.635,,,,-0.0003,0.0003,0.07
523.685,,,,-0.0003,0.0003,0.07
523.736,,,,-0.0003,0.0003,0.07
523.787,,,,-0.0003,0.0003,0.07
523.838,,,,-0.0003,0.0003,0.07
523.888,,,,-0.0003,0.0003,0.07
523.939,,,,-0.0003,0.0003,0.07
523.99,,,,-0.0003,0.0003,0.07
524.041,,,,-0.0003,0.0003,0.07
524.091,,,,-0.0003,0.0003,0.07
524.142,,,,-0.0003,0.0003,0.07
524.193,,,,-0.0003,0.0003,0.07
524.243,,,,-0.0003,0.0003,0.07
524.294,,,,-0.0003,0.0003,0.07
524.344,,,,-0.0003,0.0003,0.07
524.395,,,,-0.0003,0.0003,0.07
524.446,,,,-0.0003,0.0003,0.07
524.496,,,,-0.0003,0.0003,0.07
524.547,,,,-0.0003,0.0003,0.07
524.597,,,,-0.0003,0.0003,0.07
524.648,,,,-0.0003,0.0003,0.07
524.699,,,,-0.0003,0.0003,0.07
524.749,,,,-0.0003,0.0003,0.07
524.8,,,,-0.0003,0.0003,0.07
524.85,,,,-0.0003,0.0003,0.07
524.901,,,,-0.0003,0.0003,0.07
524.951,,,,-0.0003,0.0003,0.07
525.002,,,,-0.0003,0.0003,0.07
525.053,,,,-0.0003,0.0003,0.07
525.103,,,,-0.0003,0.0003,0.07
525.153,,,,-0.0003,0.0003,0.07
525.204,,,,-0.0003,0.0003,0.07
525.254,,,,-0.0003,0.0003,0.07
525.305,,,,-0.0003,0.0003,0.07
525.356,,,,-0.0003,0.0003,0.07
525.407,,,,-0.0003,0.0003,0.07
525.457,,,,-0.0003,0.0003,0.07
525.508,,,,-0.0003,0.0003,0.07
525.558,,,,-0.0003,0.0003,0.07
525.609,,,,-0.0003,0.0003,0.07
525.66,,,,-0.0003,0.0003,0.07
525.71,,,,-0.0003,0.0003,0.07
525.761,,,,-0.0003,0.0003,0.07
525.812,,,,-0.0003,0.0003,0.07
525.862,,,,-0.0003,0.0003,0.07
525.913,,,,-0.0003,0.0003,0.07
525.963,,,,-0.0003,0.0003,0.07
526.014,,,,-0.0003,0.0003,0.07
526.065,,,,-0.0003,0.0003,0.07
526.116,,,,-0.0003,0.0003,0.07
526.166,,,,-0.0003,0.0003,0.07
526.217,,,,-0.0003,0.0003,0.07
526.268,,,,-0.0003,0.0003,0.07
526.319,,,,-0.0003,0.0003,0.07
526.371,,,,-0.0003,0.0003,0.07
526.422,,,,-0.0003,0.0003,0.07
526.472,,,,-0.0003,0.0003,0.07
526.523,,,,-0.0003,0.0003,0.07
526.574,,,,-0.0003,0.0003,0.07
526.624,,,,-0.0003,0.0003,0.07
526.675,,,,-0.0003,0.0003,0.07
526.725,,,,-0.0003,0.0003,0.07
526.776,,,,-0.0003,0.0003,0.07
526.826,,,,-0.0003,0.0003,0.07
526.877,,,,-0.0003,0.0003,0.07
526.927,,,,-0.0003,0.0003,0.07
526.978,,,,-0.0003,0.0003,0.07
527.029,,,,-0.0003,0.0003,0.07
527.079,,,,-0.0003,0.0003,0.07
527.13,,,,-0.0003,0.0003,0.07
527.18,,,,-0.0003,0.0003,0.07
527.231,,,,-0.0003,0.0003,0.07
527.282,,,,-0.0003,0.0003,0.07
527.332,,,,-0.0003,0.0003,0.07
527.383,,,,-0.0003,0.0003,0.07
527.434,,,,-0.0003,0.0003,0.07
527.484,,,,-0.0003,0.0003,0.07
527.535,,,,-0.0003,0.0003,0.07
527.585,,,,-0.0003,0.0003,0.07
527.636,,,,-0.0003,0.0003,0.07
527.686,,,,-0.0003,0.0003,0.07
527.738,,,,-0.0003,0.0003,0.07
527.788,,,,-0.0003,0.0003,0.07
527.839,,,,-0.0003,0.0003,0.07
527.889,,,,-0.0003,0.0003,0.07
527.94,,,,-0.0003,0.0003,0.07
527.991,,,,-0.0003,0.0003,0.07
528.042,,,,-0.0003,0.0003,0.07
528.092,,,,-0.0003,0.0003,0.07
528.143,,,,-0.0003,0.0003,0.07
528.194,,,,-0.0003,0.0003,0.07
528.245,,,,-0.0003,0.0003,0.07
528.296,,,,-0.0003,0.0003,0.07
528.346,,,,-0.0003,0.0003,0.07
528.397,,,,-0.0003,0.0003,0.07
528.448,,,,-0.0003,0.0003,0.07
528.499,,,,-0.0003,0.0003,0.07
528.549,,,,-0.0003,0.0003,0.07
528.6,,,,-0.0003,0.0003,0.07
528.65,,,,-0.0003,0.0003,0.07
528.701,,,,-0.0003,0.0003,0.07
528.751,,,,-0.0003,0.0003,0.07
528.801,,,,-0.0003,0.0003,0.07
528.852,,,,-0.0003,0.0003,0.07
528.903,,,,-0.0003,0.0003,0.07
528.953,,,,-0.0003,0.0003,0.07
529.004,,,,-0.0003,0.0003,0.07
529.055,,,,-0.0003,0.0003,0.07
529.105,,,,-0.0003,0.0003,0.07
529.156,,,,-0.0003,0.0003,0.07
529.206,,,,-0.0003,0.0003,0.07
529.257,,,,-0.0003,0.0003,0.07
529.307,,,,-0.0003,0.0003,0.07
529.358,,,,-0.0003,0.0003,0.07
529.409,,,,-0.0003,0.0003,0.07
529.459,,,,-0.0003,0.0003,0.07
529.51,,,,-0.0003,0.0003,0.07
529.56,,,,-0.0003,0.0003,0.07
529.611,,,,-0.0003,0.0003,0.07
529.662,,,,-0.0003,0.0003,0.07
529.712,,,,-0.0003,0.0003,0.07
529.763,,,,-0.0003,0.0003,0.07
529.814,,,,-0.0003,0.0003,0.07
529.865,,,,-0.0003,0.0003,0.07
529.915,,,,-0.0003,0.0003,0.07
529.966,,,,-0.0003,0.0003,0.07
530.016,,,,-0.0003,0.0003,0.07
530.066,,,,-0.0003,0.0003,0.07
530.118,,,,-0.0003,0.0003,0.07
530.169,,,,-0.0003,0.0003,0.07
530.219,,,,-0.0003,0.0003,0.07
530.27,,,,-0.0003,0.0003,0.07
530.321,,,,-0.0003,0.0003,0.07
530.372,,,,-0.0003,0.0003,0.07
530.422,,,,-0.0003,0.0003,0.07
530.473,,,,-0.0003,0.0003,0.07
530.523,,,,-0.0003,0.0003,0.07
530.574,,,,-0.0003,0.0003,0.07
530.624,,,,-0.0003,0.0003,0.07
530.675,,,,-0.0003,0.0003,0.07
530.726,,,,-0.0003,0.0003,0.07
530.777,,,,-0.0003,0.0003,0.07
530.828,,,,-0.0003,0.0003,0.07
530.878,,,,-0.0003,0.0003,0.07
530.929,,,,-0.0003,0.0003,0.07
530.979,,,,-0.0003,0.0003,0.07
531.03,,,,-0.0003,0.0003,0.07
531.08,,,,-0.0003,0.0003,0.07
531.133,,,,-0.0003,0.0003,0.07
531.184,,,,-0.0003,0.0003,0.07
531.234,,,,-0.0003,0.0003,0.07
531.285,,,,-0.0003,0.0003,0.07
531.336,,,,-0.0003,0.0003,0.07
531.386,,,,-0.0003,0.0003,0.07
531.437,,,,-0.0003,0.0003,0.07
531.487,,,,-0.0003,0.0003,0.07
531.538,,,,-0.0003,0.0003,0.07
531.589,,,,-0.0003,0.0003,0.07
531.64,,,,-0.0003,0.0003,0.07
531.69,,,,-0.0003,0.0003,0.07
531.741,,,,-0.0003,0.0003,0.07
531.791,,,,-0.0003,0.0003,0.07
531.842,,,,-0.0003,0.0003,0.07
531.892,,,,-0.0003,0.0003,0.07
531.943,,,,-0.0003,0.0003,0.07
531.993,,,,-0.0003,0.0003,0.07
532.044,,,,-0.0003,0.0003,0.07
532.095,,,,-0.0003,0.0003,0.07
532.145,,,,-0.0003,0.0003,0.07
532.196,,,,-0.0003,0.0003,0.07
532.247,,,,-0.0003,0.0003,0.07
532.297,,,,-0.0003,0.0003,0.07
532.348,,,,-0.0003,0.0003,0.07
532.399,,,,-0.0003,0.0003,0.07
532.45,,,,-0.0003,0.0003,0.07
532.501,,,,-0.0003,0.0003,0.07
532.552,,,,-0.0003,0.0003,0.07
532.603,,,,-0.0003,0.0003,0.07
532.654,,,,-0.0003,0.0003,0.07
532.704,,,,-0.0003,0.0003,0.07
532.755,,,,-0.0003,0.0003,0.07
532.806,,,,-0.0003,0.0003,0.07
532.857,,,,-0.0003,0.0003,0.07
532.908,,,,-0.0003,0.0003,0.07
532.959,,,,-0.0003,0.0003,0.07
533.009,,,,-0.0003,0.0003,0.07
533.06,,,,-0.0003,0.0003,0.07
533.11,,,,-0.0003,0.0003,0.07
533.2,,,,-0.0003,0.0003,0.07
533.251,,,,-0.0003,0.0003,0.07
533.301,,,,-0.0003,0.0003,0.07
533.352,,,,-0.0003,0.0003,0.07
533.402,,,,-0.0003,0.0003,0.07
533.453,,,,-0.0003,0.0003,0.07
533.503,,,,-0.0003,0.0003,0.07
533.554,,,,-0.0003,0.0003,0.07
533.604,,,,-0.0003,0.0003,0.07
533.655,,,,-0.0003,0.0003,0.07
533.706,,,,-0.0003,0.0003,0.07
533.756,,,,-0.0003,0.0003,0.07
533.807,,,,-0.0003,0.0003,0.07
533.858,,,,-0.0003,0.0003,0.07
533.908,,,,-0.0003,0.0003,0.07
533.959,,,,-0.0003,0.0003,0.07
534.01,,,,-0.0003,0.0003,0.07
534.06,,,,-0.0003,0.0003,0.07
534.11,,,,-0.0003,0.0003,0.07
534.161,,,,-0.0003,0.0003,0.07
534.212,,,,-0.0003,0.0003,0.07
534.263,,,,-0.0003,0.0003,0.07
534.313,,,,-0.0003,0.0003,0.07
534.364,,,,-0.0003,0.0003,0.07
534.416,,,,-0.0003,0.0003,0.07
534.466,,,,-0.0003,0.0003,0.07
534.555,,,,-0.0003,0.0003,0.07
534.606,,,,-0.0003,0.0003,0.07
534.657,,,,-0.0003,0.0003,0.07
534.707,,,,-0.0003,0.0003,0.07
534.758,,,,-0.0003,0.0003,0.07
534.809,,,,-0.0003,0.0003,0.07
534.86,,,,-0.0003,0.0003,0.07
534.911,,,,-0.0003,0.0003,0.07
534.961,,,,-0.0003,0.0003,0.07
535.013,,,,-0.0003,0.0003,0.07
535.063,,,,-0.0003,0.0003,0.07
535.114,,,,-0.0003,0.0003,0.07
535.164,,,,-0.0003,0.0003,0.07
535.215,,,,-0.0003,0.0003,0.07
535.266,,,,-0.0003,0.0003,0.07
535.317,,,,-0.0003,0.0003,0.07
535.368,,,,-0.0003,0.0003,0.07
535.419,,,,-0.0003,0.0003,0.07
535.469,,,,-0.0003,0.0003,0.07
535.52,,,,-0.0003,0.0003,0.07
535.571,,,,-0.0003,0.0003,0.07
535.622,,,,-0.0003,0.0003,0.07
535.673,,,,-0.0003,0.0003,0.07
535.723,,,,-0.0003,0.0003,0.07
535.774,,,,-0.0003,0.0003,0.07
535.825,,,,-0.0003,0.0003,0.07
535.875,,,,-0.0003,0.0003,0.07
535.925,,,,-0.0003,0.0003,0.07
535.976,,,,-0.0003,0.0003,0.07
536.026,,,,-0.0003,0.0003,0.07
536.077,,,,-0.0003,0.0003,0.07
536.128,,,,-0.0003,0.0003,0.07
536.179,,,,-0.0003,0.0003,0.07
536.229,,,,-0.0003,0.0003,0.07
536.28,,,,-0.0003,0.0003,0.07
536.33,,,,-0.0003,0.0003,0.07
536.381,,,,-0.0003,0.0003,0.07
536.431,,,,-0.0003,0.0003,0.07
536.482,,,,-0.0003,0.0003,0.07
536.533,,,,-0.0003,0.0003,0.07
536.583,,,,-0.0003,0.0003,0.07
536.634,,,,-0.0003,0.0003,0.07
536.684,,,,-0.0003,0.0003,0.07
536.735,,,,-0.0003,0.0003,0.07
536.785,,,,-0.0003,0.0003,0.07
536.836,,,,-0.0003,0.0003,0.07
536.886,,,,-0.0003,0.0003,0.07
536.937,,,,-0.0003,0.0003,0.07
536.987,,,,-0.0003,0.0003,0.07
537.038,,,,-0.0003,0.0003,0.07
537.088,,,,-0.0003,0.0003,0.07
537.139,,,,-0.0003,0.0003,0.07
537.189,,,,-0.0003,0.0003,0.07
537.279,,,,-0.0003,0.0003,0.07
537.33,,,,-0.0003,0.0003,0.07
537.38,,,,-0.0003,0.0003,0.07
537.431,,,,-0.0003,0.0003,0.07
537.482,,,,-0.0003,0.0003,0.07
537.533,,,,-0.0003,0.0003,0.07
537.583,,,,-0.0003,0.0003,0.07
537.634,,,,-0.0003,0.0003,0.07
537.685,,,,-0.0003,0.0003,0.07
537.735,,,,-0.0003,0.0003,0.07
537.786,,,,-0.0003,0.0003,0.07
537.836,,,,-0.0003,0.0003,0.07
537.887,,,,-0.0003,0.0003,0.07
537.938,,,,-0.0003,0.0003,0.07
537.988,,,,-0.0003,0.0003,0.07
538.04,,,,-0.0003,0.0003,0.07
538.09,,,,-0.0003,0.0003,0.07
538.141,,,,-0.0003,0.0003,0.07
538.193,,,,-0.0003,0.0003,0.07
538.243,,,,-0.0003,0.0003,0.07
538.294,,,,-0.0003,0.0003,0.07
538.344,,,,-0.0003,0.0003,0.07
538.395,,,,-0.0003,0.0003,0.07
538.446,,,,-0.0003,0.0003,0.07
538.497,,,,-0.0003,0.0003,0.07
538.548,,,,-0.0003,0.0003,0.07
538.598,,,,-0.0003,0.0003,0.07
538.649,,,,-0.0003,0.0003,0.07
538.7,,,,-0.0003,0.0003,0.07
538.75,,,,-0.0003,0.0003,0.07
538.801,,,,-0.0003,0.0003,0.07
538.852,,,,-0.0003,0.0003,0.07
538.903,,,,-0.0003,0.0003,0.07
538.954,,,,-0.0003,0.0003,0.07
539.004,,,,-0.0003,0.0003,0.07
539.055,,,,-0.0003,0.0003,0.07
539.106,,,,-0.0003,0.0003,0.07
539.156,,,,-0.0003,0.0003,0.07
539.208,,,,-0.0003,0.0003,0.07
539.258,,,,-0.0003,0.0003,0.07
539.309,,,,-0.0003,0.0003,0.07
539.359,,,,-0.0003,0.0003,0.07
539.41,,,,-0.0003,0.0003,0.07
539.461,,,,-0.0003,0.0003,0.07
539.512,,,,-0.0003,0.0003,0.07
539.563,,,,-0.0003,0.0003,0.07
539.614,,,,-0.0003,0.0003,0.07
539.665,,,,-0.0003,0.0003,0.07
539.716,,,,-0.0003,0.0003,0.07
539.767,,,,-0.0003,0.0003,0.07
539.818,,,,-0.0003,0.0003,0.07
539.869,,,,-0.0003,0.0003,0.07
539.919,,,,-0.0003,0.0003,0.07
539.97,,,,-0.0003,0.0003,0.07
540.021,,,,-0.0003,0.0003,0.07
540.071,,,,-0.0003,0.0003,0.07
540.121,,,,-0.0003,0.0003,0.07
540.172,,,,-0.0003,0.0003,0.07
540.222,,,,-0.0003,0.0003,0.07
540.272,,,,-0.0003,0.0003,0.07
540.322,,,,-0.0003,0.0003,0.07
540.373,,,,-0.0003,0.0003,0.07
540.423,,,,-0.0003,0.0003,0.07
540.474,,,,-0.0003,0.0003,0.07
540.524,,,,-0.0003,0.0003,0.07
540.575,,,,-0.0003,0.0003,0.07
540.626,,,,-0.0003,0.0003,0.07
540.677,,,,-0.0003,0.0003,0.07
540.727,,,,-0.0003,0.0003,0.07
540.777,,,,-0.0003,0.0003,0.07
540.828,,,,-0.0003,0.0003,0.07
540.878,,,,-0.0003,0.0003,0.07
540.929,,,,-0.0003,0.0003,0.07
540.981,,,,-0.0003,0.0003,0.07
541.031,,,,-0.0003,0.0003,0.07
541.082,,,,-0.0003,0.0003,0.07
541.132,,,,-0.0003,0.0003,0.07
541.183,,,,-0.0003,0.0003,0.07
541.234,,,,-0.0003,0.0003,0.07
541.285,,,,-0.0003,0.0003,0.07
541.375,,,,-0.0003,0.0003,0.07
541.426,,,,-0.0003,0.0003,0.07
541.477,,,,-0.0003,0.0003,0.07
541.528,,,,-0.0003,0.0003,0.07
541.578,,,,-0.0003,0.0003,0.07
541.629,,,,-0.0003,0.0003,0.07
541.679,,,,-0.0003,0.0003,0.07
541.73,,,,-0.0003,0.0003,0.07
541.781,,,,-0.0003,0.0003,0.07
541.832,,,,-0.0003,0.0003,0.07
541.883,,,,-0.0003,0.0003,0.07
541.934,,,,-0.0003,0.0003,0.07
541.985,,,,-0.0003,0.0003,0.07
542.035,,,,-0.0003,0.0003,0.07
542.086,,,,-0.0003,0.0003,0.07
542.137,,,,-0.0003,0.0003,0.07
542.188,,,,-0.0003,0.0003,0.07
542.238,,,,-0.0003,0.0003,0.07
542.289,,,,-0.0003,0.0003,0.07
542.34,,,,-0.0003,0.0003,0.07
542.391,,,,-0.0003,0.0003,0.07
542.442,,,,-0.0003,0.0003,0.07
542.493,,,,-0.0003,0.0003,0.07
542.544,,,,-0.0003,0.0003,0.07
542.594,,,,-0.0003,0.0003,0.07
542.645,,,,-0.0003,0.0003,0.07
542.695,,,,-0.0003,0.0003,0.07
542.746,,,,-0.0003,0.0003,0.07
542.797,,,,-0.0003,0.0003,0.07
542.847,,,,-0.0003,0.0003,0.07
542.898,,,,-0.0003,0.0003,0.07
542.949,,,,-0.0003,0.0003,0.07
542.999,,,,-0.0003,0.0003,0.07
543.05,,,,-0.0003,0.0003,0.07
543.1,,,,-0.0003,0.0003,0.07
543.15,,,,-0.0003,0.0003,0.07
543.201,,,,-0.0003,0.0003,0.07
543.252,,,,-0.0003,0.0003,0.07
543.303,,,,-0.0003,0.0003,0.07
543.353,,,,-0.0003,0.0003,0.07
543.404,,,,-0.0003,0.0003,0.07
543.454,,,,-0.0003,0.0003,0.07
543.505,,,,-0.0003,0.0003,0.07
543.556,,,,-0.0003,0.0003,0.07
543.607,,,,-0.0003,0.0003,0.07
543.658,,,,-0.0003,0.0003,0.07
543.709,,,,-0.0003,0.0003,0.07
543.759,,,,-0.0003,0.0003,0.07
543.81,,,,-0.0003,0.0003,0.07
543.861,,,,-0.0003,0.0003,0.07
543.911,,,,-0.0003,0.0003,0.07
543.962,,,,-0.0003,0.0003,0.07
544.014,,,,-0.0003,0.0003,0.07
544.102,,,,-0.0003,0.0003,0.07
544.153,,,,-0.0003,0.0003,0.07
544.203,,,,-0.0003,0.0003,0.07
544.254,,,,-0.0003,0.0003,0.07
544.305,,,,-0.0003,0.0003,0.07
544.355,,,,-0.0003,0.0003,0.07
544.405,,,,-0.0003,0.0003,0.07
544.462,,,,-0.0003,0.0003,0.07
544.513,,,,-0.0003,0.0003,0.07
544.564,,,,-0.0003,0.0003,0.07
544.615,,,,-0.0003,0.0003,0.07
544.666,,,,-0.0003,0.0003,0.07
544.716,,,,-0.0003,0.0003,0.07
544.767,,,,-0.0003,0.0003,0.07
544.818,,,,-0.0003,0.0003,0.07
544.868,,,,-0.0003,0.0003,0.07
544.919,,,,-0.0003,0.0003,0.07
544.97,,,,-0.0003,0.0003,0.07
545.021,,,,-0.0003,0.0003,0.07
545.071,,,,-0.0003,0.0003,0.07
545.122,,,,-0.0003,0.0003,0.07
545.172,,,,-0.0003,0.0003,0.07
545.222,,,,-0.0003,0.0003,0.07
545.273,,,,-0.0003,0.0003,0.07
545.324,,,,-0.0003,0.0003,0.07
545.374,,,,-0.0003,0.0003,0.07
545.461,,,,-0.0003,0.0003,0.07
545.512,,,,-0.0003,0.0003,0.07
545.563,,,,-0.0003,0.0003,0.07
545.613,,,,-0.0003,0.0003,0.07
545.664,,,,-0.0003,0.0003,0.07
545.714,,,,-0.0003,0.0003,0.07
545.765,,,,-0.0003,0.0003,0.07
545.815,,,,-0.0003,0.0003,0.07
545.866,,,,-0.0003,0.0003,0.07
545.917,,,,-0.0003,0.0003,0.07
545.967,,,,-0.0003,0.0003,0.07
546.018,,,,-0.0003,0.0003,0.07
546.068,,,,-0.0003,0.0003,0.07
546.119,,,,-0.0003,0.0003,0.07
546.17,,,,-0.0003,0.0003,0.07
546.22,,,,-0.0003,0.0003,0.07
546.271,,,,-0.0003,0.0003,0.07
546.322,,,,-0.0003,0.0003,0.07
546.375,,,,-0.0003,0.0003,0.07
546.429,,,,-0.0003,0.0003,0.07
546.484,,,,-0.0003,0.0003,0.07
546.535,,,,-0.0003,0.0003,0.07
546.586,,,,-0.0003,0.0003,0.07
546.637,,,,-0.0003,0.0003,0.07
546.687,,,,-0.0003,0.0003,0.07
546.737,,,,-0.0003,0.0003,0.07
546.824,,,,-0.0003,0.0003,0.07
546.874,,,,-0.0003,0.0003,0.07
546.925,,,,-0.0003,0.0003,0.07
546.976,,,,-0.0003,0.0003,0.07
547.026,,,,-0.0003,0.0003,0.07
547.077,,,,-0.0003,0.0003,0.07
547.127,,,,-0.0003,0.0003,0.07
547.178,,,,-0.0003,0.0003,0.07
547.228,,,,-0.0003,0.0003,0.07
547.279,,,,-0.0003,0.0003,0.07
547.329,,,,-0.0003,0.0003,0.07
547.38,,,,-0.0003,0.0003,0.07
547.431,,,,-0.0003,0.0003,0.07
547.481,,,,-0.0003,0.0003,0.07
547.532,,,,-0.0003,0.0003,0.07
547.582,,,,-0.0003,0.0003,0.07
547.633,,,,-0.0003,0.0003,0.07
547.683,,,,-0.0003,0.0003,0.07
547.734,,,,-0.0003,0.0003,0.07
547.785,,,,-0.0003,0.0003,0.07
547.835,,,,-0.0003,0.0003,0.07
547.886,,,,-0.0003,0.0003,0.07
547.937,,,,-0.0003,0.0003,0.07
547.988,,,,-0.0003,0.0003,0.07
548.038,,,,-0.0003,0.0003,0.07
548.089,,,,-0.0003,0.0003,0.07
548.14,,,,-0.0003,0.0003,0.07
548.191,,,,-0.0003,0.0003,0.07
548.242,,,,-0.0003,0.0003,0.07
548.292,,,,-0.0003,0.0003,0.07
548.343,,,,-0.0003,0.0003,0.07
548.393,,,,-0.0003,0.0003,0.07
548.444,,,,-0.0003,0.0003,0.07
548.495,,,,-0.0003,0.0003,0.07
548.545,,,,-0.0003,0.0003,0.07
548.596,,,,-0.0003,0.0003,0.07
548.647,,,,-0.0003,0.0003,0.07
548.698,,,,-0.0003,0.0003,0.07
548.749,,,,-0.0003,0.0003,0.07
548.8,,,,-0.0003,0.0003,0.07
548.85,,,,-0.0003,0.0003,0.07
548.901,,,,-0.0003,0.0003,0.07
548.952,,,,-0.0003,0.0003,0.07
549.003,,,,-0.0003,0.0003,0.07
549.054,,,,-0.0003,0.0003,0.07
549.105,,,,-0.0003,0.0003,0.07
549.156,,,,-0.0003,0.0003,0.07
549.208,,,,-0.0003,0.0003,0.07
549.258,,,,-0.0003,0.0003,0.07
549.308,,,,-0.0003,0.0003,0.07
549.359,,,,-0.0003,0.0003,0.07
549.41,,,,-0.0003,0.0003,0.07
549.461,,,,-0.0003,0.0003,0.07
549.512,,,,-0.0003,0.0003,0.07
549.562,,,,-0.0003,0.0003,0.07
549.613,,,,-0.0003,0.0003,0.07
549.664,,,,-0.0003,0.0003,0.07
549.715,,,,-0.0003,0.0003,0.07
549.765,,,,-0.0003,0.0003,0.07
549.816,,,,-0.0003,0.0003,0.07
549.867,,,,-0.0003,0.0003,0.07
549.917,,,,-0.0003,0.0003,0.07
549.968,,,,-0.0003,0.0003,0.07
550.018,,,,-0.0003,0.0003,0.07
550.069,,,,-0.0003,0.0003,0.07
550.12,,,,-0.0003,0.0003,0.07
550.17,,,,-0.0003,0.0003,0.07
550.221,,,,-0.0003,0.0003,0.07
550.271,,,,-0.0003,0.0003,0.07
550.322,,,,-0.0003,0.0003,0.07
550.372,,,,-0.0003,0.0003,0.07
550.423,,,,-0.0003,0.0003,0.07
550.475,,,,-0.0003,0.0003,0.07
550.526,,,,-0.0003,0.0003,0.07
550.576,,,,-0.0003,0.0003,0.07
550.627,,,,-0.0003,0.0003,0.07
550.678,,,,-0.0003,0.0003,0.07
550.729,,,,-0.0003,0.0003,0.07
550.779,,,,-0.0003,0.0003,0.07
550.83,,,,-0.0003,0.0003,0.07
550.88,,,,-0.0003,0.0003,0.07
550.931,,,,-0.0003,0.0003,0.07
550.982,,,,-0.0003,0.0003,0.07
551.032,,,,-0.0003,0.0003,0.07
551.083,,,,-0.0003,0.0003,0.07
551.133,,,,-0.0003,0.0003,0.07
551.184,,,,-0.0003,0.0003,0.07
551.235,,,,-0.0003,0.0003,0.07
551.286,,,,-0.0003,0.0003,0.07
551.336,,,,-0.0003,0.0003,0.07
551.387,,,,-0.0003,0.0003,0.07
551.438,,,,-0.0003,0.0003,0.07
551.488,,,,-0.0003,0.0003,0.07
551.538,,,,-0.0003,0.0003,0.07
551.589,,,,-0.0003,0.0003,0.07
551.639,,,,-0.0003,0.0003,0.07
551.69,,,,-0.0003,0.0003,0.07
551.741,,,,-0.0003,0.0003,0.07
551.792,,,,-0.0003,0.0003,0.07
551.842,,,,-0.0003,0.0003,0.07
551.892,,,,-0.0003,0.0003,0.07
551.943,,,,-0.0003,0.0003,0.07
551.994,,,,-0.0003,0.0003,0.07
552.044,,,,-0.0003,0.0003,0.07
552.095,,,,-0.0003,0.0003,0.07
552.145,,,,-0.0003,0.0003,0.07
552.196,,,,-0.0003,0.0003,0.07
552.281,,,,-0.0003,0.0003,0.07
552.331,,,,-0.0003,0.0003,0.07
552.382,,,,-0.0003,0.0003,0.07
552.433,,,,-0.0003,0.0003,0.07
552.483,,,,-0.0003,0.0003,0.07
552.534,,,,-0.0003,0.0003,0.07
552.585,,,,-0.0003,0.0003,0.07
552.636,,,,-0.0003,0.0003,0.07
552.687,,,,-0.0003,0.0003,0.07
552.737,,,,-0.0003,0.0003,0.07
552.788,,,,-0.0003,0.0003,0.07
552.839,,,,-0.0003,0.0003,0.07
552.889,,,,-0.0003,0.0003,0.07
552.941,,,,-0.0003,0.0003,0.07
552.992,,,,-0.0003,0.0003,0.07
553.042,,,,-0.0003,0.0003,0.07
553.093,,,,-0.0003,0.0003,0.07
553.144,,,,-0.0003,0.0003,0.07
553.194,,,,-0.0003,0.0003,0.07
553.245,,,,-0.0003,0.0003,0.07
553.295,,,,-0.0003,0.0003,0.07
553.346,,,,-0.0003,0.0003,0.07
553.397,,,,-0.0003,0.0003,0.07
553.447,,,,-0.0003,0.0003,0.07
553.498,,,,-0.0003,0.0003,0.07
553.549,,,,-0.0003,0.0003,0.07
553.599,,,,-0.0003,0.0003,0.07
553.65,,,,-0.0003,0.0003,0.07
553.701,,,,-0.0003,0.0003,0.07
553.752,,,,-0.0003,0.0003,0.07
553.802,,,,-0.0003,0.0003,0.07
553.853,,,,-0.0003,0.0003,0.07
553.904,,,,-0.0003,0.0003,0.07
553.954,,,,-0.0003,0.0003,0.07
554.005,,,,-0.0003,0.0003,0.07
554.056,,,,-0.0003,0.0003,0.07
554.106,,,,-0.0003,0.0003,0.07
554.157,,,,-0.0003,0.0003,0.07
554.208,,,,-0.0003,0.0003,0.07
554.258,,,,-0.0003,0.0003,0.07
554.309,,,,-0.0003,0.0003,0.07
554.36,,,,-0.0003,0.0003,0.07
554.41,,,,-0.0003,0.0003,0.07
554.461,,,,-0.0003,0.0003,0.07
554.512,,,,-0.0003,0.0003,0.07
554.562,,,,-0.0003,0.0003,0.07
554.613,,,,-0.0003,0.0003,0.07
554.663,,,,-0.0003,0.0003,0.07
554.714,,,,-0.0003,0.0003,0.07
554.765,,,,-0.0003,0.0003,0.07
554.815,,,,-0.0003,0.0003,0.07
554.866,,,,-0.0003,0.0003,0.07
554.916,,,,-0.0003,0.0003,0.07
555.0,,,,-0.0003,0.0003,0.07
555.051,,,,-0.0003,0.0003,0.07
555.102,,,,-0.0003,0.0003,0.07
555.152,,,,-0.0003,0.0003,0.07
555.203,,,,-0.0003,0.0003,0.07
555.253,,,,-0.0003,0.0003,0.07
555.304,,,,-0.0003,0.0003,0.07
555.355,,,,-0.0003,0.0003,0.07
555.405,,,,-0.0003,0.0003,0.07
555.456,,,,-0.0003,0.0003,0.07
555.506,,,,-0.0003,0.0003,0.07
555.557,,,,-0.0003,0.0003,0.07
555.608,,,,-0.0003,0.0003,0.07
555.659,,,,-0.0003,0.0003,0.07
555.71,,,,-0.0003,0.0003,0.07
555.76,,,,-0.0003,0.0003,0.07
555.811,,,,-0.0003,0.0003,0.07
555.862,,,,-0.0003,0.0003,0.07
555.912,,,,-0.0003,0.0003,0.07
555.963,,,,-0.0003,0.0003,0.07
556.014,,,,-0.0003,0.0003,0.07
556.065,,,,-0.0003,0.0003,0.07
556.116,,,,-0.0003,0.0003,0.07
556.167,,,,-0.0003,0.0003,0.07
556.218,,,,-0.0003,0.0003,0.07
556.269,,,,-0.0003,0.0003,0.07
556.319,,,,-0.0003,0.0003,0.07
556.37,,,,-0.0003,0.0003,0.07
556.42,,,,-0.0003,0.0003,0.07
556.471,,,,-0.0003,0.0003,0.07
556.522,,,,-0.0003,0.0003,0.07
556.572,,,,-0.0003,0.0003,0.07
556.623,,,,-0.0003,0.0003,0.07
556.674,,,,-0.0003,0.0003,0.07
556.724,,,,-0.0003,0.0003,0.07
556.775,,,,-0.0003,0.0003,0.07
556.825,,,,-0.0003,0.0003,0.07
556.876,,,,-0.0003,0.0003,0.07
556.927,,,,-0.0003,0.0003,0.07
556.977,,,,-0.0003,0.0003,0.07
557.027,,,,-0.0003,0.0003,0.07
557.078,,,,-0.0003,0.0003,0.07
557.128,,,,-0.0003,0.0003,0.07
557.179,,,,-0.0003,0.0003,0.07
557.23,,,,-0.0003,0.0003,0.07
557.28,,,,-0.0003,0.0003,0.07
557.331,,,,-0.0003,0.0003,0.07
557.381,,,,-0.0003,0.0003,0.07
557.432,,,,-0.0003,0.0003,0.07
557.482,,,,-0.0003,0.0003,0.07
557.533,,,,-0.0003,0.0003,0.07
557.584,,,,-0.0003,0.0003,0.07
557.635,,,,-0.0003,0.0003,0.07
557.685,,,,-0.0003,0.0003,0.07
557.736,,,,-0.0003,0.0003,0.07
557.786,,,,-0.0003,0.0003,0.07
557.837,,,,-0.0003,0.0003,0.07
557.887,,,,-0.0003,0.0003,0.07
557.938,,,,-0.0003,0.0003,0.07
557.988,,,,-0.0003,0.0003,0.07
558.039,,,,-0.0003,0.0003,0.07
558.09,,,,-0.0003,0.0003,0.07
558.141,,,,-0.0003,0.0003,0.07
558.192,,,,-0.0003,0.0003,0.07
558.243,,,,-0.0003,0.0003,0.07
558.294,,,,-0.0003,0.0003,0.07
558.344,,,,-0.0003,0.0003,0.07
558.395,,,,-0.0003,0.0003,0.07
558.446,,,,-0.0003,0.0003,0.07
558.496,,,,-0.0003,0.0003,0.07
558.547,,,,-0.0003,0.0003,0.07
558.598,,,,-0.0003,0.0003,0.07
558.648,,,,-0.0003,0.0003,0.07
558.699,,,,-0.0003,0.0003,0.07
558.75,,,,-0.0003,0.0003,0.07
558.8,,,,-0.0003,0.0003,0.07
558.851,,,,-0.0003,0.0003,0.07
558.902,,,,-0.0003,0.0003,0.07
558.952,,,,-0.0003,0.0003,0.07
559.003,,,,-0.0003,0.0003,0.07
559.086,,,,-0.0003,0.0003,0.07
559.137,,,,-0.0003,0.0003,0.07
559.187,,,,-0.0003,0.0003,0.07
559.238,,,,-0.0003,0.0003,0.07
559.288,,,,-0.0003,0.0003,0.07
559.338,,,,-0.0003,0.0003,0.07
559.389,,,,-0.0003,0.0003,0.07
559.44,,,,-0.0003,0.0003,0.07
559.491,,,,-0.0003,0.0003,0.07
559.541,,,,-0.0003,0.0003,0.07
559.592,,,,-0.0003,0.0003,0.07
559.643,,,,-0.0003,0.0003,0.07
559.693,,,,-0.0003,0.0003,0.07
559.744,,,,-0.0003,0.0003,0.07
559.794,,,,-0.0003,0.0003,0.07
559.845,,,,-0.0003,0.0003,0.07
559.895,,,,-0.0003,0.0003,0.07
559.946,,,,-0.0003,0.0003,0.07
559.997,,,,-0.0003,0.0003,0.07
560.048,,,,-0.0003,0.0003,0.07
560.099,,,,-0.0003,0.0003,0.07
560.149,,,,-0.0003,0.0003,0.07
560.2,,,,-0.0003,0.0003,0.07
560.25,,,,-0.0003,0.0003,0.07
560.301,,,,-0.0003,0.0003,0.07
560.351,,,,-0.0003,0.0003,0.07
560.402,,,,-0.0003,0.0003,0.07
560.453,,,,-0.0003,0.0003,0.07
560.503,,,,-0.0003,0.0003,0.07
560.554,,,,-0.0003,0.0003,0.07
560.604,,,,-0.0003,0.0003,0.07
560.655,,,,-0.0003,0.0003,0.07
560.706,,,,-0.0003,0.0003,0.07
560.757,,,,-0.0003,0.0003,0.07
560.807,,,,-0.0003,0.0003,0.07
560.857,,,,-0.0003,0.0003,0.07
560.908,,,,-0.0003,0.0003,0.07
560.959,,,,-0.0003,0.0003,0.07
561.01,,,,-0.0003,0.0003,0.07
561.061,,,,-0.0003,0.0003,0.07
561.111,,,,-0.0003,0.0003,0.07
561.162,,,,-0.0003,0.0003,0.07
561.212,,,,-0.0003,0.0003,0.07
561.263,,,,-0.0003,0.0003,0.07
561.313,,,,-0.0003,0.0003,0.07
561.364,,,,-0.0003,0.0003,0.07
561.414,,,,-0.0003,0.0003,0.07
561.464,,,,-0.0003,0.0003,0.07
561.515,,,,-0.0003,0.0003,0.07
561.566,,,,-0.0003,0.0003,0.07
561.616,,,,-0.0003,0.0003,0.07
561.666,,,,-0.0003,0.0003,0.07
561.717,,,,-0.0003,0.0003,0.07
561.768,,,,-0.0003,0.0003,0.07
561.818,,,,-0.0003,0.0003,0.07
561.869,,,,-0.0003,0.0003,0.07
561.919,,,,-0.0003,0.0003,0.07
561.97,,,,-0.0003,0.0003,0.07
562.021,,,,-0.0003,0.0003,0.07
562.071,,,,-0.0003,0.0003,0.07
562.122,,,,-0.0003,0.0003,0.07
562.173,,,,-0.0003,0.0003,0.07
562.223,,,,-0.0003,0.0003,0.07
562.274,,,,-0.0003,0.0003,0.07
562.324,,,,-0.0003,0.0003,0.07
562.375,,,,-0.0003,0.0003,0.07
562.425,,,,-0.0003,0.0003,0.07
562.477,,,,-0.0003,0.0003,0.07
562.527,,,,-0.0003,0.0003,0.07
562.578,,,,-0.0003,0.0003,0.07
562.629,,,,-0.0003,0.0003,0.07
562.68,,,,-0.0003,0.0003,0.07
562.741,,,,-0.0003,0.0003,0.07
562.792,,,,-0.0003,0.0003,0.07
562.843,,,,-0.0003,0.0003,0.07
562.893,,,,-0.0003,0.0003,0.07
562.944,,,,-0.0003,0.0003,0.07
562.995,,,,-0.0003,0.0003,0.07
563.046,,,,-0.0003,0.0003,0.07
563.096,,,,-0.0003,0.0003,0.07
563.183,,,,-0.0003,0.0003,0.07
563.233,,,,-0.0003,0.0003,0.07
563.284,,,,-0.0003,0.0003,0.07
563.335,,,,-0.0003,0.0003,0.07
563.385,,,,-0.0003,0.0003,0.07
563.436,,,,-0.0003,0.0003,0.07
563.487,,,,-0.0003,0.0003,0.07
563.537,,,,-0.0003,0.0003,0.07
563.588,,,,-0.0003,0.0003,0.07
563.639,,,,-0.0003,0.0003,0.07
563.69,,,,-0.0003,0.0003,0.07
563.74,,,,-0.0003,0.0003,0.07
563.791,,,,-0.0003,0.0003,0.07
563.842,,,,-0.0003,0.0003,0.07
563.893,,,,-0.0003,0.0003,0.07
563.943,,,,-0.0003,0.0003,0.07
563.994,,,,-0.0003,0.0003,0.07
564.045,,,,-0.0003,0.0003,0.07
564.096,,,,-0.0003,0.0003,0.07
564.146,,,,-0.0003,0.0003,0.07
564.197,,,,-0.0003,0.0003,0.07
564.247,,,,-0.0003,0.0003,0.07
564.298,,,,-0.0003,0.0003,0.07
564.349,,,,-0.0003,0.0003,0.07
564.399,,,,-0.0003,0.0003,0.07
564.45,,,,-0.0003,0.0003,0.07
564.5,,,,-0.0003,0.0003,0.07
564.551,,,,-0.0003,0.0003,0.07
564.602,,,,-0.0003,0.0003,0.07
564.653,,,,-0.0003,0.0003,0.07
564.703,,,,-0.0003,0.0003,0.07
564.754,,,,-0.0003,0.0003,0.07
564.804,,,,-0.0003,0.0003,0.07
564.855,,,,-0.0003,0.0003,0.07
564.906,,,,-0.0003,0.0003,0.07
564.957,,,,-0.0003,0.0003,0.07
565.008,,,,-0.0003,0.0003,0.07
565.059,,,,-0.0003,0.0003,0.07
565.109,,,,-0.0003,0.0003,0.07
565.16,,,,-0.0003,0.0003,0.07
565.211,,,,-0.0003,0.0003,0.07
565.261,,,,-0.0003,0.0003,0.07
565.312,,,,-0.0003,0.0003,0.07
565.363,,,,-0.0003,0.0003,0.07
565.414,,,,-0.0003,0.0003,0.07
565.465,,,,-0.0003,0.0003,0.07
565.515,,,,-0.0003,0.0003,0.07
565.566,,,,-0.0003,0.0003,0.07
565.617,,,,-0.0003,0.0003,0.07
565.667,,,,-0.0003,0.0003,0.07
565.718,,,,-0.0003,0.0003,0.07
565.769,,,,-0.0003,0.0003,0.07
565.82,,,,-0.0003,0.0003,0.07
565.905,,,,-0.0003,0.0003,0.07
565.956,,,,-0.0003,0.0003,0.07
566.007,,,,-0.0003,0.0003,0.07
566.058,,,,-0.0003,0.0003,0.07
566.109,,,,-0.0003,0.0003,0.07
566.159,,,,-0.0003,0.0003,0.07
566.21,,,,-0.0003,0.0003,0.07
566.261,,,,-0.0003,0.0003,0.07
566.311,,,,-0.0003,0.0003,0.07
566.362,,,,-0.0003,0.0003,0.07
566.413,,,,-0.0003,0.0003,0.07
566.464,,,,-0.0003,0.0003,0.07
566.514,,,,-0.0003,0.0003,0.07
566.565,,,,-0.0003,0.0003,0.07
566.615,,,,-0.0003,0.0003,0.07
566.666,,,,-0.0003,0.0003,0.07
566.717,,,,-0.0003,0.0003,0.07
566.767,,,,-0.0003,0.0003,0.07
566.818,,,,-0.0003,0.0003,0.07
566.868,,,,-0.0003,0.0003,0.07
566.919,,,,-0.0003,0.0003,0.07
566.97,,,,-0.0003,0.0003,0.07
567.02,,,,-0.0003,0.0003,0.07
567.071,,,,-0.0003,0.0003,0.07
567.122,,,,-0.0003,0.0003,0.07
567.172,,,,-0.0003,0.0003,0.07
567.223,,,,-0.0003,0.0003,0.07
567.273,,,,-0.0003,0.0003,0.07
567.324,,,,-0.0003,0.0003,0.07
567.379,,,,-0.0003,0.0003,0.07
567.43,,,,-0.0003,0.0003,0.07
567.48,,,,-0.0003,0.0003,0.07
567.531,,,,-0.0003,0.0003,0.07
567.582,,,,-0.0003,0.0003,0.07
567.633,,,,-0.0003,0.0003,0.07
567.683,,,,-0.0003,0.0003,0.07
567.734,,,,-0.0003,0.0003,0.07
567.785,,,,-0.0003,0.0003,0.07
567.836,,,,-0.0003,0.0003,0.07
567.886,,,,-0.0003,0.0003,0.07
567.937,,,,-0.0003,0.0003,0.07
567.988,,,,-0.0003,0.0003,0.07
568.038,,,,-0.0003,0.0003,0.07
568.089,,,,-0.0003,0.0003,0.07
568.14,,,,-0.0003,0.0003,0.07
568.19,,,,-0.0003,0.0003,0.07
568.241,,,,-0.0003,0.0003,0.07
568.291,,,,-0.0003,0.0003,0.07
568.342,,,,-0.0003,0.0003,0.07
568.393,,,,-0.0003,0.0003,0.07
568.443,,,,-0.0003,0.0003,0.07
568.494,,,,-0.0003,0.0003,0.07
568.545,,,,-0.0003,0.0003,0.07
568.595,,,,-0.0003,0.0003,0.07
568.646,,,,-0.0003,0.0003,0.07
568.697,,,,-0.0003,0.0003,0.07
568.747,,,,-0.0003,0.0003,0.07
568.798,,,,-0.0003,0.0003,0.07
568.849,,,,-0.0003,0.0003,0.07
568.9,,,,-0.0003,0.0003,0.07
568.95,,,,-0.0003,0.0003,0.07
569.001,,,,-0.0003,0.0003,0.07
569.052,,,,-0.0003,0.0003,0.07
569.103,,,,-0.0003,0.0003,0.07
569.154,,,,-0.0003,0.0003,0.07
569.204,,,,-0.0003,0.0003,0.07
569.255,,,,-0.0003,0.0003,0.07
569.306,,,,-0.0003,0.0003,0.07
569.357,,,,-0.0003,0.0003,0.07
569.407,,,,-0.0003,0.0003,0.07
569.458,,,,-0.0003,0.0003,0.07
569.508,,,,-0.0003,0.0003,0.07
569.559,,,,-0.0003,0.0003,0.07
569.61,,,,-0.0003,0.0003,0.07
569.661,,,,-0.0003,0.0003,0.07
569.711,,,,-0.0003,0.0003,0.07
569.762,,,,-0.0003,0.0003,0.07
569.813,,,,-0.0003,0.0003,0.07
569.864,,,,-0.0003,0.0003,0.07
569.915,,,,-0.0003,0.0003,0.07
569.966,,,,-0.0003,0.0003,0.07
570.016,,,,-0.0003,0.0003,0.07
570.067,,,,-0.0003,0.0003,0.07
570.118,,,,-0.0003,0.0003,0.07
570.169,,,,-0.0003,0.0003,0.07
570.219,,,,-0.0003,0.0003,0.07
570.27,,,,-0.0003,0.0003,0.07
570.321,,,,-0.0003,0.0003,0.07
570.371,,,,-0.0003,0.0003,0.07
570.422,,,,-0.0003,0.0003,0.07
570.472,,,,-0.0003,0.0003,0.07
570.523,,,,-0.0003,0.0003,0.07
570.573,,,,-0.0003,0.0003,0.07
570.624,,,,-0.0003,0.0003,0.07
570.674,,,,-0.0003,0.0003,0.07
570.724,,,,-0.0003,0.0003,0.07
570.775,,,,-0.0003,0.0003,0.07
570.826,,,,-0.0003,0.0003,0.07
570.877,,,,-0.0003,0.0003,0.07
570.927,,,,-0.0003,0.0003,0.07
570.978,,,,-0.0003,0.0003,0.07
571.028,,,,-0.0003,0.0003,0.07
571.079,,,,-0.0003,0.0003,0.07
571.13,,,,-0.0003,0.0003,0.07
571.181,,,,-0.0003,0.0003,0.07
571.232,,,,-0.0003,0.0003,0.07
571.283,,,,-0.0003,0.0003,0.07
571.362,,,,-0.0003,0.0003,0.07
571.413,,,,-0.0003,0.0003,0.07
571.463,,,,-0.0003,0.0003,0.07
571.514,,,,-0.0003,0.0003,0.07
571.565,,,,-0.0003,0.0003,0.07
571.616,,,,-0.0003,0.0003,0.07
571.666,,,,-0.0003,0.0003,0.07
571.717,,,,-0.0003,0.0003,0.07
571.768,,,,-0.0003,0.0003,0.07
571.819,,,,-0.0003,0.0003,0.07
571.87,,,,-0.0003,0.0003,0.07
571.92,,,,-0.0003,0.0003,0.07
571.971,,,,-0.0003,0.0003,0.07
572.022,,,,-0.0003,0.0003,0.07
572.072,,,,-0.0003,0.0003,0.07
572.123,,,,-0.0003,0.0003,0.07
572.174,,,,-0.0003,0.0003,0.07
572.225,,,,-0.0003,0.0003,0.07
572.275,,,,-0.0003,0.0003,0.07
572.326,,,,-0.0003,0.0003,0.07
572.377,,,,-0.0003,0.0003,0.07
572.427,,,,-0.0003,0.0003,0.07
572.478,,,,-0.0003,0.0003,0.07
572.529,,,,-0.0003,0.0003,0.07
572.58,,,,-0.0003,0.0003,0.07
572.631,,,,-0.0003,0.0003,0.07
572.721,,,,-0.0003,0.0003,0.07
572.773,,,,-0.0003,0.0003,0.07
572.824,,,,-0.0003,0.0003,0.07
572.876,,,,-0.0003,0.0003,0.07
572.927,,,,-0.0003,0.0003,0.07
572.977,,,,-0.0003,0.0003,0.07
573.028,,,,-0.0003,0.0003,0.07
573.079,,,,-0.0003,0.0003,0.07
573.13,,,,-0.0003,0.0003,0.07
573.203,,,,-0.0003,0.0003,0.07
573.254,,,,-0.0003,0.0003,0.07
573.305,,,,-0.0003,0.0003,0.07
573.355,,,,-0.0003,0.0003,0.07
573.406,,,,-0.0003,0.0003,0.07
573.456,,,,-0.0003,0.0003,0.07
573.507,,,,-0.0003,0.0003,0.07
573.558,,,,-0.0003,0.0003,0.07
573.609,,,,-0.0003,0.0003,0.07
573.66,,,,-0.0003,0.0003,0.07
573.711,,,,-0.0003,0.0003,0.07
573.762,,,,-0.0003,0.0003,0.07
573.813,,,,-0.0003,0.0003,0.07
573.863,,,,-0.0003,0.0003,0.07
573.914,,,,-0.0003,0.0003,0.07
573.965,,,,-0.0003,0.0003,0.07
574.016,,,,-0.0003,0.0003,0.07
574.081,,,,-0.0003,0.0003,0.07
574.132,,,,-0.0003,0.0003,0.07
574.183,,,,-0.0003,0.0003,0.07
574.233,,,,-0.0003,0.0003,0.07
574.284,,,,-0.0003,0.0003,0.07
574.335,,,,-0.0003,0.0003,0.07
574.385,,,,-0.0003,0.0003,0.07
574.436,,,,-0.0003,0.0003,0.07
574.486,,,,-0.0003,0.0003,0.07
574.537,,,,-0.0003,0.0003,0.07
574.588,,,,-0.0003,0.0003,0.07
574.638,,,,-0.0003,0.0003,0.07
574.689,,,,-0.0003,0.0003,0.07
574.74,,,,-0.0003,0.0003,0.07
574.79,,,,-0.0003,0.0003,0.07
574.841,,,,-0.0003,0.0003,0.07
574.892,,,,-0.0003,0.0003,0.07
574.942,,,,-0.0003,0.0003,0.07
574.993,,,,-0.0003,0.0003,0.07
575.044,,,,-0.0003,0.0003,0.07
575.094,,,,-0.0003,0.0003,0.07
575.145,,,,-0.0003,0.0003,0.07
575.195,,,,-0.0003,0.0003,0.07
575.246,,,,-0.0003,0.0003,0.07
575.296,,,,-0.0003,0.0003,0.07
575.347,,,,-0.0003,0.0003,0.07
575.398,,,,-0.0003,0.0003,0.07
575.454,,,,-0.0003,0.0003,0.07
575.505,,,,-0.0003,0.0003,0.07
575.555,,,,-0.0003,0.0003,0.07
575.606,,,,-0.0003,0.0003,0.07
575.656,,,,-0.0003,0.0003,0.07
575.707,,,,-0.0003,0.0003,0.07
575.757,,,,-0.0003,0.0003,0.07
575.808,,,,-0.0003,0.0003,0.07
575.859,,,,-0.0003,0.0003,0.07
575.91,,,,-0.0003,0.0003,0.07
575.96,,,,-0.0003,0.0003,0.07
576.011,,,,-0.0003,0.0003,0.07
576.061,,,,-0.0003,0.0003,0.07
576.112,,,,-0.0003,0.0003,0.07
576.163,,,,-0.0003,0.0003,0.07
576.214,,,,-0.0003,0.0003,0.07
576.264,,,,-0.0003,0.0003,0.07
576.315,,,,-0.0003,0.0003,0.07
576.366,,,,-0.0003,0.0003,0.07
576.416,,,,-0.0003,0.0003,0.07
576.467,,,,-0.0003,0.0003,0.07
576.518,,,,-0.0003,0.0003,0.07
576.568,,,,-0.0003,0.0003,0.07
576.619,,,,-0.0003,0.0003,0.07
576.67,,,,-0.0003,0.0003,0.07
576.72,,,,-0.0003,0.0003,0.07
576.809,,,,-0.0003,0.0003,0.07
576.86,,,,-0.0003,0.0003,0.07
576.911,,,,-0.0003,0.0003,0.07
576.961,,,,-0.0003,0.0003,0.07
577.013,,,,-0.0003,0.0003,0.07
577.063,,,,-0.0003,0.0003,0.07
577.114,,,,-0.0003,0.0003,0.07
577.164,,,,-0.0003,0.0003,0.07
577.215,,,,-0.0003,0.0003,0.07
577.266,,,,-0.0003,0.0003,0.07
577.317,,,,-0.0003,0.0003,0.07
577.367,,,,-0.0003,0.0003,0.07
577.418,,,,-0.0003,0.0003,0.07
577.468,,,,-0.0003,0.0003,0.07
577.519,,,,-0.0003,0.0003,0.07
577.57,,,,-0.0003,0.0003,0.07
577.621,,,,-0.0003,0.0003,0.07
577.672,,,,-0.0003,0.0003,0.07
577.723,,,,-0.0003,0.0003,0.07
577.773,,,,-0.0003,0.0003,0.07
577.824,,,,-0.0003,0.0003,0.07
577.875,,,,-0.0003,0.0003,0.07
577.926,,,,-0.0003,0.0003,0.07
577.976,,,,-0.0003,0.0003,0.07
578.027,,,,-0.0003,0.0003,0.07
578.077,,,,-0.0003,0.0003,0.07
578.128,,,,-0.0003,0.0003,0.07
578.178,,,,-0.0003,0.0003,0.07
578.229,,,,-0.0003,0.0003,0.07
578.28,,,,-0.0003,0.0003,0.07
578.331,,,,-0.0003,0.0003,0.07
578.382,,,,-0.0003,0.0003,0.07
578.432,,,,-0.0003,0.0003,0.07
578.483,,,,-0.0003,0.0003,0.07
578.534,,,,-0.0003,0.0003,0.07
578.585,,,,-0.0003,0.0003,0.07
578.636,,,,-0.0003,0.0003,0.07
578.687,,,,-0.0003,0.0003,0.07
578.737,,,,-0.0003,0.0003,0.07
578.788,,,,-0.0003,0.0003,0.07
578.839,,,,-0.0003,0.0003,0.07
578.89,,,,-0.0003,0.0003,0.07
578.94,,,,-0.0003,0.0003,0.07
578.991,,,,-0.0003,0.0003,0.07
579.042,,,,-0.0003,0.0003,0.07
579.092,,,,-0.0003,0.0003,0.07
579.143,,,,-0.0003,0.0003,0.07
579.193,,,,-0.0003,0.0003,0.07
579.244,,,,-0.0003,0.0003,0.07
579.295,,,,-0.0003,0.0003,0.07
579.345,,,,-0.0003,0.0003,0.07
579.396,,,,-0.0003,0.0003,0.07
579.448,,,,-0.0003,0.0003,0.07
579.532,,,,-0.0003,0.0003,0.07
579.584,,,,-0.0003,0.0003,0.07
579.635,,,,-0.0003,0.0003,0.07
579.685,,,,-0.0003,0.0003,0.07
579.736,,,,-0.0003,0.0003,0.07
579.786,,,,-0.0003,0.0003,0.07
579.836,,,,-0.0003,0.0003,0.07
579.887,,,,-0.0003,0.0003,0.07
579.938,,,,-0.0003,0.0003,0.07
579.989,,,,-0.0003,0.0003,0.07
580.039,,,,-0.0003,0.0003,0.07
580.09,,,,-0.0003,0.0003,0.07
580.14,,,,-0.0003,0.0003,0.07
580.191,,,,-0.0003,0.0003,0.07
580.243,,,,-0.0003,0.0003,0.07
580.294,,,,-0.0003,0.0003,0.07
580.345,,,,-0.0003,0.0003,0.07
580.395,,,,-0.0003,0.0003,0.07
580.446,,,,-0.0003,0.0003,0.07
580.496,,,,-0.0003,0.0003,0.07
580.547,,,,-0.0003,0.0003,0.07
580.597,,,,-0.0003,0.0003,0.07
580.648,,,,-0.0003,0.0003,0.07
580.699,,,,-0.0003,0.0003,0.07
580.749,,,,-0.0003,0.0003,0.07
580.8,,,,-0.0003,0.0003,0.07
580.85,,,,-0.0003,0.0003,0.07
580.901,,,,-0.0003,0.0003,0.07
580.951,,,,-0.0003,0.0003,0.07
581.002,,,,-0.0003,0.0003,0.07
581.053,,,,-0.0003,0.0003,0.07
581.104,,,,-0.0003,0.0003,0.07
581.155,,,,-0.0003,0.0003,0.07
581.206,,,,-0.0003,0.0003,0.07
581.256,,,,-0.0003,0.0003,0.07
581.307,,,,-0.0003,0.0003,0.07
581.357,,,,-0.0003,0.0003,0.07
581.408,,,,-0.0003,0.0003,0.07
581.459,,,,-0.0003,0.0003,0.07
581.509,,,,-0.0003,0.0003,0.07
581.56,,,,-0.0003,0.0003,0.07
581.612,,,,-0.0003,0.0003,0.07
581.664,,,,-0.0003,0.0003,0.07
581.714,,,,-0.0003,0.0003,0.07
581.765,,,,-0.0003,0.0003,0.07
581.816,,,,-0.0003,0.0003,0.07
581.867,,,,-0.0003,0.0003,0.07
581.918,,,,-0.0003,0.0003,0.07
581.968,,,,-0.0003,0.0003,0.07
582.019,,,,-0.0003,0.0003,0.07
582.07,,,,-0.0003,0.0003,0.07
582.12,,,,-0.0003,0.0003,0.07
582.171,,,,-0.0003,0.0003,0.07
582.259,,,,-0.0003,0.0003,0.07
582.31,,,,-0.0003,0.0003,0.07
582.375,,,,-0.0003,0.0003,0.07
582.426,,,,-0.0003,0.0003,0.07
582.477,,,,-0.0003,0.0003,0.07
582.528,,,,-0.0003,0.0003,0.07
582.578,,,,-0.0003,0.0003,0.07
582.629,,,,-0.0003,0.0003,0.07
582.68,,,,-0.0003,0.0003,0.07
582.73,,,,-0.0003,0.0003,0.07
582.781,,,,-0.0003,0.0003,0.07
582.832,,,,-0.0003,0.0003,0.07
582.883,,,,-0.0003,0.0003,0.07
582.934,,,,-0.0003,0.0003,0.07
582.985,,,,-0.0003,0.0003,0.07
583.036,,,,-0.0003,0.0003,0.07
583.087,,,,-0.0003,0.0003,0.07
583.137,,,,-0.0003,0.0003,0.07
583.188,,,,-0.0003,0.0003,0.07
583.239,,,,-0.0003,0.0003,0.07
583.29,,,,-0.0003,0.0003,0.07
583.341,,,,-0.0003,0.0003,0.07
583.391,,,,-0.0003,0.0003,0.07
583.442,,,,-0.0003,0.0003,0.07
583.493,,,,-0.0003,0.0003,0.07
583.543,,,,-0.0003,0.0003,0.07
583.623,,,,-0.0003,0.0003,0.07
583.674,,,,-0.0003,0.0003,0.07
583.725,,,,-0.0003,0.0003,0.07
583.775,,,,-0.0003,0.0003,0.07
583.826,,,,-0.0003,0.0003,0.07
583.876,,,,-0.0003,0.0003,0.07
583.927,,,,-0.0003,0.0003,0.07
583.978,,,,-0.0003,0.0003,0.07
584.029,,,,-0.0003,0.0003,0.07
584.08,,,,-0.0003,0.0003,0.07
584.13,,,,-0.0003,0.0003,0.07
584.181,,,,-0.0003,0.0003,0.07
584.232,,,,-0.0003,0.0003,0.07
584.283,,,,-0.0003,0.0003,0.07
584.333,,,,-0.0003,0.0003,0.07
584.384,,,,-0.0003,0.0003,0.07
584.434,,,,-0.0003,0.0003,0.07
584.485,,,,-0.0003,0.0003,0.07
584.536,,,,-0.0003,0.0003,0.07
584.587,,,,-0.0003,0.0003,0.07
584.637,,,,-0.0003,0.0003,0.07
584.688,,,,-0.0003,0.0003,0.07
584.739,,,,-0.0003,0.0003,0.07
584.789,,,,-0.0003,0.0003,0.07
584.841,,,,-0.0003,0.0003,0.07
584.891,,,,-0.0003,0.0003,0.07
584.941,,,,-0.0003,0.0003,0.07
584.992,,,,-0.0003,0.0003,0.07
585.042,,,,-0.0003,0.0003,0.07
585.093,,,,-0.0003,0.0003,0.07
585.144,,,,-0.0003,0.0003,0.07
585.194,,,,-0.0003,0.0003,0.07
585.245,,,,-0.0003,0.0003,0.07
585.296,,,,-0.0003,0.0003,0.07
585.347,,,,-0.0003,0.0003,0.07
585.397,,,,-0.0003,0.0003,0.07
585.448,,,,-0.0003,0.0003,0.07
585.498,,,,-0.0003,0.0003,0.07
585.549,,,,-0.0003,0.0003,0.07
585.599,,,,-0.0003,0.0003,0.07
585.649,,,,-0.0003,0.0003,0.07
585.7,,,,-0.0003,0.0003,0.07
585.75,,,,-0.0003,0.0003,0.07
585.8,,,,-0.0003,0.0003,0.07
585.851,,,,-0.0003,0.0003,0.07
585.901,,,,-0.0003,0.0003,0.07
585.952,,,,-0.0003,0.0003,0.07
586.003,,,,-0.0003,0.0003,0.07
586.053,,,,-0.0003,0.0003,0.07
586.104,,,,-0.0003,0.0003,0.07
586.154,,,,-0.0003,0.0003,0.07
586.205,,,,-0.0003,0.0003,0.07
586.256,,,,-0.0003,0.0003,0.07
586.307,,,,-0.0003,0.0003,0.07
586.358,,,,-0.0003,0.0003,0.07
586.409,,,,-0.0003,0.0003,0.07
586.46,,,,-0.0003,0.0003,0.07
586.51,,,,-0.0003,0.0003,0.07
586.561,,,,-0.0003,0.0003,0.07
586.612,,,,-0.0003,0.0003,0.07
586.663,,,,-0.0003,0.0003,0.07
586.713,,,,-0.0003,0.0003,0.07
586.764,,,,-0.0003,0.0003,0.07
586.815,,,,-0.0003,0.0003,0.07
586.865,,,,-0.0003,0.0003,0.07
586.916,,,,-0.0003,0.0003,0.07
586.966,,,,-0.0003,0.0003,0.07
587.016,,,,-0.0003,0.0003,0.07
587.067,,,,-0.0003,0.0003,0.07
587.117,,,,-0.0003,0.0003,0.07
587.168,,,,-0.0003,0.0003,0.07
587.219,,,,-0.0003,0.0003,0.07
587.27,,,,-0.0003,0.0003,0.07
587.32,,,,-0.0003,0.0003,0.07
587.371,,,,-0.0003,0.0003,0.07
587.422,,,,-0.0003,0.0003,0.07
587.473,,,,-0.0003,0.0003,0.07
587.524,,,,-0.0003,0.0003,0.07
587.575,,,,-0.0003,0.0003,0.07
587.625,,,,-0.0003,0.0003,0.07
587.714,,,,-0.0003,0.0003,0.07
587.764,,,,-0.0003,0.0003,0.07
587.815,,,,-0.0003,0.0003,0.07
587.865,,,,-0.0003,0.0003,0.07
587.916,,,,-0.0003,0.0003,0.07
587.966,,,,-0.0003,0.0003,0.07
588.018,,,,-0.0003,0.0003,0.07
588.068,,,,-0.0003,0.0003,0.07
588.119,,,,-0.0003,0.0003,0.07
588.169,,,,-0.0003,0.0003,0.07
588.22,,,,-0.0003,0.0003,0.07
588.271,,,,-0.0003,0.0003,0.07
588.322,,,,-0.0003,0.0003,0.07
588.372,,,,-0.0003,0.0003,0.07
588.423,,,,-0.0003,0.0003,0.07
588.473,,,,-0.0003,0.0003,0.07
588.524,,,,-0.0003,0.0003,0.07
588.574,,,,-0.0003,0.0003,0.07
588.625,,,,-0.0003,0.0003,0.07
588.675,,,,-0.0003,0.0003,0.07
588.727,,,,-0.0003,0.0003,0.07
588.777,,,,-0.0003,0.0003,0.07
588.828,,,,-0.0003,0.0003,0.07
588.878,,,,-0.0003,0.0003,0.07
588.929,,,,-0.0003,0.0003,0.07
588.98,,,,-0.0003,0.0003,0.07
589.031,,,,-0.0003,0.0003,0.07
589.082,,,,-0.0003,0.0003,0.07
589.132,,,,-0.0003,0.0003,0.07
589.183,,,,-0.0003,0.0003,0.07
589.233,,,,-0.0003,0.0003,0.07
589.284,,,,-0.0003,0.0003,0.07
589.335,,,,-0.0003,0.0003,0.07
589.385,,,,-0.0003,0.0003,0.07
589.436,,,,-0.0003,0.0003,0.07
589.486,,,,-0.0003,0.0003,0.07
589.537,,,,-0.0003,0.0003,0.07
589.587,,,,-0.0003,0.0003,0.07
589.638,,,,-0.0003,0.0003,0.07
589.689,,,,-0.0003,0.0003,0.07
589.74,,,,-0.0003,0.0003,0.07
589.791,,,,-0.0003,0.0003,0.07
589.842,,,,-0.0003,0.0003,0.07
589.892,,,,-0.0003,0.0003,0.07
589.944,,,,-0.0003,0.0003,0.07
589.994,,,,-0.0003,0.0003,0.07
590.045,,,,-0.0003,0.0003,0.07
590.097,,,,-0.0003,0.0003,0.07
590.147,,,,-0.0003,0.0003,0.07
590.198,,,,-0.0003,0.0003,0.07
590.248,,,,-0.0003,0.0003,0.07
590.299,,,,-0.0003,0.0003,0.07
590.35,,,,-0.0003,0.0003,0.07
590.4,,,,-0.0003,0.0003,0.07
590.451,,,,-0.0003,0.0003,0.07
590.502,,,,-0.0003,0.0003,0.07
590.552,,,,-0.0003,0.0003,0.07
590.603,,,,-0.0003,0.0003,0.07
590.653,,,,-0.0003,0.0003,0.07
590.704,,,,-0.0003,0.0003,0.07
590.755,,,,-0.0003,0.0003,0.07
590.806,,,,-0.0003,0.0003,0.07
590.857,,,,-0.0003,0.0003,0.07
590.908,,,,-0.0003,0.0003,0.07
590.959,,,,-0.0003,0.0003,0.07
591.01,,,,-0.0003,0.0003,0.07
591.06,,,,-0.0003,0.0003,0.07
591.111,,,,-0.0003,0.0003,0.07
591.162,,,,-0.0003,0.0003,0.07
591.213,,,,-0.0003,0.0003,0.07
591.264,,,,-0.0003,0.0003,0.07
591.314,,,,-0.0003,0.0003,0.07
591.365,,,,-0.0003,0.0003,0.07
591.415,,,,-0.0003,0.0003,0.07
591.466,,,,-0.0003,0.0003,0.07
591.516,,,,-0.0003,0.0003,0.07
591.567,,,,-0.0003,0.0003,0.07
591.618,,,,-0.0003,0.0003,0.07
591.669,,,,-0.0003,0.0003,0.07
591.72,,,,-0.0003,0.0003,0.07
591.771,,,,-0.0003,0.0003,0.07
591.821,,,,-0.0003,0.0003,0.07
591.872,,,,-0.0003,0.0003,0.07
591.922,,,,-0.0003,0.0003,0.07
591.973,,,,-0.0003,0.0003,0.07
592.024,,,,-0.0003,0.0003,0.07
592.074,,,,-0.0003,0.0003,0.07
592.125,,,,-0.0003,0.0003,0.07
592.176,,,,-0.0003,0.0003,0.07
592.226,,,,-0.0003,0.0003,0.07
592.277,,,,-0.0003,0.0003,0.07
592.328,,,,-0.0003,0.0003,0.07
592.378,,,,-0.0003,0.0003,0.07
592.429,,,,-0.0003,0.0003,0.07
592.48,,,,-0.0003,0.0003,0.07
592.531,,,,-0.0003,0.0003,0.07
592.582,,,,-0.0003,0.0003,0.07
592.632,,,,-0.0003,0.0003,0.07
592.683,,,,-0.0003,0.0003,0.07
592.735,,,,-0.0003,0.0003,0.07
592.785,,,,-0.0003,0.0003,0.07
592.836,,,,-0.0003,0.0003,0.07
592.887,,,,-0.0003,0.0003,0.07
592.938,,,,-0.0003,0.0003,0.07
592.988,,,,-0.0003,0.0003,0.07
593.039,,,,-0.0003,0.0003,0.07
593.089,,,,-0.0003,0.0003,0.07
593.176,,,,-0.0003,0.0003,0.07
593.227,,,,-0.0003,0.0003,0.07
593.278,,,,-0.0003,0.0003,0.07
593.328,,,,-0.0003,0.0003,0.07
593.379,,,,-0.0003,0.0003,0.07
593.43,,,,-0.0003,0.0003,0.07
593.48,,,,-0.0003,0.0003,0.07
593.531,,,,-0.0003,0.0003,0.07
593.582,,,,-0.0003,0.0003,0.07
593.632,,,,-0.0003,0.0003,0.07
593.683,,,,-0.0003,0.0003,0.07
593.734,,,,-0.0003,0.0003,0.07
593.785,,,,-0.0003,0.0003,0.07
593.835,,,,-0.0003,0.0003,0.07
593.886,,,,-0.0003,0.0003,0.07
593.937,,,,-0.0003,0.0003,0.07
593.988,,,,-0.0003,0.0003,0.07
594.038,,,,-0.0003,0.0003,0.07
594.089,,,,-0.0003,0.0003,0.07
594.139,,,,-0.0003,0.0003,0.07
594.19,,,,-0.0003,0.0003,0.07
594.24,,,,-0.0003,0.0003,0.07
594.291,,,,-0.0003,0.0003,0.07
594.342,,,,-0.0003,0.0003,0.07
594.393,,,,-0.0003,0.0003,0.07
594.444,,,,-0.0003,0.0003,0.07
594.528,,,,-0.0003,0.0003,0.07
594.579,,,,-0.0003,0.0003,0.07
594.63,,,,-0.0003,0.0003,0.07
594.68,,,,-0.0003,0.0003,0.07
594.731,,,,-0.0003,0.0003,0.07
594.782,,,,-0.0003,0.0003,0.07
594.833,,,,-0.0003,0.0003,0.07
594.883,,,,-0.0003,0.0003,0.07
594.934,,,,-0.0003,0.0003,0.07
594.984,,,,-0.0003,0.0003,0.07
595.035,,,,-0.0003,0.0003,0.07
595.086,,,,-0.0003,0.0003,0.07
595.136,,,,-0.0003,0.0003,0.07
595.188,,,,-0.0003,0.0003,0.07
595.239,,,,-0.0003,0.0003,0.07
595.29,,,,-0.0003,0.0003,0.07
595.341,,,,-0.0003,0.0003,0.07
595.392,,,,-0.0003,0.0003,0.07
595.443,,,,-0.0003,0.0003,0.07
595.493,,,,-0.0003,0.0003,0.07
595.544,,,,-0.0003,0.0003,0.07
595.594,,,,-0.0003,0.0003,0.07
595.645,,,,-0.0003,0.0003,0.07
595.695,,,,-0.0003,0.0003,0.07
595.746,,,,-0.0003,0.0003,0.07
595.797,,,,-0.0003,0.0003,0.07
595.848,,,,-0.0003,0.0003,0.07
595.906,,,,-0.0003,0.0003,0.07
595.957,,,,-0.0003,0.0003,0.07
596.007,,,,-0.0003,0.0003,0.07
596.058,,,,-0.0003,0.0003,0.07
596.108,,,,-0.0003,0.0003,0.07
596.159,,,,-0.0003,0.0003,0.07
596.21,,,,-0.0003,0.0003,0.07
596.26,,,,-0.0003,0.0003,0.07
596.31,,,,-0.0003,0.0003,0.07
596.361,,,,-0.0003,0.0003,0.07
596.411,,,,-0.0003,0.0003,0.07
596.464,,,,-0.0003,0.0003,0.07
596.514,,,,-0.0003,0.0003,0.07
596.565,,,,-0.0003,0.0003,0.07
596.616,,,,-0.0003,0.0003,0.07
596.667,,,,-0.0003,0.0003,0.07
596.717,,,,-0.0003,0.0003,0.07
596.768,,,,-0.0003,0.0003,0.07
596.819,,,,-0.0003,0.0003,0.07
596.869,,,,-0.0003,0.0003,0.07
596.92,,,,-0.0003,0.0003,0.07
596.971,,,,-0.0003,0.0003,0.07
597.021,,,,-0.0003,0.0003,0.07
597.072,,,,-0.0003,0.0003,0.07
597.122,,,,-0.0003,0.0003,0.07
597.173,,,,-0.0003,0.0003,0.07
597.256,,,,-0.0003,0.0003,0.07
597.307,,,,-0.0003,0.0003,0.07
597.358,,,,-0.0003,0.0003,0.07
597.408,,,,-0.0003,0.0003,0.07
597.459,,,,-0.0003,0.0003,0.07
597.509,,,,-0.0003,0.0003,0.07
597.56,,,,-0.0003,0.0003,0.07
597.611,,,,-0.0003,0.0003,0.07
597.661,,,,-0.0003,0.0003,0.07
597.712,,,,-0.0003,0.0003,0.07
597.763,,,,-0.0003,0.0003,0.07
597.814,,,,-0.0003,0.0003,0.07
597.865,,,,-0.0003,0.0003,0.07
597.915,,,,-0.0003,0.0003,0.07
597.966,,,,-0.0003,0.0003,0.07
598.016,,,,-0.0003,0.0003,0.07
598.067,,,,-0.0003,0.0003,0.07
598.118,,,,-0.0003,0.0003,0.07
598.168,,,,-0.0003,0.0003,0.07
598.219,,,,-0.0003,0.0003,0.07
598.27,,,,-0.0003,0.0003,0.07
598.321,,,,-0.0003,0.0003,0.07
598.371,,,,-0.0003,0.0003,0.07
598.422,,,,-0.0003,0.0003,0.07
598.472,,,,-0.0003,0.0003,0.07
598.523,,,,-0.0003,0.0003,0.07
598.574,,,,-0.0003,0.0003,0.07
598.63,,,,-0.0003,0.0003,0.07
598.68,,,,-0.0003,0.0003,0.07
598.731,,,,-0.0003,0.0003,0.07
598.781,,,,-0.0003,0.0003,0.07
598.832,,,,-0.0003,0.0003,0.07
598.882,,,,-0.0003,0.0003,0.07
598.933,,,,-0.0003,0.0003,0.07
598.984,,,,-0.0003,0.0003,0.07
599.035,,,,-0.0003,0.0003,0.07
599.085,,,,-0.0003,0.0003,0.07
599.136,,,,-0.0003,0.0003,0.07
599.187,,,,-0.0003,0.0003,0.07
599.237,,,,-0.0003,0.0003,0.07
599.288,,,,-0.0003,0.0003,0.07
599.339,,,,-0.0003,0.0003,0.07
599.391,,,,-0.0003,0.0003,0.07
599.441,,,,-0.0003,0.0003,0.07
599.492,,,,-0.0003,0.0003,0.07
599.543,,,,-0.0003,0.0003,0.07
599.594,,,,-0.0003,0.0003,0.07
599.645,,,,-0.0003,0.0003,0.07
599.695,,,,-0.0003,0.0003,0.07
599.746,,,,-0.0003,0.0003,0.07
599.797,,,,-0.0003,0.0003,0.07
599.847,,,,-0.0003,0.0003,0.07
599.898,,,,-0.0003,0.0003,0.07
599.949,,,,-0.0003,0.0003,0.07
600.0,,,,-0.0003,0.0003,0.07
600.05,,,,-0.0003,0.0003,0.07
600.101,,,,-0.0003,0.0003,0.07
600.152,,,,-0.0003,0.0003,0.07
600.203,,,,-0.0003,0.0003,0.07
600.253,,,,-0.0003,0.0003,0.07
600.304,,,,-0.0003,0.0003,0.07
600.354,,,,-0.0003,0.0003,0.07
600.406,,,,-0.0003,0.0003,0.07
600.456,,,,-0.0003,0.0003,0.07
600.508,,,,-0.0003,0.0003,0.07
600.559,,,,-0.0003,0.0003,0.07
600.61,,,,-0.0003,0.0003,0.07
600.66,,,,-0.0003,0.0003,0.07
600.711,,,,-0.0003,0.0003,0.07
600.761,,,,-0.0003,0.0003,0.07
600.812,,,,-0.0003,0.0003,0.07
600.862,,,,-0.0003,0.0003,0.07
600.912,,,,-0.0003,0.0003,0.07
600.963,,,,-0.0003,0.0003,0.07
601.013,,,,-0.0003,0.0003,0.07
601.063,,,,-0.0003,0.0003,0.07
601.114,,,,-0.0003,0.0003,0.07
601.164,,,,-0.0003,0.0003,0.07
601.215,,,,-0.0003,0.0003,0.07
601.265,,,,-0.0003,0.0003,0.07
601.317,,,,-0.0003,0.0003,0.07
601.367,,,,-0.0003,0.0003,0.07
601.417,,,,-0.0003,0.0003,0.07
601.468,,,,-0.0003,0.0003,0.07
601.518,,,,-0.0003,0.0003,0.07
601.569,,,,-0.0003,0.0003,0.07
601.619,,,,-0.0003,0.0003,0.07
601.67,,,,-0.0003,0.0003,0.07
601.721,,,,-0.0003,0.0003,0.07
601.771,,,,-0.0003,0.0003,0.07
601.822,,,,-0.0003,0.0003,0.07
601.872,,,,-0.0003,0.0003,0.07
601.923,,,,-0.0003,0.0003,0.07
601.975,,,,-0.0003,0.0003,0.07
602.026,,,,-0.0003,0.0003,0.07
602.077,,,,-0.0003,0.0003,0.07
602.127,,,,-0.0003,0.0003,0.07
602.179,,,,-0.0003,0.0003,0.07
602.229,,,,-0.0003,0.0003,0.07
602.28,,,,-0.0003,0.0003,0.07
602.33,,,,-0.0003,0.0003,0.07
602.381,,,,-0.0003,0.0003,0.07
602.432,,,,-0.0003,0.0003,0.07
602.482,,,,-0.0003,0.0003,0.07
602.532,,,,-0.0003,0.0003,0.07
602.583,,,,-0.0003,0.0003,0.07
602.633,,,,-0.0003,0.0003,0.07
602.707,,,,-0.0003,0.0003,0.07
602.758,,,,-0.0003,0.0003,0.07
602.809,,,,-0.0003,0.0003,0.07
602.86,,,,-0.0003,0.0003,0.07
602.91,,,,-0.0003,0.0003,0.07
602.961,,,,-0.0003,0.0003,0.07
603.012,,,,-0.0003,0.0003,0.07
603.063,,,,-0.0003,0.0003,0.07
603.114,,,,-0.0003,0.0003,0.07
603.165,,,,-0.0003,0.0003,0.07
603.215,,,,-0.0003,0.0003,0.07
603.265,,,,-0.0003,0.0003,0.07
603.316,,,,-0.0003,0.0003,0.07
603.366,,,,-0.0003,0.0003,0.07
603.417,,,,-0.0003,0.0003,0.07
603.468,,,,-0.0003,0.0003,0.07
603.518,,,,-0.0003,0.0003,0.07
603.569,,,,-0.0003,0.0003,0.07
603.619,,,,-0.0003,0.0003,0.07
603.67,,,,-0.0003,0.0003,0.07
603.721,,,,-0.0003,0.0003,0.07
603.774,,,,-0.0003,0.0003,0.07
603.825,,,,-0.0003,0.0003,0.07
603.875,,,,-0.0003,0.0003,0.07
603.926,,,,-0.0003,0.0003,0.07
603.976,,,,-0.0003,0.0003,0.07
604.027,,,,-0.0003,0.0003,0.07
604.078,,,,-0.0003,0.0003,0.07
604.129,,,,-0.0003,0.0003,0.07
604.18,,,,-0.0003,0.0003,0.07
604.23,,,,-0.0003,0.0003,0.07
604.281,,,,-0.0003,0.0003,0.07
604.331,,,,-0.0003,0.0003,0.07
604.381,,,,-0.0003,0.0003,0.07
604.432,,,,-0.0003,0.0003,0.07
604.482,,,,-0.0003,0.0003,0.07
604.533,,,,-0.0003,0.0003,0.07
604.583,,,,-0.0003,0.0003,0.07
604.634,,,,-0.0003,0.0003,0.07
604.685,,,,-0.0003,0.0003,0.07
604.736,,,,-0.0003,0.0003,0.07
604.786,,,,-0.0003,0.0003,0.07
604.837,,,,-0.0003,0.0003,0.07
604.888,,,,-0.0003,0.0003,0.07
604.939,,,,-0.0003,0.0003,0.07
604.99,,,,-0.0003,0.0003,0.07
605.04,,,,-0.0003,0.0003,0.07
605.091,,,,-0.0003,0.0003,0.07
605.142,,,,-0.0003,0.0003,0.07
605.193,,,,-0.0003,0.0003,0.07
605.243,,,,-0.0003,0.0003,0.07
605.295,,,,-0.0003,0.0003,0.07
605.345,,,,-0.0003,0.0003,0.07
605.396,,,,-0.0003,0.0003,0.07
605.446,,,,-0.0003,0.0003,0.07
605.497,,,,-0.0003,0.0003,0.07
605.547,,,,-0.0003,0.0003,0.07
605.598,,,,-0.0003,0.0003,0.07
605.649,,,,-0.0003,0.0003,0.07
605.7,,,,-0.0003,0.0003,0.07
605.75,,,,-0.0003,0.0003,0.07
605.801,,,,-0.0003,0.0003,0.07
605.852,,,,-0.0003,0.0003,0.07
605.903,,,,-0.0003,0.0003,0.07
605.953,,,,-0.0003,0.0003,0.07
606.004,,,,-0.0003,0.0003,0.07
606.055,,,,-0.0003,0.0003,0.07
606.105,,,,-0.0003,0.0003,0.07
606.156,,,,-0.0003,0.0003,0.07
606.207,,,,-0.0003,0.0003,0.07
606.257,,,,-0.0003,0.0003,0.07
606.308,,,,-0.0003,0.0003,0.07
606.359,,,,-0.0003,0.0003,0.07
606.41,,,,-0.0003,0.0003,0.07
606.46,,,,-0.0003,0.0003,0.07
606.512,,,,-0.0003,0.0003,0.07
606.562,,,,-0.0003,0.0003,0.07
606.613,,,,-0.0003,0.0003,0.07
606.664,,,,-0.0003,0.0003,0.07
606.715,,,,-0.0003,0.0003,0.07
606.8,,,,-0.0003,0.0003,0.07
606.85,,,,-0.0003,0.0003,0.07
606.901,,,,-0.0003,0.0003,0.07
606.952,,,,-0.0003,0.0003,0.07
607.003,,,,-0.0003,0.0003,0.07
607.053,,,,-0.0003,0.0003,0.07
607.104,,,,-0.0003,0.0003,0.07
607.154,,,,-0.0003,0.0003,0.07
607.205,,,,-0.0003,0.0003,0.07
607.257,,,,-0.0003,0.0003,0.07
607.308,,,,-0.0003,0.0003,0.07
607.359,,,,-0.0003,0.0003,0.07
607.409,,,,-0.0003,0.0003,0.07
607.46,,,,-0.0003,0.0003,0.07
607.51,,,,-0.0003,0.0003,0.07
607.561,,,,-0.0003,0.0003,0.07
607.611,,,,-0.0003,0.0003,0.07
607.663,,,,-0.0003,0.0003,0.07
607.713,,,,-0.0003,0.0003,0.07
607.764,,,,-0.0003,0.0003,0.07
607.815,,,,-0.0003,0.0003,0.07
607.865,,,,-0.0003,0.0003,0.07
607.916,,,,-0.0003,0.0003,0.07
607.967,,,,-0.0003,0.0003,0.07
608.018,,,,-0.0003,0.0003,0.07
608.069,,,,-0.0003,0.0003,0.07
608.119,,,,-0.0003,0.0003,0.07
608.169,,,,-0.0003,0.0003,0.07
608.22,,,,-0.0003,0.0003,0.07
608.271,,,,-0.0003,0.0003,0.07
608.322,,,,-0.0003,0.0003,0.07
608.372,,,,-0.0003,0.0003,0.07
608.423,,,,-0.0003,0.0003,0.07
608.474,,,,-0.0003,0.0003,0.07
608.525,,,,-0.0003,0.0003,0.07
608.576,,,,-0.0003,0.0003,0.07
608.626,,,,-0.0003,0.0003,0.07
608.677,,,,-0.0003,0.0003,0.07
608.727,,,,-0.0003,0.0003,0.07
608.778,,,,-0.0003,0.0003,0.07
608.829,,,,-0.0003,0.0003,0.07
608.88,,,,-0.0003,0.0003,0.07
608.931,,,,-0.0003,0.0003,0.07
608.981,,,,-0.0003,0.0003,0.07
609.032,,,,-0.0003,0.0003,0.07
609.082,,,,-0.0003,0.0003,0.07
609.133,,,,-0.0003,0.0003,0.07
609.184,,,,-0.0003,0.0003,0.07
609.235,,,,-0.0003,0.0003,0.07
609.286,,,,-0.0003,0.0003,0.07
609.336,,,,-0.0003,0.0003,0.07
609.387,,,,-0.0003,0.0003,0.07
609.437,,,,-0.0003,0.0003,0.07
609.524,,,,-0.0003,0.0003,0.07
609.574,,,,-0.0003,0.0003,0.07
609.625,,,,-0.0003,0.0003,0.07
609.676,,,,-0.0003,0.0003,0.07
609.726,,,,-0.0003,0.0003,0.07
609.777,,,,-0.0003,0.0003,0.07
609.828,,,,-0.0003,0.0003,0.07
609.878,,,,-0.0003,0.0003,0.07
609.929,,,,-0.0003,0.0003,0.07
609.98,,,,-0.0003,0.0003,0.07
610.031,,,,-0.0003,0.0003,0.07
610.082,,,,-0.0003,0.0003,0.07
610.132,,,,-0.0003,0.0003,0.07
610.183,,,,-0.0003,0.0003,0.07
610.233,,,,-0.0003,0.0003,0.07
610.284,,,,-0.0003,0.0003,0.07
610.335,,,,-0.0003,0.0003,0.07
610.386,,,,-0.0003,0.0003,0.07
610.436,,,,-0.0003,0.0003,0.07
610.486,,,,-0.0003,0.0003,0.07
610.537,,,,-0.0003,0.0003,0.07
610.587,,,,-0.0003,0.0003,0.07
610.638,,,,-0.0003,0.0003,0.07
610.689,,,,-0.0003,0.0003,0.07
610.74,,,,-0.0003,0.0003,0.07
610.79,,,,-0.0003,0.0003,0.07
610.841,,,,-0.0003,0.0003,0.07
610.892,,,,-0.0003,0.0003,0.07
610.942,,,,-0.0003,0.0003,0.07
610.993,,,,-0.0003,0.0003,0.07
611.043,,,,-0.0003,0.0003,0.07
611.094,,,,-0.0003,0.0003,0.07
611.144,,,,-0.0003,0.0003,0.07
611.195,,,,-0.0003,0.0003,0.07
611.246,,,,-0.0003,0.0003,0.07
611.296,,,,-0.0003,0.0003,0.07
611.347,,,,-0.0003,0.0003,0.07
611.398,,,,-0.0003,0.0003,0.07
611.448,,,,-0.0003,0.0003,0.07
611.499,,,,-0.0003,0.0003,0.07
611.555,,,,-0.0003,0.0003,0.07
611.614,,,,-0.0003,0.0003,0.07
611.665,,,,-0.0003,0.0003,0.07
611.716,,,,-0.0003,0.0003,0.07
611.767,,,,-0.0003,0.0003,0.07
611.818,,,,-0.0003,0.0003,0.07
611.868,,,,-0.0003,0.0003,0.07
611.919,,,,-0.0003,0.0003,0.07
611.969,,,,-0.0003,0.0003,0.07
612.02,,,,-0.0003,0.0003,0.07
612.071,,,,-0.0003,0.0003,0.07
612.121,,,,-0.0003,0.0003,0.07
612.172,,,,-0.0003,0.0003,0.07
612.254,,,,-0.0003,0.0003,0.07
612.305,,,,-0.0003,0.0003,0.07
612.355,,,,-0.0003,0.0003,0.07
612.406,,,,-0.0003,0.0003,0.07
612.456,,,,-0.0003,0.0003,0.07
612.507,,,,-0.0003,0.0003,0.07
612.557,,,,-0.0003,0.0003,0.07
612.607,,,,-0.0003,0.0003,0.07
612.658,,,,-0.0003,0.0003,0.07
612.709,,,,-0.0003,0.0003,0.07
612.759,,,,-0.0003,0.0003,0.07
612.81,,,,-0.0003,0.0003,0.07
612.861,,,,-0.0003,0.0003,0.07
612.911,,,,-0.0003,0.0003,0.07
612.962,,,,-0.0003,0.0003,0.07
613.013,,,,-0.0003,0.0003,0.07
613.064,,,,-0.0003,0.0003,0.07
613.114,,,,-0.0003,0.0003,0.07
613.165,,,,-0.0003,0.0003,0.07
613.216,,,,-0.0003,0.0003,0.07
613.266,,,,-0.0003,0.0003,0.07
613.317,,,,-0.0003,0.0003,0.07
613.367,,,,-0.0003,0.0003,0.07
613.418,,,,-0.0003,0.0003,0.07
613.468,,,,-0.0003,0.0003,0.07
613.519,,,,-0.0003,0.0003,0.07
613.57,,,,-0.0003,0.0003,0.07
613.624,,,,-0.0003,0.0003,0.07
613.675,,,,-0.0003,0.0003,0.07
613.726,,,,-0.0003,0.0003,0.07
613.776,,,,-0.0003,0.0003,0.07
613.827,,,,-0.0003,0.0003,0.07
613.878,,,,-0.0003,0.0003,0.07
613.928,,,,-0.0003,0.0003,0.07
613.979,,,,-0.0003,0.0003,0.07
614.029,,,,-0.0003,0.0003,0.07
614.08,,,,-0.0003,0.0003,0.07
614.13,,,,-0.0003,0.0003,0.07
614.181,,,,-0.0003,0.0003,0.07
614.231,,,,-0.0003,0.0003,0.07
614.282,,,,-0.0003,0.0003,0.07
614.333,,,,-0.0003,0.0003,0.07
614.383,,,,-0.0003,0.0003,0.07
614.434,,,,-0.0003,0.0003,0.07
614.484,,,,-0.0003,0.0003,0.07
614.535,,,,-0.0003,0.0003,0.07
614.586,,,,-0.0003,0.0003,0.07
614.636,,,,-0.0003,0.0003,0.07
614.686,,,,-0.0003,0.0003,0.07
614.737,,,,-0.0003,0.0003,0.07
614.788,,,,-0.0003,0.0003,0.07
614.838,,,,-0.0003,0.0003,0.07
614.889,,,,-0.0003,0.0003,0.07
614.94,,,,-0.0003,0.0003,0.07
614.99,,,,-0.0003,0.0003,0.07
615.041,,,,-0.0003,0.0003,0.07
615.091,,,,-0.0003,0.0003,0.07
615.142,,,,-0.0003,0.0003,0.07
615.193,,,,-0.0003,0.0003,0.07
615.244,,,,-0.0003,0.0003,0.07
615.294,,,,-0.0003,0.0003,0.07
615.346,,,,-0.0003,0.0003,0.07
615.396,,,,-0.0003,0.0003,0.07
615.447,,,,-0.0003,0.0003,0.07
615.497,,,,-0.0003,0.0003,0.07
615.547,,,,-0.0003,0.0003,0.07
615.598,,,,-0.0003,0.0003,0.07
615.649,,,,-0.0003,0.0003,0.07
615.7,,,,-0.0003,0.0003,0.07
615.75,,,,-0.0003,0.0003,0.07
615.801,,,,-0.0003,0.0003,0.07
615.852,,,,-0.0003,0.0003,0.07
615.902,,,,-0.0003,0.0003,0.07
615.953,,,,-0.0003,0.0003,0.07
616.004,,,,-0.0003,0.0003,0.07
616.055,,,,-0.0003,0.0003,0.07
616.105,,,,-0.0003,0.0003,0.07
616.156,,,,-0.0003,0.0003,0.07
616.207,,,,-0.0003,0.0003,0.07
616.258,,,,-0.0003,0.0003,0.07
616.308,,,,-0.0003,0.0003,0.07
616.359,,,,-0.0003,0.0003,0.07
616.41,,,,-0.0003,0.0003,0.07
616.46,,,,-0.0003,0.0003,0.07
616.511,,,,-0.0003,0.0003,0.07
616.561,,,,-0.0003,0.0003,0.07
616.612,,,,-0.0003,0.0003,0.07
616.662,,,,-0.0003,0.0003,0.07
616.713,,,,-0.0003,0.0003,0.07
616.764,,,,-0.0003,0.0003,0.07
616.814,,,,-0.0003,0.0003,0.07
616.864,,,,-0.0003,0.0003,0.07
616.915,,,,-0.0003,0.0003,0.07
616.966,,,,-0.0003,0.0003,0.07
617.017,,,,-0.0003,0.0003,0.07
617.067,,,,-0.0003,0.0003,0.07
617.118,,,,-0.0003,0.0003,0.07
617.168,,,,-0.0003,0.0003,0.07
617.219,,,,-0.0003,0.0003,0.07
617.27,,,,-0.0003,0.0003,0.07
617.321,,,,-0.0003,0.0003,0.07
617.371,,,,-0.0003,0.0003,0.07
617.422,,,,-0.0003,0.0003,0.07
617.473,,,,-0.0003,0.0003,0.07
617.524,,,,-0.0003,0.0003,0.07
617.574,,,,-0.0003,0.0003,0.07
617.625,,,,-0.0003,0.0003,0.07
617.676,,,,-0.0003,0.0003,0.07
617.727,,,,-0.0003,0.0003,0.07
617.777,,,,-0.0003,0.0003,0.07
617.828,,,,-0.0003,0.0003,0.07
617.879,,,,-0.0003,0.0003,0.07
617.929,,,,-0.0003,0.0003,0.07
617.98,,,,-0.0003,0.0003,0.07
618.032,,,,-0.0003,0.0003,0.07
618.082,,,,-0.0003,0.0003,0.07
618.133,,,,-0.0003,0.0003,0.07
618.184,,,,-0.0003,0.0003,0.07
618.234,,,,-0.0003,0.0003,0.07
618.284,,,,-0.0003,0.0003,0.07
618.335,,,,-0.0003,0.0003,0.07
618.386,,,,-0.0003,0.0003,0.07
618.437,,,,-0.0003,0.0003,0.07
618.487,,,,-0.0003,0.0003,0.07
618.538,,,,-0.0003,0.0003,0.07
618.589,,,,-0.0003,0.0003,0.07
618.639,,,,-0.0003,0.0003,0.07
618.69,,,,-0.0003,0.0003,0.07
618.741,,,,-0.0003,0.0003,0.07
618.791,,,,-0.0003,0.0003,0.07
618.842,,,,-0.0003,0.0003,0.07
618.892,,,,-0.0003,0.0003,0.07
618.943,,,,-0.0003,0.0003,0.07
618.993,,,,-0.0003,0.0003,0.07
619.074,,,,-0.0003,0.0003,0.07
619.124,,,,-0.0003,0.0003,0.07
619.175,,,,-0.0003,0.0003,0.07
619.226,,,,-0.0003,0.0003,0.07
619.276,,,,-0.0003,0.0003,0.07
619.327,,,,-0.0003,0.0003,0.07
619.378,,,,-0.0003,0.0003,0.07
619.428,,,,-0.0003,0.0003,0.07
619.48,,,,-0.0003,0.0003,0.07
619.53,,,,-0.0003,0.0003,0.07
619.58,,,,-0.0003,0.0003,0.07
619.631,,,,-0.0003,0.0003,0.07
619.682,,,,-0.0003,0.0003,0.07
619.732,,,,-0.0003,0.0003,0.07
619.783,,,,-0.0003,0.0003,0.07
619.834,,,,-0.0003,0.0003,0.07
619.884,,,,-0.0003,0.0003,0.07
619.935,,,,-0.0003,0.0003,0.07
619.985,,,,-0.0003,0.0003,0.07
620.036,,,,-0.0003,0.0003,0.07
620.086,,,,-0.0003,0.0003,0.07
620.137,,,,-0.0003,0.0003,0.07
620.187,,,,-0.0003,0.0003,0.07
620.238,,,,-0.0003,0.0003,0.07
620.289,,,,-0.0003,0.0003,0.07
620.34,,,,-0.0003,0.0003,0.07
620.39,,,,-0.0003,0.0003,0.07
620.44,,,,-0.0003,0.0003,0.07
620.491,,,,-0.0003,0.0003,0.07
620.541,,,,-0.0003,0.0003,0.07
620.591,,,,-0.0003,0.0003,0.07
620.642,,,,-0.0003,0.0003,0.07
620.693,,,,-0.0003,0.0003,0.07
620.743,,,,-0.0003,0.0003,0.07
620.794,,,,-0.0003,0.0003,0.07
620.844,,,,-0.0003,0.0003,0.07
620.895,,,,-0.0003,0.0003,0.07
620.945,,,,-0.0003,0.0003,0.07
620.996,,,,-0.0003,0.0003,0.07
621.047,,,,-0.0003,0.0003,0.07
621.097,,,,-0.0003,0.0003,0.07
621.148,,,,-0.0003,0.0003,0.07
621.199,,,,-0.0003,0.0003,0.07
621.25,,,,-0.0003,0.0003,0.07
621.3,,,,-0.0003,0.0003,0.07
621.351,,,,-0.0003,0.0003,0.07
621.401,,,,-0.0003,0.0003,0.07
621.452,,,,-0.0003,0.0003,0.07
621.503,,,,-0.0003,0.0003,0.07
621.554,,,,-0.0003,0.0003,0.07
621.604,,,,-0.0003,0.0003,0.07
621.655,,,,-0.0003,0.0003,0.07
621.705,,,,-0.0003,0.0003,0.07
621.756,,,,-0.0003,0.0003,0.07
621.807,,,,-0.0003,0.0003,0.07
621.857,,,,-0.0003,0.0003,0.07
621.908,,,,-0.0003,0.0003,0.07
621.958,,,,-0.0003,0.0003,0.07
622.009,,,,-0.0003,0.0003,0.07
622.06,,,,-0.0003,0.0003,0.07
622.111,,,,-0.0003,0.0003,0.07
622.162,,,,-0.0003,0.0003,0.07
622.213,,,,-0.0003,0.0003,0.07
622.264,,,,-0.0003,0.0003,0.07
622.314,,,,-0.0003,0.0003,0.07
622.365,,,,-0.0003,0.0003,0.07
622.416,,,,-0.0003,0.0003,0.07
622.466,,,,-0.0003,0.0003,0.07
622.517,,,,-0.0003,0.0003,0.07
622.567,,,,-0.0003,0.0003,0.07
622.618,,,,-0.0003,0.0003,0.07
622.669,,,,-0.0003,0.0003,0.07
622.719,,,,-0.0003,0.0003,0.07
622.77,,,,-0.0003,0.0003,0.07
622.82,,,,-0.0003,0.0003,0.07
622.871,,,,-0.0003,0.0003,0.07
622.922,,,,-0.0003,0.0003,0.07
622.973,,,,-0.0003,0.0003,0.07
623.023,,,,-0.0003,0.0003,0.07
623.074,,,,-0.0003,0.0003,0.07
623.124,,,,-0.0003,0.0003,0.07
623.175,,,,-0.0003,0.0003,0.07
623.226,,,,-0.0003,0.0003,0.07
623.276,,,,-0.0003,0.0003,0.07
623.327,,,,-0.0003,0.0003,0.07
623.378,,,,-0.0003,0.0003,0.07
623.428,,,,-0.0003,0.0003,0.07
623.479,,,,-0.0003,0.0003,0.07
623.53,,,,-0.0003,0.0003,0.07
623.58,,,,-0.0003,0.0003,0.07
623.631,,,,-0.0003,0.0003,0.07
623.682,,,,-0.0003,0.0003,0.07
623.733,,,,-0.0003,0.0003,0.07
623.783,,,,-0.0003,0.0003,0.07
623.834,,,,-0.0003,0.0003,0.07
623.884,,,,-0.0003,0.0003,0.07
623.935,,,,-0.0003,0.0003,0.07
623.986,,,,-0.0003,0.0003,0.07
624.037,,,,-0.0003,0.0003,0.07
624.087,,,,-0.0003,0.0003,0.07
624.138,,,,-0.0003,0.0003,0.07
624.188,,,,-0.0003,0.0003,0.07
624.239,,,,-0.0003,0.0003,0.07
624.29,,,,-0.0003,0.0003,0.07
624.341,,,,-0.0003,0.0003,0.07
624.391,,,,-0.0003,0.0003,0.07
624.442,,,,-0.0003,0.0003,0.07
624.521,,,,-0.0003,0.0003,0.07
624.571,,,,-0.0003,0.0003,0.07
624.622,,,,-0.0003,0.0003,0.07
624.673,,,,-0.0003,0.0003,0.07
624.724,,,,-0.0003,0.0003,0.07
624.774,,,,-0.0003,0.0003,0.07
624.825,,,,-0.0003,0.0003,0.07
624.876,,,,-0.0003,0.0003,0.07
624.926,,,,-0.0003,0.0003,0.07
624.977,,,,-0.0003,0.0003,0.07
625.027,,,,-0.0003,0.0003,0.07
625.078,,,,-0.0003,0.0003,0.07
625.129,,,,-0.0003,0.0003,0.07
625.18,,,,-0.0003,0.0003,0.07
625.231,,,,-0.0003,0.0003,0.07
625.283,,,,-0.0003,0.0003,0.07
625.334,,,,-0.0003,0.0003,0.07
625.385,,,,-0.0003,0.0003,0.07
625.436,,,,-0.0003,0.0003,0.07
625.486,,,,-0.0003,0.0003,0.07
625.537,,,,-0.0003,0.0003,0.07
625.587,,,,-0.0003,0.0003,0.07
625.638,,,,-0.0003,0.0003,0.07
625.689,,,,-0.0003,0.0003,0.07
625.74,,,,-0.0003,0.0003,0.07
625.791,,,,-0.0003,0.0003,0.07
625.841,,,,-0.0003,0.0003,0.07
625.892,,,,-0.0003,0.0003,0.07
625.943,,,,-0.0003,0.0003,0.07
625.994,,,,-0.0003,0.0003,0.07
626.045,,,,-0.0003,0.0003,0.07
626.096,,,,-0.0003,0.0003,0.07
626.147,,,,-0.0003,0.0003,0.07
626.212,,,,-0.0003,0.0003,0.07
626.264,,,,-0.0003,0.0003,0.07
626.315,,,,-0.0003,0.0003,0.07
626.365,,,,-0.0003,0.0003,0.07
626.416,,,,-0.0003,0.0003,0.07
626.467,,,,-0.0003,0.0003,0.07
626.518,,,,-0.0003,0.0003,0.07
626.569,,,,-0.0003,0.0003,0.07
626.62,,,,-0.0003,0.0003,0.07
626.67,,,,-0.0003,0.0003,0.07
626.721,,,,-0.0003,0.0003,0.07
626.771,,,,-0.0003,0.0003,0.07
626.822,,,,-0.0003,0.0003,0.07
626.873,,,,-0.0003,0.0003,0.07
626.923,,,,-0.0003,0.0003,0.07
626.974,,,,-0.0003,0.0003,0.07
627.025,,,,-0.0003,0.0003,0.07
627.076,,,,-0.0003,0.0003,0.07
627.126,,,,-0.0003,0.0003,0.07
627.177,,,,-0.0003,0.0003,0.07
627.254,,,,-0.0003,0.0003,0.07
627.305,,,,-0.0003,0.0003,0.07
627.356,,,,-0.0003,0.0003,0.07
627.406,,,,-0.0003,0.0003,0.07
627.457,,,,-0.0003,0.0003,0.07
627.507,,,,-0.0003,0.0003,0.07
627.558,,,,-0.0003,0.0003,0.07
627.609,,,,-0.0003,0.0003,0.07
627.659,,,,-0.0003,0.0003,0.07
627.71,,,,-0.0003,0.0003,0.07
627.761,,,,-0.0003,0.0003,0.07
627.812,,,,-0.0003,0.0003,0.07
627.863,,,,-0.0003,0.0003,0.07
627.913,,,,-0.0003,0.0003,0.07
627.964,,,,-0.0003,0.0003,0.07
628.014,,,,-0.0003,0.0003,0.07
628.065,,,,-0.0003,0.0003,0.07
628.116,,,,-0.0003,0.0003,0.07
628.166,,,,-0.0003,0.0003,0.07
628.217,,,,-0.0003,0.0003,0.07
628.268,,,,-0.0003,0.0003,0.07
628.319,,,,-0.0003,0.0003,0.07
628.369,,,,-0.0003,0.0003,0.07
628.42,,,,-0.0003,0.0003,0.07
628.47,,,,-0.0003,0.0003,0.07
628.521,,,,-0.0003,0.0003,0.07
628.572,,,,-0.0003,0.0003,0.07
628.623,,,,-0.0003,0.0003,0.07
628.673,,,,-0.0003,0.0003,0.07
628.724,,,,-0.0003,0.0003,0.07
628.774,,,,-0.0003,0.0003,0.07
628.825,,,,-0.0003,0.0003,0.07
628.875,,,,-0.0003,0.0003,0.07
628.926,,,,-0.0003,0.0003,0.07
628.977,,,,-0.0003,0.0003,0.07
629.028,,,,-0.0003,0.0003,0.07
629.079,,,,-0.0003,0.0003,0.07
629.129,,,,-0.0003,0.0003,0.07
629.18,,,,-0.0003,0.0003,0.07
629.231,,,,-0.0003,0.0003,0.07
629.282,,,,-0.0003,0.0003,0.07
629.333,,,,-0.0003,0.0003,0.07
629.383,,,,-0.0003,0.0003,0.07
629.434,,,,-0.0003,0.0003,0.07
629.485,,,,-0.0003,0.0003,0.07
629.536,,,,-0.0003,0.0003,0.07
629.587,,,,-0.0003,0.0003,0.07
629.638,,,,-0.0003,0.0003,0.07
629.688,,,,-0.0003,0.0003,0.07
629.739,,,,-0.0003,0.0003,0.07
629.79,,,,-0.0003,0.0003,0.07
629.84,,,,-0.0003,0.0003,0.07
629.891,,,,-0.0003,0.0003,0.07
629.941,,,,-0.0003,0.0003,0.07
629.992,,,,-0.0003,0.0003,0.07
630.043,,,,-0.0003,0.0003,0.07
630.094,,,,-0.0003,0.0003,0.07
630.145,,,,-0.0003,0.0003,0.07
630.195,,,,-0.0003,0.0003,0.07
630.246,,,,-0.0003,0.0003,0.07
630.296,,,,-0.0003,0.0003,0.07
630.347,,,,-0.0003,0.0003,0.07
630.398,,,,-0.0003,0.0003,0.07
630.449,,,,-0.0003,0.0003,0.07
630.499,,,,-0.0003,0.0003,0.07
630.549,,,,-0.0003,0.0003,0.07
630.6,,,,-0.0003,0.0003,0.07
630.651,,,,-0.0003,0.0003,0.07
630.701,,,,-0.0003,0.0003,0.07
630.752,,,,-0.0003,0.0003,0.07
630.803,,,,-0.0003,0.0003,0.07
630.853,,,,-0.0003,0.0003,0.07
630.904,,,,-0.0003,0.0003,0.07
630.955,,,,-0.0003,0.0003,0.07
631.006,,,,-0.0003,0.0003,0.07
631.057,,,,-0.0003,0.0003,0.07
631.107,,,,-0.0003,0.0003,0.07
631.158,,,,-0.0003,0.0003,0.07
631.208,,,,-0.0003,0.0003,0.07
631.259,,,,-0.0003,0.0003,0.07
631.344,,,,-0.0003,0.0003,0.07
631.396,,,,-0.0003,0.0003,0.07
631.446,,,,-0.0003,0.0003,0.07
631.497,,,,-0.0003,0.0003,0.07
631.548,,,,-0.0003,0.0003,0.07
631.598,,,,-0.0003,0.0003,0.07
631.649,,,,-0.0003,0.0003,0.07
631.7,,,,-0.0003,0.0003,0.07
631.75,,,,-0.0003,0.0003,0.07
631.801,,,,-0.0003,0.0003,0.07
631.851,,,,-0.0003,0.0003,0.07
631.902,,,,-0.0003,0.0003,0.07
631.953,,,,-0.0003,0.0003,0.07
632.003,,,,-0.0003,0.0003,0.07
632.054,,,,-0.0003,0.0003,0.07
632.105,,,,-0.0003,0.0003,0.07
632.156,,,,-0.0003,0.0003,0.07
632.207,,,,-0.0003,0.0003,0.07
632.258,,,,-0.0003,0.0003,0.07
632.309,,,,-0.0003,0.0003,0.07
632.36,,,,-0.0003,0.0003,0.07
632.411,,,,-0.0003,0.0003,0.07
632.461,,,,-0.0003,0.0003,0.07
632.512,,,,-0.0003,0.0003,0.07
632.563,,,,-0.0003,0.0003,0.07
632.614,,,,-0.0003,0.0003,0.07
632.702,,,,-0.0003,0.0003,0.07
632.752,,,,-0.0003,0.0003,0.07
632.803,,,,-0.0003,0.0003,0.07
632.853,,,,-0.0003,0.0003,0.07
632.904,,,,-0.0003,0.0003,0.07
632.954,,,,-0.0003,0.0003,0.07
633.005,,,,-0.0003,0.0003,0.07
633.056,,,,-0.0003,0.0003,0.07
633.107,,,,-0.0003,0.0003,0.07
633.157,,,,-0.0003,0.0003,0.07
633.208,,,,-0.0003,0.0003,0.07
633.261,,,,-0.0003,0.0003,0.07
633.311,,,,-0.0003,0.0003,0.07
633.362,,,,-0.0003,0.0003,0.07
633.413,,,,-0.0003,0.0003,0.07
633.463,,,,-0.0003,0.0003,0.07
633.514,,,,-0.0003,0.0003,0.07
633.565,,,,-0.0003,0.0003,0.07
633.615,,,,-0.0003,0.0003,0.07
633.666,,,,-0.0003,0.0003,0.07
633.718,,,,-0.0003,0.0003,0.07
633.77,,,,-0.0003,0.0003,0.07
633.82,,,,-0.0003,0.0003,0.07
633.871,,,,-0.0003,0.0003,0.07
633.921,,,,-0.0003,0.0003,0.07
633.972,,,,-0.0003,0.0003,0.07
634.059,,,,-0.0003,0.0003,0.07
634.11,,,,-0.0003,0.0003,0.07
634.161,,,,-0.0003,0.0003,0.07
634.211,,,,-0.0003,0.0003,0.07
634.262,,,,-0.0003,0.0003,0.07
634.312,,,,-0.0003,0.0003,0.07
634.364,,,,-0.0003,0.0003,0.07
634.414,,,,-0.0003,0.0003,0.07
634.465,,,,-0.0003,0.0003,0.07
634.516,,,,-0.0003,0.0003,0.07
634.567,,,,-0.0003,0.0003,0.07
634.618,,,,-0.0003,0.0003,0.07
634.668,,,,-0.0003,0.0003,0.07
634.719,,,,-0.0003,0.0003,0.07
634.769,,,,-0.0003,0.0003,0.07
634.82,,,,-0.0003,0.0003,0.07
634.871,,,,-0.0003,0.0003,0.07
634.922,,,,-0.0003,0.0003,0.07
634.972,,,,-0.0003,0.0003,0.07
635.023,,,,-0.0003,0.0003,0.07
635.074,,,,-0.0003,0.0003,0.07
635.124,,,,-0.0003,0.0003,0.07
635.175,,,,-0.0003,0.0003,0.07
635.226,,,,-0.0003,0.0003,0.07
635.276,,,,-0.0003,0.0003,0.07
635.327,,,,-0.0003,0.0003,0.07
635.377,,,,-0.0003,0.0003,0.07
635.434,,,,-0.0003,0.0003,0.07
635.484,,,,-0.0003,0.0003,0.07
635.535,,,,-0.0003,0.0003,0.07
635.586,,,,-0.0003,0.0003,0.07
635.637,,,,-0.0003,0.0003,0.07
635.687,,,,-0.0003,0.0003,0.07
635.738,,,,-0.0003,0.0003,0.07
635.788,,,,-0.0003,0.0003,0.07
635.839,,,,-0.0003,0.0003,0.07
635.889,,,,-0.0003,0.0003,0.07
635.94,,,,-0.0003,0.0003,0.07
635.99,,,,-0.0003,0.0003,0.07
636.041,,,,-0.0003,0.0003,0.07
636.092,,,,-0.0003,0.0003,0.07
636.142,,,,-0.0003,0.0003,0.07
636.193,,,,-0.0003,0.0003,0.07
636.244,,,,-0.0003,0.0003,0.07
636.296,,,,-0.0003,0.0003,0.07
636.347,,,,-0.0003,0.0003,0.07
636.399,,,,-0.0003,0.0003,0.07
636.45,,,,-0.0003,0.0003,0.07
636.502,,,,-0.0003,0.0003,0.07
636.554,,,,-0.0003,0.0003,0.07
636.604,,,,-0.0003,0.0003,0.07
636.657,,,,-0.0003,0.0003,0.07
636.707,,,,-0.0003,0.0003,0.07
636.758,,,,-0.0003,0.0003,0.07
636.809,,,,-0.0003,0.0003,0.07
636.859,,,,-0.0003,0.0003,0.07
636.91,,,,-0.0003,0.0003,0.07
636.96,,,,-0.0003,0.0003,0.07
637.011,,,,-0.0003,0.0003,0.07
637.062,,,,-0.0003,0.0003,0.07
637.113,,,,-0.0003,0.0003,0.07
637.165,,,,-0.0003,0.0003,0.07
637.216,,,,-0.0003,0.0003,0.07
637.267,,,,-0.0003,0.0003,0.07
637.318,,,,-0.0003,0.0003,0.07
637.368,,,,-0.0003,0.0003,0.07
637.419,,,,-0.0003,0.0003,0.07
637.47,,,,-0.0003,0.0003,0.07
637.52,,,,-0.0003,0.0003,0.07
637.572,,,,-0.0003,0.0003,0.07
637.622,,,,-0.0003,0.0003,0.07
637.673,,,,-0.0003,0.0003,0.07
637.723,,,,-0.0003,0.0003,0.07
637.774,,,,-0.0003,0.0003,0.07
637.825,,,,-0.0003,0.0003,0.07
637.875,,,,-0.0003,0.0003,0.07
637.926,,,,-0.0003,0.0003,0.07
637.976,,,,-0.0003,0.0003,0.07
638.027,,,,-0.0003,0.0003,0.07
638.081,,,,-0.0003,0.0003,0.07
638.149,,,,-0.0003,0.0003,0.07
638.2,,,,-0.0003,0.0003,0.07
638.25,,,,-0.0003,0.0003,0.07
638.301,,,,-0.0003,0.0003,0.07
638.352,,,,-0.0003,0.0003,0.07
638.402,,,,-0.0003,0.0003,0.07
638.453,,,,-0.0003,0.0003,0.07
638.504,,,,-0.0003,0.0003,0.07
638.555,,,,-0.0003,0.0003,0.07
638.605,,,,-0.0003,0.0003,0.07
638.656,,,,-0.0003,0.0003,0.07
638.707,,,,-0.0003,0.0003,0.07
638.757,,,,-0.0003,0.0003,0.07
638.808,,,,-0.0003,0.0003,0.07
638.861,,,,-0.0003,0.0003,0.07
638.911,,,,-0.0003,0.0003,0.07
638.962,,,,-0.0003,0.0003,0.07
639.013,,,,-0.0003,0.0003,0.07
639.065,,,,-0.0003,0.0003,0.07
639.116,,,,-0.0003,0.0003,0.07
639.166,,,,-0.0003,0.0003,0.07
639.217,,,,-0.0003,0.0003,0.07
639.267,,,,-0.0003,0.0003,0.07
639.318,,,,-0.0003,0.0003,0.07
639.37,,,,-0.0003,0.0003,0.07
639.422,,,,-0.0003,0.0003,0.07
639.472,,,,-0.0003,0.0003,0.07
639.523,,,,-0.0003,0.0003,0.07
639.574,,,,-0.0003,0.0003,0.07
639.624,,,,-0.0003,0.0003,0.07
639.675,,,,-0.0003,0.0003,0.07
639.725,,,,-0.0003,0.0003,0.07
639.776,,,,-0.0003,0.0003,0.07
639.826,,,,-0.0003,0.0003,0.07
639.877,,,,-0.0003,0.0003,0.07
639.928,,,,-0.0003,0.0003,0.07
639.978,,,,-0.0003,0.0003,0.07
640.029,,,,-0.0003,0.0003,0.07
640.08,,,,-0.0003,0.0003,0.07
640.13,,,,-0.0003,0.0003,0.07
640.182,,,,-0.0003,0.0003,0.07
640.232,,,,-0.0003,0.0003,0.07
640.283,,,,-0.0003,0.0003,0.07
640.334,,,,-0.0003,0.0003,0.07
640.384,,,,-0.0003,0.0003,0.07
640.437,,,,-0.0003,0.0003,0.07
640.487,,,,-0.0003,0.0003,0.07
640.539,,,,-0.0003,0.0003,0.07
640.591,,,,-0.0003,0.0003,0.07
640.641,,,,-0.0003,0.0003,0.07
640.692,,,,-0.0003,0.0003,0.07
640.743,,,,-0.0003,0.0003,0.07
640.796,,,,-0.0003,0.0003,0.07
640.875,,,,-0.0003,0.0003,0.07
640.927,,,,-0.0003,0.0003,0.07
640.977,,,,-0.0003,0.0003,0.07
641.027,,,,-0.0003,0.0003,0.07
641.078,,,,-0.0003,0.0003,0.07
641.129,,,,-0.0003,0.0003,0.07
641.179,,,,-0.0003,0.0003,0.07
641.229,,,,-0.0003,0.0003,0.07
641.28,,,,-0.0003,0.0003,0.07
641.331,,,,-0.0003,0.0003,0.07
641.381,,,,-0.0003,0.0003,0.07
641.431,,,,-0.0003,0.0003,0.07
641.482,,,,-0.0003,0.0003,0.07
641.532,,,,-0.0003,0.0003,0.07
641.583,,,,-0.0003,0.0003,0.07
641.633,,,,-0.0003,0.0003,0.07
641.684,,,,-0.0003,0.0003,0.07
641.735,,,,-0.0003,0.0003,0.07
641.785,,,,-0.0003,0.0003,0.07
641.836,,,,-0.0003,0.0003,0.07
641.886,,,,-0.0003,0.0003,0.07
641.937,,,,-0.0003,0.0003,0.07
641.988,,,,-0.0003,0.0003,0.07
642.038,,,,-0.0003,0.0003,0.07
642.089,,,,-0.0003,0.0003,0.07
642.14,,,,-0.0003,0.0003,0.07
642.19,,,,-0.0003,0.0003,0.07
642.243,,,,-0.0003,0.0003,0.07
642.294,,,,-0.0003,0.0003,0.07
642.345,,,,-0.0003,0.0003,0.07
642.395,,,,-0.0003,0.0003,0.07
642.446,,,,-0.0003,0.0003,0.07
642.496,,,,-0.0003,0.0003,0.07
642.547,,,,-0.0003,0.0003,0.07
642.597,,,,-0.0003,0.0003,0.07
642.648,,,,-0.0003,0.0003,0.07
642.698,,,,-0.0003,0.0003,0.07
642.749,,,,-0.0003,0.0003,0.07
642.8,,,,-0.0003,0.0003,0.07
642.85,,,,-0.0003,0.0003,0.07
642.901,,,,-0.0003,0.0003,0.07
642.951,,,,-0.0003,0.0003,0.07
643.002,,,,-0.0003,0.0003,0.07
643.053,,,,-0.0003,0.0003,0.07
643.103,,,,-0.0003,0.0003,0.07
643.154,,,,-0.0003,0.0003,0.07
643.205,,,,-0.0003,0.0003,0.07
643.255,,,,-0.0003,0.0003,0.07
643.306,,,,-0.0003,0.0003,0.07
643.357,,,,-0.0003,0.0003,0.07
643.408,,,,-0.0003,0.0003,0.07
643.458,,,,-0.0003,0.0003,0.07
643.509,,,,-0.0003,0.0003,0.07
643.56,,,,-0.0003,0.0003,0.07
643.61,,,,-0.0003,0.0003,0.07
643.661,,,,-0.0003,0.0003,0.07
643.712,,,,-0.0003,0.0003,0.07
643.763,,,,-0.0003,0.0003,0.07
643.814,,,,-0.0003,0.0003,0.07
643.865,,,,-0.0003,0.0003,0.07
643.916,,,,-0.0003,0.0003,0.07
643.966,,,,-0.0003,0.0003,0.07
644.017,,,,-0.0003,0.0003,0.07
644.067,,,,-0.0003,0.0003,0.07
644.118,,,,-0.0003,0.0003,0.07
644.175,,,,-0.0003,0.0003,0.07
644.226,,,,-0.0003,0.0003,0.07
644.277,,,,-0.0003,0.0003,0.07
644.327,,,,-0.0003,0.0003,0.07
644.378,,,,-0.0003,0.0003,0.07
644.429,,,,-0.0003,0.0003,0.07
644.48,,,,-0.0003,0.0003,0.07
644.531,,,,-0.0003,0.0003,0.07
644.581,,,,-0.0003,0.0003,0.07
644.632,,,,-0.0003,0.0003,0.07
644.682,,,,-0.0003,0.0003,0.07
644.733,,,,-0.0003,0.0003,0.07
644.784,,,,-0.0003,0.0003,0.07
644.835,,,,-0.0003,0.0003,0.07
644.885,,,,-0.0003,0.0003,0.07
644.965,,,,-0.0003,0.0003,0.07
645.016,,,,-0.0003,0.0003,0.07
645.067,,,,-0.0003,0.0003,0.07
645.118,,,,-0.0003,0.0003,0.07
645.17,,,,-0.0003,0.0003,0.07
645.221,,,,-0.0003,0.0003,0.07
645.272,,,,-0.0003,0.0003,0.07
645.322,,,,-0.0003,0.0003,0.07
645.373,,,,-0.0003,0.0003,0.07
645.424,,,,-0.0003,0.0003,0.07
645.474,,,,-0.0003,0.0003,0.07
645.525,,,,-0.0003,0.0003,0.07
645.575,,,,-0.0003,0.0003,0.07
645.626,,,,-0.0003,0.0003,0.07
645.676,,,,-0.0003,0.0003,0.07
645.726,,,,-0.0003,0.0003,0.07
645.777,,,,-0.0003,0.0003,0.07
645.828,,,,-0.0003,0.0003,0.07
645.879,,,,-0.0003,0.0003,0.07
645.929,,,,-0.0003,0.0003,0.07
645.98,,,,-0.0003,0.0003,0.07
646.031,,,,-0.0003,0.0003,0.07
646.082,,,,-0.0003,0.0003,0.07
646.133,,,,-0.0003,0.0003,0.07
646.184,,,,-0.0003,0.0003,0.07
646.235,,,,-0.0003,0.0003,0.07
646.285,,,,-0.0003,0.0003,0.07
646.341,,,,-0.0003,0.0003,0.07
646.392,,,,-0.0003,0.0003,0.07
646.443,,,,-0.0003,0.0003,0.07
646.494,,,,-0.0003,0.0003,0.07
646.545,,,,-0.0003,0.0003,0.07
646.595,,,,-0.0003,0.0003,0.07
646.646,,,,-0.0003,0.0003,0.07
646.696,,,,-0.0003,0.0003,0.07
646.747,,,,-0.0003,0.0003,0.07
646.797,,,,-0.0003,0.0003,0.07
646.848,,,,-0.0003,0.0003,0.07
646.899,,,,-0.0003,0.0003,0.07
646.95,,,,-0.0003,0.0003,0.07
647.0,,,,-0.0003,0.0003,0.07
647.051,,,,-0.0003,0.0003,0.07
647.102,,,,-0.0003,0.0003,0.07
647.152,,,,-0.0003,0.0003,0.07
647.203,,,,-0.0003,0.0003,0.07
647.254,,,,-0.0003,0.0003,0.07
647.305,,,,-0.0003,0.0003,0.07
647.355,,,,-0.0003,0.0003,0.07
647.406,,,,-0.0003,0.0003,0.07
647.457,,,,-0.0003,0.0003,0.07
647.507,,,,-0.0003,0.0003,0.07
647.558,,,,-0.0003,0.0003,0.07
647.609,,,,-0.0003,0.0003,0.07
647.659,,,,-0.0003,0.0003,0.07
647.71,,,,-0.0003,0.0003,0.07
647.761,,,,-0.0003,0.0003,0.07
647.811,,,,-0.0003,0.0003,0.07
647.862,,,,-0.0003,0.0003,0.07
647.913,,,,-0.0003,0.0003,0.07
647.964,,,,-0.0003,0.0003,0.07
648.014,,,,-0.0003,0.0003,0.07
648.065,,,,-0.0003,0.0003,0.07
648.115,,,,-0.0003,0.0003,0.07
648.166,,,,-0.0003,0.0003,0.07
648.217,,,,-0.0003,0.0003,0.07
648.267,,,,-0.0003,0.0003,0.07
648.318,,,,-0.0003,0.0003,0.07
648.369,,,,-0.0003,0.0003,0.07
648.42,,,,-0.0003,0.0003,0.07
648.471,,,,-0.0003,0.0003,0.07
648.521,,,,-0.0003,0.0003,0.07
648.572,,,,-0.0003,0.0003,0.07
648.624,,,,-0.0003,0.0003,0.07
648.675,,,,-0.0003,0.0003,0.07
648.726,,,,-0.0003,0.0003,0.07
648.777,,,,-0.0003,0.0003,0.07
648.827,,,,-0.0003,0.0003,0.07
648.878,,,,-0.0003,0.0003,0.07
648.929,,,,-0.0003,0.0003,0.07
648.98,,,,-0.0003,0.0003,0.07
649.057,,,,-0.0003,0.0003,0.07
649.108,,,,-0.0003,0.0003,0.07
649.159,,,,-0.0003,0.0003,0.07
649.209,,,,-0.0003,0.0003,0.07
649.26,,,,-0.0003,0.0003,0.07
649.311,,,,-0.0003,0.0003,0.07
649.361,,,,-0.0003,0.0003,0.07
649.412,,,,-0.0003,0.0003,0.07
649.462,,,,-0.0003,0.0003,0.07
649.513,,,,-0.0003,0.0003,0.07
649.564,,,,-0.0003,0.0003,0.07
649.614,,,,-0.0003,0.0003,0.07
649.665,,,,-0.0003,0.0003,0.07
649.716,,,,-0.0003,0.0003,0.07
649.767,,,,-0.0003,0.0003,0.07
649.818,,,,-0.0003,0.0003,0.07
649.868,,,,-0.0003,0.0003,0.07
649.919,,,,-0.0003,0.0003,0.07
649.969,,,,-0.0003,0.0003,0.07
650.02,,,,-0.0003,0.0003,0.07
650.071,,,,-0.0003,0.0003,0.07
650.121,,,,-0.0003,0.0003,0.07
650.171,,,,-0.0003,0.0003,0.07
650.222,,,,-0.0003,0.0003,0.07
650.273,,,,-0.0003,0.0003,0.07
650.324,,,,-0.0003,0.0003,0.07
650.374,,,,-0.0003,0.0003,0.07
650.425,,,,-0.0003,0.0003,0.07
650.476,,,,-0.0003,0.0003,0.07
650.526,,,,-0.0003,0.0003,0.07
650.576,,,,-0.0003,0.0003,0.07
650.628,,,,-0.0003,0.0003,0.07
650.678,,,,-0.0003,0.0003,0.07
650.729,,,,-0.0003,0.0003,0.07
650.78,,,,-0.0003,0.0003,0.07
650.831,,,,-0.0003,0.0003,0.07
650.882,,,,-0.0003,0.0003,0.07
650.932,,,,-0.0003,0.0003,0.07
650.983,,,,-0.0003,0.0003,0.07
651.034,,,,-0.0003,0.0003,0.07
651.084,,,,-0.0003,0.0003,0.07
651.135,,,,-0.0003,0.0003,0.07
651.185,,,,-0.0003,0.0003,0.07
651.236,,,,-0.0003,0.0003,0.07
651.287,,,,-0.0003,0.0003,0.07
651.338,,,,-0.0003,0.0003,0.07
651.388,,,,-0.0003,0.0003,0.07
651.439,,,,-0.0003,0.0003,0.07
651.49,,,,-0.0003,0.0003,0.07
651.54,,,,-0.0003,0.0003,0.07
651.591,,,,-0.0003,0.0003,0.07
651.642,,,,-0.0003,0.0003,0.07
651.694,,,,-0.0003,0.0003,0.07
651.784,,,,-0.0003,0.0003,0.07
651.834,,,,-0.0003,0.0003,0.07
651.885,,,,-0.0003,0.0003,0.07
651.936,,,,-0.0003,0.0003,0.07
651.986,,,,-0.0003,0.0003,0.07
652.037,,,,-0.0003,0.0003,0.07
652.087,,,,-0.0003,0.0003,0.07
652.138,,,,-0.0003,0.0003,0.07
652.188,,,,-0.0003,0.0003,0.07
652.239,,,,-0.0003,0.0003,0.07
652.29,,,,-0.0003,0.0003,0.07
652.341,,,,-0.0003,0.0003,0.07
652.392,,,,-0.0003,0.0003,0.07
652.443,,,,-0.0003,0.0003,0.07
652.493,,,,-0.0003,0.0003,0.07
652.544,,,,-0.0003,0.0003,0.07
652.595,,,,-0.0003,0.0003,0.07
652.646,,,,-0.0003,0.0003,0.07
652.696,,,,-0.0003,0.0003,0.07
652.747,,,,-0.0003,0.0003,0.07
652.798,,,,-0.0003,0.0003,0.07
652.848,,,,-0.0003,0.0003,0.07
652.899,,,,-0.0003,0.0003,0.07
652.95,,,,-0.0003,0.0003,0.07
653.001,,,,-0.0003,0.0003,0.07
653.052,,,,-0.0003,0.0003,0.07
653.103,,,,-0.0003,0.0003,0.07
653.154,,,,-0.0003,0.0003,0.07
653.204,,,,-0.0003,0.0003,0.07
653.255,,,,-0.0003,0.0003,0.07
653.305,,,,-0.0003,0.0003,0.07
653.356,,,,-0.0003,0.0003,0.07
653.406,,,,-0.0003,0.0003,0.07
653.457,,,,-0.0003,0.0003,0.07
653.508,,,,-0.0003,0.0003,0.07
653.559,,,,-0.0003,0.0003,0.07
653.61,,,,-0.0003,0.0003,0.07
653.66,,,,-0.0003,0.0003,0.07
653.711,,,,-0.0003,0.0003,0.07
653.761,,,,-0.0003,0.0003,0.07
653.812,,,,-0.0003,0.0003,0.07
653.862,,,,-0.0003,0.0003,0.07
653.913,,,,-0.0003,0.0003,0.07
653.964,,,,-0.0003,0.0003,0.07
654.014,,,,-0.0003,0.0003,0.07
654.065,,,,-0.0003,0.0003,0.07
654.116,,,,-0.0003,0.0003,0.07
654.166,,,,-0.0003,0.0003,0.07
654.217,,,,-0.0003,0.0003,0.07
654.267,,,,-0.0003,0.0003,0.07
654.318,,,,-0.0003,0.0003,0.07
654.38,,,,-0.0003,0.0003,0.07
654.43,,,,-0.0003,0.0003,0.07
654.521,,,,-0.0003,0.0003,0.07
654.572,,,,-0.0003,0.0003,0.07
654.622,,,,-0.0003,0.0003,0.07
654.673,,,,-0.0003,0.0003,0.07
654.724,,,,-0.0003,0.0003,0.07
654.774,,,,-0.0003,0.0003,0.07
654.825,,,,-0.0003,0.0003,0.07
654.876,,,,-0.0003,0.0003,0.07
654.926,,,,-0.0003,0.0003,0.07
654.977,,,,-0.0003,0.0003,0.07
655.028,,,,-0.0003,0.0003,0.07
655.079,,,,-0.0003,0.0003,0.07
655.13,,,,-0.0003,0.0003,0.07
655.181,,,,-0.0003,0.0003,0.07
655.232,,,,-0.0003,0.0003,0.07
655.282,,,,-0.0003,0.0003,0.07
655.333,,,,-0.0003,0.0003,0.07
655.384,,,,-0.0003,0.0003,0.07
655.435,,,,-0.0003,0.0003,0.07
655.485,,,,-0.0003,0.0003,0.07
655.536,,,,-0.0003,0.0003,0.07
655.587,,,,-0.0003,0.0003,0.07
655.638,,,,-0.0003,0.0003,0.07
655.688,,,,-0.0003,0.0003,0.07
655.739,,,,-0.0003,0.0003,0.07
655.79,,,,-0.0003,0.0003,0.07
655.872,,,,-0.0003,0.0003,0.07
655.923,,,,-0.0003,0.0003,0.07
655.974,,,,-0.0003,0.0003,0.07
656.024,,,,-0.0003,0.0003,0.07
656.074,,,,-0.0003,0.0003,0.07
656.125,,,,-0.0003,0.0003,0.07
656.176,,,,-0.0003,0.0003,0.07
656.227,,,,-0.0003,0.0003,0.07
656.277,,,,-0.0003,0.0003,0.07
656.329,,,,-0.0003,0.0003,0.07
656.379,,,,-0.0003,0.0003,0.07
656.43,,,,-0.0003,0.0003,0.07
656.481,,,,-0.0003,0.0003,0.07
656.532,,,,-0.0003,0.0003,0.07
656.583,,,,-0.0003,0.0003,0.07
656.634,,,,-0.0003,0.0003,0.07
656.684,,,,-0.0003,0.0003,0.07
656.735,,,,-0.0003,0.0003,0.07
656.786,,,,-0.0003,0.0003,0.07
656.836,,,,-0.0003,0.0003,0.07
656.887,,,,-0.0003,0.0003,0.07
656.938,,,,-0.0003,0.0003,0.07
656.988,,,,-0.0003,0.0003,0.07
657.039,,,,-0.0003,0.0003,0.07
657.09,,,,-0.0003,0.0003,0.07
657.14,,,,-0.0003,0.0003,0.07
657.191,,,,-0.0003,0.0003,0.07
657.244,,,,-0.0003,0.0003,0.07
657.295,,,,-0.0003,0.0003,0.07
657.346,,,,-0.0003,0.0003,0.07
657.396,,,,-0.0003,0.0003,0.07
657.447,,,,-0.0003,0.0003,0.07
657.497,,,,-0.0003,0.0003,0.07
657.548,,,,-0.0003,0.0003,0.07
657.599,,,,-0.0003,0.0003,0.07
657.649,,,,-0.0003,0.0003,0.07
657.7,,,,-0.0003,0.0003,0.07
657.75,,,,-0.0003,0.0003,0.07
657.801,,,,-0.0003,0.0003,0.07
657.852,,,,-0.0003,0.0003,0.07
657.902,,,,-0.0003,0.0003,0.07
657.953,,,,-0.0003,0.0003,0.07
658.003,,,,-0.0003,0.0003,0.07
658.054,,,,-0.0003,0.0003,0.07
658.104,,,,-0.0003,0.0003,0.07
658.157,,,,-0.0003,0.0003,0.07
658.208,,,,-0.0003,0.0003,0.07
658.258,,,,-0.0003,0.0003,0.07
658.309,,,,-0.0003,0.0003,0.07
658.36,,,,-0.0003,0.0003,0.07
658.41,,,,-0.0003,0.0003,0.07
658.461,,,,-0.0003,0.0003,0.07
658.511,,,,-0.0003,0.0003,0.07
658.562,,,,-0.0003,0.0003,0.07
658.612,,,,-0.0003,0.0003,0.07
658.663,,,,-0.0003,0.0003,0.07
658.714,,,,-0.0003,0.0003,0.07
658.764,,,,-0.0003,0.0003,0.07
658.815,,,,-0.0003,0.0003,0.07
658.866,,,,-0.0003,0.0003,0.07
658.917,,,,-0.0003,0.0003,0.07
658.968,,,,-0.0003,0.0003,0.07
659.019,,,,-0.0003,0.0003,0.07
659.069,,,,-0.0003,0.0003,0.07
659.12,,,,-0.0003,0.0003,0.07
659.171,,,,-0.0003,0.0003,0.07
659.221,,,,-0.0003,0.0003,0.07
659.273,,,,-0.0003,0.0003,0.07
659.323,,,,-0.0003,0.0003,0.07
659.373,,,,-0.0003,0.0003,0.07
659.425,,,,-0.0003,0.0003,0.07
659.476,,,,-0.0003,0.0003,0.07
659.526,,,,-0.0003,0.0003,0.07
659.577,,,,-0.0003,0.0003,0.07
659.628,,,,-0.0003,0.0003,0.07
659.678,,,,-0.0003,0.0003,0.07
659.729,,,,-0.0003,0.0003,0.07
659.779,,,,-0.0003,0.0003,0.07
659.83,,,,-0.0003,0.0003,0.07
659.881,,,,-0.0003,0.0003,0.07
659.962,,,,-0.0003,0.0003,0.07
660.013,,,,-0.0003,0.0003,0.07
660.064,,,,-0.0003,0.0003,0.07
660.115,,,,-0.0003,0.0003,0.07
660.165,,,,-0.0003,0.0003,0.07
660.216,,,,-0.0003,0.0003,0.07
660.267,,,,-0.0003,0.0003,0.07
660.318,,,,-0.0003,0.0003,0.07
660.369,,,,-0.0003,0.0003,0.07
660.419,,,,-0.0003,0.0003,0.07
660.47,,,,-0.0003,0.0003,0.07
660.52,,,,-0.0003,0.0003,0.07
660.571,,,,-0.0003,0.0003,0.07
660.622,,,,-0.0003,0.0003,0.07
660.672,,,,-0.0003,0.0003,0.07
660.724,,,,-0.0003,0.0003,0.07
660.775,,,,-0.0003,0.0003,0.07
660.826,,,,-0.0003,0.0003,0.07
660.876,,,,-0.0003,0.0003,0.07
660.927,,,,-0.0003,0.0003,0.07
660.977,,,,-0.0003,0.0003,0.07
661.028,,,,-0.0003,0.0003,0.07
661.079,,,,-0.0003,0.0003,0.07
661.13,,,,-0.0003,0.0003,0.07
661.18,,,,-0.0003,0.0003,0.07
661.231,,,,-0.0003,0.0003,0.07
661.281,,,,-0.0003,0.0003,0.07
661.335,,,,-0.0003,0.0003,0.07
661.387,,,,-0.0003,0.0003,0.07
661.438,,,,-0.0003,0.0003,0.07
661.488,,,,-0.0003,0.0003,0.07
661.539,,,,-0.0003,0.0003,0.07
661.59,,,,-0.0003,0.0003,0.07
661.64,,,,-0.0003,0.0003,0.07
661.691,,,,-0.0003,0.0003,0.07
661.741,,,,-0.0003,0.0003,0.07
661.794,,,,-0.0003,0.0003,0.07
661.845,,,,-0.0003,0.0003,0.07
661.895,,,,-0.0003,0.0003,0.07
661.946,,,,-0.0003,0.0003,0.07
661.996,,,,-0.0003,0.0003,0.07
662.047,,,,-0.0003,0.0003,0.07
662.098,,,,-0.0003,0.0003,0.07
662.149,,,,-0.0003,0.0003,0.07
662.2,,,,-0.0003,0.0003,0.07
662.251,,,,-0.0003,0.0003,0.07
662.303,,,,-0.0003,0.0003,0.07
662.354,,,,-0.0003,0.0003,0.07
662.405,,,,-0.0003,0.0003,0.07
662.456,,,,-0.0003,0.0003,0.07
662.506,,,,-0.0003,0.0003,0.07
662.557,,,,-0.0003,0.0003,0.07
662.607,,,,-0.0003,0.0003,0.07
662.693,,,,-0.0003,0.0003,0.07
662.745,,,,-0.0003,0.0003,0.07
662.796,,,,-0.0003,0.0003,0.07
662.847,,,,-0.0003,0.0003,0.07
662.898,,,,-0.0003,0.0003,0.07
662.949,,,,-0.0003,0.0003,0.07
662.999,,,,-0.0003,0.0003,0.07
663.05,,,,-0.0003,0.0003,0.07
663.1,,,,-0.0003,0.0003,0.07
663.151,,,,-0.0003,0.0003,0.07
663.202,,,,-0.0003,0.0003,0.07
663.253,,,,-0.0003,0.0003,0.07
663.304,,,,-0.0003,0.0003,0.07
663.355,,,,-0.0003,0.0003,0.07
663.405,,,,-0.0003,0.0003,0.07
663.456,,,,-0.0003,0.0003,0.07
663.506,,,,-0.0003,0.0003,0.07
663.557,,,,-0.0003,0.0003,0.07
663.608,,,,-0.0003,0.0003,0.07
663.658,,,,-0.0003,0.0003,0.07
663.709,,,,-0.0003,0.0003,0.07
663.759,,,,-0.0003,0.0003,0.07
663.81,,,,-0.0003,0.0003,0.07
663.861,,,,-0.0003,0.0003,0.07
663.911,,,,-0.0003,0.0003,0.07
663.962,,,,-0.0003,0.0003,0.07
664.05,,,,-0.0003,0.0003,0.07
664.101,,,,-0.0003,0.0003,0.07
664.151,,,,-0.0003,0.0003,0.07
664.202,,,,-0.0003,0.0003,0.07
664.252,,,,-0.0003,0.0003,0.07
664.303,,,,-0.0003,0.0003,0.07
664.354,,,,-0.0003,0.0003,0.07
664.405,,,,-0.0003,0.0003,0.07
664.455,,,,-0.0003,0.0003,0.07
664.506,,,,-0.0003,0.0003,0.07
664.558,,,,-0.0003,0.0003,0.07
664.608,,,,-0.0003,0.0003,0.07
664.659,,,,-0.0003,0.0003,0.07
664.709,,,,-0.0003,0.0003,0.07
664.761,,,,-0.0003,0.0003,0.07
664.813,,,,-0.0003,0.0003,0.07
664.864,,,,-0.0003,0.0003,0.07
664.915,,,,-0.0003,0.0003,0.07
664.965,,,,-0.0003,0.0003,0.07
665.016,,,,-0.0003,0.0003,0.07
665.067,,,,-0.0003,0.0003,0.07
665.117,,,,-0.0003,0.0003,0.07
665.168,,,,-0.0003,0.0003,0.07
665.219,,,,-0.0003,0.0003,0.07
665.269,,,,-0.0003,0.0003,0.07
665.321,,,,-0.0003,0.0003,0.07
665.411,,,,-0.0003,0.0003,0.07
665.461,,,,-0.0003,0.0003,0.07
665.512,,,,-0.0003,0.0003,0.07
665.563,,,,-0.0003,0.0003,0.07
665.613,,,,-0.0003,0.0003,0.07
665.664,,,,-0.0003,0.0003,0.07
665.715,,,,-0.0003,0.0003,0.07
665.766,,,,-0.0003,0.0003,0.07
665.816,,,,-0.0003,0.0003,0.07
665.867,,,,-0.0003,0.0003,0.07
665.918,,,,-0.0003,0.0003,0.07
665.968,,,,-0.0003,0.0003,0.07
666.019,,,,-0.0003,0.0003,0.07
666.07,,,,-0.0003,0.0003,0.07
666.121,,,,-0.0003,0.0003,0.07
666.171,,,,-0.0003,0.0003,0.07
666.222,,,,-0.0003,0.0003,0.07
666.273,,,,-0.0003,0.0003,0.07
666.323,,,,-0.0003,0.0003,0.07
666.374,,,,-0.0003,0.0003,0.07
666.425,,,,-0.0003,0.0003,0.07
666.476,,,,-0.0003,0.0003,0.07
666.526,,,,-0.0003,0.0003,0.07
666.577,,,,-0.0003,0.0003,0.07
666.627,,,,-0.0003,0.0003,0.07
666.678,,,,-0.0003,0.0003,0.07
666.73,,,,-0.0003,0.0003,0.07
666.784,,,,-0.0003,0.0003,0.07
666.835,,,,-0.0003,0.0003,0.07
666.885,,,,-0.0003,0.0003,0.07
666.936,,,,-0.0003,0.0003,0.07
666.987,,,,-0.0003,0.0003,0.07
667.037,,,,-0.0003,0.0003,0.07
667.088,,,,-0.0003,0.0003,0.07
667.138,,,,-0.0003,0.0003,0.07
667.189,,,,-0.0003,0.0003,0.07
667.24,,,,-0.0003,0.0003,0.07
667.29,,,,-0.0003,0.0003,0.07
667.341,,,,-0.0003,0.0003,0.07
667.392,,,,-0.0003,0.0003,0.07
667.442,,,,-0.0003,0.0003,0.07
667.493,,,,-0.0003,0.0003,0.07
667.543,,,,-0.0003,0.0003,0.07
667.594,,,,-0.0003,0.0003,0.07
667.645,,,,-0.0003,0.0003,0.07
667.695,,,,-0.0003,0.0003,0.07
667.746,,,,-0.0003,0.0003,0.07
667.797,,,,-0.0003,0.0003,0.07
667.848,,,,-0.0003,0.0003,0.07
667.899,,,,-0.0003,0.0003,0.07
667.95,,,,-0.0003,0.0003,0.07
668.001,,,,-0.0003,0.0003,0.07
668.054,,,,-0.0003,0.0003,0.07
668.143,,,,-0.0003,0.0003,0.07
668.194,,,,-0.0003,0.0003,0.07
668.245,,,,-0.0003,0.0003,0.07
668.295,,,,-0.0003,0.0003,0.07
668.346,,,,-0.0003,0.0003,0.07
668.397,,,,-0.0003,0.0003,0.07
668.447,,,,-0.0003,0.0003,0.07
668.499,,,,-0.0003,0.0003,0.07
668.55,,,,-0.0003,0.0003,0.07
668.601,,,,-0.0003,0.0003,0.07
668.651,,,,-0.0003,0.0003,0.07
668.701,,,,-0.0003,0.0003,0.07
668.752,,,,-0.0003,0.0003,0.07
668.805,,,,-0.0003,0.0003,0.07
668.856,,,,-0.0003,0.0003,0.07
668.906,,,,-0.0003,0.0003,0.07
668.957,,,,-0.0003,0.0003,0.07
669.008,,,,-0.0003,0.0003,0.07
669.059,,,,-0.0003,0.0003,0.07
669.109,,,,-0.0003,0.0003,0.07
669.16,,,,-0.0003,0.0003,0.07
669.211,,,,-0.0003,0.0003,0.07
669.262,,,,-0.0003,0.0003,0.07
669.313,,,,-0.0003,0.0003,0.07
669.363,,,,-0.0003,0.0003,0.07
669.422,,,,-0.0003,0.0003,0.07
669.51,,,,-0.0003,0.0003,0.07
669.561,,,,-0.0003,0.0003,0.07
669.611,,,,-0.0003,0.0003,0.07
669.661,,,,-0.0003,0.0003,0.07
669.712,,,,-0.0003,0.0003,0.07
669.763,,,,-0.0003,0.0003,0.07
669.815,,,,-0.0003,0.0003,0.07
669.865,,,,-0.0003,0.0003,0.07
669.916,,,,-0.0003,0.0003,0.07
669.966,,,,-0.0003,0.0003,0.07
670.017,,,,-0.0003,0.0003,0.07
670.068,,,,-0.0003,0.0003,0.07
670.119,,,,-0.0003,0.0003,0.07
670.169,,,,-0.0003,0.0003,0.07
670.22,,,,-0.0003,0.0003,0.07
670.271,,,,-0.0003,0.0003,0.07
670.322,,,,-0.0003,0.0003,0.07
670.373,,,,-0.0003,0.0003,0.07
670.425,,,,-0.0003,0.0003,0.07
670.475,,,,-0.0003,0.0003,0.07
670.528,,,,-0.0003,0.0003,0.07
670.578,,,,-0.0003,0.0003,0.07
670.629,,,,-0.0003,0.0003,0.07
670.68,,,,-0.0003,0.0003,0.07
670.731,,,,-0.0003,0.0003,0.07
670.781,,,,-0.0003,0.0003,0.07
670.863,,,,-0.0003,0.0003,0.07
670.913,,,,-0.0003,0.0003,0.07
670.964,,,,-0.0003,0.0003,0.07
671.014,,,,-0.0003,0.0003,0.07
671.065,,,,-0.0003,0.0003,0.07
671.116,,,,-0.0003,0.0003,0.07
671.167,,,,-0.0003,0.0003,0.07
671.218,,,,-0.0003,0.0003,0.07
671.269,,,,-0.0003,0.0003,0.07
671.319,,,,-0.0003,0.0003,0.07
671.37,,,,-0.0003,0.0003,0.07
671.421,,,,-0.0003,0.0003,0.07
671.472,,,,-0.0003,0.0003,0.07
671.522,,,,-0.0003,0.0003,0.07
671.573,,,,-0.0003,0.0003,0.07
671.623,,,,-0.0003,0.0003,0.07
671.674,,,,-0.0003,0.0003,0.07
671.724,,,,-0.0003,0.0003,0.07
671.774,,,,-0.0003,0.0003,0.07
671.825,,,,-0.0003,0.0003,0.07
671.876,,,,-0.0003,0.0003,0.07
671.926,,,,-0.0003,0.0003,0.07
671.977,,,,-0.0003,0.0003,0.07
672.028,,,,-0.0003,0.0003,0.07
672.079,,,,-0.0003,0.0003,0.07
672.13,,,,-0.0003,0.0003,0.07
672.181,,,,-0.0003,0.0003,0.07
672.231,,,,-0.0003,0.0003,0.07
672.283,,,,-0.0003,0.0003,0.07
672.333,,,,-0.0003,0.0003,0.07
672.384,,,,-0.0003,0.0003,0.07
672.435,,,,-0.0003,0.0003,0.07
672.487,,,,-0.0003,0.0003,0.07
672.538,,,,-0.0003,0.0003,0.07
672.588,,,,-0.0003,0.0003,0.07
672.639,,,,-0.0003,0.0003,0.07
672.69,,,,-0.0003,0.0003,0.07
672.742,,,,-0.0003,0.0003,0.07
672.793,,,,-0.0003,0.0003,0.07
672.844,,,,-0.0003,0.0003,0.07
672.894,,,,-0.0003,0.0003,0.07
672.945,,,,-0.0003,0.0003,0.07
672.996,,,,-0.0003,0.0003,0.07
673.047,,,,-0.0003,0.0003,0.07
673.098,,,,-0.0003,0.0003,0.07
673.15,,,,-0.0003,0.0003,0.07
673.2,,,,-0.0003,0.0003,0.07
673.251,,,,-0.0003,0.0003,0.07
673.301,,,,-0.0003,0.0003,0.07
673.352,,,,-0.0003,0.0003,0.07
673.402,,,,-0.0003,0.0003,0.07
673.454,,,,-0.0003,0.0003,0.07
673.504,,,,-0.0003,0.0003,0.07
673.555,,,,-0.0003,0.0003,0.07
673.606,,,,-0.0003,0.0003,0.07
673.656,,,,-0.0003,0.0003,0.07
673.707,,,,-0.0003,0.0003,0.07
673.757,,,,-0.0003,0.0003,0.07
673.808,,,,-0.0003,0.0003,0.07
673.858,,,,-0.0003,0.0003,0.07
673.909,,,,-0.0003,0.0003,0.07
673.96,,,,-0.0003,0.0003,0.07
674.011,,,,-0.0003,0.0003,0.07
674.062,,,,-0.0003,0.0003,0.07
674.113,,,,-0.0003,0.0003,0.07
674.163,,,,-0.0003,0.0003,0.07
674.214,,,,-0.0003,0.0003,0.07
674.264,,,,-0.0003,0.0003,0.07
674.315,,,,-0.0003,0.0003,0.07
674.365,,,,-0.0003,0.0003,0.07
674.417,,,,-0.0003,0.0003,0.07
674.468,,,,-0.0003,0.0003,0.07
674.518,,,,-0.0003,0.0003,0.07
674.569,,,,-0.0003,0.0003,0.07
674.62,,,,-0.0003,0.0003,0.07
674.671,,,,-0.0003,0.0003,0.07
674.722,,,,-0.0003,0.0003,0.07
674.773,,,,-0.0003,0.0003,0.07
674.823,,,,-0.0003,0.0003,0.07
674.873,,,,-0.0003,0.0003,0.07
674.955,,,,-0.0003,0.0003,0.07
675.005,,,,-0.0003,0.0003,0.07
675.056,,,,-0.0003,0.0003,0.07
675.107,,,,-0.0003,0.0003,0.07
675.157,,,,-0.0003,0.0003,0.07
675.208,,,,-0.0003,0.0003,0.07
675.258,,,,-0.0003,0.0003,0.07
675.309,,,,-0.0003,0.0003,0.07
675.359,,,,-0.0003,0.0003,0.07
675.41,,,,-0.0003,0.0003,0.07
675.461,,,,-0.0003,0.0003,0.07
675.512,,,,-0.0003,0.0003,0.07
675.562,,,,-0.0003,0.0003,0.07
675.613,,,,-0.0003,0.0003,0.07
675.664,,,,-0.0003,0.0003,0.07
675.714,,,,-0.0003,0.0003,0.07
675.765,,,,-0.0003,0.0003,0.07
675.815,,,,-0.0003,0.0003,0.07
675.866,,,,-0.0003,0.0003,0.07
675.917,,,,-0.0003,0.0003,0.07
675.968,,,,-0.0003,0.0003,0.07
676.019,,,,-0.0003,0.0003,0.07
676.069,,,,-0.0003,0.0003,0.07
676.12,,,,-0.0003,0.0003,0.07
676.171,,,,-0.0003,0.0003,0.07
676.222,,,,-0.0003,0.0003,0.07
676.272,,,,-0.0003,0.0003,0.07
676.323,,,,-0.0003,0.0003,0.07
676.373,,,,-0.0003,0.0003,0.07
676.424,,,,-0.0003,0.0003,0.07
676.474,,,,-0.0003,0.0003,0.07
676.525,,,,-0.0003,0.0003,0.07
676.576,,,,-0.0003,0.0003,0.07
676.627,,,,-0.0003,0.0003,0.07
676.677,,,,-0.0003,0.0003,0.07
676.732,,,,-0.0003,0.0003,0.07
676.795,,,,-0.0003,0.0003,0.07
676.846,,,,-0.0003,0.0003,0.07
676.897,,,,-0.0003,0.0003,0.07
676.947,,,,-0.0003,0.0003,0.07
676.998,,,,-0.0003,0.0003,0.07
677.049,,,,-0.0003,0.0003,0.07
677.099,,,,-0.0003,0.0003,0.07
677.15,,,,-0.0003,0.0003,0.07
677.2,,,,-0.0003,0.0003,0.07
677.251,,,,-0.0003,0.0003,0.07
677.301,,,,-0.0003,0.0003,0.07
677.352,,,,-0.0003,0.0003,0.07
677.403,,,,-0.0003,0.0003,0.07
677.454,,,,-0.0003,0.0003,0.07
677.504,,,,-0.0003,0.0003,0.07
677.555,,,,-0.0003,0.0003,0.07
677.606,,,,-0.0003,0.0003,0.07
677.678,,,,-0.0003,0.0003,0.07
677.728,,,,-0.0003,0.0003,0.07
677.779,,,,-0.0003,0.0003,0.07
677.83,,,,-0.0003,0.0003,0.07
677.881,,,,-0.0003,0.0003,0.07
677.932,,,,-0.0003,0.0003,0.07
677.983,,,,-0.0003,0.0003,0.07
678.033,,,,-0.0003,0.0003,0.07
678.084,,,,-0.0003,0.0003,0.07
678.134,,,,-0.0003,0.0003,0.07
678.185,,,,-0.0003,0.0003,0.07
678.236,,,,-0.0003,0.0003,0.07
678.286,,,,-0.0003,0.0003,0.07
678.337,,,,-0.0003,0.0003,0.07
678.388,,,,-0.0003,0.0003,0.07
678.438,,,,-0.0003,0.0003,0.07
678.489,,,,-0.0003,0.0003,0.07
678.539,,,,-0.0003,0.0003,0.07
678.59,,,,-0.0003,0.0003,0.07
678.641,,,,-0.0003,0.0003,0.07
678.691,,,,-0.0003,0.0003,0.07
678.742,,,,-0.0003,0.0003,0.07
678.792,,,,-0.0003,0.0003,0.07
678.843,,,,-0.0003,0.0003,0.07
678.894,,,,-0.0003,0.0003,0.07
678.944,,,,-0.0003,0.0003,0.07
678.995,,,,-0.0003,0.0003,0.07
679.053,,,,-0.0003,0.0003,0.07
679.105,,,,-0.0003,0.0003,0.07
679.156,,,,-0.0003,0.0003,0.07
679.207,,,,-0.0003,0.0003,0.07
679.258,,,,-0.0003,0.0003,0.07
679.308,,,,-0.0003,0.0003,0.07
679.359,,,,-0.0003,0.0003,0.07
679.41,,,,-0.0003,0.0003,0.07
679.461,,,,-0.0003,0.0003,0.07
679.511,,,,-0.0003,0.0003,0.07
679.562,,,,-0.0003,0.0003,0.07
679.613,,,,-0.0003,0.0003,0.07
679.664,,,,-0.0003,0.0003,0.07
679.715,,,,-0.0003,0.0003,0.07
679.765,,,,-0.0003,0.0003,0.07
679.816,,,,-0.0003,0.0003,0.07
679.867,,,,-0.0003,0.0003,0.07
679.918,,,,-0.0003,0.0003,0.07
679.969,,,,-0.0003,0.0003,0.07
680.019,,,,-0.0003,0.0003,0.07
680.07,,,,-0.0003,0.0003,0.07
680.121,,,,-0.0003,0.0003,0.07
680.171,,,,-0.0003,0.0003,0.07
680.221,,,,-0.0003,0.0003,0.07
680.272,,,,-0.0003,0.0003,0.07
680.322,,,,-0.0003,0.0003,0.07
680.374,,,,-0.0003,0.0003,0.07
680.424,,,,-0.0003,0.0003,0.07
680.475,,,,-0.0003,0.0003,0.07
680.526,,,,-0.0003,0.0003,0.07
680.576,,,,-0.0003,0.0003,0.07
680.627,,,,-0.0003,0.0003,0.07
680.678,,,,-0.0003,0.0003,0.07
680.729,,,,-0.0003,0.0003,0.07
680.78,,,,-0.0003,0.0003,0.07
680.83,,,,-0.0003,0.0003,0.07
680.881,,,,-0.0003,0.0003,0.07
680.931,,,,-0.0003,0.0003,0.07
680.982,,,,-0.0003,0.0003,0.07
681.033,,,,-0.0003,0.0003,0.07
681.084,,,,-0.0003,0.0003,0.07
681.134,,,,-0.0003,0.0003,0.07
681.185,,,,-0.0003,0.0003,0.07
681.235,,,,-0.0003,0.0003,0.07
681.286,,,,-0.0003,0.0003,0.07
681.337,,,,-0.0003,0.0003,0.07
681.388,,,,-0.0003,0.0003,0.07
681.439,,,,-0.0003,0.0003,0.07
681.489,,,,-0.0003,0.0003,0.07
681.54,,,,-0.0003,0.0003,0.07
681.591,,,,-0.0003,0.0003,0.07
681.641,,,,-0.0003,0.0003,0.07
681.692,,,,-0.0003,0.0003,0.07
681.771,,,,-0.0003,0.0003,0.07
681.822,,,,-0.0003,0.0003,0.07
681.872,,,,-0.0003,0.0003,0.07
681.923,,,,-0.0003,0.0003,0.07
681.974,,,,-0.0003,0.0003,0.07
682.025,,,,-0.0003,0.0003,0.07
682.075,,,,-0.0003,0.0003,0.07
682.125,,,,-0.0003,0.0003,0.07
682.176,,,,-0.0003,0.0003,0.07
682.227,,,,-0.0003,0.0003,0.07
682.277,,,,-0.0003,0.0003,0.07
682.328,,,,-0.0003,0.0003,0.07
682.379,,,,-0.0003,0.0003,0.07
682.429,,,,-0.0003,0.0003,0.07
682.48,,,,-0.0003,0.0003,0.07
682.531,,,,-0.0003,0.0003,0.07
682.581,,,,-0.0003,0.0003,0.07
682.632,,,,-0.0003,0.0003,0.07
682.683,,,,-0.0003,0.0003,0.07
682.734,,,,-0.0003,0.0003,0.07
682.784,,,,-0.0003,0.0003,0.07
682.835,,,,-0.0003,0.0003,0.07
682.886,,,,-0.0003,0.0003,0.07
682.936,,,,-0.0003,0.0003,0.07
682.987,,,,-0.0003,0.0003,0.07
683.037,,,,-0.0003,0.0003,0.07
683.088,,,,-0.0003,0.0003,0.07
683.139,,,,-0.0003,0.0003,0.07
683.19,,,,-0.0003,0.0003,0.07
683.241,,,,-0.0003,0.0003,0.07
683.291,,,,-0.0003,0.0003,0.07
683.342,,,,-0.0003,0.0003,0.07
683.393,,,,-0.0003,0.0003,0.07
683.443,,,,-0.0003,0.0003,0.07
683.494,,,,-0.0003,0.0003,0.07
683.545,,,,-0.0003,0.0003,0.07
683.597,,,,-0.0003,0.0003,0.07
683.647,,,,-0.0003,0.0003,0.07
683.698,,,,-0.0003,0.0003,0.07
683.748,,,,-0.0003,0.0003,0.07
683.799,,,,-0.0003,0.0003,0.07
683.849,,,,-0.0003,0.0003,0.07
683.9,,,,-0.0003,0.0003,0.07
683.951,,,,-0.0003,0.0003,0.07
684.002,,,,-0.0003,0.0003,0.07
684.052,,,,-0.0003,0.0003,0.07
684.103,,,,-0.0003,0.0003,0.07
684.153,,,,-0.0003,0.0003,0.07
684.204,,,,-0.0003,0.0003,0.07
684.255,,,,-0.0003,0.0003,0.07
684.306,,,,-0.0003,0.0003,0.07
684.357,,,,-0.0003,0.0003,0.07
684.407,,,,-0.0003,0.0003,0.07
684.458,,,,-0.0003,0.0003,0.07
684.51,,,,-0.0003,0.0003,0.07
684.561,,,,-0.0003,0.0003,0.07
684.612,,,,-0.0003,0.0003,0.07
684.662,,,,-0.0003,0.0003,0.07
684.713,,,,-0.0003,0.0003,0.07
684.764,,,,-0.0003,0.0003,0.07
684.815,,,,-0.0003,0.0003,0.07
684.865,,,,-0.0003,0.0003,0.07
684.916,,,,-0.0003,0.0003,0.07
684.966,,,,-0.0003,0.0003,0.07
685.017,,,,-0.0003,0.0003,0.07
685.068,,,,-0.0003,0.0003,0.07
685.119,,,,-0.0003,0.0003,0.07
685.17,,,,-0.0003,0.0003,0.07
685.221,,,,-0.0003,0.0003,0.07
685.271,,,,-0.0003,0.0003,0.07
685.322,,,,-0.0003,0.0003,0.07
685.373,,,,-0.0003,0.0003,0.07
685.424,,,,-0.0003,0.0003,0.07
685.474,,,,-0.0003,0.0003,0.07
685.525,,,,-0.0003,0.0003,0.07
685.576,,,,-0.0003,0.0003,0.07
685.626,,,,-0.0003,0.0003,0.07
685.677,,,,-0.0003,0.0003,0.07
685.727,,,,-0.0003,0.0003,0.07
685.778,,,,-0.0003,0.0003,0.07
685.864,,,,-0.0003,0.0003,0.07
685.915,,,,-0.0003,0.0003,0.07
685.966,,,,-0.0003,0.0003,0.07
686.016,,,,-0.0003,0.0003,0.07
686.067,,,,-0.0003,0.0003,0.07
686.118,,,,-0.0003,0.0003,0.07
686.168,,,,-0.0003,0.0003,0.07
686.219,,,,-0.0003,0.0003,0.07
686.27,,,,-0.0003,0.0003,0.07
686.321,,,,-0.0003,0.0003,0.07
686.372,,,,-0.0003,0.0003,0.07
686.423,,,,-0.0003,0.0003,0.07
686.474,,,,-0.0003,0.0003,0.07
686.525,,,,-0.0003,0.0003,0.07
686.575,,,,-0.0003,0.0003,0.07
686.626,,,,-0.0003,0.0003,0.07
686.676,,,,-0.0003,0.0003,0.07
686.727,,,,-0.0003,0.0003,0.07
686.778,,,,-0.0003,0.0003,0.07
686.828,,,,-0.0003,0.0003,0.07
686.878,,,,-0.0003,0.0003,0.07
686.929,,,,-0.0003,0.0003,0.07
686.98,,,,-0.0003,0.0003,0.07
687.031,,,,-0.0003,0.0003,0.07
687.082,,,,-0.0003,0.0003,0.07
687.134,,,,-0.0003,0.0003,0.07
687.184,,,,-0.0003,0.0003,0.07
687.235,,,,-0.0003,0.0003,0.07
687.286,,,,-0.0003,0.0003,0.07
687.336,,,,-0.0003,0.0003,0.07
687.387,,,,-0.0003,0.0003,0.07
687.437,,,,-0.0003,0.0003,0.07
687.488,,,,-0.0003,0.0003,0.07
687.539,,,,-0.0003,0.0003,0.07
687.59,,,,-0.0003,0.0003,0.07
687.641,,,,-0.0003,0.0003,0.07
687.691,,,,-0.0003,0.0003,0.07
687.742,,,,-0.0003,0.0003,0.07
687.793,,,,-0.0003,0.0003,0.07
687.843,,,,-0.0003,0.0003,0.07
687.894,,,,-0.0003,0.0003,0.07
687.944,,,,-0.0003,0.0003,0.07
687.995,,,,-0.0003,0.0003,0.07
688.046,,,,-0.0003,0.0003,0.07
688.097,,,,-0.0003,0.0003,0.07
688.147,,,,-0.0003,0.0003,0.07
688.198,,,,-0.0003,0.0003,0.07
688.249,,,,-0.0003,0.0003,0.07
688.299,,,,-0.0003,0.0003,0.07
688.35,,,,-0.0003,0.0003,0.07
688.401,,,,-0.0003,0.0003,0.07
688.451,,,,-0.0003,0.0003,0.07
688.502,,,,-0.0003,0.0003,0.07
688.553,,,,-0.0003,0.0003,0.07
688.604,,,,-0.0003,0.0003,0.07
688.654,,,,-0.0003,0.0003,0.07
688.705,,,,-0.0003,0.0003,0.07
688.755,,,,-0.0003,0.0003,0.07
688.807,,,,-0.0003,0.0003,0.07
688.857,,,,-0.0003,0.0003,0.07
688.908,,,,-0.0003,0.0003,0.07
688.958,,,,-0.0003,0.0003,0.07
689.009,,,,-0.0003,0.0003,0.07
689.06,,,,-0.0003,0.0003,0.07
689.11,,,,-0.0003,0.0003,0.07
689.161,,,,-0.0003,0.0003,0.07
689.211,,,,-0.0003,0.0003,0.07
689.262,,,,-0.0003,0.0003,0.07
689.312,,,,-0.0003,0.0003,0.07
689.364,,,,-0.0003,0.0003,0.07
689.414,,,,-0.0003,0.0003,0.07
689.464,,,,-0.0003,0.0003,0.07
689.515,,,,-0.0003,0.0003,0.07
689.565,,,,-0.0003,0.0003,0.07
689.616,,,,-0.0003,0.0003,0.07
689.666,,,,-0.0003,0.0003,0.07
689.717,,,,-0.0003,0.0003,0.07
689.768,,,,-0.0003,0.0003,0.07
689.818,,,,-0.0003,0.0003,0.07
689.869,,,,-0.0003,0.0003,0.07
689.956,,,,-0.0003,0.0003,0.07
690.007,,,,-0.0003,0.0003,0.07
690.057,,,,-0.0003,0.0003,0.07
690.108,,,,-0.0003,0.0003,0.07
690.159,,,,-0.0003,0.0003,0.07
690.21,,,,-0.0003,0.0003,0.07
690.261,,,,-0.0003,0.0003,0.07
690.311,,,,-0.0003,0.0003,0.07
690.362,,,,-0.0003,0.0003,0.07
690.413,,,,-0.0003,0.0003,0.07
690.463,,,,-0.0003,0.0003,0.07
690.514,,,,-0.0003,0.0003,0.07
690.565,,,,-0.0003,0.0003,0.07
690.616,,,,-0.0003,0.0003,0.07
690.666,,,,-0.0003,0.0003,0.07
690.717,,,,-0.0003,0.0003,0.07
690.768,,,,-0.0003,0.0003,0.07
690.819,,,,-0.0003,0.0003,0.07
690.869,,,,-0.0003,0.0003,0.07
690.92,,,,-0.0003,0.0003,0.07
690.97,,,,-0.0003,0.0003,0.07
691.021,,,,-0.0003,0.0003,0.07
691.072,,,,-0.0003,0.0003,0.07
691.123,,,,-0.0003,0.0003,0.07
691.174,,,,-0.0003,0.0003,0.07
691.224,,,,-0.0003,0.0003,0.07
691.312,,,,-0.0003,0.0003,0.07
691.362,,,,-0.0003,0.0003,0.07
691.413,,,,-0.0003,0.0003,0.07
691.464,,,,-0.0003,0.0003,0.07
691.515,,,,-0.0003,0.0003,0.07
691.566,,,,-0.0003,0.0003,0.07
691.617,,,,-0.0003,0.0003,0.07
691.668,,,,-0.0003,0.0003,0.07
691.719,,,,-0.0003,0.0003,0.07
691.769,,,,-0.0003,0.0003,0.07
691.82,,,,-0.0003,0.0003,0.07
691.87,,,,-0.0003,0.0003,0.07
691.921,,,,-0.0003,0.0003,0.07
691.972,,,,-0.0003,0.0003,0.07
692.023,,,,-0.0003,0.0003,0.07
692.074,,,,-0.0003,0.0003,0.07
692.124,,,,-0.0003,0.0003,0.07
692.175,,,,-0.0003,0.0003,0.07
692.225,,,,-0.0003,0.0003,0.07
692.276,,,,-0.0003,0.0003,0.07
692.326,,,,-0.0003,0.0003,0.07
692.377,,,,-0.0003,0.0003,0.07
692.428,,,,-0.0003,0.0003,0.07
692.479,,,,-0.0003,0.0003,0.07
692.529,,,,-0.0003,0.0003,0.07
692.58,,,,-0.0003,0.0003,0.07
692.631,,,,-0.0003,0.0003,0.07
692.688,,,,-0.0003,0.0003,0.07
692.739,,,,-0.0003,0.0003,0.07
692.79,,,,-0.0003,0.0003,0.07
692.841,,,,-0.0003,0.0003,0.07
692.892,,,,-0.0003,0.0003,0.07
692.942,,,,-0.0003,0.0003,0.07
692.993,,,,-0.0003,0.0003,0.07
693.044,,,,-0.0003,0.0003,0.07
693.095,,,,-0.0003,0.0003,0.07
693.146,,,,-0.0003,0.0003,0.07
693.196,,,,-0.0003,0.0003,0.07
693.247,,,,-0.0003,0.0003,0.07
693.298,,,,-0.0003,0.0003,0.07
693.348,,,,-0.0003,0.0003,0.07
693.399,,,,-0.0003,0.0003,0.07
693.45,,,,-0.0003,0.0003,0.07
693.5,,,,-0.0003,0.0003,0.07
693.551,,,,-0.0003,0.0003,0.07
693.602,,,,-0.0003,0.0003,0.07
693.653,,,,-0.0003,0.0003,0.07
693.703,,,,-0.0003,0.0003,0.07
693.754,,,,-0.0003,0.0003,0.07
693.805,,,,-0.0003,0.0003,0.07
693.856,,,,-0.0003,0.0003,0.07
693.907,,,,-0.0003,0.0003,0.07
693.958,,,,-0.0003,0.0003,0.07
694.039,,,,-0.0003,0.0003,0.07
694.09,,,,-0.0003,0.0003,0.07
694.141,,,,-0.0003,0.0003,0.07
694.192,,,,-0.0003,0.0003,0.07
694.243,,,,-0.0003,0.0003,0.07
694.294,,,,-0.0003,0.0003,0.07
694.345,,,,-0.0003,0.0003,0.07
694.395,,,,-0.0003,0.0003,0.07
694.446,,,,-0.0003,0.0003,0.07
694.497,,,,-0.0003,0.0003,0.07
694.547,,,,-0.0003,0.0003,0.07
694.598,,,,-0.0003,0.0003,0.07
694.649,,,,-0.0003,0.0003,0.07
694.699,,,,-0.0003,0.0003,0.07
694.75,,,,-0.0003,0.0003,0.07
694.801,,,,-0.0003,0.0003,0.07
694.851,,,,-0.0003,0.0003,0.07
694.902,,,,-0.0003,0.0003,0.07
694.952,,,,-0.0003,0.0003,0.07
695.003,,,,-0.0003,0.0003,0.07
695.054,,,,-0.0003,0.0003,0.07
695.105,,,,-0.0003,0.0003,0.07
695.155,,,,-0.0003,0.0003,0.07
695.206,,,,-0.0003,0.0003,0.07
695.256,,,,-0.0003,0.0003,0.07
695.307,,,,-0.0003,0.0003,0.07
695.366,,,,-0.0003,0.0003,0.07
695.417,,,,-0.0003,0.0003,0.07
695.467,,,,-0.0003,0.0003,0.07
695.518,,,,-0.0003,0.0003,0.07
695.568,,,,-0.0003,0.0003,0.07
695.619,,,,-0.0003,0.0003,0.07
695.67,,,,-0.0003,0.0003,0.07
695.721,,,,-0.0003,0.0003,0.07
695.772,,,,-0.0003,0.0003,0.07
695.823,,,,-0.0003,0.0003,0.07
695.874,,,,-0.0003,0.0003,0.07
695.925,,,,-0.0003,0.0003,0.07
695.976,,,,-0.0003,0.0003,0.07
696.027,,,,-0.0003,0.0003,0.07
696.078,,,,-0.0003,0.0003,0.07
696.129,,,,-0.0003,0.0003,0.07
696.179,,,,-0.0003,0.0003,0.07
696.23,,,,-0.0003,0.0003,0.07
696.28,,,,-0.0003,0.0003,0.07
696.331,,,,-0.0003,0.0003,0.07
696.381,,,,-0.0003,0.0003,0.07
696.432,,,,-0.0003,0.0003,0.07
696.482,,,,-0.0003,0.0003,0.07
696.533,,,,-0.0003,0.0003,0.07
696.583,,,,-0.0003,0.0003,0.07
696.634,,,,-0.0003,0.0003,0.07
696.685,,,,-0.0003,0.0003,0.07
696.772,,,,-0.0003,0.0003,0.07
696.823,,,,-0.0003,0.0003,0.07
696.873,,,,-0.0003,0.0003,0.07
696.924,,,,-0.0003,0.0003,0.07
696.975,,,,-0.0003,0.0003,0.07
697.025,,,,-0.0003,0.0003,0.07
697.076,,,,-0.0003,0.0003,0.07
697.126,,,,-0.0003,0.0003,0.07
697.177,,,,-0.0003,0.0003,0.07
697.228,,,,-0.0003,0.0003,0.07
697.279,,,,-0.0003,0.0003,0.07
697.33,,,,-0.0003,0.0003,0.07
697.38,,,,-0.0003,0.0003,0.07
697.431,,,,-0.0003,0.0003,0.07
697.481,,,,-0.0003,0.0003,0.07
697.532,,,,-0.0003,0.0003,0.07
697.583,,,,-0.0003,0.0003,0.07
697.633,,,,-0.0003,0.0003,0.07
697.684,,,,-0.0003,0.0003,0.07
697.735,,,,-0.0003,0.0003,0.07
697.786,,,,-0.0003,0.0003,0.07
697.836,,,,-0.0003,0.0003,0.07
697.887,,,,-0.0003,0.0003,0.07
697.938,,,,-0.0003,0.0003,0.07
697.988,,,,-0.0003,0.0003,0.07
698.039,,,,-0.0003,0.0003,0.07
698.089,,,,-0.0003,0.0003,0.07
698.14,,,,-0.0003,0.0003,0.07
698.191,,,,-0.0003,0.0003,0.07
698.241,,,,-0.0003,0.0003,0.07
698.292,,,,-0.0003,0.0003,0.07
698.343,,,,-0.0003,0.0003,0.07
698.393,,,,-0.0003,0.0003,0.07
698.444,,,,-0.0003,0.0003,0.07
698.495,,,,-0.0003,0.0003,0.07
698.545,,,,-0.0003,0.0003,0.07
698.596,,,,-0.0003,0.0003,0.07
698.646,,,,-0.0003,0.0003,0.07
698.697,,,,-0.0003,0.0003,0.07
698.747,,,,-0.0003,0.0003,0.07
698.798,,,,-0.0003,0.0003,0.07
698.848,,,,-0.0003,0.0003,0.07
698.899,,,,-0.0003,0.0003,0.07
698.95,,,,-0.0003,0.0003,0.07
699.0,,,,-0.0003,0.0003,0.07
699.051,,,,-0.0003,0.0003,0.07
699.102,,,,-0.0003,0.0003,0.07
699.153,,,,-0.0003,0.0003,0.07
699.203,,,,-0.0003,0.0003,0.07
699.254,,,,-0.0003,0.0003,0.07
699.304,,,,-0.0003,0.0003,0.07
699.355,,,,-0.0003,0.0003,0.07
699.406,,,,-0.0003,0.0003,0.07
699.457,,,,-0.0003,0.0003,0.07
699.508,,,,-0.0003,0.0003,0.07
699.559,,,,-0.0003,0.0003,0.07
699.61,,,,-0.0003,0.0003,0.07
699.66,,,,-0.0003,0.0003,0.07
699.711,,,,-0.0003,0.0003,0.07
699.762,,,,-0.0003,0.0003,0.07
699.812,,,,-0.0003,0.0003,0.07
699.863,,,,-0.0003,0.0003,0.07
699.914,,,,-0.0003,0.0003,0.07
699.965,,,,-0.0003,0.0003,0.07
700.015,,,,-0.0003,0.0003,0.07
700.066,,,,-0.0003,0.0003,0.07
700.116,,,,-0.0003,0.0003,0.07
700.167,,,,-0.0003,0.0003,0.07
700.218,,,,-0.0003,0.0003,0.07
700.268,,,,-0.0003,0.0003,0.07
700.319,,,,-0.0003,0.0003,0.07
700.37,,,,-0.0003,0.0003,0.07
700.42,,,,-0.0003,0.0003,0.07
700.471,,,,-0.0003,0.0003,0.07
700.521,,,,-0.0003,0.0003,0.07
700.573,,,,-0.0003,0.0003,0.07
700.623,,,,-0.0003,0.0003,0.07
700.674,,,,-0.0003,0.0003,0.07
700.724,,,,-0.0003,0.0003,0.07
700.775,,,,-0.0003,0.0003,0.07
700.861,,,,-0.0003,0.0003,0.07
700.912,,,,-0.0003,0.0003,0.07
700.962,,,,-0.0003,0.0003,0.07
701.013,,,,-0.0003,0.0003,0.07
701.064,,,,-0.0003,0.0003,0.07
701.114,,,,-0.0003,0.0003,0.07
701.165,,,,-0.0003,0.0003,0.07
701.216,,,,-0.0003,0.0003,0.07
701.267,,,,-0.0003,0.0003,0.07
701.317,,,,-0.0003,0.0003,0.07
701.368,,,,-0.0003,0.0003,0.07
701.418,,,,-0.0003,0.0003,0.07
701.469,,,,-0.0003,0.0003,0.07
701.519,,,,-0.0003,0.0003,0.07
701.57,,,,-0.0003,0.0003,0.07
701.621,,,,-0.0003,0.0003,0.07
701.672,,,,-0.0003,0.0003,0.07
701.722,,,,-0.0003,0.0003,0.07
701.773,,,,-0.0003,0.0003,0.07
701.824,,,,-0.0003,0.0003,0.07
701.874,,,,-0.0003,0.0003,0.07
701.925,,,,-0.0003,0.0003,0.07
701.976,,,,-0.0003,0.0003,0.07
702.027,,,,-0.0003,0.0003,0.07
702.077,,,,-0.0003,0.0003,0.07
702.127,,,,-0.0003,0.0003,0.07
702.178,,,,-0.0003,0.0003,0.07
702.229,,,,-0.0003,0.0003,0.07
702.279,,,,-0.0003,0.0003,0.07
702.33,,,,-0.0003,0.0003,0.07
702.381,,,,-0.0003,0.0003,0.07
702.431,,,,-0.0003,0.0003,0.07
702.482,,,,-0.0003,0.0003,0.07
702.533,,,,-0.0003,0.0003,0.07
702.584,,,,-0.0003,0.0003,0.07
702.635,,,,-0.0003,0.0003,0.07
702.685,,,,-0.0003,0.0003,0.07
702.736,,,,-0.0003,0.0003,0.07
702.787,,,,-0.0003,0.0003,0.07
702.837,,,,-0.0003,0.0003,0.07
702.888,,,,-0.0003,0.0003,0.07
702.939,,,,-0.0003,0.0003,0.07
702.989,,,,-0.0003,0.0003,0.07
703.04,,,,-0.0003,0.0003,0.07
703.091,,,,-0.0003,0.0003,0.07
703.142,,,,-0.0003,0.0003,0.07
703.192,,,,-0.0003,0.0003,0.07
703.243,,,,-0.0003,0.0003,0.07
703.294,,,,-0.0003,0.0003,0.07
703.345,,,,-0.0003,0.0003,0.07
703.397,,,,-0.0003,0.0003,0.07
703.448,,,,-0.0003,0.0003,0.07
703.499,,,,-0.0003,0.0003,0.07
703.55,,,,-0.0003,0.0003,0.07
703.601,,,,-0.0003,0.0003,0.07
703.652,,,,-0.0003,0.0003,0.07
703.702,,,,-0.0003,0.0003,0.07
703.753,,,,-0.0003,0.0003,0.07
703.804,,,,-0.0003,0.0003,0.07
703.854,,,,-0.0003,0.0003,0.07
703.904,,,,-0.0003,0.0003,0.07
703.955,,,,-0.0003,0.0003,0.07
704.005,,,,-0.0003,0.0003,0.07
704.056,,,,-0.0003,0.0003,0.07
704.107,,,,-0.0003,0.0003,0.07
704.157,,,,-0.0003,0.0003,0.07
704.208,,,,-0.0003,0.0003,0.07
704.259,,,,-0.0003,0.0003,0.07
704.309,,,,-0.0003,0.0003,0.07
704.36,,,,-0.0003,0.0003,0.07
704.411,,,,-0.0003,0.0003,0.07
704.461,,,,-0.0003,0.0003,0.07
704.512,,,,-0.0003,0.0003,0.07
704.563,,,,-0.0003,0.0003,0.07
704.614,,,,-0.0003,0.0003,0.07
704.664,,,,-0.0003,0.0003,0.07
704.715,,,,-0.0003,0.0003,0.07
704.765,,,,-0.0003,0.0003,0.07
704.816,,,,-0.0003,0.0003,0.07
704.867,,,,-0.0003,0.0003,0.07
704.948,,,,-0.0003,0.0003,0.07
704.999,,,,-0.0003,0.0003,0.07
705.05,,,,-0.0003,0.0003,0.07
705.101,,,,-0.0003,0.0003,0.07
705.151,,,,-0.0003,0.0003,0.07
705.202,,,,-0.0003,0.0003,0.07
705.252,,,,-0.0003,0.0003,0.07
705.303,,,,-0.0003,0.0003,0.07
705.354,,,,-0.0003,0.0003,0.07
705.405,,,,-0.0003,0.0003,0.07
705.478,,,,-0.0003,0.0003,0.07
705.528,,,,-0.0003,0.0003,0.07
705.579,,,,-0.0003,0.0003,0.07
705.63,,,,-0.0003,0.0003,0.07
705.68,,,,-0.0003,0.0003,0.07
705.731,,,,-0.0003,0.0003,0.07
705.782,,,,-0.0003,0.0003,0.07
705.833,,,,-0.0003,0.0003,0.07
705.884,,,,-0.0003,0.0003,0.07
705.936,,,,-0.0003,0.0003,0.07
705.986,,,,-0.0003,0.0003,0.07
706.037,,,,-0.0003,0.0003,0.07
706.087,,,,-0.0003,0.0003,0.07
706.138,,,,-0.0003,0.0003,0.07
706.188,,,,-0.0003,0.0003,0.07
706.239,,,,-0.0003,0.0003,0.07
706.29,,,,-0.0003,0.0003,0.07
706.34,,,,-0.0003,0.0003,0.07
706.391,,,,-0.0003,0.0003,0.07
706.442,,,,-0.0003,0.0003,0.07
706.492,,,,-0.0003,0.0003,0.07
706.543,,,,-0.0003,0.0003,0.07
706.593,,,,-0.0003,0.0003,0.07
706.644,,,,-0.0003,0.0003,0.07
706.694,,,,-0.0003,0.0003,0.07
706.745,,,,-0.0003,0.0003,0.07
706.795,,,,-0.0003,0.0003,0.07
706.846,,,,-0.0003,0.0003,0.07
706.897,,,,-0.0003,0.0003,0.07
706.948,,,,-0.0003,0.0003,0.07
706.999,,,,-0.0003,0.0003,0.07
707.049,,,,-0.0003,0.0003,0.07
707.1,,,,-0.0003,0.0003,0.07
707.15,,,,-0.0003,0.0003,0.07
707.201,,,,-0.0003,0.0003,0.07
707.252,,,,-0.0003,0.0003,0.07
707.302,,,,-0.0003,0.0003,0.07
707.353,,,,-0.0003,0.0003,0.07
707.403,,,,-0.0003,0.0003,0.07
707.454,,,,-0.0003,0.0003,0.07
707.505,,,,-0.0003,0.0003,0.07
707.556,,,,-0.0003,0.0003,0.07
707.606,,,,-0.0003,0.0003,0.07
707.679,,,,-0.0003,0.0003,0.07
707.73,,,,-0.0003,0.0003,0.07
707.78,,,,-0.0003,0.0003,0.07
707.831,,,,-0.0003,0.0003,0.07
707.882,,,,-0.0003,0.0003,0.07
707.933,,,,-0.0003,0.0003,0.07
707.983,,,,-0.0003,0.0003,0.07
708.034,,,,-0.0003,0.0003,0.07
708.084,,,,-0.0003,0.0003,0.07
708.134,,,,-0.0003,0.0003,0.07
708.185,,,,-0.0003,0.0003,0.07
708.236,,,,-0.0003,0.0003,0.07
708.286,,,,-0.0003,0.0003,0.07
708.337,,,,-0.0003,0.0003,0.07
708.388,,,,-0.0003,0.0003,0.07
708.439,,,,-0.0003,0.0003,0.07
708.489,,,,-0.0003,0.0003,0.07
708.54,,,,-0.0003,0.0003,0.07
708.59,,,,-0.0003,0.0003,0.07
708.641,,,,-0.0003,0.0003,0.07
708.692,,,,-0.0003,0.0003,0.07
708.742,,,,-0.0003,0.0003,0.07
708.794,,,,-0.0003,0.0003,0.07
708.844,,,,-0.0003,0.0003,0.07
708.895,,,,-0.0003,0.0003,0.07
708.946,,,,-0.0003,0.0003,0.07
709.035,,,,-0.0003,0.0003,0.07
709.086,,,,-0.0003,0.0003,0.07
709.137,,,,-0.0003,0.0003,0.07
709.188,,,,-0.0003,0.0003,0.07
709.238,,,,-0.0003,0.0003,0.07
709.289,,,,-0.0003,0.0003,0.07
709.339,,,,-0.0003,0.0003,0.07
709.39,,,,-0.0003,0.0003,0.07
709.441,,,,-0.0003,0.0003,0.07
709.491,,,,-0.0003,0.0003,0.07
709.542,,,,-0.0003,0.0003,0.07
709.593,,,,-0.0003,0.0003,0.07
709.644,,,,-0.0003,0.0003,0.07
709.694,,,,-0.0003,0.0003,0.07
709.745,,,,-0.0003,0.0003,0.07
709.796,,,,-0.0003,0.0003,0.07
709.847,,,,-0.0003,0.0003,0.07
709.897,,,,-0.0003,0.0003,0.07
709.948,,,,-0.0003,0.0003,0.07
709.998,,,,-0.0003,0.0003,0.07
710.049,,,,-0.0003,0.0003,0.07
710.1,,,,-0.0003,0.0003,0.07
710.15,,,,-0.0003,0.0003,0.07
710.201,,,,-0.0003,0.0003,0.07
710.252,,,,-0.0003,0.0003,0.07
710.302,,,,-0.0003,0.0003,0.07
710.353,,,,-0.0003,0.0003,0.07
710.407,,,,-0.0003,0.0003,0.07
710.459,,,,-0.0003,0.0003,0.07
710.51,,,,-0.0003,0.0003,0.07
710.561,,,,-0.0003,0.0003,0.07
710.611,,,,-0.0003,0.0003,0.07
710.662,,,,-0.0003,0.0003,0.07
710.713,,,,-0.0003,0.0003,0.07
710.764,,,,-0.0003,0.0003,0.07
710.815,,,,-0.0003,0.0003,0.07
710.866,,,,-0.0003,0.0003,0.07
710.916,,,,-0.0003,0.0003,0.07
710.967,,,,-0.0003,0.0003,0.07
711.018,,,,-0.0003,0.0003,0.07
711.069,,,,-0.0003,0.0003,0.07
711.119,,,,-0.0003,0.0003,0.07
711.17,,,,-0.0003,0.0003,0.07
711.22,,,,-0.0003,0.0003,0.07
711.271,,,,-0.0003,0.0003,0.07
711.322,,,,-0.0003,0.0003,0.07
711.372,,,,-0.0003,0.0003,0.07
711.423,,,,-0.0003,0.0003,0.07
711.474,,,,-0.0003,0.0003,0.07
711.525,,,,-0.0003,0.0003,0.07
711.575,,,,-0.0003,0.0003,0.07
711.626,,,,-0.0003,0.0003,0.07
711.676,,,,-0.0003,0.0003,0.07
711.727,,,,-0.0003,0.0003,0.07
711.778,,,,-0.0003,0.0003,0.07
711.828,,,,-0.0003,0.0003,0.07
711.879,,,,-0.0003,0.0003,0.07
711.93,,,,-0.0003,0.0003,0.07
711.98,,,,-0.0003,0.0003,0.07
712.031,,,,-0.0003,0.0003,0.07
712.082,,,,-0.0003,0.0003,0.07
712.133,,,,-0.0003,0.0003,0.07
712.184,,,,-0.0003,0.0003,0.07
712.234,,,,-0.0003,0.0003,0.07
712.285,,,,-0.0003,0.0003,0.07
712.336,,,,-0.0003,0.0003,0.07
712.386,,,,-0.0003,0.0003,0.07
712.437,,,,-0.0003,0.0003,0.07
712.488,,,,-0.0003,0.0003,0.07
712.539,,,,-0.0003,0.0003,0.07
712.59,,,,-0.0003,0.0003,0.07
712.64,,,,-0.0003,0.0003,0.07
712.691,,,,-0.0003,0.0003,0.07
712.742,,,,-0.0003,0.0003,0.07
712.793,,,,-0.0003,0.0003,0.07
712.844,,,,-0.0003,0.0003,0.07
712.895,,,,-0.0003,0.0003,0.07
712.946,,,,-0.0003,0.0003,0.07
712.996,,,,-0.0003,0.0003,0.07
713.047,,,,-0.0003,0.0003,0.07
713.127,,,,-0.0003,0.0003,0.07
713.178,,,,-0.0003,0.0003,0.07
713.228,,,,-0.0003,0.0003,0.07
713.279,,,,-0.0003,0.0003,0.07
713.33,,,,-0.0003,0.0003,0.07
713.38,,,,-0.0003,0.0003,0.07
713.431,,,,-0.0003,0.0003,0.07
713.482,,,,-0.0003,0.0003,0.07
713.532,,,,-0.0003,0.0003,0.07
713.583,,,,-0.0003,0.0003,0.07
713.634,,,,-0.0003,0.0003,0.07
713.685,,,,-0.0003,0.0003,0.07
713.735,,,,-0.0003,0.0003,0.07
713.786,,,,-0.0003,0.0003,0.07
713.838,,,,-0.0003,0.0003,0.07
713.888,,,,-0.0003,0.0003,0.07
713.939,,,,-0.0003,0.0003,0.07
713.99,,,,-0.0003,0.0003,0.07
714.041,,,,-0.0003,0.0003,0.07
714.092,,,,-0.0003,0.0003,0.07
714.142,,,,-0.0003,0.0003,0.07
714.193,,,,-0.0003,0.0003,0.07
714.245,,,,-0.0003,0.0003,0.07
714.295,,,,-0.0003,0.0003,0.07
714.345,,,,-0.0003,0.0003,0.07
714.397,,,,-0.0003,0.0003,0.07
714.485,,,,-0.0003,0.0003,0.07
714.536,,,,-0.0003,0.0003,0.07
714.587,,,,-0.0003,0.0003,0.07
714.638,,,,-0.0003,0.0003,0.07
714.689,,,,-0.0003,0.0003,0.07
714.74,,,,-0.0003,0.0003,0.07
714.791,,,,-0.0003,0.0003,0.07
714.842,,,,-0.0003,0.0003,0.07
714.892,,,,-0.0003,0.0003,0.07
714.943,,,,-0.0003,0.0003,0.07
714.994,,,,-0.0003,0.0003,0.07
715.044,,,,-0.0003,0.0003,0.07
715.095,,,,-0.0003,0.0003,0.07
715.145,,,,-0.0003,0.0003,0.07
715.196,,,,-0.0003,0.0003,0.07
715.247,,,,-0.0003,0.0003,0.07
715.297,,,,-0.0003,0.0003,0.07
715.348,,,,-0.0003,0.0003,0.07
715.399,,,,-0.0003,0.0003,0.07
715.449,,,,-0.0003,0.0003,0.07
715.499,,,,-0.0003,0.0003,0.07
715.55,,,,-0.0003,0.0003,0.07
715.6,,,,-0.0003,0.0003,0.07
715.651,,,,-0.0003,0.0003,0.07
715.702,,,,-0.0003,0.0003,0.07
715.753,,,,-0.0003,0.0003,0.07
715.804,,,,-0.0003,0.0003,0.07
715.862,,,,-0.0003,0.0003,0.07
715.913,,,,-0.0003,0.0003,0.07
715.964,,,,-0.0003,0.0003,0.07
716.015,,,,-0.0003,0.0003,0.07
716.066,,,,-0.0003,0.0003,0.07
716.116,,,,-0.0003,0.0003,0.07
716.167,,,,-0.0003,0.0003,0.07
716.218,,,,-0.0003,0.0003,0.07
716.269,,,,-0.0003,0.0003,0.07
716.32,,,,-0.0003,0.0003,0.07
716.371,,,,-0.0003,0.0003,0.07
716.421,,,,-0.0003,0.0003,0.07
716.472,,,,-0.0003,0.0003,0.07
716.523,,,,-0.0003,0.0003,0.07
716.573,,,,-0.0003,0.0003,0.07
716.624,,,,-0.0003,0.0003,0.07
716.675,,,,-0.0003,0.0003,0.07
716.725,,,,-0.0003,0.0003,0.07
716.776,,,,-0.0003,0.0003,0.07
716.827,,,,-0.0003,0.0003,0.07
716.877,,,,-0.0003,0.0003,0.07
716.93,,,,-0.0003,0.0003,0.07
716.981,,,,-0.0003,0.0003,0.07
717.032,,,,-0.0003,0.0003,0.07
717.082,,,,-0.0003,0.0003,0.07
717.135,,,,-0.0003,0.0003,0.07
717.223,,,,-0.0003,0.0003,0.07
717.278,,,,-0.0003,0.0003,0.07
717.328,,,,-0.0003,0.0003,0.07
717.379,,,,-0.0003,0.0003,0.07
717.43,,,,-0.0003,0.0003,0.07
717.481,,,,-0.0003,0.0003,0.07
717.531,,,,-0.0003,0.0003,0.07
717.582,,,,-0.0003,0.0003,0.07
717.633,,,,-0.0003,0.0003,0.07
717.683,,,,-0.0003,0.0003,0.07
717.734,,,,-0.0003,0.0003,0.07
717.784,,,,-0.0003,0.0003,0.07
717.835,,,,-0.0003,0.0003,0.07
717.885,,,,-0.0003,0.0003,0.07
717.936,,,,-0.0003,0.0003,0.07
717.987,,,,-0.0003,0.0003,0.07
718.037,,,,-0.0003,0.0003,0.07
718.088,,,,-0.0003,0.0003,0.07
718.139,,,,-0.0003,0.0003,0.07
718.19,,,,-0.0003,0.0003,0.07
718.24,,,,-0.0003,0.0003,0.07
718.291,,,,-0.0003,0.0003,0.07
718.342,,,,-0.0003,0.0003,0.07
718.393,,,,-0.0003,0.0003,0.07
718.444,,,,-0.0003,0.0003,0.07
718.494,,,,-0.0003,0.0003,0.07
718.545,,,,-0.0003,0.0003,0.07
718.595,,,,-0.0003,0.0003,0.07
718.646,,,,-0.0003,0.0003,0.07
718.697,,,,-0.0003,0.0003,0.07
718.747,,,,-0.0003,0.0003,0.07
718.798,,,,-0.0003,0.0003,0.07
718.849,,,,-0.0003,0.0003,0.07
718.899,,,,-0.0003,0.0003,0.07
718.95,,,,-0.0003,0.0003,0.07
719.001,,,,-0.0003,0.0003,0.07
719.051,,,,-0.0003,0.0003,0.07
719.102,,,,-0.0003,0.0003,0.07
719.153,,,,-0.0003,0.0003,0.07
719.204,,,,-0.0003,0.0003,0.07
719.255,,,,-0.0003,0.0003,0.07
719.305,,,,-0.0003,0.0003,0.07
719.356,,,,-0.0003,0.0003,0.07
719.406,,,,-0.0003,0.0003,0.07
719.457,,,,-0.0003,0.0003,0.07
719.508,,,,-0.0003,0.0003,0.07
719.558,,,,-0.0003,0.0003,0.07
719.609,,,,-0.0003,0.0003,0.07
719.66,,,,-0.0003,0.0003,0.07
719.711,,,,-0.0003,0.0003,0.07
719.762,,,,-0.0003,0.0003,0.07
719.812,,,,-0.0003,0.0003,0.07
719.863,,,,-0.0003,0.0003,0.07
719.946,,,,-0.0003,0.0003,0.07
719.997,,,,-0.0003,0.0003,0.07
720.048,,,,-0.0003,0.0003,0.07
720.099,,,,-0.0003,0.0003,0.07
720.149,,,,-0.0003,0.0003,0.07
720.2,,,,-0.0003,0.0003,0.07
720.25,,,,-0.0003,0.0003,0.07
720.301,,,,-0.0003,0.0003,0.07
720.351,,,,-0.0003,0.0003,0.07
720.402,,,,-0.0003,0.0003,0.07
720.453,,,,-0.0003,0.0003,0.07
720.504,,,,-0.0003,0.0003,0.07
720.554,,,,-0.0003,0.0003,0.07
720.605,,,,-0.0003,0.0003,0.07
720.656,,,,-0.0003,0.0003,0.07
720.707,,,,-0.0003,0.0003,0.07
720.758,,,,-0.0003,0.0003,0.07
720.808,,,,-0.0003,0.0003,0.07
720.859,,,,-0.0003,0.0003,0.07
720.91,,,,-0.0003,0.0003,0.07
720.961,,,,-0.0003,0.0003,0.07
721.011,,,,-0.0003,0.0003,0.07
721.063,,,,-0.0003,0.0003,0.07
721.113,,,,-0.0003,0.0003,0.07
721.164,,,,-0.0003,0.0003,0.07
721.214,,,,-0.0003,0.0003,0.07
721.265,,,,-0.0003,0.0003,0.07
721.316,,,,-0.0003,0.0003,0.07
721.366,,,,-0.0003,0.0003,0.07
721.417,,,,-0.0003,0.0003,0.07
721.467,,,,-0.0003,0.0003,0.07
721.518,,,,-0.0003,0.0003,0.07
721.57,,,,-0.0003,0.0003,0.07
721.62,,,,-0.0003,0.0003,0.07
721.671,,,,-0.0003,0.0003,0.07
721.722,,,,-0.0003,0.0003,0.07
721.773,,,,-0.0003,0.0003,0.07
721.823,,,,-0.0003,0.0003,0.07
721.874,,,,-0.0003,0.0003,0.07
721.924,,,,-0.0003,0.0003,0.07
721.975,,,,-0.0003,0.0003,0.07
722.025,,,,-0.0003,0.0003,0.07
722.076,,,,-0.0003,0.0003,0.07
722.126,,,,-0.0003,0.0003,0.07
722.177,,,,-0.0003,0.0003,0.07
722.227,,,,-0.0003,0.0003,0.07
722.278,,,,-0.0003,0.0003,0.07
722.329,,,,-0.0003,0.0003,0.07
722.38,,,,-0.0003,0.0003,0.07
722.431,,,,-0.0003,0.0003,0.07
722.481,,,,-0.0003,0.0003,0.07
722.532,,,,-0.0003,0.0003,0.07
722.584,,,,-0.0003,0.0003,0.07
722.665,,,,-0.0003,0.0003,0.07
722.716,,,,-0.0003,0.0003,0.07
722.767,,,,-0.0003,0.0003,0.07
722.817,,,,-0.0003,0.0003,0.07
722.868,,,,-0.0003,0.0003,0.07
722.92,,,,-0.0003,0.0003,0.07
722.971,,,,-0.0003,0.0003,0.07
723.021,,,,-0.0003,0.0003,0.07
723.072,,,,-0.0003,0.0003,0.07
723.123,,,,-0.0003,0.0003,0.07
723.174,,,,-0.0003,0.0003,0.07
723.225,,,,-0.0003,0.0003,0.07
723.276,,,,-0.0003,0.0003,0.07
723.327,,,,-0.0003,0.0003,0.07
723.378,,,,-0.0003,0.0003,0.07
723.429,,,,-0.0003,0.0003,0.07
723.48,,,,-0.0003,0.0003,0.07
723.531,,,,-0.0003,0.0003,0.07
723.581,,,,-0.0003,0.0003,0.07
723.632,,,,-0.0003,0.0003,0.07
723.683,,,,-0.0003,0.0003,0.07
723.733,,,,-0.0003,0.0003,0.07
723.784,,,,-0.0003,0.0003,0.07
723.835,,,,-0.0003,0.0003,0.07
723.886,,,,-0.0003,0.0003,0.07
723.937,,,,-0.0003,0.0003,0.07
723.988,,,,-0.0003,0.0003,0.07
724.038,,,,-0.0003,0.0003,0.07
724.089,,,,-0.0003,0.0003,0.07
724.14,,,,-0.0003,0.0003,0.07
724.19,,,,-0.0003,0.0003,0.07
724.241,,,,-0.0003,0.0003,0.07
724.292,,,,-0.0003,0.0003,0.07
724.342,,,,-0.0003,0.0003,0.07
724.393,,,,-0.0003,0.0003,0.07
724.444,,,,-0.0003,0.0003,0.07
724.497,,,,-0.0003,0.0003,0.07
724.548,,,,-0.0003,0.0003,0.07
724.598,,,,-0.0003,0.0003,0.07
724.649,,,,-0.0003,0.0003,0.07
724.699,,,,-0.0003,0.0003,0.07
724.75,,,,-0.0003,0.0003,0.07
724.8,,,,-0.0003,0.0003,0.07
724.851,,,,-0.0003,0.0003,0.07
724.902,,,,-0.0003,0.0003,0.07
724.953,,,,-0.0003,0.0003,0.07
725.004,,,,-0.0003,0.0003,0.07
725.054,,,,-0.0003,0.0003,0.07
725.105,,,,-0.0003,0.0003,0.07
725.156,,,,-0.0003,0.0003,0.07
725.206,,,,-0.0003,0.0003,0.07
725.257,,,,-0.0003,0.0003,0.07
725.308,,,,-0.0003,0.0003,0.07
725.359,,,,-0.0003,0.0003,0.07
725.41,,,,-0.0003,0.0003,0.07
725.461,,,,-0.0003,0.0003,0.07
725.511,,,,-0.0003,0.0003,0.07
725.563,,,,-0.0003,0.0003,0.07
725.614,,,,-0.0003,0.0003,0.07
725.665,,,,-0.0003,0.0003,0.07
725.716,,,,-0.0003,0.0003,0.07
725.767,,,,-0.0003,0.0003,0.07
725.818,,,,-0.0003,0.0003,0.07
725.869,,,,-0.0003,0.0003,0.07
725.919,,,,-0.0003,0.0003,0.07
725.97,,,,-0.0003,0.0003,0.07
726.021,,,,-0.0003,0.0003,0.07
726.071,,,,-0.0003,0.0003,0.07
726.122,,,,-0.0003,0.0003,0.07
726.172,,,,-0.0003,0.0003,0.07
726.223,,,,-0.0003,0.0003,0.07
726.274,,,,-0.0003,0.0003,0.07
726.324,,,,-0.0003,0.0003,0.07
726.375,,,,-0.0003,0.0003,0.07
726.426,,,,-0.0003,0.0003,0.07
726.476,,,,-0.0003,0.0003,0.07
726.527,,,,-0.0003,0.0003,0.07
726.578,,,,-0.0003,0.0003,0.07
726.628,,,,-0.0003,0.0003,0.07
726.679,,,,-0.0003,0.0003,0.07
726.764,,,,-0.0003,0.0003,0.07
726.815,,,,-0.0003,0.0003,0.07
726.865,,,,-0.0003,0.0003,0.07
726.916,,,,-0.0003,0.0003,0.07
726.967,,,,-0.0003,0.0003,0.07
727.017,,,,-0.0003,0.0003,0.07
727.068,,,,-0.0003,0.0003,0.07
727.118,,,,-0.0003,0.0003,0.07
727.169,,,,-0.0003,0.0003,0.07
727.22,,,,-0.0003,0.0003,0.07
727.271,,,,-0.0003,0.0003,0.07
727.322,,,,-0.0003,0.0003,0.07
727.373,,,,-0.0003,0.0003,0.07
727.423,,,,-0.0003,0.0003,0.07
727.474,,,,-0.0003,0.0003,0.07
727.525,,,,-0.0003,0.0003,0.07
727.576,,,,-0.0003,0.0003,0.07
727.626,,,,-0.0003,0.0003,0.07
727.678,,,,-0.0003,0.0003,0.07
727.729,,,,-0.0003,0.0003,0.07
727.78,,,,-0.0003,0.0003,0.07
727.83,,,,-0.0003,0.0003,0.07
727.881,,,,-0.0003,0.0003,0.07
727.932,,,,-0.0003,0.0003,0.07
727.983,,,,-0.0003,0.0003,0.07
728.034,,,,-0.0003,0.0003,0.07
728.107,,,,-0.0003,0.0003,0.07
728.157,,,,-0.0003,0.0003,0.07
728.208,,,,-0.0003,0.0003,0.07
728.259,,,,-0.0003,0.0003,0.07
728.31,,,,-0.0003,0.0003,0.07
728.361,,,,-0.0003,0.0003,0.07
728.412,,,,-0.0003,0.0003,0.07
728.463,,,,-0.0003,0.0003,0.07
728.513,,,,-0.0003,0.0003,0.07
728.564,,,,-0.0003,0.0003,0.07
728.615,,,,-0.0003,0.0003,0.07
728.665,,,,-0.0003,0.0003,0.07
728.716,,,,-0.0003,0.0003,0.07
728.767,,,,-0.0003,0.0003,0.07
728.818,,,,-0.0003,0.0003,0.07
728.869,,,,-0.0003,0.0003,0.07
728.919,,,,-0.0003,0.0003,0.07
728.97,,,,-0.0003,0.0003,0.07
729.021,,,,-0.0003,0.0003,0.07
729.072,,,,-0.0003,0.0003,0.07
729.122,,,,-0.0003,0.0003,0.07
729.173,,,,-0.0003,0.0003,0.07
729.224,,,,-0.0003,0.0003,0.07
729.274,,,,-0.0003,0.0003,0.07
729.326,,,,-0.0003,0.0003,0.07
729.377,,,,-0.0003,0.0003,0.07
729.427,,,,-0.0003,0.0003,0.07
729.478,,,,-0.0003,0.0003,0.07
729.528,,,,-0.0003,0.0003,0.07
729.588,,,,-0.0003,0.0003,0.07
729.639,,,,-0.0003,0.0003,0.07
729.69,,,,-0.0003,0.0003,0.07
729.74,,,,-0.0003,0.0003,0.07
729.791,,,,-0.0003,0.0003,0.07
729.841,,,,-0.0003,0.0003,0.07
729.893,,,,-0.0003,0.0003,0.07
729.944,,,,-0.0003,0.0003,0.07
729.994,,,,-0.0003,0.0003,0.07
730.045,,,,-0.0003,0.0003,0.07
730.096,,,,-0.0003,0.0003,0.07
730.148,,,,-0.0003,0.0003,0.07
730.198,,,,-0.0003,0.0003,0.07
730.249,,,,-0.0003,0.0003,0.07
730.299,,,,-0.0003,0.0003,0.07
730.35,,,,-0.0003,0.0003,0.07
730.401,,,,-0.0003,0.0003,0.07
730.451,,,,-0.0003,0.0003,0.07
730.502,,,,-0.0003,0.0003,0.07
730.553,,,,-0.0003,0.0003,0.07
730.603,,,,-0.0003,0.0003,0.07
730.654,,,,-0.0003,0.0003,0.07
730.704,,,,-0.0003,0.0003,0.07
730.755,,,,-0.0003,0.0003,0.07
730.806,,,,-0.0003,0.0003,0.07
730.857,,,,-0.0003,0.0003,0.07
730.908,,,,-0.0003,0.0003,0.07
730.959,,,,-0.0003,0.0003,0.07
731.01,,,,-0.0003,0.0003,0.07
731.061,,,,-0.0003,0.0003,0.07
731.112,,,,-0.0003,0.0003,0.07
731.162,,,,-0.0003,0.0003,0.07
731.213,,,,-0.0003,0.0003,0.07
731.263,,,,-0.0003,0.0003,0.07
731.314,,,,-0.0003,0.0003,0.07
731.365,,,,-0.0003,0.0003,0.07
731.416,,,,-0.0003,0.0003,0.07
731.466,,,,-0.0003,0.0003,0.07
731.517,,,,-0.0003,0.0003,0.07
731.568,,,,-0.0003,0.0003,0.07
731.619,,,,-0.0003,0.0003,0.07
731.67,,,,-0.0003,0.0003,0.07
731.721,,,,-0.0003,0.0003,0.07
731.771,,,,-0.0003,0.0003,0.07
731.822,,,,-0.0003,0.0003,0.07
731.873,,,,-0.0003,0.0003,0.07
731.924,,,,-0.0003,0.0003,0.07
731.975,,,,-0.0003,0.0003,0.07
732.025,,,,-0.0003,0.0003,0.07
732.076,,,,-0.0003,0.0003,0.07
732.126,,,,-0.0003,0.0003,0.07
732.177,,,,-0.0003,0.0003,0.07
732.227,,,,-0.0003,0.0003,0.07
732.277,,,,-0.0003,0.0003,0.07
732.328,,,,-0.0003,0.0003,0.07
732.378,,,,-0.0003,0.0003,0.07
732.429,,,,-0.0003,0.0003,0.07
732.479,,,,-0.0003,0.0003,0.07
732.53,,,,-0.0003,0.0003,0.07
732.58,,,,-0.0003,0.0003,0.07
732.631,,,,-0.0003,0.0003,0.07
732.682,,,,-0.0003,0.0003,0.07
732.732,,,,-0.0003,0.0003,0.07
732.783,,,,-0.0003,0.0003,0.07
732.834,,,,-0.0003,0.0003,0.07
732.885,,,,-0.0003,0.0003,0.07
732.935,,,,-0.0003,0.0003,0.07
732.986,,,,-0.0003,0.0003,0.07
733.037,,,,-0.0003,0.0003,0.07
733.087,,,,-0.0003,0.0003,0.07
733.138,,,,-0.0003,0.0003,0.07
733.188,,,,-0.0003,0.0003,0.07
733.239,,,,-0.0003,0.0003,0.07
733.29,,,,-0.0003,0.0003,0.07
733.34,,,,-0.0003,0.0003,0.07
733.391,,,,-0.0003,0.0003,0.07
733.442,,,,-0.0003,0.0003,0.07
733.492,,,,-0.0003,0.0003,0.07
733.573,,,,-0.0003,0.0003,0.07
733.625,,,,-0.0003,0.0003,0.07
733.676,,,,-0.0003,0.0003,0.07
733.726,,,,-0.0003,0.0003,0.07
733.777,,,,-0.0003,0.0003,0.07
733.828,,,,-0.0003,0.0003,0.07
733.878,,,,-0.0003,0.0003,0.07
733.929,,,,-0.0003,0.0003,0.07
733.98,,,,-0.0003,0.0003,0.07
734.03,,,,-0.0003,0.0003,0.07
734.081,,,,-0.0003,0.0003,0.07
734.132,,,,-0.0003,0.0003,0.07
734.182,,,,-0.0003,0.0003,0.07
734.233,,,,-0.0003,0.0003,0.07
734.283,,,,-0.0003,0.0003,0.07
734.335,,,,-0.0003,0.0003,0.07
734.386,,,,-0.0003,0.0003,0.07
734.436,,,,-0.0003,0.0003,0.07
734.487,,,,-0.0003,0.0003,0.07
734.538,,,,-0.0003,0.0003,0.07
734.588,,,,-0.0003,0.0003,0.07
734.639,,,,-0.0003,0.0003,0.07
734.69,,,,-0.0003,0.0003,0.07
734.74,,,,-0.0003,0.0003,0.07
734.791,,,,-0.0003,0.0003,0.07
734.842,,,,-0.0003,0.0003,0.07
734.892,,,,-0.0003,0.0003,0.07
734.944,,,,-0.0003,0.0003,0.07
734.995,,,,-0.0003,0.0003,0.07
735.046,,,,-0.0003,0.0003,0.07
735.096,,,,-0.0003,0.0003,0.07
735.147,,,,-0.0003,0.0003,0.07
735.198,,,,-0.0003,0.0003,0.07
735.248,,,,-0.0003,0.0003,0.07
735.299,,,,-0.0003,0.0003,0.07
735.35,,,,-0.0003,0.0003,0.07
735.401,,,,-0.0003,0.0003,0.07
735.452,,,,-0.0003,0.0003,0.07
735.502,,,,-0.0003,0.0003,0.07
735.554,,,,-0.0003,0.0003,0.07
735.605,,,,-0.0003,0.0003,0.07
735.656,,,,-0.0003,0.0003,0.07
735.706,,,,-0.0003,0.0003,0.07
735.757,,,,-0.0003,0.0003,0.07
735.807,,,,-0.0003,0.0003,0.07
735.861,,,,-0.0003,0.0003,0.07
735.912,,,,-0.0003,0.0003,0.07
735.963,,,,-0.0003,0.0003,0.07
736.013,,,,-0.0003,0.0003,0.07
736.064,,,,-0.0003,0.0003,0.07
736.115,,,,-0.0003,0.0003,0.07
736.165,,,,-0.0003,0.0003,0.07
736.217,,,,-0.0003,0.0003,0.07
736.305,,,,-0.0003,0.0003,0.07
736.355,,,,-0.0003,0.0003,0.07
736.406,,,,-0.0003,0.0003,0.07
736.457,,,,-0.0003,0.0003,0.07
736.508,,,,-0.0003,0.0003,0.07
736.558,,,,-0.0003,0.0003,0.07
736.609,,,,-0.0003,0.0003,0.07
736.659,,,,-0.0003,0.0003,0.07
736.71,,,,-0.0003,0.0003,0.07
736.761,,,,-0.0003,0.0003,0.07
736.811,,,,-0.0003,0.0003,0.07
736.862,,,,-0.0003,0.0003,0.07
736.913,,,,-0.0003,0.0003,0.07
736.963,,,,-0.0003,0.0003,0.07
737.014,,,,-0.0003,0.0003,0.07
737.064,,,,-0.0003,0.0003,0.07
737.116,,,,-0.0003,0.0003,0.07
737.166,,,,-0.0003,0.0003,0.07
737.217,,,,-0.0003,0.0003,0.07
737.268,,,,-0.0003,0.0003,0.07
737.318,,,,-0.0003,0.0003,0.07
737.369,,,,-0.0003,0.0003,0.07
737.419,,,,-0.0003,0.0003,0.07
737.47,,,,-0.0003,0.0003,0.07
737.52,,,,-0.0003,0.0003,0.07
737.571,,,,-0.0003,0.0003,0.07
737.622,,,,-0.0003,0.0003,0.07
737.672,,,,-0.0003,0.0003,0.07
737.723,,,,-0.0003,0.0003,0.07
737.774,,,,-0.0003,0.0003,0.07
737.824,,,,-0.0003,0.0003,0.07
737.88,,,,-0.0003,0.0003,0.07
737.93,,,,-0.0003,0.0003,0.07
737.981,,,,-0.0003,0.0003,0.07
738.032,,,,-0.0003,0.0003,0.07
738.083,,,,-0.0003,0.0003,0.07
738.133,,,,-0.0003,0.0003,0.07
738.184,,,,-0.0003,0.0003,0.07
738.234,,,,-0.0003,0.0003,0.07
738.285,,,,-0.0003,0.0003,0.07
738.335,,,,-0.0003,0.0003,0.07
738.386,,,,-0.0003,0.0003,0.07
738.437,,,,-0.0003,0.0003,0.07
738.487,,,,-0.0003,0.0003,0.07
738.538,,,,-0.0003,0.0003,0.07
738.589,,,,-0.0003,0.0003,0.07
738.64,,,,-0.0003,0.0003,0.07
738.691,,,,-0.0003,0.0003,0.07
738.741,,,,-0.0003,0.0003,0.07
738.792,,,,-0.0003,0.0003,0.07
738.842,,,,-0.0003,0.0003,0.07
738.893,,,,-0.0003,0.0003,0.07
738.944,,,,-0.0003,0.0003,0.07
738.994,,,,-0.0003,0.0003,0.07
739.045,,,,-0.0003,0.0003,0.07
739.096,,,,-0.0003,0.0003,0.07
739.147,,,,-0.0003,0.0003,0.07
739.197,,,,-0.0003,0.0003,0.07
739.248,,,,-0.0003,0.0003,0.07
739.299,,,,-0.0003,0.0003,0.07
739.349,,,,-0.0003,0.0003,0.07
739.4,,,,-0.0003,0.0003,0.07
739.451,,,,-0.0003,0.0003,0.07
739.502,,,,-0.0003,0.0003,0.07
739.553,,,,-0.0003,0.0003,0.07
739.603,,,,-0.0003,0.0003,0.07
739.654,,,,-0.0003,0.0003,0.07
739.705,,,,-0.0003,0.0003,0.07
739.755,,,,-0.0003,0.0003,0.07
739.806,,,,-0.0003,0.0003,0.07
739.857,,,,-0.0003,0.0003,0.07
739.908,,,,-0.0003,0.0003,0.07
739.959,,,,-0.0003,0.0003,0.07
740.01,,,,-0.0003,0.0003,0.07
740.06,,,,-0.0003,0.0003,0.07
740.111,,,,-0.0003,0.0003,0.07
740.162,,,,-0.0003,0.0003,0.07
740.212,,,,-0.0003,0.0003,0.07
740.263,,,,-0.0003,0.0003,0.07
740.314,,,,-0.0003,0.0003,0.07
740.364,,,,-0.0003,0.0003,0.07
740.415,,,,-0.0003,0.0003,0.07
740.465,,,,-0.0003,0.0003,0.07
740.516,,,,-0.0003,0.0003,0.07
740.566,,,,-0.0003,0.0003,0.07
740.617,,,,-0.0003,0.0003,0.07
740.668,,,,-0.0003,0.0003,0.07
740.718,,,,-0.0003,0.0003,0.07
740.768,,,,-0.0003,0.0003,0.07
740.819,,,,-0.0003,0.0003,0.07
740.87,,,,-0.0003,0.0003,0.07
740.921,,,,-0.0003,0.0003,0.07
740.972,,,,-0.0003,0.0003,0.07
741.022,,,,-0.0003,0.0003,0.07
741.073,,,,-0.0003,0.0003,0.07
741.124,,,,-0.0003,0.0003,0.07
741.174,,,,-0.0003,0.0003,0.07
741.225,,,,-0.0003,0.0003,0.07
741.276,,,,-0.0003,0.0003,0.07
741.327,,,,-0.0003,0.0003,0.07
741.377,,,,-0.0003,0.0003,0.07
741.428,,,,-0.0003,0.0003,0.07
741.479,,,,-0.0003,0.0003,0.07
741.529,,,,-0.0003,0.0003,0.07
741.581,,,,-0.0003,0.0003,0.07
741.632,,,,-0.0003,0.0003,0.07
741.683,,,,-0.0003,0.0003,0.07
741.743,,,,-0.0003,0.0003,0.07
741.794,,,,-0.0003,0.0003,0.07
741.845,,,,-0.0003,0.0003,0.07
741.907,,,,-0.0003,0.0003,0.07
741.965,,,,-0.0003,0.0003,0.07
742.017,,,,-0.0003,0.0003,0.07
742.067,,,,-0.0003,0.0003,0.07
742.118,,,,-0.0003,0.0003,0.07
742.168,,,,-0.0003,0.0003,0.07
742.219,,,,-0.0003,0.0003,0.07
742.269,,,,-0.0003,0.0003,0.07
742.32,,,,-0.0003,0.0003,0.07
742.37,,,,-0.0003,0.0003,0.07
742.421,,,,-0.0003,0.0003,0.07
742.471,,,,-0.0003,0.0003,0.07
742.522,,,,-0.0003,0.0003,0.07
742.572,,,,-0.0003,0.0003,0.07
742.623,,,,-0.0003,0.0003,0.07
742.674,,,,-0.0003,0.0003,0.07
742.724,,,,-0.0003,0.0003,0.07
742.775,,,,-0.0003,0.0003,0.07
742.825,,,,-0.0003,0.0003,0.07
742.875,,,,-0.0003,0.0003,0.07
742.926,,,,-0.0003,0.0003,0.07
742.977,,,,-0.0003,0.0003,0.07
743.028,,,,-0.0003,0.0003,0.07
743.11,,,,-0.0003,0.0003,0.07
743.162,,,,-0.0003,0.0003,0.07
743.213,,,,-0.0003,0.0003,0.07
743.263,,,,-0.0003,0.0003,0.07
743.314,,,,-0.0003,0.0003,0.07
743.364,,,,-0.0003,0.0003,0.07
743.415,,,,-0.0003,0.0003,0.07
743.466,,,,-0.0003,0.0003,0.07
743.516,,,,-0.0003,0.0003,0.07
743.567,,,,-0.0003,0.0003,0.07
743.619,,,,-0.0003,0.0003,0.07
743.669,,,,-0.0003,0.0003,0.07
743.72,,,,-0.0003,0.0003,0.07
743.771,,,,-0.0003,0.0003,0.07
743.821,,,,-0.0003,0.0003,0.07
743.872,,,,-0.0003,0.0003,0.07
743.923,,,,-0.0003,0.0003,0.07
743.974,,,,-0.0003,0.0003,0.07
744.025,,,,-0.0003,0.0003,0.07
744.076,,,,-0.0003,0.0003,0.07
744.126,,,,-0.0003,0.0003,0.07
744.177,,,,-0.0003,0.0003,0.07
744.228,,,,-0.0003,0.0003,0.07
744.279,,,,-0.0003,0.0003,0.07
744.33,,,,-0.0003,0.0003,0.07
744.38,,,,-0.0003,0.0003,0.07
744.432,,,,-0.0003,0.0003,0.07
744.486,,,,-0.0003,0.0003,0.07
744.537,,,,-0.0003,0.0003,0.07
744.587,,,,-0.0003,0.0003,0.07
744.638,,,,-0.0003,0.0003,0.07
744.689,,,,-0.0003,0.0003,0.07
744.74,,,,-0.0003,0.0003,0.07
744.791,,,,-0.0003,0.0003,0.07
744.841,,,,-0.0003,0.0003,0.07
744.892,,,,-0.0003,0.0003,0.07
744.943,,,,-0.0003,0.0003,0.07
744.994,,,,-0.0003,0.0003,0.07
745.044,,,,-0.0003,0.0003,0.07
745.095,,,,-0.0003,0.0003,0.07
745.145,,,,-0.0003,0.0003,0.07
745.196,,,,-0.0003,0.0003,0.07
745.247,,,,-0.0003,0.0003,0.07
745.297,,,,-0.0003,0.0003,0.07
745.348,,,,-0.0003,0.0003,0.07
745.398,,,,-0.0003,0.0003,0.07
745.449,,,,-0.0003,0.0003,0.07
745.5,,,,-0.0003,0.0003,0.07
745.551,,,,-0.0003,0.0003,0.07
745.602,,,,-0.0003,0.0003,0.07
745.653,,,,-0.0003,0.0003,0.07
745.705,,,,-0.0003,0.0003,0.07
745.756,,,,-0.0003,0.0003,0.07
745.807,,,,-0.0003,0.0003,0.07
745.858,,,,-0.0003,0.0003,0.07
745.908,,,,-0.0003,0.0003,0.07
745.959,,,,-0.0003,0.0003,0.07
746.009,,,,-0.0003,0.0003,0.07
746.06,,,,-0.0003,0.0003,0.07
746.111,,,,-0.0003,0.0003,0.07
746.161,,,,-0.0003,0.0003,0.07
746.212,,,,-0.0003,0.0003,0.07
746.263,,,,-0.0003,0.0003,0.07
746.313,,,,-0.0003,0.0003,0.07
746.364,,,,-0.0003,0.0003,0.07
746.415,,,,-0.0003,0.0003,0.07
746.468,,,,-0.0003,0.0003,0.07
746.519,,,,-0.0003,0.0003,0.07
746.569,,,,-0.0003,0.0003,0.07
746.62,,,,-0.0003,0.0003,0.07
746.67,,,,-0.0003,0.0003,0.07
746.721,,,,-0.0003,0.0003,0.07
746.772,,,,-0.0003,0.0003,0.07
746.823,,,,-0.0003,0.0003,0.07
746.873,,,,-0.0003,0.0003,0.07
746.924,,,,-0.0003,0.0003,0.07
746.974,,,,-0.0003,0.0003,0.07
747.025,,,,-0.0003,0.0003,0.07
747.076,,,,-0.0003,0.0003,0.07
747.126,,,,-0.0003,0.0003,0.07
747.207,,,,-0.0003,0.0003,0.07
747.258,,,,-0.0003,0.0003,0.07
747.309,,,,-0.0003,0.0003,0.07
747.36,,,,-0.0003,0.0003,0.07
747.411,,,,-0.0003,0.0003,0.07
747.462,,,,-0.0003,0.0003,0.07
747.513,,,,-0.0003,0.0003,0.07
747.563,,,,-0.0003,0.0003,0.07
747.615,,,,-0.0003,0.0003,0.07
747.665,,,,-0.0003,0.0003,0.07
747.717,,,,-0.0003,0.0003,0.07
747.768,,,,-0.0003,0.0003,0.07
747.819,,,,-0.0003,0.0003,0.07
747.87,,,,-0.0003,0.0003,0.07
747.92,,,,-0.0003,0.0003,0.07
747.971,,,,-0.0003,0.0003,0.07
748.021,,,,-0.0003,0.0003,0.07
748.072,,,,-0.0003,0.0003,0.07
748.123,,,,-0.0003,0.0003,0.07
748.173,,,,-0.0003,0.0003,0.07
748.223,,,,-0.0003,0.0003,0.07
748.274,,,,-0.0003,0.0003,0.07
748.325,,,,-0.0003,0.0003,0.07
748.376,,,,-0.0003,0.0003,0.07
748.427,,,,-0.0003,0.0003,0.07
748.477,,,,-0.0003,0.0003,0.07
748.564,,,,-0.0003,0.0003,0.07
748.615,,,,-0.0003,0.0003,0.07
748.666,,,,-0.0003,0.0003,0.07
748.717,,,,-0.0003,0.0003,0.07
748.767,,,,-0.0003,0.0003,0.07
748.818,,,,-0.0003,0.0003,0.07
748.869,,,,-0.0003,0.0003,0.07
748.919,,,,-0.0003,0.0003,0.07
748.97,,,,-0.0003,0.0003,0.07
749.021,,,,-0.0003,0.0003,0.07
749.071,,,,-0.0003,0.0003,0.07
749.122,,,,-0.0003,0.0003,0.07
749.172,,,,-0.0003,0.0003,0.07
749.223,,,,-0.0003,0.0003,0.07
749.274,,,,-0.0003,0.0003,0.07
749.325,,,,-0.0003,0.0003,0.07
749.375,,,,-0.0003,0.0003,0.07
749.427,,,,-0.0003,0.0003,0.07
749.477,,,,-0.0003,0.0003,0.07
749.528,,,,-0.0003,0.0003,0.07
749.578,,,,-0.0003,0.0003,0.07
749.629,,,,-0.0003,0.0003,0.07
749.679,,,,-0.0003,0.0003,0.07
749.73,,,,-0.0003,0.0003,0.07
749.781,,,,-0.0003,0.0003,0.07
749.831,,,,-0.0003,0.0003,0.07
749.882,,,,-0.0003,0.0003,0.07
749.933,,,,-0.0003,0.0003,0.07
749.983,,,,-0.0003,0.0003,0.07
750.034,,,,-0.0003,0.0003,0.07
750.084,,,,-0.0003,0.0003,0.07
750.135,,,,-0.0003,0.0003,0.07
750.186,,,,-0.0003,0.0003,0.07
750.236,,,,-0.0003,0.0003,0.07
750.288,,,,-0.0003,0.0003,0.07
750.339,,,,-0.0003,0.0003,0.07
750.389,,,,-0.0003,0.0003,0.07
750.44,,,,-0.0003,0.0003,0.07
750.491,,,,-0.0003,0.0003,0.07
750.541,,,,-0.0003,0.0003,0.07
750.592,,,,-0.0003,0.0003,0.07
750.642,,,,-0.0003,0.0003,0.07
750.693,,,,-0.0003,0.0003,0.07
750.744,,,,-0.0003,0.0003,0.07
750.794,,,,-0.0003,0.0003,0.07
750.845,,,,-0.0003,0.0003,0.07
750.896,,,,-0.0003,0.0003,0.07
750.947,,,,-0.0003,0.0003,0.07
750.998,,,,-0.0003,0.0003,0.07
751.048,,,,-0.0003,0.0003,0.07
751.099,,,,-0.0003,0.0003,0.07
751.15,,,,-0.0003,0.0003,0.07
751.2,,,,-0.0003,0.0003,0.07
751.251,,,,-0.0003,0.0003,0.07
751.302,,,,-0.0003,0.0003,0.07
751.353,,,,-0.0003,0.0003,0.07
751.403,,,,-0.0003,0.0003,0.07
751.454,,,,-0.0003,0.0003,0.07
751.505,,,,-0.0003,0.0003,0.07
751.556,,,,-0.0003,0.0003,0.07
751.607,,,,-0.0003,0.0003,0.07
751.657,,,,-0.0003,0.0003,0.07
751.709,,,,-0.0003,0.0003,0.07
751.76,,,,-0.0003,0.0003,0.07
751.811,,,,-0.0003,0.0003,0.07
751.861,,,,-0.0003,0.0003,0.07
751.912,,,,-0.0003,0.0003,0.07
751.963,,,,-0.0003,0.0003,0.07
752.013,,,,-0.0003,0.0003,0.07
752.064,,,,-0.0003,0.0003,0.07
752.115,,,,-0.0003,0.0003,0.07
752.166,,,,-0.0003,0.0003,0.07
752.217,,,,-0.0003,0.0003,0.07
752.267,,,,-0.0003,0.0003,0.07
752.318,,,,-0.0003,0.0003,0.07
752.369,,,,-0.0003,0.0003,0.07
752.42,,,,-0.0003,0.0003,0.07
752.47,,,,-0.0003,0.0003,0.07
752.522,,,,-0.0003,0.0003,0.07
752.572,,,,-0.0003,0.0003,0.07
752.655,,,,-0.0003,0.0003,0.07
752.706,,,,-0.0003,0.0003,0.07
752.756,,,,-0.0003,0.0003,0.07
752.807,,,,-0.0003,0.0003,0.07
752.858,,,,-0.0003,0.0003,0.07
752.909,,,,-0.0003,0.0003,0.07
752.96,,,,-0.0003,0.0003,0.07
753.011,,,,-0.0003,0.0003,0.07
753.061,,,,-0.0003,0.0003,0.07
753.112,,,,-0.0003,0.0003,0.07
753.162,,,,-0.0003,0.0003,0.07
753.213,,,,-0.0003,0.0003,0.07
753.265,,,,-0.0003,0.0003,0.07
753.317,,,,-0.0003,0.0003,0.07
753.369,,,,-0.0003,0.0003,0.07
753.419,,,,-0.0003,0.0003,0.07
753.47,,,,-0.0003,0.0003,0.07
753.52,,,,-0.0003,0.0003,0.07
753.571,,,,-0.0003,0.0003,0.07
753.622,,,,-0.0003,0.0003,0.07
753.672,,,,-0.0003,0.0003,0.07
753.723,,,,-0.0003,0.0003,0.07
753.774,,,,-0.0003,0.0003,0.07
753.824,,,,-0.0003,0.0003,0.07
753.875,,,,-0.0003,0.0003,0.07
753.926,,,,-0.0003,0.0003,0.07
753.979,,,,-0.0003,0.0003,0.07
754.029,,,,-0.0003,0.0003,0.07
754.08,,,,-0.0003,0.0003,0.07
754.13,,,,-0.0003,0.0003,0.07
754.181,,,,-0.0003,0.0003,0.07
754.232,,,,-0.0003,0.0003,0.07
754.283,,,,-0.0003,0.0003,0.07
754.334,,,,-0.0003,0.0003,0.07
754.386,,,,-0.0003,0.0003,0.07
754.436,,,,-0.0003,0.0003,0.07
754.489,,,,-0.0003,0.0003,0.07
754.54,,,,-0.0003,0.0003,0.07
754.591,,,,-0.0003,0.0003,0.07
754.641,,,,-0.0003,0.0003,0.07
754.692,,,,-0.0003,0.0003,0.07
754.743,,,,-0.0003,0.0003,0.07
754.794,,,,-0.0003,0.0003,0.07
754.844,,,,-0.0003,0.0003,0.07
754.895,,,,-0.0003,0.0003,0.07
754.946,,,,-0.0003,0.0003,0.07
754.996,,,,-0.0003,0.0003,0.07
755.047,,,,-0.0003,0.0003,0.07
755.098,,,,-0.0003,0.0003,0.07
755.149,,,,-0.0003,0.0003,0.07
755.199,,,,-0.0003,0.0003,0.07
755.25,,,,-0.0003,0.0003,0.07
755.301,,,,-0.0003,0.0003,0.07
755.391,,,,-0.0003,0.0003,0.07
755.442,,,,-0.0003,0.0003,0.07
755.493,,,,-0.0003,0.0003,0.07
755.543,,,,-0.0003,0.0003,0.07
755.594,,,,-0.0003,0.0003,0.07
755.644,,,,-0.0003,0.0003,0.07
755.695,,,,-0.0003,0.0003,0.07
755.745,,,,-0.0003,0.0003,0.07
755.796,,,,-0.0003,0.0003,0.07
755.847,,,,-0.0003,0.0003,0.07
755.898,,,,-0.0003,0.0003,0.07
755.949,,,,-0.0003,0.0003,0.07
756.001,,,,-0.0003,0.0003,0.07
756.052,,,,-0.0003,0.0003,0.07
756.103,,,,-0.0003,0.0003,0.07
756.153,,,,-0.0003,0.0003,0.07
756.205,,,,-0.0003,0.0003,0.07
756.256,,,,-0.0003,0.0003,0.07
756.308,,,,-0.0003,0.0003,0.07
756.359,,,,-0.0003,0.0003,0.07
756.409,,,,-0.0003,0.0003,0.07
756.46,,,,-0.0003,0.0003,0.07
756.511,,,,-0.0003,0.0003,0.07
756.561,,,,-0.0003,0.0003,0.07
756.612,,,,-0.0003,0.0003,0.07
756.663,,,,-0.0003,0.0003,0.07
756.744,,,,-0.0003,0.0003,0.07
756.794,,,,-0.0003,0.0003,0.07
756.845,,,,-0.0003,0.0003,0.07
756.896,,,,-0.0003,0.0003,0.07
756.946,,,,-0.0003,0.0003,0.07
756.997,,,,-0.0003,0.0003,0.07
757.048,,,,-0.0003,0.0003,0.07
757.099,,,,-0.0003,0.0003,0.07
757.149,,,,-0.0003,0.0003,0.07
757.2,,,,-0.0003,0.0003,0.07
757.25,,,,-0.0003,0.0003,0.07
757.301,,,,-0.0003,0.0003,0.07
757.351,,,,-0.0003,0.0003,0.07
757.401,,,,-0.0003,0.0003,0.07
757.452,,,,-0.0003,0.0003,0.07
757.503,,,,-0.0003,0.0003,0.07
757.553,,,,-0.0003,0.0003,0.07
757.604,,,,-0.0003,0.0003,0.07
757.655,,,,-0.0003,0.0003,0.07
757.705,,,,-0.0003,0.0003,0.07
757.755,,,,-0.0003,0.0003,0.07
757.806,,,,-0.0003,0.0003,0.07
757.856,,,,-0.0003,0.0003,0.07
757.907,,,,-0.0003,0.0003,0.07
757.957,,,,-0.0003,0.0003,0.07
758.008,,,,-0.0003,0.0003,0.07
758.058,,,,-0.0003,0.0003,0.07
758.108,,,,-0.0003,0.0003,0.07
758.159,,,,-0.0003,0.0003,0.07
758.209,,,,-0.0003,0.0003,0.07
758.26,,,,-0.0003,0.0003,0.07
758.31,,,,-0.0003,0.0003,0.07
758.361,,,,-0.0003,0.0003,0.07
758.412,,,,-0.0003,0.0003,0.07
758.462,,,,-0.0003,0.0003,0.07
758.513,,,,-0.0003,0.0003,0.07
758.563,,,,-0.0003,0.0003,0.07
758.614,,,,-0.0003,0.0003,0.07
758.664,,,,-0.0003,0.0003,0.07
758.715,,,,-0.0003,0.0003,0.07
758.766,,,,-0.0003,0.0003,0.07
758.816,,,,-0.0003,0.0003,0.07
758.879,,,,-0.0003,0.0003,0.07
758.93,,,,-0.0003,0.0003,0.07
758.98,,,,-0.0003,0.0003,0.07
759.031,,,,-0.0003,0.0003,0.07
759.081,,,,-0.0003,0.0003,0.07
759.131,,,,-0.0003,0.0003,0.07
759.182,,,,-0.0003,0.0003,0.07
759.232,,,,-0.0003,0.0003,0.07
759.283,,,,-0.0003,0.0003,0.07
759.333,,,,-0.0003,0.0003,0.07
759.384,,,,-0.0003,0.0003,0.07
759.434,,,,-0.0003,0.0003,0.07
759.485,,,,-0.0003,0.0003,0.07
759.535,,,,-0.0003,0.0003,0.07
759.585,,,,-0.0003,0.0003,0.07
759.636,,,,-0.0003,0.0003,0.07
759.686,,,,-0.0003,0.0003,0.07
759.737,,,,-0.0003,0.0003,0.07
759.788,,,,-0.0003,0.0003,0.07
759.838,,,,-0.0003,0.0003,0.07
759.889,,,,-0.0003,0.0003,0.07
759.94,,,,-0.0003,0.0003,0.07
759.99,,,,-0.0003,0.0003,0.07
760.041,,,,-0.0003,0.0003,0.07
760.092,,,,-0.0003,0.0003,0.07
760.142,,,,-0.0003,0.0003,0.07
760.193,,,,-0.0003,0.0003,0.07
760.243,,,,-0.0003,0.0003,0.07
760.294,,,,-0.0003,0.0003,0.07
760.344,,,,-0.0003,0.0003,0.07
760.395,,,,-0.0003,0.0003,0.07
760.446,,,,-0.0003,0.0003,0.07
760.496,,,,-0.0003,0.0003,0.07
760.547,,,,-0.0003,0.0003,0.07
760.598,,,,-0.0003,0.0003,0.07
760.648,,,,-0.0003,0.0003,0.07
760.699,,,,-0.0003,0.0003,0.07
760.749,,,,-0.0003,0.0003,0.07
760.801,,,,-0.0003,0.0003,0.07
760.851,,,,-0.0003,0.0003,0.07
760.902,,,,-0.0003,0.0003,0.07
760.952,,,,-0.0003,0.0003,0.07
761.002,,,,-0.0003,0.0003,0.07
761.053,,,,-0.0003,0.0003,0.07
761.103,,,,-0.0003,0.0003,0.07
761.154,,,,-0.0003,0.0003,0.07
761.205,,,,-0.0003,0.0003,0.07
761.256,,,,-0.0003,0.0003,0.07
761.306,,,,-0.0003,0.0003,0.07
761.357,,,,-0.0003,0.0003,0.07
761.407,,,,-0.0003,0.0003,0.07
761.458,,,,-0.0003,0.0003,0.07
761.508,,,,-0.0003,0.0003,0.07
761.558,,,,-0.0003,0.0003,0.07
761.609,,,,-0.0003,0.0003,0.07
761.659,,,,-0.0003,0.0003,0.07
761.71,,,,-0.0003,0.0003,0.07
761.762,,,,-0.0003,0.0003,0.07
761.813,,,,-0.0003,0.0003,0.07
761.864,,,,-0.0003,0.0003,0.07
761.914,,,,-0.0003,0.0003,0.07
761.965,,,,-0.0003,0.0003,0.07
762.016,,,,-0.0003,0.0003,0.07
762.066,,,,-0.0003,0.0003,0.07
762.117,,,,-0.0003,0.0003,0.07
762.167,,,,-0.0003,0.0003,0.07
762.218,,,,-0.0003,0.0003,0.07
762.269,,,,-0.0003,0.0003,0.07
762.319,,,,-0.0003,0.0003,0.07
762.37,,,,-0.0003,0.0003,0.07
762.42,,,,-0.0003,0.0003,0.07
762.47,,,,-0.0003,0.0003,0.07
762.521,,,,-0.0003,0.0003,0.07
762.571,,,,-0.0003,0.0003,0.07
762.622,,,,-0.0003,0.0003,0.07
762.673,,,,-0.0003,0.0003,0.07
762.723,,,,-0.0003,0.0003,0.07
762.774,,,,-0.0003,0.0003,0.07
762.824,,,,-0.0003,0.0003,0.07
762.874,,,,-0.0003,0.0003,0.07
762.925,,,,-0.0003,0.0003,0.07
762.976,,,,-0.0003,0.0003,0.07
763.026,,,,-0.0003,0.0003,0.07
763.076,,,,-0.0003,0.0003,0.07
763.127,,,,-0.0003,0.0003,0.07
763.177,,,,-0.0003,0.0003,0.07
763.228,,,,-0.0003,0.0003,0.07
763.279,,,,-0.0003,0.0003,0.07
763.329,,,,-0.0003,0.0003,0.07
763.379,,,,-0.0003,0.0003,0.07
763.429,,,,-0.0003,0.0003,0.07
763.48,,,,-0.0003,0.0003,0.07
763.559,,,,-0.0003,0.0003,0.07
763.609,,,,-0.0003,0.0003,0.07
763.66,,,,-0.0003,0.0003,0.07
763.71,,,,-0.0003,0.0003,0.07
763.761,,,,-0.0003,0.0003,0.07
763.811,,,,-0.0003,0.0003,0.07
763.861,,,,-0.0003,0.0003,0.07
763.913,,,,-0.0003,0.0003,0.07
763.963,,,,-0.0003,0.0003,0.07
764.014,,,,-0.0003,0.0003,0.07
764.065,,,,-0.0003,0.0003,0.07
764.115,,,,-0.0003,0.0003,0.07
764.165,,,,-0.0003,0.0003,0.07
764.216,,,,-0.0003,0.0003,0.07
764.267,,,,-0.0003,0.0003,0.07
764.318,,,,-0.0003,0.0003,0.07
764.369,,,,-0.0003,0.0003,0.07
764.419,,,,-0.0003,0.0003,0.07
764.47,,,,-0.0003,0.0003,0.07
764.52,,,,-0.0003,0.0003,0.07
764.571,,,,-0.0003,0.0003,0.07
764.621,,,,-0.0003,0.0003,0.07
764.671,,,,-0.0003,0.0003,0.07
764.722,,,,-0.0003,0.0003,0.07
764.773,,,,-0.0003,0.0003,0.07
764.823,,,,-0.0003,0.0003,0.07
764.874,,,,-0.0003,0.0003,0.07
764.93,,,,-0.0003,0.0003,0.07
764.98,,,,-0.0003,0.0003,0.07
765.031,,,,-0.0003,0.0003,0.07
765.082,,,,-0.0003,0.0003,0.07
765.132,,,,-0.0003,0.0003,0.07
765.183,,,,-0.0003,0.0003,0.07
765.233,,,,-0.0003,0.0003,0.07
765.283,,,,-0.0003,0.0003,0.07
765.334,,,,-0.0003,0.0003,0.07
765.384,,,,-0.0003,0.0003,0.07
765.435,,,,-0.0003,0.0003,0.07
765.485,,,,-0.0003,0.0003,0.07
765.536,,,,-0.0003,0.0003,0.07
765.586,,,,-0.0003,0.0003,0.07
765.637,,,,-0.0003,0.0003,0.07
765.688,,,,-0.0003,0.0003,0.07
765.755,,,,-0.0003,0.0003,0.07
765.805,,,,-0.0003,0.0003,0.07
765.856,,,,-0.0003,0.0003,0.07
765.906,,,,-0.0003,0.0003,0.07
765.957,,,,-0.0003,0.0003,0.07
766.008,,,,-0.0003,0.0003,0.07
766.059,,,,-0.0003,0.0003,0.07
766.109,,,,-0.0003,0.0003,0.07
766.161,,,,-0.0003,0.0003,0.07
766.212,,,,-0.0003,0.0003,0.07
766.284,,,,-0.0003,0.0003,0.07
766.335,,,,-0.0003,0.0003,0.07
766.385,,,,-0.0003,0.0003,0.07
766.436,,,,-0.0003,0.0003,0.07
766.487,,,,-0.0003,0.0003,0.07
766.537,,,,-0.0003,0.0003,0.07
766.588,,,,-0.0003,0.0003,0.07
766.639,,,,-0.0003,0.0003,0.07
766.689,,,,-0.0003,0.0003,0.07
766.74,,,,-0.0003,0.0003,0.07
766.791,,,,-0.0003,0.0003,0.07
766.842,,,,-0.0003,0.0003,0.07
766.892,,,,-0.0003,0.0003,0.07
766.943,,,,-0.0003,0.0003,0.07
766.995,,,,-0.0003,0.0003,0.07
767.045,,,,-0.0003,0.0003,0.07
767.096,,,,-0.0003,0.0003,0.07
767.146,,,,-0.0003,0.0003,0.07
767.197,,,,-0.0003,0.0003,0.07
767.248,,,,-0.0003,0.0003,0.07
767.298,,,,-0.0003,0.0003,0.07
767.349,,,,-0.0003,0.0003,0.07
767.4,,,,-0.0003,0.0003,0.07
767.45,,,,-0.0003,0.0003,0.07
767.501,,,,-0.0003,0.0003,0.07
767.552,,,,-0.0003,0.0003,0.07
767.602,,,,-0.0003,0.0003,0.07
767.658,,,,-0.0003,0.0003,0.07
767.709,,,,-0.0003,0.0003,0.07
767.76,,,,-0.0003,0.0003,0.07
767.81,,,,-0.0003,0.0003,0.07
767.861,,,,-0.0003,0.0003,0.07
767.912,,,,-0.0003,0.0003,0.07
767.963,,,,-0.0003,0.0003,0.07
768.014,,,,-0.0003,0.0003,0.07
768.065,,,,-0.0003,0.0003,0.07
768.115,,,,-0.0003,0.0003,0.07
768.166,,,,-0.0003,0.0003,0.07
768.217,,,,-0.0003,0.0003,0.07
768.268,,,,-0.0003,0.0003,0.07
768.319,,,,-0.0003,0.0003,0.07
768.37,,,,-0.0003,0.0003,0.07
768.421,,,,-0.0003,0.0003,0.07
768.472,,,,-0.0003,0.0003,0.07
768.523,,,,-0.0003,0.0003,0.07
768.574,,,,-0.0003,0.0003,0.07
768.624,,,,-0.0003,0.0003,0.07
768.675,,,,-0.0003,0.0003,0.07
768.726,,,,-0.0003,0.0003,0.07
768.778,,,,-0.0003,0.0003,0.07
768.829,,,,-0.0003,0.0003,0.07
768.879,,,,-0.0003,0.0003,0.07
768.93,,,,-0.0003,0.0003,0.07
769.015,,,,-0.0003,0.0003,0.07
769.066,,,,-0.0003,0.0003,0.07
769.116,,,,-0.0003,0.0003,0.07
769.168,,,,-0.0003,0.0003,0.07
769.219,,,,-0.0003,0.0003,0.07
769.269,,,,-0.0003,0.0003,0.07
769.32,,,,-0.0003,0.0003,0.07
769.371,,,,-0.0003,0.0003,0.07
769.421,,,,-0.0003,0.0003,0.07
769.473,,,,-0.0003,0.0003,0.07
769.523,,,,-0.0003,0.0003,0.07
769.574,,,,-0.0003,0.0003,0.07
769.625,,,,-0.0003,0.0003,0.07
769.675,,,,-0.0003,0.0003,0.07
769.725,,,,-0.0003,0.0003,0.07
769.776,,,,-0.0003,0.0003,0.07
769.827,,,,-0.0003,0.0003,0.07
769.878,,,,-0.0003,0.0003,0.07
769.929,,,,-0.0003,0.0003,0.07
769.979,,,,-0.0003,0.0003,0.07
770.03,,,,-0.0003,0.0003,0.07
770.083,,,,-0.0003,0.0003,0.07
770.134,,,,-0.0003,0.0003,0.07
770.184,,,,-0.0003,0.0003,0.07
770.235,,,,-0.0003,0.0003,0.07
770.286,,,,-0.0003,0.0003,0.07
770.375,,,,-0.0003,0.0003,0.07
770.426,,,,-0.0003,0.0003,0.07
770.477,,,,-0.0003,0.0003,0.07
770.528,,,,-0.0003,0.0003,0.07
770.579,,,,-0.0003,0.0003,0.07
770.629,,,,-0.0003,0.0003,0.07
770.68,,,,-0.0003,0.0003,0.07
770.731,,,,-0.0003,0.0003,0.07
770.781,,,,-0.0003,0.0003,0.07
770.832,,,,-0.0003,0.0003,0.07
770.883,,,,-0.0003,0.0003,0.07
770.933,,,,-0.0003,0.0003,0.07
770.984,,,,-0.0003,0.0003,0.07
771.035,,,,-0.0003,0.0003,0.07
771.086,,,,-0.0003,0.0003,0.07
771.137,,,,-0.0003,0.0003,0.07
771.187,,,,-0.0003,0.0003,0.07
771.238,,,,-0.0003,0.0003,0.07
771.289,,,,-0.0003,0.0003,0.07
771.339,,,,-0.0003,0.0003,0.07
771.391,,,,-0.0003,0.0003,0.07
771.441,,,,-0.0003,0.0003,0.07
771.492,,,,-0.0003,0.0003,0.07
771.543,,,,-0.0003,0.0003,0.07
771.593,,,,-0.0003,0.0003,0.07
771.644,,,,-0.0003,0.0003,0.07
771.695,,,,-0.0003,0.0003,0.07
771.746,,,,-0.0003,0.0003,0.07
771.796,,,,-0.0003,0.0003,0.07
771.847,,,,-0.0003,0.0003,0.07
771.898,,,,-0.0003,0.0003,0.07
771.949,,,,-0.0003,0.0003,0.07
772.0,,,,-0.0003,0.0003,0.07
772.05,,,,-0.0003,0.0003,0.07
772.101,,,,-0.0003,0.0003,0.07
772.152,,,,-0.0003,0.0003,0.07
772.204,,,,-0.0003,0.0003,0.07
772.255,,,,-0.0003,0.0003,0.07
772.306,,,,-0.0003,0.0003,0.07
772.356,,,,-0.0003,0.0003,0.07
772.407,,,,-0.0003,0.0003,0.07
772.459,,,,-0.0003,0.0003,0.07
772.51,,,,-0.0003,0.0003,0.07
772.56,,,,-0.0003,0.0003,0.07
772.611,,,,-0.0003,0.0003,0.07
772.662,,,,-0.0003,0.0003,0.07
772.712,,,,-0.0003,0.0003,0.07
772.764,,,,-0.0003,0.0003,0.07
772.814,,,,-0.0003,0.0003,0.07
772.865,,,,-0.0003,0.0003,0.07
772.915,,,,-0.0003,0.0003,0.07
772.966,,,,-0.0003,0.0003,0.07
773.016,,,,-0.0003,0.0003,0.07
773.067,,,,-0.0003,0.0003,0.07
773.118,,,,-0.0003,0.0003,0.07
773.168,,,,-0.0003,0.0003,0.07
773.219,,,,-0.0003,0.0003,0.07
773.269,,,,-0.0003,0.0003,0.07
773.319,,,,-0.0003,0.0003,0.07
773.371,,,,-0.0003,0.0003,0.07
773.421,,,,-0.0003,0.0003,0.07
773.472,,,,-0.0003,0.0003,0.07
773.523,,,,-0.0003,0.0003,0.07
773.574,,,,-0.0003,0.0003,0.07
773.625,,,,-0.0003,0.0003,0.07
773.676,,,,-0.0003,0.0003,0.07
773.726,,,,-0.0003,0.0003,0.07
773.777,,,,-0.0003,0.0003,0.07
773.828,,,,-0.0003,0.0003,0.07
773.879,,,,-0.0003,0.0003,0.07
773.929,,,,-0.0003,0.0003,0.07
773.98,,,,-0.0003,0.0003,0.07
774.03,,,,-0.0003,0.0003,0.07
774.081,,,,-0.0003,0.0003,0.07
774.131,,,,-0.0003,0.0003,0.07
774.182,,,,-0.0003,0.0003,0.07
774.235,,,,-0.0003,0.0003,0.07
774.286,,,,-0.0003,0.0003,0.07
774.337,,,,-0.0003,0.0003,0.07
774.387,,,,-0.0003,0.0003,0.07
774.468,,,,-0.0003,0.0003,0.07
774.518,,,,-0.0003,0.0003,0.07
774.57,,,,-0.0003,0.0003,0.07
774.62,,,,-0.0003,0.0003,0.07
774.671,,,,-0.0003,0.0003,0.07
774.722,,,,-0.0003,0.0003,0.07
774.773,,,,-0.0003,0.0003,0.07
774.823,,,,-0.0003,0.0003,0.07
774.874,,,,-0.0003,0.0003,0.07
774.924,,,,-0.0003,0.0003,0.07
774.975,,,,-0.0003,0.0003,0.07
775.025,,,,-0.0003,0.0003,0.07
775.076,,,,-0.0003,0.0003,0.07
775.127,,,,-0.0003,0.0003,0.07
775.178,,,,-0.0003,0.0003,0.07
775.228,,,,-0.0003,0.0003,0.07
775.279,,,,-0.0003,0.0003,0.07
775.33,,,,-0.0003,0.0003,0.07
775.38,,,,-0.0003,0.0003,0.07
775.431,,,,-0.0003,0.0003,0.07
775.481,,,,-0.0003,0.0003,0.07
775.532,,,,-0.0003,0.0003,0.07
775.583,,,,-0.0003,0.0003,0.07
775.633,,,,-0.0003,0.0003,0.07
775.684,,,,-0.0003,0.0003,0.07
775.735,,,,-0.0003,0.0003,0.07
775.785,,,,-0.0003,0.0003,0.07
775.835,,,,-0.0003,0.0003,0.07
775.886,,,,-0.0003,0.0003,0.07
775.936,,,,-0.0003,0.0003,0.07
775.987,,,,-0.0003,0.0003,0.07
776.037,,,,-0.0003,0.0003,0.07
776.088,,,,-0.0003,0.0003,0.07
776.138,,,,-0.0003,0.0003,0.07
776.188,,,,-0.0003,0.0003,0.07
776.239,,,,-0.0003,0.0003,0.07
776.29,,,,-0.0003,0.0003,0.07
776.34,,,,-0.0003,0.0003,0.07
776.391,,,,-0.0003,0.0003,0.07
776.441,,,,-0.0003,0.0003,0.07
776.492,,,,-0.0003,0.0003,0.07
776.543,,,,-0.0003,0.0003,0.07
776.593,,,,-0.0003,0.0003,0.07
776.644,,,,-0.0003,0.0003,0.07
776.695,,,,-0.0003,0.0003,0.07
776.745,,,,-0.0003,0.0003,0.07
776.796,,,,-0.0003,0.0003,0.07
776.846,,,,-0.0003,0.0003,0.07
776.897,,,,-0.0003,0.0003,0.07
776.948,,,,-0.0003,0.0003,0.07
776.998,,,,-0.0003,0.0003,0.07
777.049,,,,-0.0003,0.0003,0.07
777.099,,,,-0.0003,0.0003,0.07
777.149,,,,-0.0003,0.0003,0.07
777.201,,,,-0.0003,0.0003,0.07
777.251,,,,-0.0003,0.0003,0.07
777.302,,,,-0.0003,0.0003,0.07
777.352,,,,-0.0003,0.0003,0.07
777.403,,,,-0.0003,0.0003,0.07
777.453,,,,-0.0003,0.0003,0.07
777.504,,,,-0.0003,0.0003,0.07
777.555,,,,-0.0003,0.0003,0.07
777.605,,,,-0.0003,0.0003,0.07
777.656,,,,-0.0003,0.0003,0.07
777.707,,,,-0.0003,0.0003,0.07
777.758,,,,-0.0003,0.0003,0.07
777.809,,,,-0.0003,0.0003,0.07
777.859,,,,-0.0003,0.0003,0.07
777.91,,,,-0.0003,0.0003,0.07
777.96,,,,-0.0003,0.0003,0.07
778.011,,,,-0.0003,0.0003,0.07
778.061,,,,-0.0003,0.0003,0.07
778.112,,,,-0.0003,0.0003,0.07
778.163,,,,-0.0003,0.0003,0.07
778.214,,,,-0.0003,0.0003,0.07
778.264,,,,-0.0003,0.0003,0.07
778.315,,,,-0.0003,0.0003,0.07
778.365,,,,-0.0003,0.0003,0.07
778.416,,,,-0.0003,0.0003,0.07
778.466,,,,-0.0003,0.0003,0.07
778.517,,,,-0.0003,0.0003,0.07
778.568,,,,-0.0003,0.0003,0.07
778.618,,,,-0.0003,0.0003,0.07
778.669,,,,-0.0003,0.0003,0.07
778.719,,,,-0.0003,0.0003,0.07
778.77,,,,-0.0003,0.0003,0.07
778.821,,,,-0.0003,0.0003,0.07
778.871,,,,-0.0003,0.0003,0.07
778.923,,,,-0.0003,0.0003,0.07
778.973,,,,-0.0003,0.0003,0.07
779.024,,,,-0.0003,0.0003,0.07
779.075,,,,-0.0003,0.0003,0.07
779.126,,,,-0.0003,0.0003,0.07
779.176,,,,-0.0003,0.0003,0.07
779.227,,,,-0.0003,0.0003,0.07
779.278,,,,-0.0003,0.0003,0.07
779.329,,,,-0.0003,0.0003,0.07
779.379,,,,-0.0003,0.0003,0.07
779.43,,,,-0.0003,0.0003,0.07
779.481,,,,-0.0003,0.0003,0.07
779.531,,,,-0.0003,0.0003,0.07
779.582,,,,-0.0003,0.0003,0.07
779.633,,,,-0.0003,0.0003,0.07
779.683,,,,-0.0003,0.0003,0.07
779.734,,,,-0.0003,0.0003,0.07
779.785,,,,-0.0003,0.0003,0.07
779.836,,,,-0.0003,0.0003,0.07
779.918,,,,-0.0003,0.0003,0.07
779.968,,,,-0.0003,0.0003,0.07
780.019,,,,-0.0003,0.0003,0.07
780.069,,,,-0.0003,0.0003,0.07
780.122,,,,-0.0003,0.0003,0.07
780.173,,,,-0.0003,0.0003,0.07
780.224,,,,-0.0003,0.0003,0.07
780.275,,,,-0.0003,0.0003,0.07
780.326,,,,-0.0003,0.0003,0.07
780.377,,,,-0.0003,0.0003,0.07
780.428,,,,-0.0003,0.0003,0.07
780.479,,,,-0.0003,0.0003,0.07
780.529,,,,-0.0003,0.0003,0.07
780.58,,,,-0.0003,0.0003,0.07
780.631,,,,-0.0003,0.0003,0.07
780.681,,,,-0.0003,0.0003,0.07
780.732,,,,-0.0003,0.0003,0.07
780.783,,,,-0.0003,0.0003,0.07
780.834,,,,-0.0003,0.0003,0.07
780.885,,,,-0.0003,0.0003,0.07
780.936,,,,-0.0003,0.0003,0.07
780.986,,,,-0.0003,0.0003,0.07
781.037,,,,-0.0003,0.0003,0.07
781.087,,,,-0.0003,0.0003,0.07
781.138,,,,-0.0003,0.0003,0.07
781.189,,,,-0.0003,0.0003,0.07
781.277,,,,-0.0003,0.0003,0.07
781.328,,,,-0.0003,0.0003,0.07
781.378,,,,-0.0003,0.0003,0.07
781.429,,,,-0.0003,0.0003,0.07
781.479,,,,-0.0003,0.0003,0.07
781.53,,,,-0.0003,0.0003,0.07
781.581,,,,-0.0003,0.0003,0.07
781.632,,,,-0.0003,0.0003,0.07
781.682,,,,-0.0003,0.0003,0.07
781.733,,,,-0.0003,0.0003,0.07
781.783,,,,-0.0003,0.0003,0.07
781.834,,,,-0.0003,0.0003,0.07
781.885,,,,-0.0003,0.0003,0.07
781.935,,,,-0.0003,0.0003,0.07
781.986,,,,-0.0003,0.0003,0.07
782.037,,,,-0.0003,0.0003,0.07
782.089,,,,-0.0003,0.0003,0.07
782.14,,,,-0.0003,0.0003,0.07
782.191,,,,-0.0003,0.0003,0.07
782.242,,,,-0.0003,0.0003,0.07
782.293,,,,-0.0003,0.0003,0.07
782.343,,,,-0.0003,0.0003,0.07
782.395,,,,-0.0003,0.0003,0.07
782.446,,,,-0.0003,0.0003,0.07
782.496,,,,-0.0003,0.0003,0.07
782.547,,,,-0.0003,0.0003,0.07
782.597,,,,-0.0003,0.0003,0.07
782.65,,,,-0.0003,0.0003,0.07
782.701,,,,-0.0003,0.0003,0.07
782.751,,,,-0.0003,0.0003,0.07
782.802,,,,-0.0003,0.0003,0.07
782.853,,,,-0.0003,0.0003,0.07
782.903,,,,-0.0003,0.0003,0.07
782.954,,,,-0.0003,0.0003,0.07
783.005,,,,-0.0003,0.0003,0.07
783.055,,,,-0.0003,0.0003,0.07
783.106,,,,-0.0003,0.0003,0.07
783.156,,,,-0.0003,0.0003,0.07
783.207,,,,-0.0003,0.0003,0.07
783.258,,,,-0.0003,0.0003,0.07
783.309,,,,-0.0003,0.0003,0.07
783.359,,,,-0.0003,0.0003,0.07
783.411,,,,-0.0003,0.0003,0.07
783.462,,,,-0.0003,0.0003,0.07
783.513,,,,-0.0003,0.0003,0.07
783.563,,,,-0.0003,0.0003,0.07
783.615,,,,-0.0003,0.0003,0.07
783.665,,,,-0.0003,0.0003,0.07
783.716,,,,-0.0003,0.0003,0.07
783.767,,,,-0.0003,0.0003,0.07
783.817,,,,-0.0003,0.0003,0.07
783.869,,,,-0.0003,0.0003,0.07
783.919,,,,-0.0003,0.0003,0.07
784.005,,,,-0.0003,0.0003,0.07
784.056,,,,-0.0003,0.0003,0.07
784.107,,,,-0.0003,0.0003,0.07
784.158,,,,-0.0003,0.0003,0.07
784.209,,,,-0.0003,0.0003,0.07
784.26,,,,-0.0003,0.0003,0.07
784.311,,,,-0.0003,0.0003,0.07
784.361,,,,-0.0003,0.0003,0.07
784.412,,,,-0.0003,0.0003,0.07
784.462,,,,-0.0003,0.0003,0.07
784.513,,,,-0.0003,0.0003,0.07
784.564,,,,-0.0003,0.0003,0.07
784.614,,,,-0.0003,0.0003,0.07
784.665,,,,-0.0003,0.0003,0.07
784.716,,,,-0.0003,0.0003,0.07
784.766,,,,-0.0003,0.0003,0.07
784.816,,,,-0.0003,0.0003,0.07
784.867,,,,-0.0003,0.0003,0.07
784.918,,,,-0.0003,0.0003,0.07
784.97,,,,-0.0003,0.0003,0.07
785.02,,,,-0.0003,0.0003,0.07
785.071,,,,-0.0003,0.0003,0.07
785.121,,,,-0.0003,0.0003,0.07
785.172,,,,-0.0003,0.0003,0.07
785.222,,,,-0.0003,0.0003,0.07
785.273,,,,-0.0003,0.0003,0.07
785.324,,,,-0.0003,0.0003,0.07
785.375,,,,-0.0003,0.0003,0.07
785.426,,,,-0.0003,0.0003,0.07
785.476,,,,-0.0003,0.0003,0.07
785.527,,,,-0.0003,0.0003,0.07
785.578,,,,-0.0003,0.0003,0.07
785.628,,,,-0.0003,0.0003,0.07
785.678,,,,-0.0003,0.0003,0.07
785.729,,,,-0.0003,0.0003,0.07
785.779,,,,-0.0003,0.0003,0.07
785.829,,,,-0.0003,0.0003,0.07
785.88,,,,-0.0003,0.0003,0.07
785.93,,,,-0.0003,0.0003,0.07
785.98,,,,-0.0003,0.0003,0.07
786.031,,,,-0.0003,0.0003,0.07
786.081,,,,-0.0003,0.0003,0.07
786.132,,,,-0.0003,0.0003,0.07
786.183,,,,-0.0003,0.0003,0.07
786.233,,,,-0.0003,0.0003,0.07
786.284,,,,-0.0003,0.0003,0.07
786.335,,,,-0.0003,0.0003,0.07
786.386,,,,-0.0003,0.0003,0.07
786.436,,,,-0.0003,0.0003,0.07
786.487,,,,-0.0003,0.0003,0.07
786.538,,,,-0.0003,0.0003,0.07
786.589,,,,-0.0003,0.0003,0.07
786.64,,,,-0.0003,0.0003,0.07
786.69,,,,-0.0003,0.0003,0.07
786.741,,,,-0.0003,0.0003,0.07
786.819,,,,-0.0003,0.0003,0.07
786.872,,,,-0.0003,0.0003,0.07
786.923,,,,-0.0003,0.0003,0.07
786.974,,,,-0.0003,0.0003,0.07
787.025,,,,-0.0003,0.0003,0.07
787.076,,,,-0.0003,0.0003,0.07
787.127,,,,-0.0003,0.0003,0.07
787.178,,,,-0.0003,0.0003,0.07
787.229,,,,-0.0003,0.0003,0.07
787.28,,,,-0.0003,0.0003,0.07
787.331,,,,-0.0003,0.0003,0.07
787.382,,,,-0.0003,0.0003,0.07
787.432,,,,-0.0003,0.0003,0.07
787.483,,,,-0.0003,0.0003,0.07
787.534,,,,-0.0003,0.0003,0.07
787.584,,,,-0.0003,0.0003,0.07
787.635,,,,-0.0003,0.0003,0.07
787.686,,,,-0.0003,0.0003,0.07
787.736,,,,-0.0003,0.0003,0.07
787.787,,,,-0.0003,0.0003,0.07
787.838,,,,-0.0003,0.0003,0.07
787.888,,,,-0.0003,0.0003,0.07
787.939,,,,-0.0003,0.0003,0.07
787.989,,,,-0.0003,0.0003,0.07
788.04,,,,-0.0003,0.0003,0.07
788.096,,,,-0.0003,0.0003,0.07
788.146,,,,-0.0003,0.0003,0.07
788.197,,,,-0.0003,0.0003,0.07
788.247,,,,-0.0003,0.0003,0.07
788.298,,,,-0.0003,0.0003,0.07
788.349,,,,-0.0003,0.0003,0.07
788.4,,,,-0.0003,0.0003,0.07
788.45,,,,-0.0003,0.0003,0.07
788.501,,,,-0.0003,0.0003,0.07
788.551,,,,-0.0003,0.0003,0.07
788.602,,,,-0.0003,0.0003,0.07
788.653,,,,-0.0003,0.0003,0.07
788.703,,,,-0.0003,0.0003,0.07
788.754,,,,-0.0003,0.0003,0.07
788.805,,,,-0.0003,0.0003,0.07
788.855,,,,-0.0003,0.0003,0.07
788.906,,,,-0.0003,0.0003,0.07
788.957,,,,-0.0003,0.0003,0.07
789.007,,,,-0.0003,0.0003,0.07
789.058,,,,-0.0003,0.0003,0.07
789.109,,,,-0.0003,0.0003,0.07
789.16,,,,-0.0003,0.0003,0.07
789.21,,,,-0.0003,0.0003,0.07
789.261,,,,-0.0003,0.0003,0.07
789.312,,,,-0.0003,0.0003,0.07
789.362,,,,-0.0003,0.0003,0.07
789.413,,,,-0.0003,0.0003,0.07
789.468,,,,-0.0003,0.0003,0.07
789.519,,,,-0.0003,0.0003,0.07
789.569,,,,-0.0003,0.0003,0.07
789.62,,,,-0.0003,0.0003,0.07
789.671,,,,-0.0003,0.0003,0.07
789.721,,,,-0.0003,0.0003,0.07
789.772,,,,-0.0003,0.0003,0.07
789.823,,,,-0.0003,0.0003,0.07
789.873,,,,-0.0003,0.0003,0.07
789.924,,,,-0.0003,0.0003,0.07
789.974,,,,-0.0003,0.0003,0.07
790.025,,,,-0.0003,0.0003,0.07
790.076,,,,-0.0003,0.0003,0.07
790.126,,,,-0.0003,0.0003,0.07
790.177,,,,-0.0003,0.0003,0.07
790.227,,,,-0.0003,0.0003,0.07
790.278,,,,-0.0003,0.0003,0.07
790.328,,,,-0.0003,0.0003,0.07
790.379,,,,-0.0003,0.0003,0.07
790.43,,,,-0.0003,0.0003,0.07
790.48,,,,-0.0003,0.0003,0.07
790.531,,,,-0.0003,0.0003,0.07
790.582,,,,-0.0003,0.0003,0.07
790.633,,,,-0.0003,0.0003,0.07
790.683,,,,-0.0003,0.0003,0.07
790.734,,,,-0.0003,0.0003,0.07
790.784,,,,-0.0003,0.0003,0.07
790.835,,,,-0.0003,0.0003,0.07
790.885,,,,-0.0003,0.0003,0.07
790.936,,,,-0.0003,0.0003,0.07
790.987,,,,-0.0003,0.0003,0.07
791.037,,,,-0.0003,0.0003,0.07
791.088,,,,-0.0003,0.0003,0.07
791.139,,,,-0.0003,0.0003,0.07
791.19,,,,-0.0003,0.0003,0.07
791.241,,,,-0.0003,0.0003,0.07
791.292,,,,-0.0003,0.0003,0.07
791.342,,,,-0.0003,0.0003,0.07
791.394,,,,-0.0003,0.0003,0.07
791.444,,,,-0.0003,0.0003,0.07
791.495,,,,-0.0003,0.0003,0.07
791.545,,,,-0.0003,0.0003,0.07
791.596,,,,-0.0003,0.0003,0.07
791.647,,,,-0.0003,0.0003,0.07
791.697,,,,-0.0003,0.0003,0.07
791.748,,,,-0.0003,0.0003,0.07
791.799,,,,-0.0003,0.0003,0.07
791.85,,,,-0.0003,0.0003,0.07
791.9,,,,-0.0003,0.0003,0.07
791.951,,,,-0.0003,0.0003,0.07
792.002,,,,-0.0003,0.0003,0.07
792.052,,,,-0.0003,0.0003,0.07
792.103,,,,-0.0003,0.0003,0.07
792.188,,,,-0.0003,0.0003,0.07
792.239,,,,-0.0003,0.0003,0.07
792.29,,,,-0.0003,0.0003,0.07
792.34,,,,-0.0003,0.0003,0.07
792.39,,,,-0.0003,0.0003,0.07
792.441,,,,-0.0003,0.0003,0.07
792.492,,,,-0.0003,0.0003,0.07
792.543,,,,-0.0003,0.0003,0.07
792.593,,,,-0.0003,0.0003,0.07
792.644,,,,-0.0003,0.0003,0.07
792.695,,,,-0.0003,0.0003,0.07
792.745,,,,-0.0003,0.0003,0.07
792.796,,,,-0.0003,0.0003,0.07
792.847,,,,-0.0003,0.0003,0.07
792.897,,,,-0.0003,0.0003,0.07
792.948,,,,-0.0003,0.0003,0.07
792.998,,,,-0.0003,0.0003,0.07
793.049,,,,-0.0003,0.0003,0.07
793.1,,,,-0.0003,0.0003,0.07
793.151,,,,-0.0003,0.0003,0.07
793.201,,,,-0.0003,0.0003,0.07
793.251,,,,-0.0003,0.0003,0.07
793.302,,,,-0.0003,0.0003,0.07
793.352,,,,-0.0003,0.0003,0.07
793.403,,,,-0.0003,0.0003,0.07
793.454,,,,-0.0003,0.0003,0.07
793.504,,,,-0.0003,0.0003,0.07
793.555,,,,-0.0003,0.0003,0.07
793.605,,,,-0.0003,0.0003,0.07
793.656,,,,-0.0003,0.0003,0.07
793.706,,,,-0.0003,0.0003,0.07
793.757,,,,-0.0003,0.0003,0.07
793.807,,,,-0.0003,0.0003,0.07
793.858,,,,-0.0003,0.0003,0.07
793.909,,,,-0.0003,0.0003,0.07
793.96,,,,-0.0003,0.0003,0.07
794.01,,,,-0.0003,0.0003,0.07
794.061,,,,-0.0003,0.0003,0.07
794.111,,,,-0.0003,0.0003,0.07
794.162,,,,-0.0003,0.0003,0.07
794.212,,,,-0.0003,0.0003,0.07
794.263,,,,-0.0003,0.0003,0.07
794.313,,,,-0.0003,0.0003,0.07
794.364,,,,-0.0003,0.0003,0.07
794.414,,,,-0.0003,0.0003,0.07
794.465,,,,-0.0003,0.0003,0.07
794.516,,,,-0.0003,0.0003,0.07
794.566,,,,-0.0003,0.0003,0.07
794.617,,,,-0.0003,0.0003,0.07
794.668,,,,-0.0003,0.0003,0.07
794.719,,,,-0.0003,0.0003,0.07
794.77,,,,-0.0003,0.0003,0.07
794.82,,,,-0.0003,0.0003,0.07
794.87,,,,-0.0003,0.0003,0.07
794.921,,,,-0.0003,0.0003,0.07
794.972,,,,-0.0003,0.0003,0.07
795.022,,,,-0.0003,0.0003,0.07
795.073,,,,-0.0003,0.0003,0.07
795.124,,,,-0.0003,0.0003,0.07
795.174,,,,-0.0003,0.0003,0.07
795.225,,,,-0.0003,0.0003,0.07
795.276,,,,-0.0003,0.0003,0.07
795.326,,,,-0.0003,0.0003,0.07
795.376,,,,-0.0003,0.0003,0.07
795.427,,,,-0.0003,0.0003,0.07
795.478,,,,-0.0003,0.0003,0.07
795.528,,,,-0.0003,0.0003,0.07
795.579,,,,-0.0003,0.0003,0.07
795.629,,,,-0.0003,0.0003,0.07
795.68,,,,-0.0003,0.0003,0.07
795.73,,,,-0.0003,0.0003,0.07
795.781,,,,-0.0003,0.0003,0.07
795.831,,,,-0.0003,0.0003,0.07
795.882,,,,-0.0003,0.0003,0.07
795.932,,,,-0.0003,0.0003,0.07
795.983,,,,-0.0003,0.0003,0.07
796.034,,,,-0.0003,0.0003,0.07
796.085,,,,-0.0003,0.0003,0.07
796.135,,,,-0.0003,0.0003,0.07
796.186,,,,-0.0003,0.0003,0.07
796.237,,,,-0.0003,0.0003,0.07
796.288,,,,-0.0003,0.0003,0.07
796.338,,,,-0.0003,0.0003,0.07
796.389,,,,-0.0003,0.0003,0.07
796.439,,,,-0.0003,0.0003,0.07
796.49,,,,-0.0003,0.0003,0.07
796.542,,,,-0.0003,0.0003,0.07
796.592,,,,-0.0003,0.0003,0.07
796.643,,,,-0.0003,0.0003,0.07
796.694,,,,-0.0003,0.0003,0.07
796.745,,,,-0.0003,0.0003,0.07
796.795,,,,-0.0003,0.0003,0.07
796.846,,,,-0.0003,0.0003,0.07
796.897,,,,-0.0003,0.0003,0.07
796.948,,,,-0.0003,0.0003,0.07
796.998,,,,-0.0003,0.0003,0.07
797.049,,,,-0.0003,0.0003,0.07
797.1,,,,-0.0003,0.0003,0.07
797.15,,,,-0.0003,0.0003,0.07
797.201,,,,-0.0003,0.0003,0.07
797.252,,,,-0.0003,0.0003,0.07
797.303,,,,-0.0003,0.0003,0.07
797.353,,,,-0.0003,0.0003,0.07
797.404,,,,-0.0003,0.0003,0.07
797.454,,,,-0.0003,0.0003,0.07
797.505,,,,-0.0003,0.0003,0.07
797.555,,,,-0.0003,0.0003,0.07
797.606,,,,-0.0003,0.0003,0.07
797.657,,,,-0.0003,0.0003,0.07
797.707,,,,-0.0003,0.0003,0.07
797.757,,,,-0.0003,0.0003,0.07
797.808,,,,-0.0003,0.0003,0.07
797.859,,,,-0.0003,0.0003,0.07
797.909,,,,-0.0003,0.0003,0.07
797.96,,,,-0.0003,0.0003,0.07
798.011,,,,-0.0003,0.0003,0.07
798.061,,,,-0.0003,0.0003,0.07
798.112,,,,-0.0003,0.0003,0.07
798.162,,,,-0.0003,0.0003,0.07
798.213,,,,-0.0003,0.0003,0.07
798.264,,,,-0.0003,0.0003,0.07
798.315,,,,-0.0003,0.0003,0.07
798.365,,,,-0.0003,0.0003,0.07
798.416,,,,-0.0003,0.0003,0.07
798.466,,,,-0.0003,0.0003,0.07
798.517,,,,-0.0003,0.0003,0.07
798.567,,,,-0.0003,0.0003,0.07
798.618,,,,-0.0003,0.0003,0.07
798.668,,,,-0.0003,0.0003,0.07
798.719,,,,-0.0003,0.0003,0.07
798.77,,,,-0.0003,0.0003,0.07
798.821,,,,-0.0003,0.0003,0.07
798.871,,,,-0.0003,0.0003,0.07
798.922,,,,-0.0003,0.0003,0.07
799.009,,,,-0.0003,0.0003,0.07
799.059,,,,-0.0003,0.0003,0.07
799.11,,,,-0.0003,0.0003,0.07
799.16,,,,-0.0003,0.0003,0.07
799.211,,,,-0.0003,0.0003,0.07
799.262,,,,-0.0003,0.0003,0.07
799.312,,,,-0.0003,0.0003,0.07
799.363,,,,-0.0003,0.0003,0.07
799.414,,,,-0.0003,0.0003,0.07
799.464,,,,-0.0003,0.0003,0.07
799.515,,,,-0.0003,0.0003,0.07
799.58,,,,-0.0003,0.0003,0.07
799.633,,,,-0.0003,0.0003,0.07
799.686,,,,-0.0003,0.0003,0.07
799.737,,,,-0.0003,0.0003,0.07
799.787,,,,-0.0003,0.0003,0.07
799.839,,,,-0.0003,0.0003,0.07
799.889,,,,-0.0003,0.0003,0.07
799.939,,,,-0.0003,0.0003,0.07
799.99,,,,-0.0003,0.0003,0.07
800.041,,,,-0.0003,0.0003,0.07
800.091,,,,-0.0003,0.0003,0.07
800.142,,,,-0.0003,0.0003,0.07
800.192,,,,-0.0003,0.0003,0.07
800.243,,,,-0.0003,0.0003,0.07
800.294,,,,-0.0003,0.0003,0.07
800.344,,,,-0.0003,0.0003,0.07
800.394,,,,-0.0003,0.0003,0.07
800.445,,,,-0.0003,0.0003,0.07
800.495,,,,-0.0003,0.0003,0.07
800.546,,,,-0.0003,0.0003,0.07
800.596,,,,-0.0003,0.0003,0.07
800.647,,,,-0.0003,0.0003,0.07
800.698,,,,-0.0003,0.0003,0.07
800.748,,,,-0.0003,0.0003,0.07
800.799,,,,-0.0003,0.0003,0.07
800.85,,,,-0.0003,0.0003,0.07
800.901,,,,-0.0003,0.0003,0.07
800.951,,,,-0.0003,0.0003,0.07
801.002,,,,-0.0003,0.0003,0.07
801.053,,,,-0.0003,0.0003,0.07
801.104,,,,-0.0003,0.0003,0.07
801.154,,,,-0.0003,0.0003,0.07
801.205,,,,-0.0003,0.0003,0.07
801.257,,,,-0.0003,0.0003,0.07
801.307,,,,-0.0003,0.0003,0.07
801.358,,,,-0.0003,0.0003,0.07
801.408,,,,-0.0003,0.0003,0.07
801.459,,,,-0.0003,0.0003,0.07
801.509,,,,-0.0003,0.0003,0.07
801.56,,,,-0.0003,0.0003,0.07
801.611,,,,-0.0003,0.0003,0.07
801.661,,,,-0.0003,0.0003,0.07
801.732,,,,-0.0003,0.0003,0.07
801.783,,,,-0.0003,0.0003,0.07
801.834,,,,-0.0003,0.0003,0.07
801.885,,,,-0.0003,0.0003,0.07
801.936,,,,-0.0003,0.0003,0.07
801.986,,,,-0.0003,0.0003,0.07
802.037,,,,-0.0003,0.0003,0.07
802.088,,,,-0.0003,0.0003,0.07
802.138,,,,-0.0003,0.0003,0.07
802.216,,,,-0.0003,0.0003,0.07
802.267,,,,-0.0003,0.0003,0.07
802.317,,,,-0.0003,0.0003,0.07
802.368,,,,-0.0003,0.0003,0.07
802.418,,,,-0.0003,0.0003,0.07
802.469,,,,-0.0003,0.0003,0.07
802.52,,,,-0.0003,0.0003,0.07
802.57,,,,-0.0003,0.0003,0.07
802.62,,,,-0.0003,0.0003,0.07
802.671,,,,-0.0003,0.0003,0.07
802.722,,,,-0.0003,0.0003,0.07
802.772,,,,-0.0003,0.0003,0.07
802.823,,,,-0.0003,0.0003,0.07
802.874,,,,-0.0003,0.0003,0.07
802.924,,,,-0.0003,0.0003,0.07
802.975,,,,-0.0003,0.0003,0.07
803.025,,,,-0.0003,0.0003,0.07
803.092,,,,-0.0003,0.0003,0.07
803.142,,,,-0.0003,0.0003,0.07
803.192,,,,-0.0003,0.0003,0.07
803.243,,,,-0.0003,0.0003,0.07
803.294,,,,-0.0003,0.0003,0.07
803.344,,,,-0.0003,0.0003,0.07
803.395,,,,-0.0003,0.0003,0.07
803.445,,,,-0.0003,0.0003,0.07
803.496,,,,-0.0003,0.0003,0.07
803.546,,,,-0.0003,0.0003,0.07
803.597,,,,-0.0003,0.0003,0.07
803.647,,,,-0.0003,0.0003,0.07
803.698,,,,-0.0003,0.0003,0.07
803.749,,,,-0.0003,0.0003,0.07
803.8,,,,-0.0003,0.0003,0.07
803.85,,,,-0.0003,0.0003,0.07
803.901,,,,-0.0003,0.0003,0.07
803.952,,,,-0.0003,0.0003,0.07
804.003,,,,-0.0003,0.0003,0.07
804.053,,,,-0.0003,0.0003,0.07
804.104,,,,-0.0003,0.0003,0.07
804.154,,,,-0.0003,0.0003,0.07
804.205,,,,-0.0003,0.0003,0.07
804.255,,,,-0.0003,0.0003,0.07
804.306,,,,-0.0003,0.0003,0.07
804.357,,,,-0.0003,0.0003,0.07
804.408,,,,-0.0003,0.0003,0.07
804.463,,,,-0.0003,0.0003,0.07
804.513,,,,-0.0003,0.0003,0.07
804.564,,,,-0.0003,0.0003,0.07
804.615,,,,-0.0003,0.0003,0.07
804.666,,,,-0.0003,0.0003,0.07
804.716,,,,-0.0003,0.0003,0.07
804.767,,,,-0.0003,0.0003,0.07
804.818,,,,-0.0003,0.0003,0.07
804.869,,,,-0.0003,0.0003,0.07
804.921,,,,-0.0003,0.0003,0.07
804.972,,,,-0.0003,0.0003,0.07
805.022,,,,-0.0003,0.0003,0.07
805.073,,,,-0.0003,0.0003,0.07
805.124,,,,-0.0003,0.0003,0.07
805.175,,,,-0.0003,0.0003,0.07
805.226,,,,-0.0003,0.0003,0.07
805.277,,,,-0.0003,0.0003,0.07
805.327,,,,-0.0003,0.0003,0.07
805.378,,,,-0.0003,0.0003,0.07
805.428,,,,-0.0003,0.0003,0.07
805.478,,,,-0.0003,0.0003,0.07
805.529,,,,-0.0003,0.0003,0.07
805.58,,,,-0.0003,0.0003,0.07
805.63,,,,-0.0003,0.0003,0.07
805.681,,,,-0.0003,0.0003,0.07
805.731,,,,-0.0003,0.0003,0.07
805.782,,,,-0.0003,0.0003,0.07
805.833,,,,-0.0003,0.0003,0.07
805.884,,,,-0.0003,0.0003,0.07
805.934,,,,-0.0003,0.0003,0.07
805.985,,,,-0.0003,0.0003,0.07
806.036,,,,-0.0003,0.0003,0.07
806.086,,,,-0.0003,0.0003,0.07
806.136,,,,-0.0003,0.0003,0.07
806.187,,,,-0.0003,0.0003,0.07
806.239,,,,-0.0003,0.0003,0.07
806.291,,,,-0.0003,0.0003,0.07
806.341,,,,-0.0003,0.0003,0.07
806.392,,,,-0.0003,0.0003,0.07
806.442,,,,-0.0003,0.0003,0.07
806.493,,,,-0.0003,0.0003,0.07
806.543,,,,-0.0003,0.0003,0.07
806.594,,,,-0.0003,0.0003,0.07
806.645,,,,-0.0003,0.0003,0.07
806.695,,,,-0.0003,0.0003,0.07
806.746,,,,-0.0003,0.0003,0.07
806.796,,,,-0.0003,0.0003,0.07
806.847,,,,-0.0003,0.0003,0.07
806.897,,,,-0.0003,0.0003,0.07
806.948,,,,-0.0003,0.0003,0.07
806.999,,,,-0.0003,0.0003,0.07
807.049,,,,-0.0003,0.0003,0.07
807.1,,,,-0.0003,0.0003,0.07
807.151,,,,-0.0003,0.0003,0.07
807.201,,,,-0.0003,0.0003,0.07
807.252,,,,-0.0003,0.0003,0.07
807.303,,,,-0.0003,0.0003,0.07
807.354,,,,-0.0003,0.0003,0.07
807.404,,,,-0.0003,0.0003,0.07
807.455,,,,-0.0003,0.0003,0.07
807.506,,,,-0.0003,0.0003,0.07
807.56,,,,-0.0003,0.0003,0.07
807.611,,,,-0.0003,0.0003,0.07
807.663,,,,-0.0003,0.0003,0.07
807.713,,,,-0.0003,0.0003,0.07
807.764,,,,-0.0003,0.0003,0.07
807.814,,,,-0.0003,0.0003,0.07
807.865,,,,-0.0003,0.0003,0.07
807.916,,,,-0.0003,0.0003,0.07
807.966,,,,-0.0003,0.0003,0.07
808.016,,,,-0.0003,0.0003,0.07
808.067,,,,-0.0003,0.0003,0.07
808.117,,,,-0.0003,0.0003,0.07
808.168,,,,-0.0003,0.0003,0.07
808.219,,,,-0.0003,0.0003,0.07
808.27,,,,-0.0003,0.0003,0.07
808.32,,,,-0.0003,0.0003,0.07
808.371,,,,-0.0003,0.0003,0.07
808.422,,,,-0.0003,0.0003,0.07
808.472,,,,-0.0003,0.0003,0.07
808.523,,,,-0.0003,0.0003,0.07
808.573,,,,-0.0003,0.0003,0.07
808.624,,,,-0.0003,0.0003,0.07
808.675,,,,-0.0003,0.0003,0.07
808.726,,,,-0.0003,0.0003,0.07
808.776,,,,-0.0003,0.0003,0.07
808.827,,,,-0.0003,0.0003,0.07
808.878,,,,-0.0003,0.0003,0.07
808.929,,,,-0.0003,0.0003,0.07
808.979,,,,-0.0003,0.0003,0.07
809.03,,,,-0.0003,0.0003,0.07
809.081,,,,-0.0003,0.0003,0.07
809.132,,,,-0.0003,0.0003,0.07
809.182,,,,-0.0003,0.0003,0.07
809.233,,,,-0.0003,0.0003,0.07
809.284,,,,-0.0003,0.0003,0.07
809.334,,,,-0.0003,0.0003,0.07
809.385,,,,-0.0003,0.0003,0.07
809.435,,,,-0.0003,0.0003,0.07
809.486,,,,-0.0003,0.0003,0.07
809.537,,,,-0.0003,0.0003,0.07
809.587,,,,-0.0003,0.0003,0.07
809.638,,,,-0.0003,0.0003,0.07
809.688,,,,-0.0003,0.0003,0.07
809.739,,,,-0.0003,0.0003,0.07
809.789,,,,-0.0003,0.0003,0.07
809.84,,,,-0.0003,0.0003,0.07
809.915,,,,-0.0003,0.0003,0.07
809.966,,,,-0.0003,0.0003,0.07
810.016,,,,-0.0003,0.0003,0.07
810.067,,,,-0.0003,0.0003,0.07
810.118,,,,-0.0003,0.0003,0.07
810.169,,,,-0.0003,0.0003,0.07
810.22,,,,-0.0003,0.0003,0.07
810.275,,,,-0.0003,0.0003,0.07
810.327,,,,-0.0003,0.0003,0.07
810.377,,,,-0.0003,0.0003,0.07
810.428,,,,-0.0003,0.0003,0.07
810.478,,,,-0.0003,0.0003,0.07
810.529,,,,-0.0003,0.0003,0.07
810.58,,,,-0.0003,0.0003,0.07
810.631,,,,-0.0003,0.0003,0.07
810.681,,,,-0.0003,0.0003,0.07
810.732,,,,-0.0003,0.0003,0.07
810.783,,,,-0.0003,0.0003,0.07
810.833,,,,-0.0003,0.0003,0.07
810.884,,,,-0.0003,0.0003,0.07
810.935,,,,-0.0003,0.0003,0.07
810.985,,,,-0.0003,0.0003,0.07
811.036,,,,-0.0003,0.0003,0.07
811.087,,,,-0.0003,0.0003,0.07
811.137,,,,-0.0003,0.0003,0.07
811.188,,,,-0.0003,0.0003,0.07
811.27,,,,-0.0003,0.0003,0.07
811.321,,,,-0.0003,0.0003,0.07
811.372,,,,-0.0003,0.0003,0.07
811.422,,,,-0.0003,0.0003,0.07
811.472,,,,-0.0003,0.0003,0.07
811.523,,,,-0.0003,0.0003,0.07
811.574,,,,-0.0003,0.0003,0.07
811.624,,,,-0.0003,0.0003,0.07
811.674,,,,-0.0003,0.0003,0.07
811.725,,,,-0.0003,0.0003,0.07
811.776,,,,-0.0003,0.0003,0.07
811.826,,,,-0.0003,0.0003,0.07
811.876,,,,-0.0003,0.0003,0.07
811.927,,,,-0.0003,0.0003,0.07
811.978,,,,-0.0003,0.0003,0.07
812.029,,,,-0.0003,0.0003,0.07
812.08,,,,-0.0003,0.0003,0.07
812.131,,,,-0.0003,0.0003,0.07
812.182,,,,-0.0003,0.0003,0.07
812.233,,,,-0.0003,0.0003,0.07
812.289,,,,-0.0003,0.0003,0.07
812.341,,,,-0.0003,0.0003,0.07
812.391,,,,-0.0003,0.0003,0.07
812.442,,,,-0.0003,0.0003,0.07
812.493,,,,-0.0003,0.0003,0.07
812.543,,,,-0.0003,0.0003,0.07
812.631,,,,-0.0003,0.0003,0.07
812.682,,,,-0.0003,0.0003,0.07
812.733,,,,-0.0003,0.0003,0.07
812.783,,,,-0.0003,0.0003,0.07
812.834,,,,-0.0003,0.0003,0.07
812.885,,,,-0.0003,0.0003,0.07
812.936,,,,-0.0003,0.0003,0.07
812.986,,,,-0.0003,0.0003,0.07
813.037,,,,-0.0003,0.0003,0.07
813.09,,,,-0.0003,0.0003,0.07
813.141,,,,-0.0003,0.0003,0.07
813.192,,,,-0.0003,0.0003,0.07
813.243,,,,-0.0003,0.0003,0.07
813.293,,,,-0.0003,0.0003,0.07
813.344,,,,-0.0003,0.0003,0.07
813.395,,,,-0.0003,0.0003,0.07
813.445,,,,-0.0003,0.0003,0.07
813.496,,,,-0.0003,0.0003,0.07
813.546,,,,-0.0003,0.0003,0.07
813.596,,,,-0.0003,0.0003,0.07
813.647,,,,-0.0003,0.0003,0.07
813.698,,,,-0.0003,0.0003,0.07
813.748,,,,-0.0003,0.0003,0.07
813.799,,,,-0.0003,0.0003,0.07
813.849,,,,-0.0003,0.0003,0.07
813.9,,,,-0.0003,0.0003,0.07
813.951,,,,-0.0003,0.0003,0.07
814.004,,,,-0.0003,0.0003,0.07
814.054,,,,-0.0003,0.0003,0.07
814.105,,,,-0.0003,0.0003,0.07
814.155,,,,-0.0003,0.0003,0.07
814.206,,,,-0.0003,0.0003,0.07
814.257,,,,-0.0003,0.0003,0.07
814.308,,,,-0.0003,0.0003,0.07
814.358,,,,-0.0003,0.0003,0.07
814.409,,,,-0.0003,0.0003,0.07
814.459,,,,-0.0003,0.0003,0.07
814.51,,,,-0.0003,0.0003,0.07
814.561,,,,-0.0003,0.0003,0.07
814.611,,,,-0.0003,0.0003,0.07
814.662,,,,-0.0003,0.0003,0.07
814.713,,,,-0.0003,0.0003,0.07
814.765,,,,-0.0003,0.0003,0.07
814.815,,,,-0.0003,0.0003,0.07
814.866,,,,-0.0003,0.0003,0.07
814.918,,,,-0.0003,0.0003,0.07
814.968,,,,-0.0003,0.0003,0.07
815.019,,,,-0.0003,0.0003,0.07
815.07,,,,-0.0003,0.0003,0.07
815.121,,,,-0.0003,0.0003,0.07
815.171,,,,-0.0003,0.0003,0.07
815.222,,,,-0.0003,0.0003,0.07
815.274,,,,-0.0003,0.0003,0.07
815.362,,,,-0.0003,0.0003,0.07
815.414,,,,-0.0003,0.0003,0.07
815.464,,,,-0.0003,0.0003,0.07
815.514,,,,-0.0003,0.0003,0.07
815.565,,,,-0.0003,0.0003,0.07
815.616,,,,-0.0003,0.0003,0.07
815.667,,,,-0.0003,0.0003,0.07
815.718,,,,-0.0003,0.0003,0.07
815.769,,,,-0.0003,0.0003,0.07
815.819,,,,-0.0003,0.0003,0.07
815.869,,,,-0.0003,0.0003,0.07
815.92,,,,-0.0003,0.0003,0.07
815.97,,,,-0.0003,0.0003,0.07
816.021,,,,-0.0003,0.0003,0.07
816.072,,,,-0.0003,0.0003,0.07
816.122,,,,-0.0003,0.0003,0.07
816.173,,,,-0.0003,0.0003,0.07
816.224,,,,-0.0003,0.0003,0.07
816.274,,,,-0.0003,0.0003,0.07
816.325,,,,-0.0003,0.0003,0.07
816.376,,,,-0.0003,0.0003,0.07
816.426,,,,-0.0003,0.0003,0.07
816.477,,,,-0.0003,0.0003,0.07
816.528,,,,-0.0003,0.0003,0.07
816.579,,,,-0.0003,0.0003,0.07
816.63,,,,-0.0003,0.0003,0.07
816.681,,,,-0.0003,0.0003,0.07
816.731,,,,-0.0003,0.0003,0.07
816.782,,,,-0.0003,0.0003,0.07
816.833,,,,-0.0003,0.0003,0.07
816.883,,,,-0.0003,0.0003,0.07
816.934,,,,-0.0003,0.0003,0.07
816.985,,,,-0.0003,0.0003,0.07
817.035,,,,-0.0003,0.0003,0.07
817.086,,,,-0.0003,0.0003,0.07
817.137,,,,-0.0003,0.0003,0.07
817.188,,,,-0.0003,0.0003,0.07
817.239,,,,-0.0003,0.0003,0.07
817.289,,,,-0.0003,0.0003,0.07
817.34,,,,-0.0003,0.0003,0.07
817.391,,,,-0.0003,0.0003,0.07
817.442,,,,-0.0003,0.0003,0.07
817.492,,,,-0.0003,0.0003,0.07
817.543,,,,-0.0003,0.0003,0.07
817.594,,,,-0.0003,0.0003,0.07
817.645,,,,-0.0003,0.0003,0.07
817.695,,,,-0.0003,0.0003,0.07
817.746,,,,-0.0003,0.0003,0.07
817.797,,,,-0.0003,0.0003,0.07
817.847,,,,-0.0003,0.0003,0.07
817.898,,,,-0.0003,0.0003,0.07
817.948,,,,-0.0003,0.0003,0.07
817.999,,,,-0.0003,0.0003,0.07
818.085,,,,-0.0003,0.0003,0.07
818.136,,,,-0.0003,0.0003,0.07
818.186,,,,-0.0003,0.0003,0.07
818.237,,,,-0.0003,0.0003,0.07
818.287,,,,-0.0003,0.0003,0.07
818.338,,,,-0.0003,0.0003,0.07
818.388,,,,-0.0003,0.0003,0.07
818.439,,,,-0.0003,0.0003,0.07
818.49,,,,-0.0003,0.0003,0.07
818.54,,,,-0.0003,0.0003,0.07
818.591,,,,-0.0003,0.0003,0.07
818.642,,,,-0.0003,0.0003,0.07
818.692,,,,-0.0003,0.0003,0.07
818.743,,,,-0.0003,0.0003,0.07
818.794,,,,-0.0003,0.0003,0.07
818.844,,,,-0.0003,0.0003,0.07
818.895,,,,-0.0003,0.0003,0.07
818.945,,,,-0.0003,0.0003,0.07
818.996,,,,-0.0003,0.0003,0.07
819.046,,,,-0.0003,0.0003,0.07
819.098,,,,-0.0003,0.0003,0.07
819.149,,,,-0.0003,0.0003,0.07
819.2,,,,-0.0003,0.0003,0.07
819.251,,,,-0.0003,0.0003,0.07
819.301,,,,-0.0003,0.0003,0.07
819.352,,,,-0.0003,0.0003,0.07
819.403,,,,-0.0003,0.0003,0.07
819.461,,,,-0.0003,0.0003,0.07
819.512,,,,-0.0003,0.0003,0.07
819.562,,,,-0.0003,0.0003,0.07
819.613,,,,-0.0003,0.0003,0.07
819.664,,,,-0.0003,0.0003,0.07
819.714,,,,-0.0003,0.0003,0.07
819.765,,,,-0.0003,0.0003,0.07
819.815,,,,-0.0003,0.0003,0.07
819.866,,,,-0.0003,0.0003,0.07
819.917,,,,-0.0003,0.0003,0.07
819.967,,,,-0.0003,0.0003,0.07
820.018,,,,-0.0003,0.0003,0.07
820.069,,,,-0.0003,0.0003,0.07
820.119,,,,-0.0003,0.0003,0.07
820.17,,,,-0.0003,0.0003,0.07
820.221,,,,-0.0003,0.0003,0.07
820.271,,,,-0.0003,0.0003,0.07
820.322,,,,-0.0003,0.0003,0.07
820.372,,,,-0.0003,0.0003,0.07
820.423,,,,-0.0003,0.0003,0.07
820.473,,,,-0.0003,0.0003,0.07
820.524,,,,-0.0003,0.0003,0.07
820.575,,,,-0.0003,0.0003,0.07
820.625,,,,-0.0003,0.0003,0.07
820.676,,,,-0.0003,0.0003,0.07
820.727,,,,-0.0003,0.0003,0.07
820.778,,,,-0.0003,0.0003,0.07
820.829,,,,-0.0003,0.0003,0.07
820.879,,,,-0.0003,0.0003,0.07
820.93,,,,-0.0003,0.0003,0.07
820.981,,,,-0.0003,0.0003,0.07
821.032,,,,-0.0003,0.0003,0.07
821.082,,,,-0.0003,0.0003,0.07
821.134,,,,-0.0003,0.0003,0.07
821.185,,,,-0.0003,0.0003,0.07
821.236,,,,-0.0003,0.0003,0.07
821.286,,,,-0.0003,0.0003,0.07
821.337,,,,-0.0003,0.0003,0.07
821.388,,,,-0.0003,0.0003,0.07
821.439,,,,-0.0003,0.0003,0.07
821.49,,,,-0.0003,0.0003,0.07
821.54,,,,-0.0003,0.0003,0.07
821.591,,,,-0.0003,0.0003,0.07
821.641,,,,-0.0003,0.0003,0.07
821.692,,,,-0.0003,0.0003,0.07
821.743,,,,-0.0003,0.0003,0.07
821.793,,,,-0.0003,0.0003,0.07
821.844,,,,-0.0003,0.0003,0.07
821.895,,,,-0.0003,0.0003,0.07
821.946,,,,-0.0003,0.0003,0.07
821.996,,,,-0.0003,0.0003,0.07
822.047,,,,-0.0003,0.0003,0.07
822.098,,,,-0.0003,0.0003,0.07
822.173,,,,-0.0003,0.0003,0.07
822.224,,,,-0.0003,0.0003,0.07
822.275,,,,-0.0003,0.0003,0.07
822.326,,,,-0.0003,0.0003,0.07
822.376,,,,-0.0003,0.0003,0.07
822.427,,,,-0.0003,0.0003,0.07
822.477,,,,-0.0003,0.0003,0.07
822.528,,,,-0.0003,0.0003,0.07
822.578,,,,-0.0003,0.0003,0.07
822.629,,,,-0.0003,0.0003,0.07
822.679,,,,-0.0003,0.0003,0.07
822.73,,,,-0.0003,0.0003,0.07
822.781,,,,-0.0003,0.0003,0.07
822.831,,,,-0.0003,0.0003,0.07
822.882,,,,-0.0003,0.0003,0.07
822.933,,,,-0.0003,0.0003,0.07
822.983,,,,-0.0003,0.0003,0.07
823.034,,,,-0.0003,0.0003,0.07
823.085,,,,-0.0003,0.0003,0.07
823.136,,,,-0.0003,0.0003,0.07
823.187,,,,-0.0003,0.0003,0.07
823.237,,,,-0.0003,0.0003,0.07
823.288,,,,-0.0003,0.0003,0.07
823.339,,,,-0.0003,0.0003,0.07
823.389,,,,-0.0003,0.0003,0.07
823.44,,,,-0.0003,0.0003,0.07
823.49,,,,-0.0003,0.0003,0.07
823.54,,,,-0.0003,0.0003,0.07
823.592,,,,-0.0003,0.0003,0.07
823.643,,,,-0.0003,0.0003,0.07
823.694,,,,-0.0003,0.0003,0.07
823.744,,,,-0.0003,0.0003,0.07
823.795,,,,-0.0003,0.0003,0.07
823.845,,,,-0.0003,0.0003,0.07
823.896,,,,-0.0003,0.0003,0.07
823.947,,,,-0.0003,0.0003,0.07
823.997,,,,-0.0003,0.0003,0.07
824.048,,,,-0.0003,0.0003,0.07
824.098,,,,-0.0003,0.0003,0.07
824.149,,,,-0.0003,0.0003,0.07
824.199,,,,-0.0003,0.0003,0.07
824.25,,,,-0.0003,0.0003,0.07
824.301,,,,-0.0003,0.0003,0.07
824.351,,,,-0.0003,0.0003,0.07
824.403,,,,-0.0003,0.0003,0.07
824.453,,,,-0.0003,0.0003,0.07
824.504,,,,-0.0003,0.0003,0.07
824.555,,,,-0.0003,0.0003,0.07
824.605,,,,-0.0003,0.0003,0.07
824.656,,,,-0.0003,0.0003,0.07
824.706,,,,-0.0003,0.0003,0.07
824.757,,,,-0.0003,0.0003,0.07
824.807,,,,-0.0003,0.0003,0.07
824.858,,,,-0.0003,0.0003,0.07
824.909,,,,-0.0003,0.0003,0.07
824.96,,,,-0.0003,0.0003,0.07
825.01,,,,-0.0003,0.0003,0.07
825.061,,,,-0.0003,0.0003,0.07
825.112,,,,-0.0003,0.0003,0.07
825.162,,,,-0.0003,0.0003,0.07
825.213,,,,-0.0003,0.0003,0.07
825.263,,,,-0.0003,0.0003,0.07
825.314,,,,-0.0003,0.0003,0.07
825.365,,,,-0.0003,0.0003,0.07
825.416,,,,-0.0003,0.0003,0.07
825.467,,,,-0.0003,0.0003,0.07
825.517,,,,-0.0003,0.0003,0.07
825.567,,,,-0.0003,0.0003,0.07
825.618,,,,-0.0003,0.0003,0.07
825.669,,,,-0.0003,0.0003,0.07
825.719,,,,-0.0003,0.0003,0.07
825.77,,,,-0.0003,0.0003,0.07
825.821,,,,-0.0003,0.0003,0.07
825.872,,,,-0.0003,0.0003,0.07
825.923,,,,-0.0003,0.0003,0.07
825.974,,,,-0.0003,0.0003,0.07
826.024,,,,-0.0003,0.0003,0.07
826.075,,,,-0.0003,0.0003,0.07
826.126,,,,-0.0003,0.0003,0.07
826.176,,,,-0.0003,0.0003,0.07
826.233,,,,-0.0003,0.0003,0.07
826.284,,,,-0.0003,0.0003,0.07
826.335,,,,-0.0003,0.0003,0.07
826.385,,,,-0.0003,0.0003,0.07
826.436,,,,-0.0003,0.0003,0.07
826.486,,,,-0.0003,0.0003,0.07
826.537,,,,-0.0003,0.0003,0.07
826.587,,,,-0.0003,0.0003,0.07
826.638,,,,-0.0003,0.0003,0.07
826.689,,,,-0.0003,0.0003,0.07
826.74,,,,-0.0003,0.0003,0.07
826.791,,,,-0.0003,0.0003,0.07
826.842,,,,-0.0003,0.0003,0.07
826.892,,,,-0.0003,0.0003,0.07
826.943,,,,-0.0003,0.0003,0.07
826.994,,,,-0.0003,0.0003,0.07
827.045,,,,-0.0003,0.0003,0.07
827.096,,,,-0.0003,0.0003,0.07
827.147,,,,-0.0003,0.0003,0.07
827.197,,,,-0.0003,0.0003,0.07
827.248,,,,-0.0003,0.0003,0.07
827.299,,,,-0.0003,0.0003,0.07
827.349,,,,-0.0003,0.0003,0.07
827.4,,,,-0.0003,0.0003,0.07
827.451,,,,-0.0003,0.0003,0.07
827.502,,,,-0.0003,0.0003,0.07
827.553,,,,-0.0003,0.0003,0.07
827.634,,,,-0.0003,0.0003,0.07
827.685,,,,-0.0003,0.0003,0.07
827.736,,,,-0.0003,0.0003,0.07
827.786,,,,-0.0003,0.0003,0.07
827.837,,,,-0.0003,0.0003,0.07
827.887,,,,-0.0003,0.0003,0.07
827.938,,,,-0.0003,0.0003,0.07
827.989,,,,-0.0003,0.0003,0.07
828.039,,,,-0.0003,0.0003,0.07
828.09,,,,-0.0003,0.0003,0.07
828.14,,,,-0.0003,0.0003,0.07
828.191,,,,-0.0003,0.0003,0.07
828.242,,,,-0.0003,0.0003,0.07
828.292,,,,-0.0003,0.0003,0.07
828.343,,,,-0.0003,0.0003,0.07
828.394,,,,-0.0003,0.0003,0.07
828.445,,,,-0.0003,0.0003,0.07
828.496,,,,-0.0003,0.0003,0.07
828.546,,,,-0.0003,0.0003,0.07
828.597,,,,-0.0003,0.0003,0.07
828.648,,,,-0.0003,0.0003,0.07
828.699,,,,-0.0003,0.0003,0.07
828.749,,,,-0.0003,0.0003,0.07
828.799,,,,-0.0003,0.0003,0.07
828.85,,,,-0.0003,0.0003,0.07
828.901,,,,-0.0003,0.0003,0.07
828.951,,,,-0.0003,0.0003,0.07
829.002,,,,-0.0003,0.0003,0.07
829.053,,,,-0.0003,0.0003,0.07
829.104,,,,-0.0003,0.0003,0.07
829.154,,,,-0.0003,0.0003,0.07
829.205,,,,-0.0003,0.0003,0.07
829.257,,,,-0.0003,0.0003,0.07
829.307,,,,-0.0003,0.0003,0.07
829.357,,,,-0.0003,0.0003,0.07
829.408,,,,-0.0003,0.0003,0.07
829.458,,,,-0.0003,0.0003,0.07
829.509,,,,-0.0003,0.0003,0.07
829.56,,,,-0.0003,0.0003,0.07
829.611,,,,-0.0003,0.0003,0.07
829.661,,,,-0.0003,0.0003,0.07
829.712,,,,-0.0003,0.0003,0.07
829.763,,,,-0.0003,0.0003,0.07
829.814,,,,-0.0003,0.0003,0.07
829.865,,,,-0.0003,0.0003,0.07
829.916,,,,-0.0003,0.0003,0.07
829.967,,,,-0.0003,0.0003,0.07
830.018,,,,-0.0003,0.0003,0.07
830.069,,,,-0.0003,0.0003,0.07
830.12,,,,-0.0003,0.0003,0.07
830.171,,,,-0.0003,0.0003,0.07
830.221,,,,-0.0003,0.0003,0.07
830.272,,,,-0.0003,0.0003,0.07
830.354,,,,-0.0003,0.0003,0.07
830.407,,,,-0.0003,0.0003,0.07
830.458,,,,-0.0003,0.0003,0.07
830.508,,,,-0.0003,0.0003,0.07
830.559,,,,-0.0003,0.0003,0.07
830.609,,,,-0.0003,0.0003,0.07
830.66,,,,-0.0003,0.0003,0.07
830.711,,,,-0.0003,0.0003,0.07
830.762,,,,-0.0003,0.0003,0.07
830.813,,,,-0.0003,0.0003,0.07
830.864,,,,-0.0003,0.0003,0.07
830.915,,,,-0.0003,0.0003,0.07
830.965,,,,-0.0003,0.0003,0.07
831.016,,,,-0.0003,0.0003,0.07
831.066,,,,-0.0003,0.0003,0.07
831.117,,,,-0.0003,0.0003,0.07
831.168,,,,-0.0003,0.0003,0.07
831.218,,,,-0.0003,0.0003,0.07
831.269,,,,-0.0003,0.0003,0.07
831.32,,,,-0.0003,0.0003,0.07
831.371,,,,-0.0003,0.0003,0.07
831.422,,,,-0.0003,0.0003,0.07
831.472,,,,-0.0003,0.0003,0.07
831.523,,,,-0.0003,0.0003,0.07
831.573,,,,-0.0003,0.0003,0.07
831.624,,,,-0.0003,0.0003,0.07
831.675,,,,-0.0003,0.0003,0.07
831.725,,,,-0.0003,0.0003,0.07
831.776,,,,-0.0003,0.0003,0.07
831.826,,,,-0.0003,0.0003,0.07
831.877,,,,-0.0003,0.0003,0.07
831.927,,,,-0.0003,0.0003,0.07
831.98,,,,-0.0003,0.0003,0.07
832.031,,,,-0.0003,0.0003,0.07
832.082,,,,-0.0003,0.0003,0.07
832.133,,,,-0.0003,0.0003,0.07
832.184,,,,-0.0003,0.0003,0.07
832.235,,,,-0.0003,0.0003,0.07
832.285,,,,-0.0003,0.0003,0.07
832.336,,,,-0.0003,0.0003,0.07
832.39,,,,-0.0003,0.0003,0.07
832.442,,,,-0.0003,0.0003,0.07
832.492,,,,-0.0003,0.0003,0.07
832.543,,,,-0.0003,0.0003,0.07
832.593,,,,-0.0003,0.0003,0.07
832.644,,,,-0.0003,0.0003,0.07
832.695,,,,-0.0003,0.0003,0.07
832.746,,,,-0.0003,0.0003,0.07
832.797,,,,-0.0003,0.0003,0.07
832.847,,,,-0.0003,0.0003,0.07
832.898,,,,-0.0003,0.0003,0.07
832.949,,,,-0.0003,0.0003,0.07
833.0,,,,-0.0003,0.0003,0.07
833.084,,,,-0.0003,0.0003,0.07
833.135,,,,-0.0003,0.0003,0.07
833.186,,,,-0.0003,0.0003,0.07
833.236,,,,-0.0003,0.0003,0.07
833.286,,,,-0.0003,0.0003,0.07
833.337,,,,-0.0003,0.0003,0.07
833.388,,,,-0.0003,0.0003,0.07
833.439,,,,-0.0003,0.0003,0.07
833.489,,,,-0.0003,0.0003,0.07
833.54,,,,-0.0003,0.0003,0.07
833.591,,,,-0.0003,0.0003,0.07
833.642,,,,-0.0003,0.0003,0.07
833.693,,,,-0.0003,0.0003,0.07
833.743,,,,-0.0003,0.0003,0.07
833.794,,,,-0.0003,0.0003,0.07
833.845,,,,-0.0003,0.0003,0.07
833.895,,,,-0.0003,0.0003,0.07
833.946,,,,-0.0003,0.0003,0.07
833.996,,,,-0.0003,0.0003,0.07
834.047,,,,-0.0003,0.0003,0.07
834.098,,,,-0.0003,0.0003,0.07
834.148,,,,-0.0003,0.0003,0.07
834.2,,,,-0.0003,0.0003,0.07
834.251,,,,-0.0003,0.0003,0.07
834.302,,,,-0.0003,0.0003,0.07
834.353,,,,-0.0003,0.0003,0.07
834.403,,,,-0.0003,0.0003,0.07
834.454,,,,-0.0003,0.0003,0.07
834.505,,,,-0.0003,0.0003,0.07
834.556,,,,-0.0003,0.0003,0.07
834.606,,,,-0.0003,0.0003,0.07
834.656,,,,-0.0003,0.0003,0.07
834.707,,,,-0.0003,0.0003,0.07
834.758,,,,-0.0003,0.0003,0.07
834.808,,,,-0.0003,0.0003,0.07
834.859,,,,-0.0003,0.0003,0.07
834.91,,,,-0.0003,0.0003,0.07
834.96,,,,-0.0003,0.0003,0.07
835.012,,,,-0.0003,0.0003,0.07
835.062,,,,-0.0003,0.0003,0.07
835.113,,,,-0.0003,0.0003,0.07
835.164,,,,-0.0003,0.0003,0.07
835.214,,,,-0.0003,0.0003,0.07
835.265,,,,-0.0003,0.0003,0.07
835.315,,,,-0.0003,0.0003,0.07
835.366,,,,-0.0003,0.0003,0.07
835.417,,,,-0.0003,0.0003,0.07
835.467,,,,-0.0003,0.0003,0.07
835.518,,,,-0.0003,0.0003,0.07
835.569,,,,-0.0003,0.0003,0.07
835.62,,,,-0.0003,0.0003,0.07
835.67,,,,-0.0003,0.0003,0.07
835.721,,,,-0.0003,0.0003,0.07
835.772,,,,-0.0003,0.0003,0.07
835.823,,,,-0.0003,0.0003,0.07
835.874,,,,-0.0003,0.0003,0.07
835.924,,,,-0.0003,0.0003,0.07
835.975,,,,-0.0003,0.0003,0.07
836.025,,,,-0.0003,0.0003,0.07
836.076,,,,-0.0003,0.0003,0.07
836.127,,,,-0.0003,0.0003,0.07
836.178,,,,-0.0003,0.0003,0.07
836.229,,,,-0.0003,0.0003,0.07
836.28,,,,-0.0003,0.0003,0.07
836.33,,,,-0.0003,0.0003,0.07
836.381,,,,-0.0003,0.0003,0.07
836.431,,,,-0.0003,0.0003,0.07
836.482,,,,-0.0003,0.0003,0.07
836.532,,,,-0.0003,0.0003,0.07
836.583,,,,-0.0003,0.0003,0.07
836.634,,,,-0.0003,0.0003,0.07
836.685,,,,-0.0003,0.0003,0.07
836.735,,,,-0.0003,0.0003,0.07
836.786,,,,-0.0003,0.0003,0.07
836.836,,,,-0.0003,0.0003,0.07
836.887,,,,-0.0003,0.0003,0.07
836.938,,,,-0.0003,0.0003,0.07
836.989,,,,-0.0003,0.0003,0.07
837.04,,,,-0.0003,0.0003,0.07
837.092,,,,-0.0003,0.0003,0.07
837.182,,,,-0.0003,0.0003,0.07
837.232,,,,-0.0003,0.0003,0.07
837.283,,,,-0.0003,0.0003,0.07
837.333,,,,-0.0003,0.0003,0.07
837.384,,,,-0.0003,0.0003,0.07
837.435,,,,-0.0003,0.0003,0.07
837.485,,,,-0.0003,0.0003,0.07
837.536,,,,-0.0003,0.0003,0.07
837.587,,,,-0.0003,0.0003,0.07
837.637,,,,-0.0003,0.0003,0.07
837.688,,,,-0.0003,0.0003,0.07
837.739,,,,-0.0003,0.0003,0.07
837.789,,,,-0.0003,0.0003,0.07
837.84,,,,-0.0003,0.0003,0.07
837.89,,,,-0.0003,0.0003,0.07
837.941,,,,-0.0003,0.0003,0.07
837.992,,,,-0.0003,0.0003,0.07
838.042,,,,-0.0003,0.0003,0.07
838.093,,,,-0.0003,0.0003,0.07
838.144,,,,-0.0003,0.0003,0.07
838.194,,,,-0.0003,0.0003,0.07
838.245,,,,-0.0003,0.0003,0.07
838.295,,,,-0.0003,0.0003,0.07
838.346,,,,-0.0003,0.0003,0.07
838.397,,,,-0.0003,0.0003,0.07
838.447,,,,-0.0003,0.0003,0.07
838.498,,,,-0.0003,0.0003,0.07
838.549,,,,-0.0003,0.0003,0.07
838.6,,,,-0.0003,0.0003,0.07
838.651,,,,-0.0003,0.0003,0.07
838.701,,,,-0.0003,0.0003,0.07
838.751,,,,-0.0003,0.0003,0.07
838.802,,,,-0.0003,0.0003,0.07
838.853,,,,-0.0003,0.0003,0.07
838.903,,,,-0.0003,0.0003,0.07
838.954,,,,-0.0003,0.0003,0.07
839.004,,,,-0.0003,0.0003,0.07
839.055,,,,-0.0003,0.0003,0.07
839.105,,,,-0.0003,0.0003,0.07
839.156,,,,-0.0003,0.0003,0.07
839.207,,,,-0.0003,0.0003,0.07
839.258,,,,-0.0003,0.0003,0.07
839.308,,,,-0.0003,0.0003,0.07
839.359,,,,-0.0003,0.0003,0.07
839.409,,,,-0.0003,0.0003,0.07
839.46,,,,-0.0003,0.0003,0.07
839.511,,,,-0.0003,0.0003,0.07
839.562,,,,-0.0003,0.0003,0.07
839.612,,,,-0.0003,0.0003,0.07
839.663,,,,-0.0003,0.0003,0.07
839.713,,,,-0.0003,0.0003,0.07
839.764,,,,-0.0003,0.0003,0.07
839.814,,,,-0.0003,0.0003,0.07
839.865,,,,-0.0003,0.0003,0.07
839.916,,,,-0.0003,0.0003,0.07
839.966,,,,-0.0003,0.0003,0.07
840.018,,,,-0.0003,0.0003,0.07
840.068,,,,-0.0003,0.0003,0.07
840.119,,,,-0.0003,0.0003,0.07
840.169,,,,-0.0003,0.0003,0.07
840.22,,,,-0.0003,0.0003,0.07
840.271,,,,-0.0003,0.0003,0.07
840.322,,,,-0.0003,0.0003,0.07
840.372,,,,-0.0003,0.0003,0.07
840.423,,,,-0.0003,0.0003,0.07
840.474,,,,-0.0003,0.0003,0.07
840.524,,,,-0.0003,0.0003,0.07
840.575,,,,-0.0003,0.0003,0.07
840.626,,,,-0.0003,0.0003,0.07
840.676,,,,-0.0003,0.0003,0.07
840.727,,,,-0.0003,0.0003,0.07
840.778,,,,-0.0003,0.0003,0.07
840.828,,,,-0.0003,0.0003,0.07
840.879,,,,-0.0003,0.0003,0.07
840.93,,,,-0.0003,0.0003,0.07
840.981,,,,-0.0003,0.0003,0.07
841.032,,,,-0.0003,0.0003,0.07
841.082,,,,-0.0003,0.0003,0.07
841.133,,,,-0.0003,0.0003,0.07
841.184,,,,-0.0003,0.0003,0.07
841.266,,,,-0.0003,0.0003,0.07
841.316,,,,-0.0003,0.0003,0.07
841.367,,,,-0.0003,0.0003,0.07
841.417,,,,-0.0003,0.0003,0.07
841.468,,,,-0.0003,0.0003,0.07
841.519,,,,-0.0003,0.0003,0.07
841.569,,,,-0.0003,0.0003,0.07
841.62,,,,-0.0003,0.0003,0.07
841.671,,,,-0.0003,0.0003,0.07
841.721,,,,-0.0003,0.0003,0.07
841.772,,,,-0.0003,0.0003,0.07
841.822,,,,-0.0003,0.0003,0.07
841.873,,,,-0.0003,0.0003,0.07
841.923,,,,-0.0003,0.0003,0.07
841.974,,,,-0.0003,0.0003,0.07
842.025,,,,-0.0003,0.0003,0.07
842.075,,,,-0.0003,0.0003,0.07
842.126,,,,-0.0003,0.0003,0.07
842.176,,,,-0.0003,0.0003,0.07
842.227,,,,-0.0003,0.0003,0.07
842.278,,,,-0.0003,0.0003,0.07
842.328,,,,-0.0003,0.0003,0.07
842.379,,,,-0.0003,0.0003,0.07
842.43,,,,-0.0003,0.0003,0.07
842.48,,,,-0.0003,0.0003,0.07
842.531,,,,-0.0003,0.0003,0.07
842.581,,,,-0.0003,0.0003,0.07
842.632,,,,-0.0003,0.0003,0.07
842.683,,,,-0.0003,0.0003,0.07
842.735,,,,-0.0003,0.0003,0.07
842.785,,,,-0.0003,0.0003,0.07
842.836,,,,-0.0003,0.0003,0.07
842.886,,,,-0.0003,0.0003,0.07
842.937,,,,-0.0003,0.0003,0.07
842.987,,,,-0.0003,0.0003,0.07
843.038,,,,-0.0003,0.0003,0.07
843.089,,,,-0.0003,0.0003,0.07
843.139,,,,-0.0003,0.0003,0.07
843.19,,,,-0.0003,0.0003,0.07
843.241,,,,-0.0003,0.0003,0.07
843.291,,,,-0.0003,0.0003,0.07
843.342,,,,-0.0003,0.0003,0.07
843.393,,,,-0.0003,0.0003,0.07
843.443,,,,-0.0003,0.0003,0.07
843.494,,,,-0.0003,0.0003,0.07
843.545,,,,-0.0003,0.0003,0.07
843.595,,,,-0.0003,0.0003,0.07
843.646,,,,-0.0003,0.0003,0.07
843.696,,,,-0.0003,0.0003,0.07
843.747,,,,-0.0003,0.0003,0.07
843.798,,,,-0.0003,0.0003,0.07
843.849,,,,-0.0003,0.0003,0.07
843.899,,,,-0.0003,0.0003,0.07
843.95,,,,-0.0003,0.0003,0.07
844.001,,,,-0.0003,0.0003,0.07
844.052,,,,-0.0003,0.0003,0.07
844.102,,,,-0.0003,0.0003,0.07
844.153,,,,-0.0003,0.0003,0.07
844.204,,,,-0.0003,0.0003,0.07
844.255,,,,-0.0003,0.0003,0.07
844.305,,,,-0.0003,0.0003,0.07
844.356,,,,-0.0003,0.0003,0.07
844.406,,,,-0.0003,0.0003,0.07
844.457,,,,-0.0003,0.0003,0.07
844.507,,,,-0.0003,0.0003,0.07
844.558,,,,-0.0003,0.0003,0.07
844.609,,,,-0.0003,0.0003,0.07
844.659,,,,-0.0003,0.0003,0.07
844.728,,,,-0.0003,0.0003,0.07
844.779,,,,-0.0003,0.0003,0.07
844.829,,,,-0.0003,0.0003,0.07
844.88,,,,-0.0003,0.0003,0.07
844.93,,,,-0.0003,0.0003,0.07
844.981,,,,-0.0003,0.0003,0.07
845.032,,,,-0.0003,0.0003,0.07
845.082,,,,-0.0003,0.0003,0.07
845.133,,,,-0.0003,0.0003,0.07
845.183,,,,-0.0003,0.0003,0.07
845.234,,,,-0.0003,0.0003,0.07
845.284,,,,-0.0003,0.0003,0.07
845.361,,,,-0.0003,0.0003,0.07
845.411,,,,-0.0003,0.0003,0.07
845.462,,,,-0.0003,0.0003,0.07
845.513,,,,-0.0003,0.0003,0.07
845.563,,,,-0.0003,0.0003,0.07
845.614,,,,-0.0003,0.0003,0.07
845.665,,,,-0.0003,0.0003,0.07
845.716,,,,-0.0003,0.0003,0.07
845.766,,,,-0.0003,0.0003,0.07
845.817,,,,-0.0003,0.0003,0.07
845.868,,,,-0.0003,0.0003,0.07
845.918,,,,-0.0003,0.0003,0.07
845.969,,,,-0.0003,0.0003,0.07
846.02,,,,-0.0003,0.0003,0.07
846.071,,,,-0.0003,0.0003,0.07
846.121,,,,-0.0003,0.0003,0.07
846.172,,,,-0.0003,0.0003,0.07
846.223,,,,-0.0003,0.0003,0.07
846.273,,,,-0.0003,0.0003,0.07
846.324,,,,-0.0003,0.0003,0.07
846.375,,,,-0.0003,0.0003,0.07
846.426,,,,-0.0003,0.0003,0.07
846.477,,,,-0.0003,0.0003,0.07
846.527,,,,-0.0003,0.0003,0.07
846.578,,,,-0.0003,0.0003,0.07
846.63,,,,-0.0003,0.0003,0.07
846.714,,,,-0.0003,0.0003,0.07
846.765,,,,-0.0003,0.0003,0.07
846.816,,,,-0.0003,0.0003,0.07
846.867,,,,-0.0003,0.0003,0.07
846.917,,,,-0.0003,0.0003,0.07
846.968,,,,-0.0003,0.0003,0.07
847.019,,,,-0.0003,0.0003,0.07
847.07,,,,-0.0003,0.0003,0.07
847.121,,,,-0.0003,0.0003,0.07
847.171,,,,-0.0003,0.0003,0.07
847.222,,,,-0.0003,0.0003,0.07
847.273,,,,-0.0003,0.0003,0.07
847.323,,,,-0.0003,0.0003,0.07
847.374,,,,-0.0003,0.0003,0.07
847.425,,,,-0.0003,0.0003,0.07
847.476,,,,-0.0003,0.0003,0.07
847.526,,,,-0.0003,0.0003,0.07
847.577,,,,-0.0003,0.0003,0.07
847.628,,,,-0.0003,0.0003,0.07
847.678,,,,-0.0003,0.0003,0.07
847.729,,,,-0.0003,0.0003,0.07
847.78,,,,-0.0003,0.0003,0.07
847.831,,,,-0.0003,0.0003,0.07
847.882,,,,-0.0003,0.0003,0.07
847.933,,,,-0.0003,0.0003,0.07
847.984,,,,-0.0003,0.0003,0.07
848.034,,,,-0.0003,0.0003,0.07
848.085,,,,-0.0003,0.0003,0.07
848.136,,,,-0.0003,0.0003,0.07
848.187,,,,-0.0003,0.0003,0.07
848.238,,,,-0.0003,0.0003,0.07
848.289,,,,-0.0003,0.0003,0.07
848.34,,,,-0.0003,0.0003,0.07
848.391,,,,-0.0003,0.0003,0.07
848.442,,,,-0.0003,0.0003,0.07
848.492,,,,-0.0003,0.0003,0.07
848.543,,,,-0.0003,0.0003,0.07
848.594,,,,-0.0003,0.0003,0.07
848.644,,,,-0.0003,0.0003,0.07
848.695,,,,-0.0003,0.0003,0.07
848.746,,,,-0.0003,0.0003,0.07
848.796,,,,-0.0003,0.0003,0.07
848.848,,,,-0.0003,0.0003,0.07
848.899,,,,-0.0003,0.0003,0.07
848.95,,,,-0.0003,0.0003,0.07
849.0,,,,-0.0003,0.0003,0.07
849.051,,,,-0.0003,0.0003,0.07
849.102,,,,-0.0003,0.0003,0.07
849.153,,,,-0.0003,0.0003,0.07
849.204,,,,-0.0003,0.0003,0.07
849.255,,,,-0.0003,0.0003,0.07
849.306,,,,-0.0003,0.0003,0.07
849.356,,,,-0.0003,0.0003,0.07
849.407,,,,-0.0003,0.0003,0.07
849.458,,,,-0.0003,0.0003,0.07
849.508,,,,-0.0003,0.0003,0.07
849.559,,,,-0.0003,0.0003,0.07
849.61,,,,-0.0003,0.0003,0.07
849.661,,,,-0.0003,0.0003,0.07
849.711,,,,-0.0003,0.0003,0.07
849.762,,,,-0.0003,0.0003,0.07
849.813,,,,-0.0003,0.0003,0.07
849.863,,,,-0.0003,0.0003,0.07
849.914,,,,-0.0003,0.0003,0.07
849.965,,,,-0.0003,0.0003,0.07
850.015,,,,-0.0003,0.0003,0.07
850.066,,,,-0.0003,0.0003,0.07
850.117,,,,-0.0003,0.0003,0.07
850.168,,,,-0.0003,0.0003,0.07
850.219,,,,-0.0003,0.0003,0.07
850.269,,,,-0.0003,0.0003,0.07
850.32,,,,-0.0003,0.0003,0.07
850.371,,,,-0.0003,0.0003,0.07
850.422,,,,-0.0003,0.0003,0.07
850.473,,,,-0.0003,0.0003,0.07
850.524,,,,-0.0003,0.0003,0.07
850.574,,,,-0.0003,0.0003,0.07
850.625,,,,-0.0003,0.0003,0.07
850.675,,,,-0.0003,0.0003,0.07
850.726,,,,-0.0003,0.0003,0.07
850.808,,,,-0.0003,0.0003,0.07
850.859,,,,-0.0003,0.0003,0.07
850.91,,,,-0.0003,0.0003,0.07
850.96,,,,-0.0003,0.0003,0.07
851.011,,,,-0.0003,0.0003,0.07
851.062,,,,-0.0003,0.0003,0.07
851.113,,,,-0.0003,0.0003,0.07
851.164,,,,-0.0003,0.0003,0.07
851.214,,,,-0.0003,0.0003,0.07
851.265,,,,-0.0003,0.0003,0.07
851.316,,,,-0.0003,0.0003,0.07
851.366,,,,-0.0003,0.0003,0.07
851.417,,,,-0.0003,0.0003,0.07
851.468,,,,-0.0003,0.0003,0.07
851.519,,,,-0.0003,0.0003,0.07
851.569,,,,-0.0003,0.0003,0.07
851.62,,,,-0.0003,0.0003,0.07
851.671,,,,-0.0003,0.0003,0.07
851.722,,,,-0.0003,0.0003,0.07
851.773,,,,-0.0003,0.0003,0.07
851.824,,,,-0.0003,0.0003,0.07
851.875,,,,-0.0003,0.0003,0.07
851.925,,,,-0.0003,0.0003,0.07
851.976,,,,-0.0003,0.0003,0.07
852.027,,,,-0.0003,0.0003,0.07
852.078,,,,-0.0003,0.0003,0.07
852.163,,,,-0.0003,0.0003,0.07
852.213,,,,-0.0003,0.0003,0.07
852.264,,,,-0.0003,0.0003,0.07
852.314,,,,-0.0003,0.0003,0.07
852.365,,,,-0.0003,0.0003,0.07
852.415,,,,-0.0003,0.0003,0.07
852.466,,,,-0.0003,0.0003,0.07
852.517,,,,-0.0003,0.0003,0.07
852.567,,,,-0.0003,0.0003,0.07
852.617,,,,-0.0003,0.0003,0.07
852.668,,,,-0.0003,0.0003,0.07
852.719,,,,-0.0003,0.0003,0.07
852.769,,,,-0.0003,0.0003,0.07
852.82,,,,-0.0003,0.0003,0.07
852.871,,,,-0.0003,0.0003,0.07
852.922,,,,-0.0003,0.0003,0.07
852.973,,,,-0.0003,0.0003,0.07
853.023,,,,-0.0003,0.0003,0.07
853.074,,,,-0.0003,0.0003,0.07
853.125,,,,-0.0003,0.0003,0.07
853.175,,,,-0.0003,0.0003,0.07
853.226,,,,-0.0003,0.0003,0.07
853.276,,,,-0.0003,0.0003,0.07
853.327,,,,-0.0003,0.0003,0.07
853.378,,,,-0.0003,0.0003,0.07
853.428,,,,-0.0003,0.0003,0.07
853.479,,,,-0.0003,0.0003,0.07
853.537,,,,-0.0003,0.0003,0.07
853.588,,,,-0.0003,0.0003,0.07
853.639,,,,-0.0003,0.0003,0.07
853.689,,,,-0.0003,0.0003,0.07
853.74,,,,-0.0003,0.0003,0.07
853.791,,,,-0.0003,0.0003,0.07
853.841,,,,-0.0003,0.0003,0.07
853.892,,,,-0.0003,0.0003,0.07
853.943,,,,-0.0003,0.0003,0.07
853.994,,,,-0.0003,0.0003,0.07
854.044,,,,-0.0003,0.0003,0.07
854.095,,,,-0.0003,0.0003,0.07
854.146,,,,-0.0003,0.0003,0.07
854.197,,,,-0.0003,0.0003,0.07
854.247,,,,-0.0003,0.0003,0.07
854.298,,,,-0.0003,0.0003,0.07
854.349,,,,-0.0003,0.0003,0.07
854.4,,,,-0.0003,0.0003,0.07
854.45,,,,-0.0003,0.0003,0.07
854.501,,,,-0.0003,0.0003,0.07
854.551,,,,-0.0003,0.0003,0.07
854.602,,,,-0.0003,0.0003,0.07
854.653,,,,-0.0003,0.0003,0.07
854.703,,,,-0.0003,0.0003,0.07
854.754,,,,-0.0003,0.0003,0.07
854.804,,,,-0.0003,0.0003,0.07
854.855,,,,-0.0003,0.0003,0.07
854.905,,,,-0.0003,0.0003,0.07
854.956,,,,-0.0003,0.0003,0.07
855.006,,,,-0.0003,0.0003,0.07
855.056,,,,-0.0003,0.0003,0.07
855.107,,,,-0.0003,0.0003,0.07
855.158,,,,-0.0003,0.0003,0.07
855.208,,,,-0.0003,0.0003,0.07
855.259,,,,-0.0003,0.0003,0.07
855.309,,,,-0.0003,0.0003,0.07
855.36,,,,-0.0003,0.0003,0.07
855.422,,,,-0.0003,0.0003,0.07
855.478,,,,-0.0003,0.0003,0.07
855.528,,,,-0.0003,0.0003,0.07
855.579,,,,-0.0003,0.0003,0.07
855.63,,,,-0.0003,0.0003,0.07
855.68,,,,-0.0003,0.0003,0.07
855.731,,,,-0.0003,0.0003,0.07
855.782,,,,-0.0003,0.0003,0.07
855.833,,,,-0.0003,0.0003,0.07
855.884,,,,-0.0003,0.0003,0.07
855.934,,,,-0.0003,0.0003,0.07
855.985,,,,-0.0003,0.0003,0.07
856.036,,,,-0.0003,0.0003,0.07
856.087,,,,-0.0003,0.0003,0.07
856.138,,,,-0.0003,0.0003,0.07
856.189,,,,-0.0003,0.0003,0.07
856.261,,,,-0.0003,0.0003,0.07
856.312,,,,-0.0003,0.0003,0.07
856.363,,,,-0.0003,0.0003,0.07
856.413,,,,-0.0003,0.0003,0.07
856.464,,,,-0.0003,0.0003,0.07
856.514,,,,-0.0003,0.0003,0.07
856.565,,,,-0.0003,0.0003,0.07
856.616,,,,-0.0003,0.0003,0.07
856.666,,,,-0.0003,0.0003,0.07
856.717,,,,-0.0003,0.0003,0.07
856.768,,,,-0.0003,0.0003,0.07
856.818,,,,-0.0003,0.0003,0.07
856.869,,,,-0.0003,0.0003,0.07
856.919,,,,-0.0003,0.0003,0.07
856.97,,,,-0.0003,0.0003,0.07
857.02,,,,-0.0003,0.0003,0.07
857.071,,,,-0.0003,0.0003,0.07
857.122,,,,-0.0003,0.0003,0.07
857.172,,,,-0.0003,0.0003,0.07
857.223,,,,-0.0003,0.0003,0.07
857.273,,,,-0.0003,0.0003,0.07
857.324,,,,-0.0003,0.0003,0.07
857.375,,,,-0.0003,0.0003,0.07
857.425,,,,-0.0003,0.0003,0.07
857.476,,,,-0.0003,0.0003,0.07
857.527,,,,-0.0003,0.0003,0.07
857.577,,,,-0.0003,0.0003,0.07
857.627,,,,-0.0003,0.0003,0.07
857.678,,,,-0.0003,0.0003,0.07
857.729,,,,-0.0003,0.0003,0.07
857.779,,,,-0.0003,0.0003,0.07
857.83,,,,-0.0003,0.0003,0.07
857.881,,,,-0.0003,0.0003,0.07
857.931,,,,-0.0003,0.0003,0.07
857.982,,,,-0.0003,0.0003,0.07
858.033,,,,-0.0003,0.0003,0.07
858.083,,,,-0.0003,0.0003,0.07
858.134,,,,-0.0003,0.0003,0.07
858.185,,,,-0.0003,0.0003,0.07
858.236,,,,-0.0003,0.0003,0.07
858.288,,,,-0.0003,0.0003,0.07
858.339,,,,-0.0003,0.0003,0.07
858.389,,,,-0.0003,0.0003,0.07
858.44,,,,-0.0003,0.0003,0.07
858.491,,,,-0.0003,0.0003,0.07
858.542,,,,-0.0003,0.0003,0.07
858.592,,,,-0.0003,0.0003,0.07
858.643,,,,-0.0003,0.0003,0.07
858.694,,,,-0.0003,0.0003,0.07
858.744,,,,-0.0003,0.0003,0.07
858.795,,,,-0.0003,0.0003,0.07
858.846,,,,-0.0003,0.0003,0.07
858.896,,,,-0.0003,0.0003,0.07
858.977,,,,-0.0003,0.0003,0.07
859.028,,,,-0.0003,0.0003,0.07
859.078,,,,-0.0003,0.0003,0.07
859.129,,,,-0.0003,0.0003,0.07
859.179,,,,-0.0003,0.0003,0.07
859.23,,,,-0.0003,0.0003,0.07
859.281,,,,-0.0003,0.0003,0.07
859.331,,,,-0.0003,0.0003,0.07
859.382,,,,-0.0003,0.0003,0.07
859.433,,,,-0.0003,0.0003,0.07
859.483,,,,-0.0003,0.0003,0.07
859.534,,,,-0.0003,0.0003,0.07
859.585,,,,-0.0003,0.0003,0.07
859.635,,,,-0.0003,0.0003,0.07
859.686,,,,-0.0003,0.0003,0.07
859.737,,,,-0.0003,0.0003,0.07
859.787,,,,-0.0003,0.0003,0.07
859.838,,,,-0.0003,0.0003,0.07
859.888,,,,-0.0003,0.0003,0.07
859.939,,,,-0.0003,0.0003,0.07
859.99,,,,-0.0003,0.0003,0.07
860.04,,,,-0.0003,0.0003,0.07
860.091,,,,-0.0003,0.0003,0.07
860.141,,,,-0.0003,0.0003,0.07
860.192,,,,-0.0003,0.0003,0.07
860.242,,,,-0.0003,0.0003,0.07
860.293,,,,-0.0003,0.0003,0.07
860.347,,,,-0.0003,0.0003,0.07
860.398,,,,-0.0003,0.0003,0.07
860.448,,,,-0.0003,0.0003,0.07
860.499,,,,-0.0003,0.0003,0.07
860.549,,,,-0.0003,0.0003,0.07
860.6,,,,-0.0003,0.0003,0.07
860.65,,,,-0.0003,0.0003,0.07
860.701,,,,-0.0003,0.0003,0.07
860.752,,,,-0.0003,0.0003,0.07
860.803,,,,-0.0003,0.0003,0.07
860.853,,,,-0.0003,0.0003,0.07
860.905,,,,-0.0003,0.0003,0.07
860.956,,,,-0.0003,0.0003,0.07
861.006,,,,-0.0003,0.0003,0.07
861.057,,,,-0.0003,0.0003,0.07
861.108,,,,-0.0003,0.0003,0.07
861.159,,,,-0.0003,0.0003,0.07
861.209,,,,-0.0003,0.0003,0.07
861.26,,,,-0.0003,0.0003,0.07
861.31,,,,-0.0003,0.0003,0.07
861.36,,,,-0.0003,0.0003,0.07
861.411,,,,-0.0003,0.0003,0.07
861.462,,,,-0.0003,0.0003,0.07
861.513,,,,-0.0003,0.0003,0.07
861.563,,,,-0.0003,0.0003,0.07
861.614,,,,-0.0003,0.0003,0.07
861.665,,,,-0.0003,0.0003,0.07
861.716,,,,-0.0003,0.0003,0.07
861.766,,,,-0.0003,0.0003,0.07
861.817,,,,-0.0003,0.0003,0.07
861.868,,,,-0.0003,0.0003,0.07
861.918,,,,-0.0003,0.0003,0.07
861.969,,,,-0.0003,0.0003,0.07
862.02,,,,-0.0003,0.0003,0.07
862.071,,,,-0.0003,0.0003,0.07
862.121,,,,-0.0003,0.0003,0.07
862.172,,,,-0.0003,0.0003,0.07
862.223,,,,-0.0003,0.0003,0.07
862.274,,,,-0.0003,0.0003,0.07
862.324,,,,-0.0003,0.0003,0.07
862.375,,,,-0.0003,0.0003,0.07
862.426,,,,-0.0003,0.0003,0.07
862.477,,,,-0.0003,0.0003,0.07
862.527,,,,-0.0003,0.0003,0.07
862.578,,,,-0.0003,0.0003,0.07
862.628,,,,-0.0003,0.0003,0.07
862.678,,,,-0.0003,0.0003,0.07
862.729,,,,-0.0003,0.0003,0.07
862.78,,,,-0.0003,0.0003,0.07
862.831,,,,-0.0003,0.0003,0.07
862.881,,,,-0.0003,0.0003,0.07
862.932,,,,-0.0003,0.0003,0.07
862.983,,,,-0.0003,0.0003,0.07
863.034,,,,-0.0003,0.0003,0.07
863.085,,,,-0.0003,0.0003,0.07
863.135,,,,-0.0003,0.0003,0.07
863.186,,,,-0.0003,0.0003,0.07
863.237,,,,-0.0003,0.0003,0.07
863.287,,,,-0.0003,0.0003,0.07
863.338,,,,-0.0003,0.0003,0.07
863.389,,,,-0.0003,0.0003,0.07
863.439,,,,-0.0003,0.0003,0.07
863.49,,,,-0.0003,0.0003,0.07
863.541,,,,-0.0003,0.0003,0.07
863.592,,,,-0.0003,0.0003,0.07
863.643,,,,-0.0003,0.0003,0.07
863.693,,,,-0.0003,0.0003,0.07
863.744,,,,-0.0003,0.0003,0.07
863.795,,,,-0.0003,0.0003,0.07
863.845,,,,-0.0003,0.0003,0.07
863.896,,,,-0.0003,0.0003,0.07
863.947,,,,-0.0003,0.0003,0.07
863.998,,,,-0.0003,0.0003,0.07
864.049,,,,-0.0003,0.0003,0.07
864.1,,,,-0.0003,0.0003,0.07
864.15,,,,-0.0003,0.0003,0.07
864.201,,,,-0.0003,0.0003,0.07
864.252,,,,-0.0003,0.0003,0.07
864.303,,,,-0.0003,0.0003,0.07
864.354,,,,-0.0003,0.0003,0.07
864.432,,,,-0.0003,0.0003,0.07
864.483,,,,-0.0003,0.0003,0.07
864.534,,,,-0.0003,0.0003,0.07
864.598,,,,-0.0003,0.0003,0.07
864.648,,,,-0.0003,0.0003,0.07
864.699,,,,-0.0003,0.0003,0.07
864.75,,,,-0.0003,0.0003,0.07
864.803,,,,-0.0003,0.0003,0.07
864.857,,,,-0.0003,0.0003,0.07
864.916,,,,-0.0003,0.0003,0.07
864.967,,,,-0.0003,0.0003,0.07
865.018,,,,-0.0003,0.0003,0.07
865.068,,,,-0.0003,0.0003,0.07
865.119,,,,-0.0003,0.0003,0.07
865.17,,,,-0.0003,0.0003,0.07
865.22,,,,-0.0003,0.0003,0.07
865.271,,,,-0.0003,0.0003,0.07
865.321,,,,-0.0003,0.0003,0.07
865.372,,,,-0.0003,0.0003,0.07
865.423,,,,-0.0003,0.0003,0.07
865.473,,,,-0.0003,0.0003,0.07
865.524,,,,-0.0003,0.0003,0.07
865.574,,,,-0.0003,0.0003,0.07
865.625,,,,-0.0003,0.0003,0.07
865.675,,,,-0.0003,0.0003,0.07
865.726,,,,-0.0003,0.0003,0.07
865.796,,,,-0.0003,0.0003,0.07
865.846,,,,-0.0003,0.0003,0.07
865.897,,,,-0.0003,0.0003,0.07
865.948,,,,-0.0003,0.0003,0.07
865.998,,,,-0.0003,0.0003,0.07
866.049,,,,-0.0003,0.0003,0.07
866.1,,,,-0.0003,0.0003,0.07
866.15,,,,-0.0003,0.0003,0.07
866.201,,,,-0.0003,0.0003,0.07
866.251,,,,-0.0003,0.0003,0.07
866.302,,,,-0.0003,0.0003,0.07
866.352,,,,-0.0003,0.0003,0.07
866.403,,,,-0.0003,0.0003,0.07
866.453,,,,-0.0003,0.0003,0.07
866.504,,,,-0.0003,0.0003,0.07
866.556,,,,-0.0003,0.0003,0.07
866.607,,,,-0.0003,0.0003,0.07
866.657,,,,-0.0003,0.0003,0.07
866.707,,,,-0.0003,0.0003,0.07
866.758,,,,-0.0003,0.0003,0.07
866.808,,,,-0.0003,0.0003,0.07
866.859,,,,-0.0003,0.0003,0.07
866.91,,,,-0.0003,0.0003,0.07
866.961,,,,-0.0003,0.0003,0.07
867.012,,,,-0.0003,0.0003,0.07
867.063,,,,-0.0003,0.0003,0.07
867.114,,,,-0.0003,0.0003,0.07
867.166,,,,-0.0003,0.0003,0.07
867.217,,,,-0.0003,0.0003,0.07
867.268,,,,-0.0003,0.0003,0.07
867.318,,,,-0.0003,0.0003,0.07
867.369,,,,-0.0003,0.0003,0.07
867.42,,,,-0.0003,0.0003,0.07
867.47,,,,-0.0003,0.0003,0.07
867.521,,,,-0.0003,0.0003,0.07
867.572,,,,-0.0003,0.0003,0.07
867.622,,,,-0.0003,0.0003,0.07
867.673,,,,-0.0003,0.0003,0.07
867.723,,,,-0.0003,0.0003,0.07
867.774,,,,-0.0003,0.0003,0.07
867.824,,,,-0.0003,0.0003,0.07
867.875,,,,-0.0003,0.0003,0.07
867.926,,,,-0.0003,0.0003,0.07
867.977,,,,-0.0003,0.0003,0.07
868.028,,,,-0.0003,0.0003,0.07
868.079,,,,-0.0003,0.0003,0.07
868.129,,,,-0.0003,0.0003,0.07
868.18,,,,-0.0003,0.0003,0.07
868.231,,,,-0.0003,0.0003,0.07
868.282,,,,-0.0003,0.0003,0.07
868.332,,,,-0.0003,0.0003,0.07
868.383,,,,-0.0003,0.0003,0.07
868.433,,,,-0.0003,0.0003,0.07
868.484,,,,-0.0003,0.0003,0.07
868.535,,,,-0.0003,0.0003,0.07
868.585,,,,-0.0003,0.0003,0.07
868.636,,,,-0.0003,0.0003,0.07
868.687,,,,-0.0003,0.0003,0.07
868.737,,,,-0.0003,0.0003,0.07
868.788,,,,-0.0003,0.0003,0.07
868.838,,,,-0.0003,0.0003,0.07
868.889,,,,-0.0003,0.0003,0.07
868.94,,,,-0.0003,0.0003,0.07
868.991,,,,-0.0003,0.0003,0.07
869.041,,,,-0.0003,0.0003,0.07
869.092,,,,-0.0003,0.0003,0.07
869.143,,,,-0.0003,0.0003,0.07
869.194,,,,-0.0003,0.0003,0.07
869.245,,,,-0.0003,0.0003,0.07
869.296,,,,-0.0003,0.0003,0.07
869.347,,,,-0.0003,0.0003,0.07
869.398,,,,-0.0003,0.0003,0.07
869.449,,,,-0.0003,0.0003,0.07
869.5,,,,-0.0003,0.0003,0.07
869.551,,,,-0.0003,0.0003,0.07
869.601,,,,-0.0003,0.0003,0.07
869.652,,,,-0.0003,0.0003,0.07
869.703,,,,-0.0003,0.0003,0.07
869.754,,,,-0.0003,0.0003,0.07
869.804,,,,-0.0003,0.0003,0.07
869.855,,,,-0.0003,0.0003,0.07
869.906,,,,-0.0003,0.0003,0.07
869.956,,,,-0.0003,0.0003,0.07
870.007,,,,-0.0003,0.0003,0.07
870.058,,,,-0.0003,0.0003,0.07
870.108,,,,-0.0003,0.0003,0.07
870.159,,,,-0.0003,0.0003,0.07
870.209,,,,-0.0003,0.0003,0.07
870.26,,,,-0.0003,0.0003,0.07
870.31,,,,-0.0003,0.0003,0.07
870.361,,,,-0.0003,0.0003,0.07
870.412,,,,-0.0003,0.0003,0.07
870.463,,,,-0.0003,0.0003,0.07
870.514,,,,-0.0003,0.0003,0.07
870.564,,,,-0.0003,0.0003,0.07
870.615,,,,-0.0003,0.0003,0.07
870.666,,,,-0.0003,0.0003,0.07
870.717,,,,-0.0003,0.0003,0.07
870.768,,,,-0.0003,0.0003,0.07
870.819,,,,-0.0003,0.0003,0.07
870.869,,,,-0.0003,0.0003,0.07
870.92,,,,-0.0003,0.0003,0.07
870.971,,,,-0.0003,0.0003,0.07
871.022,,,,-0.0003,0.0003,0.07
871.072,,,,-0.0003,0.0003,0.07
871.123,,,,-0.0003,0.0003,0.07
871.174,,,,-0.0003,0.0003,0.07
871.254,,,,-0.0003,0.0003,0.07
871.304,,,,-0.0003,0.0003,0.07
871.355,,,,-0.0003,0.0003,0.07
871.406,,,,-0.0003,0.0003,0.07
871.457,,,,-0.0003,0.0003,0.07
871.508,,,,-0.0003,0.0003,0.07
871.559,,,,-0.0003,0.0003,0.07
871.609,,,,-0.0003,0.0003,0.07
871.66,,,,-0.0003,0.0003,0.07
871.711,,,,-0.0003,0.0003,0.07
871.762,,,,-0.0003,0.0003,0.07
871.813,,,,-0.0003,0.0003,0.07
871.864,,,,-0.0003,0.0003,0.07
871.914,,,,-0.0003,0.0003,0.07
871.965,,,,-0.0003,0.0003,0.07
872.016,,,,-0.0003,0.0003,0.07
872.067,,,,-0.0003,0.0003,0.07
872.118,,,,-0.0003,0.0003,0.07
872.169,,,,-0.0003,0.0003,0.07
872.219,,,,-0.0003,0.0003,0.07
872.27,,,,-0.0003,0.0003,0.07
872.321,,,,-0.0003,0.0003,0.07
872.371,,,,-0.0003,0.0003,0.07
872.422,,,,-0.0003,0.0003,0.07
872.473,,,,-0.0003,0.0003,0.07
872.523,,,,-0.0003,0.0003,0.07
872.61,,,,-0.0003,0.0003,0.07
872.661,,,,-0.0003,0.0003,0.07
872.711,,,,-0.0003,0.0003,0.07
872.761,,,,-0.0003,0.0003,0.07
872.812,,,,-0.0003,0.0003,0.07
872.862,,,,-0.0003,0.0003,0.07
872.913,,,,-0.0003,0.0003,0.07
872.963,,,,-0.0003,0.0003,0.07
873.014,,,,-0.0003,0.0003,0.07
873.064,,,,-0.0003,0.0003,0.07
873.115,,,,-0.0003,0.0003,0.07
873.165,,,,-0.0003,0.0003,0.07
873.216,,,,-0.0003,0.0003,0.07
873.267,,,,-0.0003,0.0003,0.07
873.317,,,,-0.0003,0.0003,0.07
873.368,,,,-0.0003,0.0003,0.07
873.418,,,,-0.0003,0.0003,0.07
873.469,,,,-0.0003,0.0003,0.07
873.519,,,,-0.0003,0.0003,0.07
873.569,,,,-0.0003,0.0003,0.07
873.621,,,,-0.0003,0.0003,0.07
873.671,,,,-0.0003,0.0003,0.07
873.722,,,,-0.0003,0.0003,0.07
873.772,,,,-0.0003,0.0003,0.07
873.823,,,,-0.0003,0.0003,0.07
873.873,,,,-0.0003,0.0003,0.07
873.924,,,,-0.0003,0.0003,0.07
873.975,,,,-0.0003,0.0003,0.07
874.025,,,,-0.0003,0.0003,0.07
874.076,,,,-0.0003,0.0003,0.07
874.127,,,,-0.0003,0.0003,0.07
874.177,,,,-0.0003,0.0003,0.07
874.228,,,,-0.0003,0.0003,0.07
874.279,,,,-0.0003,0.0003,0.07
874.329,,,,-0.0003,0.0003,0.07
874.379,,,,-0.0003,0.0003,0.07
874.43,,,,-0.0003,0.0003,0.07
874.48,,,,-0.0003,0.0003,0.07
874.53,,,,-0.0003,0.0003,0.07
874.581,,,,-0.0003,0.0003,0.07
874.631,,,,-0.0003,0.0003,0.07
874.681,,,,-0.0003,0.0003,0.07
874.732,,,,-0.0003,0.0003,0.07
874.783,,,,-0.0003,0.0003,0.07
874.833,,,,-0.0003,0.0003,0.07
874.884,,,,-0.0003,0.0003,0.07
874.934,,,,-0.0003,0.0003,0.07
874.985,,,,-0.0003,0.0003,0.07
875.035,,,,-0.0003,0.0003,0.07
875.086,,,,-0.0003,0.0003,0.07
875.137,,,,-0.0003,0.0003,0.07
875.187,,,,-0.0003,0.0003,0.07
875.238,,,,-0.0003,0.0003,0.07
875.289,,,,-0.0003,0.0003,0.07
875.34,,,,-0.0003,0.0003,0.07
875.39,,,,-0.0003,0.0003,0.07
875.441,,,,-0.0003,0.0003,0.07
875.492,,,,-0.0003,0.0003,0.07
875.542,,,,-0.0003,0.0003,0.07
875.593,,,,-0.0003,0.0003,0.07
875.643,,,,-0.0003,0.0003,0.07
875.694,,,,-0.0003,0.0003,0.07
875.745,,,,-0.0003,0.0003,0.07
875.796,,,,-0.0003,0.0003,0.07
875.847,,,,-0.0003,0.0003,0.07
875.897,,,,-0.0003,0.0003,0.07
875.948,,,,-0.0003,0.0003,0.07
875.998,,,,-0.0003,0.0003,0.07
876.049,,,,-0.0003,0.0003,0.07
876.099,,,,-0.0003,0.0003,0.07
876.15,,,,-0.0003,0.0003,0.07
876.201,,,,-0.0003,0.0003,0.07
876.252,,,,-0.0003,0.0003,0.07
876.302,,,,-0.0003,0.0003,0.07
876.353,,,,-0.0003,0.0003,0.07
876.404,,,,-0.0003,0.0003,0.07
876.455,,,,-0.0003,0.0003,0.07
876.505,,,,-0.0003,0.0003,0.07
876.556,,,,-0.0003,0.0003,0.07
876.606,,,,-0.0003,0.0003,0.07
876.657,,,,-0.0003,0.0003,0.07
876.708,,,,-0.0003,0.0003,0.07
876.759,,,,-0.0003,0.0003,0.07
876.81,,,,-0.0003,0.0003,0.07
876.86,,,,-0.0003,0.0003,0.07
876.911,,,,-0.0003,0.0003,0.07
876.961,,,,-0.0003,0.0003,0.07
877.012,,,,-0.0003,0.0003,0.07
877.063,,,,-0.0003,0.0003,0.07
877.113,,,,-0.0003,0.0003,0.07
877.164,,,,-0.0003,0.0003,0.07
877.215,,,,-0.0003,0.0003,0.07
877.265,,,,-0.0003,0.0003,0.07
877.316,,,,-0.0003,0.0003,0.07
877.367,,,,-0.0003,0.0003,0.07
877.417,,,,-0.0003,0.0003,0.07
877.468,,,,-0.0003,0.0003,0.07
877.519,,,,-0.0003,0.0003,0.07
877.569,,,,-0.0003,0.0003,0.07
877.62,,,,-0.0003,0.0003,0.07
877.671,,,,-0.0003,0.0003,0.07
877.722,,,,-0.0003,0.0003,0.07
877.773,,,,-0.0003,0.0003,0.07
877.824,,,,-0.0003,0.0003,0.07
877.874,,,,-0.0003,0.0003,0.07
877.925,,,,-0.0003,0.0003,0.07
877.976,,,,-0.0003,0.0003,0.07
878.066,,,,-0.0003,0.0003,0.07
878.117,,,,-0.0003,0.0003,0.07
878.167,,,,-0.0003,0.0003,0.07
878.218,,,,-0.0003,0.0003,0.07
878.268,,,,-0.0003,0.0003,0.07
878.319,,,,-0.0003,0.0003,0.07
878.369,,,,-0.0003,0.0003,0.07
878.42,,,,-0.0003,0.0003,0.07
878.471,,,,-0.0003,0.0003,0.07
878.521,,,,-0.0003,0.0003,0.07
878.571,,,,-0.0003,0.0003,0.07
878.622,,,,-0.0003,0.0003,0.07
878.672,,,,-0.0003,0.0003,0.07
878.723,,,,-0.0003,0.0003,0.07
878.774,,,,-0.0003,0.0003,0.07
878.824,,,,-0.0003,0.0003,0.07
878.875,,,,-0.0003,0.0003,0.07
878.926,,,,-0.0003,0.0003,0.07
878.977,,,,-0.0003,0.0003,0.07
879.027,,,,-0.0003,0.0003,0.07
879.078,,,,-0.0003,0.0003,0.07
879.128,,,,-0.0003,0.0003,0.07
879.179,,,,-0.0003,0.0003,0.07
879.229,,,,-0.0003,0.0003,0.07
879.28,,,,-0.0003,0.0003,0.07
879.33,,,,-0.0003,0.0003,0.07
879.381,,,,-0.0003,0.0003,0.07
879.432,,,,-0.0003,0.0003,0.07
879.482,,,,-0.0003,0.0003,0.07
879.533,,,,-0.0003,0.0003,0.07
879.583,,,,-0.0003,0.0003,0.07
879.634,,,,-0.0003,0.0003,0.07
879.685,,,,-0.0003,0.0003,0.07
879.735,,,,-0.0003,0.0003,0.07
879.786,,,,-0.0003,0.0003,0.07
879.836,,,,-0.0003,0.0003,0.07
879.887,,,,-0.0003,0.0003,0.07
879.938,,,,-0.0003,0.0003,0.07
879.988,,,,-0.0003,0.0003,0.07
880.039,,,,-0.0003,0.0003,0.07
880.089,,,,-0.0003,0.0003,0.07
880.14,,,,-0.0003,0.0003,0.07
880.191,,,,-0.0003,0.0003,0.07
880.241,,,,-0.0003,0.0003,0.07
880.292,,,,-0.0003,0.0003,0.07
880.343,,,,-0.0003,0.0003,0.07
880.393,,,,-0.0003,0.0003,0.07
880.444,,,,-0.0003,0.0003,0.07
880.495,,,,-0.0003,0.0003,0.07
880.545,,,,-0.0003,0.0003,0.07
880.596,,,,-0.0003,0.0003,0.07
880.647,,,,-0.0003,0.0003,0.07
880.697,,,,-0.0003,0.0003,0.07
880.748,,,,-0.0003,0.0003,0.07
880.8,,,,-0.0003,0.0003,0.07
880.851,,,,-0.0003,0.0003,0.07
880.902,,,,-0.0003,0.0003,0.07
880.953,,,,-0.0003,0.0003,0.07
881.003,,,,-0.0003,0.0003,0.07
881.054,,,,-0.0003,0.0003,0.07
881.105,,,,-0.0003,0.0003,0.07
881.155,,,,-0.0003,0.0003,0.07
881.206,,,,-0.0003,0.0003,0.07
881.256,,,,-0.0003,0.0003,0.07
881.307,,,,-0.0003,0.0003,0.07
881.358,,,,-0.0003,0.0003,0.07
881.408,,,,-0.0003,0.0003,0.07
881.458,,,,-0.0003,0.0003,0.07
881.509,,,,-0.0003,0.0003,0.07
881.56,,,,-0.0003,0.0003,0.07
881.61,,,,-0.0003,0.0003,0.07
881.661,,,,-0.0003,0.0003,0.07
881.712,,,,-0.0003,0.0003,0.07
881.763,,,,-0.0003,0.0003,0.07
881.813,,,,-0.0003,0.0003,0.07
881.864,,,,-0.0003,0.0003,0.07
881.914,,,,-0.0003,0.0003,0.07
881.965,,,,-0.0003,0.0003,0.07
882.016,,,,-0.0003,0.0003,0.07
882.066,,,,-0.0003,0.0003,0.07
882.117,,,,-0.0003,0.0003,0.07
882.168,,,,-0.0003,0.0003,0.07
882.219,,,,-0.0003,0.0003,0.07
882.269,,,,-0.0003,0.0003,0.07
882.32,,,,-0.0003,0.0003,0.07
882.37,,,,-0.0003,0.0003,0.07
882.421,,,,-0.0003,0.0003,0.07
882.471,,,,-0.0003,0.0003,0.07
882.522,,,,-0.0003,0.0003,0.07
882.573,,,,-0.0003,0.0003,0.07
882.624,,,,-0.0003,0.0003,0.07
882.674,,,,-0.0003,0.0003,0.07
882.725,,,,-0.0003,0.0003,0.07
882.776,,,,-0.0003,0.0003,0.07
882.827,,,,-0.0003,0.0003,0.07
882.877,,,,-0.0003,0.0003,0.07
882.928,,,,-0.0003,0.0003,0.07
882.978,,,,-0.0003,0.0003,0.07
883.029,,,,-0.0003,0.0003,0.07
883.08,,,,-0.0003,0.0003,0.07
883.131,,,,-0.0003,0.0003,0.07
883.181,,,,-0.0003,0.0003,0.07
883.232,,,,-0.0003,0.0003,0.07
883.282,,,,-0.0003,0.0003,0.07
883.333,,,,-0.0003,0.0003,0.07
883.384,,,,-0.0003,0.0003,0.07
883.434,,,,-0.0003,0.0003,0.07
883.516,,,,-0.0003,0.0003,0.07
883.566,,,,-0.0003,0.0003,0.07
883.617,,,,-0.0003,0.0003,0.07
883.668,,,,-0.0003,0.0003,0.07
883.718,,,,-0.0003,0.0003,0.07
883.769,,,,-0.0003,0.0003,0.07
883.82,,,,-0.0003,0.0003,0.07
883.87,,,,-0.0003,0.0003,0.07
883.921,,,,-0.0003,0.0003,0.07
883.971,,,,-0.0003,0.0003,0.07
884.022,,,,-0.0003,0.0003,0.07
884.073,,,,-0.0003,0.0003,0.07
884.124,,,,-0.0003,0.0003,0.07
884.175,,,,-0.0003,0.0003,0.07
884.225,,,,-0.0003,0.0003,0.07
884.275,,,,-0.0003,0.0003,0.07
884.326,,,,-0.0003,0.0003,0.07
884.376,,,,-0.0003,0.0003,0.07
884.427,,,,-0.0003,0.0003,0.07
884.478,,,,-0.0003,0.0003,0.07
884.528,,,,-0.0003,0.0003,0.07
884.579,,,,-0.0003,0.0003,0.07
884.63,,,,-0.0003,0.0003,0.07
884.681,,,,-0.0003,0.0003,0.07
884.731,,,,-0.0003,0.0003,0.07
884.782,,,,-0.0003,0.0003,0.07
884.833,,,,-0.0003,0.0003,0.07
884.883,,,,-0.0003,0.0003,0.07
884.934,,,,-0.0003,0.0003,0.07
884.984,,,,-0.0003,0.0003,0.07
885.035,,,,-0.0003,0.0003,0.07
885.085,,,,-0.0003,0.0003,0.07
885.136,,,,-0.0003,0.0003,0.07
885.187,,,,-0.0003,0.0003,0.07
885.237,,,,-0.0003,0.0003,0.07
885.288,,,,-0.0003,0.0003,0.07
885.339,,,,-0.0003,0.0003,0.07
885.389,,,,-0.0003,0.0003,0.07
885.439,,,,-0.0003,0.0003,0.07
885.49,,,,-0.0003,0.0003,0.07
885.54,,,,-0.0003,0.0003,0.07
885.591,,,,-0.0003,0.0003,0.07
885.641,,,,-0.0003,0.0003,0.07
885.692,,,,-0.0003,0.0003,0.07
885.743,,,,-0.0003,0.0003,0.07
885.793,,,,-0.0003,0.0003,0.07
885.844,,,,-0.0003,0.0003,0.07
885.895,,,,-0.0003,0.0003,0.07
885.945,,,,-0.0003,0.0003,0.07
885.996,,,,-0.0003,0.0003,0.07
886.046,,,,-0.0003,0.0003,0.07
886.097,,,,-0.0003,0.0003,0.07
886.147,,,,-0.0003,0.0003,0.07
886.198,,,,-0.0003,0.0003,0.07
886.249,,,,-0.0003,0.0003,0.07
886.299,,,,-0.0003,0.0003,0.07
886.349,,,,-0.0003,0.0003,0.07
886.4,,,,-0.0003,0.0003,0.07
886.451,,,,-0.0003,0.0003,0.07
886.501,,,,-0.0003,0.0003,0.07
886.552,,,,-0.0003,0.0003,0.07
886.603,,,,-0.0003,0.0003,0.07
886.653,,,,-0.0003,0.0003,0.07
886.704,,,,-0.0003,0.0003,0.07
886.755,,,,-0.0003,0.0003,0.07
886.806,,,,-0.0003,0.0003,0.07
886.856,,,,-0.0003,0.0003,0.07
886.907,,,,-0.0003,0.0003,0.07
886.958,,,,-0.0003,0.0003,0.07
887.008,,,,-0.0003,0.0003,0.07
887.059,,,,-0.0003,0.0003,0.07
887.11,,,,-0.0003,0.0003,0.07
887.16,,,,-0.0003,0.0003,0.07
887.211,,,,-0.0003,0.0003,0.07
887.262,,,,-0.0003,0.0003,0.07
887.312,,,,-0.0003,0.0003,0.07
887.363,,,,-0.0003,0.0003,0.07
887.413,,,,-0.0003,0.0003,0.07
887.464,,,,-0.0003,0.0003,0.07
887.514,,,,-0.0003,0.0003,0.07
887.565,,,,-0.0003,0.0003,0.07
887.616,,,,-0.0003,0.0003,0.07
887.666,,,,-0.0003,0.0003,0.07
887.717,,,,-0.0003,0.0003,0.07
887.767,,,,-0.0003,0.0003,0.07
887.818,,,,-0.0003,0.0003,0.07
887.868,,,,-0.0003,0.0003,0.07
887.918,,,,-0.0003,0.0003,0.07
887.969,,,,-0.0003,0.0003,0.07
888.02,,,,-0.0003,0.0003,0.07
888.071,,,,-0.0003,0.0003,0.07
888.122,,,,-0.0003,0.0003,0.07
888.172,,,,-0.0003,0.0003,0.07
888.223,,,,-0.0003,0.0003,0.07
888.273,,,,-0.0003,0.0003,0.07
888.324,,,,-0.0003,0.0003,0.07
888.375,,,,-0.0003,0.0003,0.07
888.425,,,,-0.0003,0.0003,0.07
888.476,,,,-0.0003,0.0003,0.07
888.527,,,,-0.0003,0.0003,0.07
888.577,,,,-0.0003,0.0003,0.07
888.628,,,,-0.0003,0.0003,0.07
888.679,,,,-0.0003,0.0003,0.07
888.729,,,,-0.0003,0.0003,0.07
888.78,,,,-0.0003,0.0003,0.07
888.831,,,,-0.0003,0.0003,0.07
888.881,,,,-0.0003,0.0003,0.07
888.932,,,,-0.0003,0.0003,0.07
888.983,,,,-0.0003,0.0003,0.07
889.033,,,,-0.0003,0.0003,0.07
889.084,,,,-0.0003,0.0003,0.07
889.135,,,,-0.0003,0.0003,0.07
889.185,,,,-0.0003,0.0003,0.07
889.236,,,,-0.0003,0.0003,0.07
889.287,,,,-0.0003,0.0003,0.07
889.338,,,,-0.0003,0.0003,0.07
889.389,,,,-0.0003,0.0003,0.07
889.44,,,,-0.0003,0.0003,0.07
889.49,,,,-0.0003,0.0003,0.07
889.541,,,,-0.0003,0.0003,0.07
889.592,,,,-0.0003,0.0003,0.07
889.643,,,,-0.0003,0.0003,0.07
889.693,,,,-0.0003,0.0003,0.07
889.744,,,,-0.0003,0.0003,0.07
889.795,,,,-0.0003,0.0003,0.07
889.845,,,,-0.0003,0.0003,0.07
889.895,,,,-0.0003,0.0003,0.07
889.946,,,,-0.0003,0.0003,0.07
889.997,,,,-0.0003,0.0003,0.07
890.047,,,,-0.0003,0.0003,0.07
890.097,,,,-0.0003,0.0003,0.07
890.15,,,,-0.0003,0.0003,0.07
890.2,,,,-0.0003,0.0003,0.07
890.251,,,,-0.0003,0.0003,0.07
890.302,,,,-0.0003,0.0003,0.07
890.352,,,,-0.0003,0.0003,0.07
890.402,,,,-0.0003,0.0003,0.07
890.453,,,,-0.0003,0.0003,0.07
890.504,,,,-0.0003,0.0003,0.07
890.555,,,,-0.0003,0.0003,0.07
890.605,,,,-0.0003,0.0003,0.07
890.655,,,,-0.0003,0.0003,0.07
890.706,,,,-0.0003,0.0003,0.07
890.756,,,,-0.0003,0.0003,0.07
890.807,,,,-0.0003,0.0003,0.07
890.857,,,,-0.0003,0.0003,0.07
890.908,,,,-0.0003,0.0003,0.07
890.959,,,,-0.0003,0.0003,0.07
891.01,,,,-0.0003,0.0003,0.07
891.06,,,,-0.0003,0.0003,0.07
891.111,,,,-0.0003,0.0003,0.07
891.162,,,,-0.0003,0.0003,0.07
891.212,,,,-0.0003,0.0003,0.07
891.263,,,,-0.0003,0.0003,0.07
891.314,,,,-0.0003,0.0003,0.07
891.364,,,,-0.0003,0.0003,0.07
891.415,,,,-0.0003,0.0003,0.07
891.466,,,,-0.0003,0.0003,0.07
891.516,,,,-0.0003,0.0003,0.07
891.567,,,,-0.0003,0.0003,0.07
891.618,,,,-0.0003,0.0003,0.07
891.695,,,,-0.0003,0.0003,0.07
891.745,,,,-0.0003,0.0003,0.07
891.797,,,,-0.0003,0.0003,0.07
891.848,,,,-0.0003,0.0003,0.07
891.898,,,,-0.0003,0.0003,0.07
891.949,,,,-0.0003,0.0003,0.07
892.0,,,,-0.0003,0.0003,0.07
892.051,,,,-0.0003,0.0003,0.07
892.102,,,,-0.0003,0.0003,0.07
892.152,,,,-0.0003,0.0003,0.07
892.203,,,,-0.0003,0.0003,0.07
892.254,,,,-0.0003,0.0003,0.07
892.304,,,,-0.0003,0.0003,0.07
892.355,,,,-0.0003,0.0003,0.07
892.405,,,,-0.0003,0.0003,0.07
892.456,,,,-0.0003,0.0003,0.07
892.506,,,,-0.0003,0.0003,0.07
892.557,,,,-0.0003,0.0003,0.07
892.608,,,,-0.0003,0.0003,0.07
892.659,,,,-0.0003,0.0003,0.07
892.709,,,,-0.0003,0.0003,0.07
892.76,,,,-0.0003,0.0003,0.07
892.811,,,,-0.0003,0.0003,0.07
892.862,,,,-0.0003,0.0003,0.07
892.912,,,,-0.0003,0.0003,0.07
892.963,,,,-0.0003,0.0003,0.07
893.014,,,,-0.0003,0.0003,0.07
893.065,,,,-0.0003,0.0003,0.07
893.115,,,,-0.0003,0.0003,0.07
893.166,,,,-0.0003,0.0003,0.07
893.216,,,,-0.0003,0.0003,0.07
893.267,,,,-0.0003,0.0003,0.07
893.318,,,,-0.0003,0.0003,0.07
893.368,,,,-0.0003,0.0003,0.07
893.419,,,,-0.0003,0.0003,0.07
893.47,,,,-0.0003,0.0003,0.07
893.52,,,,-0.0003,0.0003,0.07
893.571,,,,-0.0003,0.0003,0.07
893.622,,,,-0.0003,0.0003,0.07
893.672,,,,-0.0003,0.0003,0.07
893.723,,,,-0.0003,0.0003,0.07
893.774,,,,-0.0003,0.0003,0.07
893.824,,,,-0.0003,0.0003,0.07
893.875,,,,-0.0003,0.0003,0.07
893.926,,,,-0.0003,0.0003,0.07
893.976,,,,-0.0003,0.0003,0.07
894.027,,,,-0.0003,0.0003,0.07
894.078,,,,-0.0003,0.0003,0.07
894.128,,,,-0.0003,0.0003,0.07
894.179,,,,-0.0003,0.0003,0.07
894.23,,,,-0.0003,0.0003,0.07
894.281,,,,-0.0003,0.0003,0.07
894.332,,,,-0.0003,0.0003,0.07
894.382,,,,-0.0003,0.0003,0.07
894.432,,,,-0.0003,0.0003,0.07
894.484,,,,-0.0003,0.0003,0.07
894.534,,,,-0.0003,0.0003,0.07
894.585,,,,-0.0003,0.0003,0.07
894.635,,,,-0.0003,0.0003,0.07
894.686,,,,-0.0003,0.0003,0.07
894.737,,,,-0.0003,0.0003,0.07
894.787,,,,-0.0003,0.0003,0.07
894.838,,,,-0.0003,0.0003,0.07
894.889,,,,-0.0003,0.0003,0.07
894.939,,,,-0.0003,0.0003,0.07
894.99,,,,-0.0003,0.0003,0.07
895.04,,,,-0.0003,0.0003,0.07
895.091,,,,-0.0003,0.0003,0.07
895.142,,,,-0.0003,0.0003,0.07
895.193,,,,-0.0003,0.0003,0.07
895.244,,,,-0.0003,0.0003,0.07
895.294,,,,-0.0003,0.0003,0.07
895.345,,,,-0.0003,0.0003,0.07
895.395,,,,-0.0003,0.0003,0.07
895.446,,,,-0.0003,0.0003,0.07
895.497,,,,-0.0003,0.0003,0.07
895.548,,,,-0.0003,0.0003,0.07
895.598,,,,-0.0003,0.0003,0.07
895.649,,,,-0.0003,0.0003,0.07
895.699,,,,-0.0003,0.0003,0.07
895.75,,,,-0.0003,0.0003,0.07
895.8,,,,-0.0003,0.0003,0.07
895.851,,,,-0.0003,0.0003,0.07
895.901,,,,-0.0003,0.0003,0.07
895.952,,,,-0.0003,0.0003,0.07
896.002,,,,-0.0003,0.0003,0.07
896.053,,,,-0.0003,0.0003,0.07
896.104,,,,-0.0003,0.0003,0.07
896.154,,,,-0.0003,0.0003,0.07
896.205,,,,-0.0003,0.0003,0.07
896.255,,,,-0.0003,0.0003,0.07
896.306,,,,-0.0003,0.0003,0.07
896.356,,,,-0.0003,0.0003,0.07
896.407,,,,-0.0003,0.0003,0.07
896.458,,,,-0.0003,0.0003,0.07
896.508,,,,-0.0003,0.0003,0.07
896.56,,,,-0.0003,0.0003,0.07
896.61,,,,-0.0003,0.0003,0.07
896.661,,,,-0.0003,0.0003,0.07
896.712,,,,-0.0003,0.0003,0.07
896.763,,,,-0.0003,0.0003,0.07
896.813,,,,-0.0003,0.0003,0.07
896.864,,,,-0.0003,0.0003,0.07
896.915,,,,-0.0003,0.0003,0.07
896.966,,,,-0.0003,0.0003,0.07
897.016,,,,-0.0003,0.0003,0.07
897.067,,,,-0.0003,0.0003,0.07
897.149,,,,-0.0003,0.0003,0.07
897.2,,,,-0.0003,0.0003,0.07
897.25,,,,-0.0003,0.0003,0.07
897.301,,,,-0.0003,0.0003,0.07
897.351,,,,-0.0003,0.0003,0.07
897.402,,,,-0.0003,0.0003,0.07
897.453,,,,-0.0003,0.0003,0.07
897.504,,,,-0.0003,0.0003,0.07
897.554,,,,-0.0003,0.0003,0.07
897.605,,,,-0.0003,0.0003,0.07
897.656,,,,-0.0003,0.0003,0.07
897.706,,,,-0.0003,0.0003,0.07
897.757,,,,-0.0003,0.0003,0.07
897.808,,,,-0.0003,0.0003,0.07
897.858,,,,-0.0003,0.0003,0.07
897.909,,,,-0.0003,0.0003,0.07
897.959,,,,-0.0003,0.0003,0.07
898.01,,,,-0.0003,0.0003,0.07
898.061,,,,-0.0003,0.0003,0.07
898.112,,,,-0.0003,0.0003,0.07
898.162,,,,-0.0003,0.0003,0.07
898.213,,,,-0.0003,0.0003,0.07
898.263,,,,-0.0003,0.0003,0.07
898.313,,,,-0.0003,0.0003,0.07
898.364,,,,-0.0003,0.0003,0.07
898.415,,,,-0.0003,0.0003,0.07
898.465,,,,-0.0003,0.0003,0.07
898.516,,,,-0.0003,0.0003,0.07
898.567,,,,-0.0003,0.0003,0.07
898.617,,,,-0.0003,0.0003,0.07
898.668,,,,-0.0003,0.0003,0.07
898.718,,,,-0.0003,0.0003,0.07
898.769,,,,-0.0003,0.0003,0.07
898.819,,,,-0.0003,0.0003,0.07
898.87,,,,-0.0003,0.0003,0.07
898.921,,,,-0.0003,0.0003,0.07
898.971,,,,-0.0003,0.0003,0.07
899.022,,,,-0.0003,0.0003,0.07
899.073,,,,-0.0003,0.0003,0.07
899.123,,,,-0.0003,0.0003,0.07
899.174,,,,-0.0003,0.0003,0.07
899.225,,,,-0.0003,0.0003,0.07
899.276,,,,-0.0003,0.0003,0.07
899.326,,,,-0.0003,0.0003,0.07
899.377,,,,-0.0003,0.0003,0.07
899.428,,,,-0.0003,0.0003,0.07
899.479,,,,-0.0003,0.0003,0.07
899.529,,,,-0.0003,0.0003,0.07
899.58,,,,-0.0003,0.0003,0.07
899.631,,,,-0.0003,0.0003,0.07
899.681,,,,-0.0003,0.0003,0.07
899.732,,,,-0.0003,0.0003,0.07
899.783,,,,-0.0003,0.0003,0.07
899.875,,,,-0.0003,0.0003,0.07
899.926,,,,-0.0003,0.0003,0.07
899.976,,,,-0.0003,0.0003,0.07
900.027,,,,-0.0003,0.0003,0.07
900.077,,,,-0.0003,0.0003,0.07
900.128,,,,-0.0003,0.0003,0.07
900.179,,,,-0.0003,0.0003,0.07
900.229,,,,-0.0003,0.0003,0.07
900.28,,,,-0.0003,0.0003,0.07
900.331,,,,-0.0003,0.0003,0.07
900.381,,,,-0.0003,0.0003,0.07
900.432,,,,-0.0003,0.0003,0.07
900.483,,,,-0.0003,0.0003,0.07
900.533,,,,-0.0003,0.0003,0.07
900.584,,,,-0.0003,0.0003,0.07
900.635,,,,-0.0003,0.0003,0.07
900.686,,,,-0.0003,0.0003,0.07
900.736,,,,-0.0003,0.0003,0.07
900.787,,,,-0.0003,0.0003,0.07
900.838,,,,-0.0003,0.0003,0.07
900.888,,,,-0.0003,0.0003,0.07
900.939,,,,-0.0003,0.0003,0.07
900.989,,,,-0.0003,0.0003,0.07
901.039,,,,-0.0003,0.0003,0.07
901.09,,,,-0.0003,0.0003,0.07
901.14,,,,-0.0003,0.0003,0.07
901.191,,,,-0.0003,0.0003,0.07
901.245,,,,-0.0003,0.0003,0.07
901.296,,,,-0.0003,0.0003,0.07
901.347,,,,-0.0003,0.0003,0.07
901.398,,,,-0.0003,0.0003,0.07
901.449,,,,-0.0003,0.0003,0.07
901.5,,,,-0.0003,0.0003,0.07
901.551,,,,-0.0003,0.0003,0.07
901.602,,,,-0.0003,0.0003,0.07
901.652,,,,-0.0003,0.0003,0.07
901.703,,,,-0.0003,0.0003,0.07
901.753,,,,-0.0003,0.0003,0.07
901.804,,,,-0.0003,0.0003,0.07
901.854,,,,-0.0003,0.0003,0.07
901.905,,,,-0.0003,0.0003,0.07
901.956,,,,-0.0003,0.0003,0.07
902.007,,,,-0.0003,0.0003,0.07
902.057,,,,-0.0003,0.0003,0.07
902.108,,,,-0.0003,0.0003,0.07
902.158,,,,-0.0003,0.0003,0.07
902.208,,,,-0.0003,0.0003,0.07
902.259,,,,-0.0003,0.0003,0.07
902.31,,,,-0.0003,0.0003,0.07
902.361,,,,-0.0003,0.0003,0.07
902.411,,,,-0.0003,0.0003,0.07
902.462,,,,-0.0003,0.0003,0.07
902.512,,,,-0.0003,0.0003,0.07
902.563,,,,-0.0003,0.0003,0.07
902.614,,,,-0.0003,0.0003,0.07
902.664,,,,-0.0003,0.0003,0.07
902.715,,,,-0.0003,0.0003,0.07
902.766,,,,-0.0003,0.0003,0.07
902.816,,,,-0.0003,0.0003,0.07
902.867,,,,-0.0003,0.0003,0.07
902.918,,,,-0.0003,0.0003,0.07
902.968,,,,-0.0003,0.0003,0.07
903.019,,,,-0.0003,0.0003,0.07
903.069,,,,-0.0003,0.0003,0.07
903.121,,,,-0.0003,0.0003,0.07
903.171,,,,-0.0003,0.0003,0.07
903.223,,,,-0.0003,0.0003,0.07
903.274,,,,-0.0003,0.0003,0.07
903.324,,,,-0.0003,0.0003,0.07
903.375,,,,-0.0003,0.0003,0.07
903.426,,,,-0.0003,0.0003,0.07
903.476,,,,-0.0003,0.0003,0.07
903.527,,,,-0.0003,0.0003,0.07
903.578,,,,-0.0003,0.0003,0.07
903.63,,,,-0.0003,0.0003,0.07
903.681,,,,-0.0003,0.0003,0.07
903.731,,,,-0.0003,0.0003,0.07
903.782,,,,-0.0003,0.0003,0.07
903.832,,,,-0.0003,0.0003,0.07
903.883,,,,-0.0003,0.0003,0.07
903.962,,,,-0.0003,0.0003,0.07
904.013,,,,-0.0003,0.0003,0.07
904.064,,,,-0.0003,0.0003,0.07
904.115,,,,-0.0003,0.0003,0.07
904.166,,,,-0.0003,0.0003,0.07
904.216,,,,-0.0003,0.0003,0.07
904.267,,,,-0.0003,0.0003,0.07
904.317,,,,-0.0003,0.0003,0.07
904.368,,,,-0.0003,0.0003,0.07
904.419,,,,-0.0003,0.0003,0.07
904.47,,,,-0.0003,0.0003,0.07
904.521,,,,-0.0003,0.0003,0.07
904.572,,,,-0.0003,0.0003,0.07
904.623,,,,-0.0003,0.0003,0.07
904.674,,,,-0.0003,0.0003,0.07
904.724,,,,-0.0003,0.0003,0.07
904.775,,,,-0.0003,0.0003,0.07
904.825,,,,-0.0003,0.0003,0.07
904.876,,,,-0.0003,0.0003,0.07
904.926,,,,-0.0003,0.0003,0.07
904.977,,,,-0.0003,0.0003,0.07
905.028,,,,-0.0003,0.0003,0.07
905.079,,,,-0.0003,0.0003,0.07
905.129,,,,-0.0003,0.0003,0.07
905.18,,,,-0.0003,0.0003,0.07
905.231,,,,-0.0003,0.0003,0.07
905.281,,,,-0.0003,0.0003,0.07
905.331,,,,-0.0003,0.0003,0.07
905.382,,,,-0.0003,0.0003,0.07
905.433,,,,-0.0003,0.0003,0.07
905.483,,,,-0.0003,0.0003,0.07
905.534,,,,-0.0003,0.0003,0.07
905.584,,,,-0.0003,0.0003,0.07
905.635,,,,-0.0003,0.0003,0.07
905.685,,,,-0.0003,0.0003,0.07
905.736,,,,-0.0003,0.0003,0.07
905.787,,,,-0.0003,0.0003,0.07
905.838,,,,-0.0003,0.0003,0.07
905.888,,,,-0.0003,0.0003,0.07
905.939,,,,-0.0003,0.0003,0.07
905.989,,,,-0.0003,0.0003,0.07
906.04,,,,-0.0003,0.0003,0.07
906.09,,,,-0.0003,0.0003,0.07
906.141,,,,-0.0003,0.0003,0.07
906.192,,,,-0.0003,0.0003,0.07
906.243,,,,-0.0003,0.0003,0.07
906.293,,,,-0.0003,0.0003,0.07
906.344,,,,-0.0003,0.0003,0.07
906.394,,,,-0.0003,0.0003,0.07
906.445,,,,-0.0003,0.0003,0.07
906.496,,,,-0.0003,0.0003,0.07
906.546,,,,-0.0003,0.0003,0.07
906.596,,,,-0.0003,0.0003,0.07
906.647,,,,-0.0003,0.0003,0.07
906.698,,,,-0.0003,0.0003,0.07
906.748,,,,-0.0003,0.0003,0.07
906.799,,,,-0.0003,0.0003,0.07
906.849,,,,-0.0003,0.0003,0.07
906.9,,,,-0.0003,0.0003,0.07
906.95,,,,-0.0003,0.0003,0.07
907.026,,,,-0.0003,0.0003,0.07
907.077,,,,-0.0003,0.0003,0.07
907.128,,,,-0.0003,0.0003,0.07
907.179,,,,-0.0003,0.0003,0.07
907.229,,,,-0.0003,0.0003,0.07
907.281,,,,-0.0003,0.0003,0.07
907.331,,,,-0.0003,0.0003,0.07
907.382,,,,-0.0003,0.0003,0.07
907.433,,,,-0.0003,0.0003,0.07
907.484,,,,-0.0003,0.0003,0.07
907.534,,,,-0.0003,0.0003,0.07
907.585,,,,-0.0003,0.0003,0.07
907.635,,,,-0.0003,0.0003,0.07
907.686,,,,-0.0003,0.0003,0.07
907.736,,,,-0.0003,0.0003,0.07
907.787,,,,-0.0003,0.0003,0.07
907.837,,,,-0.0003,0.0003,0.07
907.888,,,,-0.0003,0.0003,0.07
907.939,,,,-0.0003,0.0003,0.07
907.989,,,,-0.0003,0.0003,0.07
908.055,,,,-0.0003,0.0003,0.07
908.106,,,,-0.0003,0.0003,0.07
908.156,,,,-0.0003,0.0003,0.07
908.207,,,,-0.0003,0.0003,0.07
908.258,,,,-0.0003,0.0003,0.07
908.308,,,,-0.0003,0.0003,0.07
908.359,,,,-0.0003,0.0003,0.07
908.409,,,,-0.0003,0.0003,0.07
908.46,,,,-0.0003,0.0003,0.07
908.511,,,,-0.0003,0.0003,0.07
908.562,,,,-0.0003,0.0003,0.07
908.613,,,,-0.0003,0.0003,0.07
908.664,,,,-0.0003,0.0003,0.07
908.715,,,,-0.0003,0.0003,0.07
908.765,,,,-0.0003,0.0003,0.07
908.816,,,,-0.0003,0.0003,0.07
908.867,,,,-0.0003,0.0003,0.07
908.917,,,,-0.0003,0.0003,0.07
908.968,,,,-0.0003,0.0003,0.07
909.019,,,,-0.0003,0.0003,0.07
909.07,,,,-0.0003,0.0003,0.07
909.121,,,,-0.0003,0.0003,0.07
909.171,,,,-0.0003,0.0003,0.07
909.221,,,,-0.0003,0.0003,0.07
909.272,,,,-0.0003,0.0003,0.07
909.323,,,,-0.0003,0.0003,0.07
909.374,,,,-0.0003,0.0003,0.07
909.426,,,,-0.0003,0.0003,0.07
909.476,,,,-0.0003,0.0003,0.07
909.527,,,,-0.0003,0.0003,0.07
909.578,,,,-0.0003,0.0003,0.07
909.628,,,,-0.0003,0.0003,0.07
909.679,,,,-0.0003,0.0003,0.07
909.73,,,,-0.0003,0.0003,0.07
909.78,,,,-0.0003,0.0003,0.07
909.831,,,,-0.0003,0.0003,0.07
909.882,,,,-0.0003,0.0003,0.07
909.933,,,,-0.0003,0.0003,0.07
909.984,,,,-0.0003,0.0003,0.07
910.034,,,,-0.0003,0.0003,0.07
910.085,,,,-0.0003,0.0003,0.07
910.136,,,,-0.0003,0.0003,0.07
910.186,,,,-0.0003,0.0003,0.07
910.237,,,,-0.0003,0.0003,0.07
910.288,,,,-0.0003,0.0003,0.07
910.338,,,,-0.0003,0.0003,0.07
910.389,,,,-0.0003,0.0003,0.07
910.44,,,,-0.0003,0.0003,0.07
910.49,,,,-0.0003,0.0003,0.07
910.541,,,,-0.0003,0.0003,0.07
910.592,,,,-0.0003,0.0003,0.07
910.643,,,,-0.0003,0.0003,0.07
910.693,,,,-0.0003,0.0003,0.07
910.744,,,,-0.0003,0.0003,0.07
910.795,,,,-0.0003,0.0003,0.07
910.845,,,,-0.0003,0.0003,0.07
910.896,,,,-0.0003,0.0003,0.07
910.946,,,,-0.0003,0.0003,0.07
910.997,,,,-0.0003,0.0003,0.07
911.048,,,,-0.0003,0.0003,0.07
911.099,,,,-0.0003,0.0003,0.07
911.15,,,,-0.0003,0.0003,0.07
911.2,,,,-0.0003,0.0003,0.07
911.251,,,,-0.0003,0.0003,0.07
911.302,,,,-0.0003,0.0003,0.07
911.352,,,,-0.0003,0.0003,0.07
911.403,,,,-0.0003,0.0003,0.07
911.454,,,,-0.0003,0.0003,0.07
911.505,,,,-0.0003,0.0003,0.07
911.555,,,,-0.0003,0.0003,0.07
911.606,,,,-0.0003,0.0003,0.07
911.657,,,,-0.0003,0.0003,0.07
911.707,,,,-0.0003,0.0003,0.07
911.758,,,,-0.0003,0.0003,0.07
911.809,,,,-0.0003,0.0003,0.07
911.86,,,,-0.0003,0.0003,0.07
911.91,,,,-0.0003,0.0003,0.07
911.975,,,,-0.0003,0.0003,0.07
912.026,,,,-0.0003,0.0003,0.07
912.077,,,,-0.0003,0.0003,0.07
912.151,,,,-0.0003,0.0003,0.07
912.202,,,,-0.0003,0.0003,0.07
912.254,,,,-0.0003,0.0003,0.07
912.304,,,,-0.0003,0.0003,0.07
912.355,,,,-0.0003,0.0003,0.07
912.406,,,,-0.0003,0.0003,0.07
912.457,,,,-0.0003,0.0003,0.07
912.507,,,,-0.0003,0.0003,0.07
912.558,,,,-0.0003,0.0003,0.07
912.609,,,,-0.0003,0.0003,0.07
912.659,,,,-0.0003,0.0003,0.07
912.71,,,,-0.0003,0.0003,0.07
912.761,,,,-0.0003,0.0003,0.07
912.811,,,,-0.0003,0.0003,0.07
912.862,,,,-0.0003,0.0003,0.07
912.913,,,,-0.0003,0.0003,0.07
912.964,,,,-0.0003,0.0003,0.07
913.015,,,,-0.0003,0.0003,0.07
913.066,,,,-0.0003,0.0003,0.07
913.116,,,,-0.0003,0.0003,0.07
913.167,,,,-0.0003,0.0003,0.07
913.218,,,,-0.0003,0.0003,0.07
913.269,,,,-0.0003,0.0003,0.07
913.319,,,,-0.0003,0.0003,0.07
913.37,,,,-0.0003,0.0003,0.07
913.421,,,,-0.0003,0.0003,0.07
913.505,,,,-0.0003,0.0003,0.07
913.556,,,,-0.0003,0.0003,0.07
913.606,,,,-0.0003,0.0003,0.07
913.657,,,,-0.0003,0.0003,0.07
913.708,,,,-0.0003,0.0003,0.07
913.759,,,,-0.0003,0.0003,0.07
913.81,,,,-0.0003,0.0003,0.07
913.86,,,,-0.0003,0.0003,0.07
913.911,,,,-0.0003,0.0003,0.07
913.962,,,,-0.0003,0.0003,0.07
914.013,,,,-0.0003,0.0003,0.07
914.064,,,,-0.0003,0.0003,0.07
914.114,,,,-0.0003,0.0003,0.07
914.165,,,,-0.0003,0.0003,0.07
914.216,,,,-0.0003,0.0003,0.07
914.267,,,,-0.0003,0.0003,0.07
914.317,,,,-0.0003,0.0003,0.07
914.367,,,,-0.0003,0.0003,0.07
914.418,,,,-0.0003,0.0003,0.07
914.469,,,,-0.0003,0.0003,0.07
914.519,,,,-0.0003,0.0003,0.07
914.57,,,,-0.0003,0.0003,0.07
914.621,,,,-0.0003,0.0003,0.07
914.671,,,,-0.0003,0.0003,0.07
914.722,,,,-0.0003,0.0003,0.07
914.773,,,,-0.0003,0.0003,0.07
914.823,,,,-0.0003,0.0003,0.07
914.881,,,,-0.0003,0.0003,0.07
914.932,,,,-0.0003,0.0003,0.07
914.983,,,,-0.0003,0.0003,0.07
915.033,,,,-0.0003,0.0003,0.07
915.084,,,,-0.0003,0.0003,0.07
915.134,,,,-0.0003,0.0003,0.07
915.185,,,,-0.0003,0.0003,0.07
915.235,,,,-0.0003,0.0003,0.07
915.286,,,,-0.0003,0.0003,0.07
915.337,,,,-0.0003,0.0003,0.07
915.387,,,,-0.0003,0.0003,0.07
915.438,,,,-0.0003,0.0003,0.07
915.489,,,,-0.0003,0.0003,0.07
915.539,,,,-0.0003,0.0003,0.07
915.589,,,,-0.0003,0.0003,0.07
915.64,,,,-0.0003,0.0003,0.07
915.69,,,,-0.0003,0.0003,0.07
915.741,,,,-0.0003,0.0003,0.07
915.792,,,,-0.0003,0.0003,0.07
915.842,,,,-0.0003,0.0003,0.07
915.892,,,,-0.0003,0.0003,0.07
915.943,,,,-0.0003,0.0003,0.07
915.994,,,,-0.0003,0.0003,0.07
916.044,,,,-0.0003,0.0003,0.07
916.096,,,,-0.0003,0.0003,0.07
916.147,,,,-0.0003,0.0003,0.07
916.197,,,,-0.0003,0.0003,0.07
916.248,,,,-0.0003,0.0003,0.07
916.298,,,,-0.0003,0.0003,0.07
916.349,,,,-0.0003,0.0003,0.07
916.399,,,,-0.0003,0.0003,0.07
916.449,,,,-0.0003,0.0003,0.07
916.501,,,,-0.0003,0.0003,0.07
916.552,,,,-0.0003,0.0003,0.07
916.603,,,,-0.0003,0.0003,0.07
916.655,,,,-0.0003,0.0003,0.07
916.706,,,,-0.0003,0.0003,0.07
916.756,,,,-0.0003,0.0003,0.07
916.807,,,,-0.0003,0.0003,0.07
916.857,,,,-0.0003,0.0003,0.07
916.908,,,,-0.0003,0.0003,0.07
916.958,,,,-0.0003,0.0003,0.07
917.009,,,,-0.0003,0.0003,0.07
917.06,,,,-0.0003,0.0003,0.07
917.11,,,,-0.0003,0.0003,0.07
917.161,,,,-0.0003,0.0003,0.07
917.211,,,,-0.0003,0.0003,0.07
917.262,,,,-0.0003,0.0003,0.07
917.313,,,,-0.0003,0.0003,0.07
917.363,,,,-0.0003,0.0003,0.07
917.414,,,,-0.0003,0.0003,0.07
917.465,,,,-0.0003,0.0003,0.07
917.515,,,,-0.0003,0.0003,0.07
917.566,,,,-0.0003,0.0003,0.07
917.617,,,,-0.0003,0.0003,0.07
917.668,,,,-0.0003,0.0003,0.07
917.719,,,,-0.0003,0.0003,0.07
917.769,,,,-0.0003,0.0003,0.07
917.82,,,,-0.0003,0.0003,0.07
917.871,,,,-0.0003,0.0003,0.07
917.922,,,,-0.0003,0.0003,0.07
917.993,,,,-0.0003,0.0003,0.07
918.043,,,,-0.0003,0.0003,0.07
918.094,,,,-0.0003,0.0003,0.07
918.144,,,,-0.0003,0.0003,0.07
918.195,,,,-0.0003,0.0003,0.07
918.246,,,,-0.0003,0.0003,0.07
918.297,,,,-0.0003,0.0003,0.07
918.347,,,,-0.0003,0.0003,0.07
918.398,,,,-0.0003,0.0003,0.07
918.448,,,,-0.0003,0.0003,0.07
918.499,,,,-0.0003,0.0003,0.07
918.55,,,,-0.0003,0.0003,0.07
918.601,,,,-0.0003,0.0003,0.07
918.651,,,,-0.0003,0.0003,0.07
918.702,,,,-0.0003,0.0003,0.07
918.753,,,,-0.0003,0.0003,0.07
918.804,,,,-0.0003,0.0003,0.07
918.855,,,,-0.0003,0.0003,0.07
918.906,,,,-0.0003,0.0003,0.07
918.957,,,,-0.0003,0.0003,0.07
919.008,,,,-0.0003,0.0003,0.07
919.058,,,,-0.0003,0.0003,0.07
919.109,,,,-0.0003,0.0003,0.07
919.16,,,,-0.0003,0.0003,0.07
919.211,,,,-0.0003,0.0003,0.07
919.262,,,,-0.0003,0.0003,0.07
919.312,,,,-0.0003,0.0003,0.07
919.363,,,,-0.0003,0.0003,0.07
919.414,,,,-0.0003,0.0003,0.07
919.464,,,,-0.0003,0.0003,0.07
919.515,,,,-0.0003,0.0003,0.07
919.565,,,,-0.0003,0.0003,0.07
919.616,,,,-0.0003,0.0003,0.07
919.666,,,,-0.0003,0.0003,0.07
919.717,,,,-0.0003,0.0003,0.07
919.767,,,,-0.0003,0.0003,0.07
919.818,,,,-0.0003,0.0003,0.07
919.869,,,,-0.0003,0.0003,0.07
919.919,,,,-0.0003,0.0003,0.07
919.97,,,,-0.0003,0.0003,0.07
920.021,,,,-0.0003,0.0003,0.07
920.071,,,,-0.0003,0.0003,0.07
920.122,,,,-0.0003,0.0003,0.07
920.173,,,,-0.0003,0.0003,0.07
920.223,,,,-0.0003,0.0003,0.07
920.274,,,,-0.0003,0.0003,0.07
920.328,,,,-0.0003,0.0003,0.07
920.378,,,,-0.0003,0.0003,0.07
920.43,,,,-0.0003,0.0003,0.07
920.481,,,,-0.0003,0.0003,0.07
920.531,,,,-0.0003,0.0003,0.07
920.582,,,,-0.0003,0.0003,0.07
920.632,,,,-0.0003,0.0003,0.07
920.683,,,,-0.0003,0.0003,0.07
920.734,,,,-0.0003,0.0003,0.07
920.785,,,,-0.0003,0.0003,0.07
920.835,,,,-0.0003,0.0003,0.07
920.886,,,,-0.0003,0.0003,0.07
920.937,,,,-0.0003,0.0003,0.07
920.987,,,,-0.0003,0.0003,0.07
921.038,,,,-0.0003,0.0003,0.07
921.089,,,,-0.0003,0.0003,0.07
921.139,,,,-0.0003,0.0003,0.07
921.19,,,,-0.0003,0.0003,0.07
921.24,,,,-0.0003,0.0003,0.07
921.292,,,,-0.0003,0.0003,0.07
921.343,,,,-0.0003,0.0003,0.07
921.393,,,,-0.0003,0.0003,0.07
921.444,,,,-0.0003,0.0003,0.07
921.494,,,,-0.0003,0.0003,0.07
921.546,,,,-0.0003,0.0003,0.07
921.597,,,,-0.0003,0.0003,0.07
921.647,,,,-0.0003,0.0003,0.07
921.698,,,,-0.0003,0.0003,0.07
921.748,,,,-0.0003,0.0003,0.07
921.799,,,,-0.0003,0.0003,0.07
921.85,,,,-0.0003,0.0003,0.07
921.9,,,,-0.0003,0.0003,0.07
921.951,,,,-0.0003,0.0003,0.07
922.002,,,,-0.0003,0.0003,0.07
922.052,,,,-0.0003,0.0003,0.07
922.103,,,,-0.0003,0.0003,0.07
922.154,,,,-0.0003,0.0003,0.07
922.204,,,,-0.0003,0.0003,0.07
922.255,,,,-0.0003,0.0003,0.07
922.306,,,,-0.0003,0.0003,0.07
922.356,,,,-0.0003,0.0003,0.07
922.407,,,,-0.0003,0.0003,0.07
922.457,,,,-0.0003,0.0003,0.07
922.508,,,,-0.0003,0.0003,0.07
922.559,,,,-0.0003,0.0003,0.07
922.61,,,,-0.0003,0.0003,0.07
922.66,,,,-0.0003,0.0003,0.07
922.711,,,,-0.0003,0.0003,0.07
922.762,,,,-0.0003,0.0003,0.07
922.812,,,,-0.0003,0.0003,0.07
922.863,,,,-0.0003,0.0003,0.07
922.913,,,,-0.0003,0.0003,0.07
922.964,,,,-0.0003,0.0003,0.07
923.048,,,,-0.0003,0.0003,0.07
923.099,,,,-0.0003,0.0003,0.07
923.15,,,,-0.0003,0.0003,0.07
923.2,,,,-0.0003,0.0003,0.07
923.251,,,,-0.0003,0.0003,0.07
923.302,,,,-0.0003,0.0003,0.07
923.352,,,,-0.0003,0.0003,0.07
923.403,,,,-0.0003,0.0003,0.07
923.453,,,,-0.0003,0.0003,0.07
923.504,,,,-0.0003,0.0003,0.07
923.555,,,,-0.0003,0.0003,0.07
923.605,,,,-0.0003,0.0003,0.07
923.656,,,,-0.0003,0.0003,0.07
923.706,,,,-0.0003,0.0003,0.07
923.757,,,,-0.0003,0.0003,0.07
923.808,,,,-0.0003,0.0003,0.07
923.858,,,,-0.0003,0.0003,0.07
923.909,,,,-0.0003,0.0003,0.07
923.96,,,,-0.0003,0.0003,0.07
924.01,,,,-0.0003,0.0003,0.07
924.061,,,,-0.0003,0.0003,0.07
924.111,,,,-0.0003,0.0003,0.07
924.162,,,,-0.0003,0.0003,0.07
924.212,,,,-0.0003,0.0003,0.07
924.263,,,,-0.0003,0.0003,0.07
924.314,,,,-0.0003,0.0003,0.07
924.365,,,,-0.0003,0.0003,0.07
924.416,,,,-0.0003,0.0003,0.07
924.466,,,,-0.0003,0.0003,0.07
924.517,,,,-0.0003,0.0003,0.07
924.568,,,,-0.0003,0.0003,0.07
924.618,,,,-0.0003,0.0003,0.07
924.67,,,,-0.0003,0.0003,0.07
924.72,,,,-0.0003,0.0003,0.07
924.771,,,,-0.0003,0.0003,0.07
924.822,,,,-0.0003,0.0003,0.07
924.872,,,,-0.0003,0.0003,0.07
924.923,,,,-0.0003,0.0003,0.07
924.974,,,,-0.0003,0.0003,0.07
925.024,,,,-0.0003,0.0003,0.07
925.075,,,,-0.0003,0.0003,0.07
925.126,,,,-0.0003,0.0003,0.07
925.177,,,,-0.0003,0.0003,0.07
925.228,,,,-0.0003,0.0003,0.07
925.279,,,,-0.0003,0.0003,0.07
925.329,,,,-0.0003,0.0003,0.07
925.379,,,,-0.0003,0.0003,0.07
925.43,,,,-0.0003,0.0003,0.07
925.481,,,,-0.0003,0.0003,0.07
925.531,,,,-0.0003,0.0003,0.07
925.582,,,,-0.0003,0.0003,0.07
925.633,,,,-0.0003,0.0003,0.07
925.683,,,,-0.0003,0.0003,0.07
925.734,,,,-0.0003,0.0003,0.07
925.784,,,,-0.0003,0.0003,0.07
925.835,,,,-0.0003,0.0003,0.07
925.886,,,,-0.0003,0.0003,0.07
925.937,,,,-0.0003,0.0003,0.07
925.987,,,,-0.0003,0.0003,0.07
926.038,,,,-0.0003,0.0003,0.07
926.089,,,,-0.0003,0.0003,0.07
926.14,,,,-0.0003,0.0003,0.07
926.19,,,,-0.0003,0.0003,0.07
926.242,,,,-0.0003,0.0003,0.07
926.292,,,,-0.0003,0.0003,0.07
926.343,,,,-0.0003,0.0003,0.07
926.393,,,,-0.0003,0.0003,0.07
926.444,,,,-0.0003,0.0003,0.07
926.495,,,,-0.0003,0.0003,0.07
926.545,,,,-0.0003,0.0003,0.07
926.596,,,,-0.0003,0.0003,0.07
926.646,,,,-0.0003,0.0003,0.07
926.698,,,,-0.0003,0.0003,0.07
926.749,,,,-0.0003,0.0003,0.07
926.799,,,,-0.0003,0.0003,0.07
926.85,,,,-0.0003,0.0003,0.07
926.901,,,,-0.0003,0.0003,0.07
926.951,,,,-0.0003,0.0003,0.07
927.002,,,,-0.0003,0.0003,0.07
927.053,,,,-0.0003,0.0003,0.07
927.141,,,,-0.0003,0.0003,0.07
927.192,,,,-0.0003,0.0003,0.07
927.243,,,,-0.0003,0.0003,0.07
927.293,,,,-0.0003,0.0003,0.07
927.344,,,,-0.0003,0.0003,0.07
927.395,,,,-0.0003,0.0003,0.07
927.446,,,,-0.0003,0.0003,0.07
927.497,,,,-0.0003,0.0003,0.07
927.547,,,,-0.0003,0.0003,0.07
927.597,,,,-0.0003,0.0003,0.07
927.648,,,,-0.0003,0.0003,0.07
927.699,,,,-0.0003,0.0003,0.07
927.749,,,,-0.0003,0.0003,0.07
927.8,,,,-0.0003,0.0003,0.07
927.85,,,,-0.0003,0.0003,0.07
927.901,,,,-0.0003,0.0003,0.07
927.952,,,,-0.0003,0.0003,0.07
928.003,,,,-0.0003,0.0003,0.07
928.053,,,,-0.0003,0.0003,0.07
928.104,,,,-0.0003,0.0003,0.07
928.154,,,,-0.0003,0.0003,0.07
928.207,,,,-0.0003,0.0003,0.07
928.258,,,,-0.0003,0.0003,0.07
928.308,,,,-0.0003,0.0003,0.07
928.358,,,,-0.0003,0.0003,0.07
928.409,,,,-0.0003,0.0003,0.07
928.498,,,,-0.0003,0.0003,0.07
928.548,,,,-0.0003,0.0003,0.07
928.599,,,,-0.0003,0.0003,0.07
928.65,,,,-0.0003,0.0003,0.07
928.701,,,,-0.0003,0.0003,0.07
928.751,,,,-0.0003,0.0003,0.07
928.802,,,,-0.0003,0.0003,0.07
928.852,,,,-0.0003,0.0003,0.07
928.903,,,,-0.0003,0.0003,0.07
928.953,,,,-0.0003,0.0003,0.07
929.005,,,,-0.0003,0.0003,0.07
929.055,,,,-0.0003,0.0003,0.07
929.106,,,,-0.0003,0.0003,0.07
929.157,,,,-0.0003,0.0003,0.07
929.207,,,,-0.0003,0.0003,0.07
929.258,,,,-0.0003,0.0003,0.07
929.309,,,,-0.0003,0.0003,0.07
929.36,,,,-0.0003,0.0003,0.07
929.411,,,,-0.0003,0.0003,0.07
929.462,,,,-0.0003,0.0003,0.07
929.513,,,,-0.0003,0.0003,0.07
929.563,,,,-0.0003,0.0003,0.07
929.614,,,,-0.0003,0.0003,0.07
929.665,,,,-0.0003,0.0003,0.07
929.716,,,,-0.0003,0.0003,0.07
929.767,,,,-0.0003,0.0003,0.07
929.818,,,,-0.0003,0.0003,0.07
929.872,,,,-0.0003,0.0003,0.07
929.923,,,,-0.0003,0.0003,0.07
929.978,,,,-0.0003,0.0003,0.07
930.035,,,,-0.0003,0.0003,0.07
930.087,,,,-0.0003,0.0003,0.07
930.139,,,,-0.0003,0.0003,0.07
930.189,,,,-0.0003,0.0003,0.07
930.24,,,,-0.0003,0.0003,0.07
930.291,,,,-0.0003,0.0003,0.07
930.341,,,,-0.0003,0.0003,0.07
930.392,,,,-0.0003,0.0003,0.07
930.442,,,,-0.0003,0.0003,0.07
930.493,,,,-0.0003,0.0003,0.07
930.544,,,,-0.0003,0.0003,0.07
930.594,,,,-0.0003,0.0003,0.07
930.645,,,,-0.0003,0.0003,0.07
930.696,,,,-0.0003,0.0003,0.07
930.747,,,,-0.0003,0.0003,0.07
930.798,,,,-0.0003,0.0003,0.07
930.849,,,,-0.0003,0.0003,0.07
930.9,,,,-0.0003,0.0003,0.07
930.95,,,,-0.0003,0.0003,0.07
931.001,,,,-0.0003,0.0003,0.07
931.052,,,,-0.0003,0.0003,0.07
931.103,,,,-0.0003,0.0003,0.07
931.154,,,,-0.0003,0.0003,0.07
931.236,,,,-0.0003,0.0003,0.07
931.287,,,,-0.0003,0.0003,0.07
931.338,,,,-0.0003,0.0003,0.07
931.389,,,,-0.0003,0.0003,0.07
931.439,,,,-0.0003,0.0003,0.07
931.49,,,,-0.0003,0.0003,0.07
931.54,,,,-0.0003,0.0003,0.07
931.591,,,,-0.0003,0.0003,0.07
931.641,,,,-0.0003,0.0003,0.07
931.692,,,,-0.0003,0.0003,0.07
931.742,,,,-0.0003,0.0003,0.07
931.793,,,,-0.0003,0.0003,0.07
931.843,,,,-0.0003,0.0003,0.07
931.894,,,,-0.0003,0.0003,0.07
931.944,,,,-0.0003,0.0003,0.07
931.995,,,,-0.0003,0.0003,0.07
932.046,,,,-0.0003,0.0003,0.07
932.097,,,,-0.0003,0.0003,0.07
932.147,,,,-0.0003,0.0003,0.07
932.198,,,,-0.0003,0.0003,0.07
932.249,,,,-0.0003,0.0003,0.07
932.3,,,,-0.0003,0.0003,0.07
932.35,,,,-0.0003,0.0003,0.07
932.401,,,,-0.0003,0.0003,0.07
932.452,,,,-0.0003,0.0003,0.07
932.503,,,,-0.0003,0.0003,0.07
932.554,,,,-0.0003,0.0003,0.07
932.605,,,,-0.0003,0.0003,0.07
932.655,,,,-0.0003,0.0003,0.07
932.706,,,,-0.0003,0.0003,0.07
932.757,,,,-0.0003,0.0003,0.07
932.808,,,,-0.0003,0.0003,0.07
932.858,,,,-0.0003,0.0003,0.07
932.909,,,,-0.0003,0.0003,0.07
932.96,,,,-0.0003,0.0003,0.07
933.011,,,,-0.0003,0.0003,0.07
933.061,,,,-0.0003,0.0003,0.07
933.112,,,,-0.0003,0.0003,0.07
933.163,,,,-0.0003,0.0003,0.07
933.213,,,,-0.0003,0.0003,0.07
933.264,,,,-0.0003,0.0003,0.07
933.315,,,,-0.0003,0.0003,0.07
933.366,,,,-0.0003,0.0003,0.07
933.417,,,,-0.0003,0.0003,0.07
933.468,,,,-0.0003,0.0003,0.07
933.519,,,,-0.0003,0.0003,0.07
933.569,,,,-0.0003,0.0003,0.07
933.62,,,,-0.0003,0.0003,0.07
933.671,,,,-0.0003,0.0003,0.07
933.722,,,,-0.0003,0.0003,0.07
933.773,,,,-0.0003,0.0003,0.07
933.823,,,,-0.0003,0.0003,0.07
933.874,,,,-0.0003,0.0003,0.07
933.955,,,,-0.0003,0.0003,0.07
934.005,,,,-0.0003,0.0003,0.07
934.056,,,,-0.0003,0.0003,0.07
934.107,,,,-0.0003,0.0003,0.07
934.158,,,,-0.0003,0.0003,0.07
934.208,,,,-0.0003,0.0003,0.07
934.259,,,,-0.0003,0.0003,0.07
934.31,,,,-0.0003,0.0003,0.07
934.361,,,,-0.0003,0.0003,0.07
934.412,,,,-0.0003,0.0003,0.07
934.463,,,,-0.0003,0.0003,0.07
934.513,,,,-0.0003,0.0003,0.07
934.564,,,,-0.0003,0.0003,0.07
934.615,,,,-0.0003,0.0003,0.07
934.665,,,,-0.0003,0.0003,0.07
934.716,,,,-0.0003,0.0003,0.07
934.766,,,,-0.0003,0.0003,0.07
934.817,,,,-0.0003,0.0003,0.07
934.868,,,,-0.0003,0.0003,0.07
934.919,,,,-0.0003,0.0003,0.07
934.969,,,,-0.0003,0.0003,0.07
935.02,,,,-0.0003,0.0003,0.07
935.071,,,,-0.0003,0.0003,0.07
935.121,,,,-0.0003,0.0003,0.07
935.172,,,,-0.0003,0.0003,0.07
935.223,,,,-0.0003,0.0003,0.07
935.273,,,,-0.0003,0.0003,0.07
935.329,,,,-0.0003,0.0003,0.07
935.38,,,,-0.0003,0.0003,0.07
935.43,,,,-0.0003,0.0003,0.07
935.481,,,,-0.0003,0.0003,0.07
935.531,,,,-0.0003,0.0003,0.07
935.582,,,,-0.0003,0.0003,0.07
935.632,,,,-0.0003,0.0003,0.07
935.683,,,,-0.0003,0.0003,0.07
935.734,,,,-0.0003,0.0003,0.07
935.784,,,,-0.0003,0.0003,0.07
935.835,,,,-0.0003,0.0003,0.07
935.885,,,,-0.0003,0.0003,0.07
935.936,,,,-0.0003,0.0003,0.07
935.987,,,,-0.0003,0.0003,0.07
936.037,,,,-0.0003,0.0003,0.07
936.088,,,,-0.0003,0.0003,0.07
936.139,,,,-0.0003,0.0003,0.07
936.189,,,,-0.0003,0.0003,0.07
936.24,,,,-0.0003,0.0003,0.07
936.291,,,,-0.0003,0.0003,0.07
936.342,,,,-0.0003,0.0003,0.07
936.397,,,,-0.0003,0.0003,0.07
936.449,,,,-0.0003,0.0003,0.07
936.5,,,,-0.0003,0.0003,0.07
936.55,,,,-0.0003,0.0003,0.07
936.601,,,,-0.0003,0.0003,0.07
936.688,,,,-0.0003,0.0003,0.07
936.739,,,,-0.0003,0.0003,0.07
936.792,,,,-0.0003,0.0003,0.07
936.843,,,,-0.0003,0.0003,0.07
936.893,,,,-0.0003,0.0003,0.07
936.944,,,,-0.0003,0.0003,0.07
936.994,,,,-0.0003,0.0003,0.07
937.045,,,,-0.0003,0.0003,0.07
937.096,,,,-0.0003,0.0003,0.07
937.147,,,,-0.0003,0.0003,0.07
937.198,,,,-0.0003,0.0003,0.07
937.248,,,,-0.0003,0.0003,0.07
937.299,,,,-0.0003,0.0003,0.07
937.349,,,,-0.0003,0.0003,0.07
937.4,,,,-0.0003,0.0003,0.07
937.451,,,,-0.0003,0.0003,0.07
937.502,,,,-0.0003,0.0003,0.07
937.553,,,,-0.0003,0.0003,0.07
937.603,,,,-0.0003,0.0003,0.07
937.654,,,,-0.0003,0.0003,0.07
937.705,,,,-0.0003,0.0003,0.07
937.755,,,,-0.0003,0.0003,0.07
937.806,,,,-0.0003,0.0003,0.07
937.856,,,,-0.0003,0.0003,0.07
937.907,,,,-0.0003,0.0003,0.07
937.958,,,,-0.0003,0.0003,0.07
938.047,,,,-0.0003,0.0003,0.07
938.097,,,,-0.0003,0.0003,0.07
938.148,,,,-0.0003,0.0003,0.07
938.199,,,,-0.0003,0.0003,0.07
938.249,,,,-0.0003,0.0003,0.07
938.3,,,,-0.0003,0.0003,0.07
938.351,,,,-0.0003,0.0003,0.07
938.402,,,,-0.0003,0.0003,0.07
938.453,,,,-0.0003,0.0003,0.07
938.504,,,,-0.0003,0.0003,0.07
938.554,,,,-0.0003,0.0003,0.07
938.605,,,,-0.0003,0.0003,0.07
938.656,,,,-0.0003,0.0003,0.07
938.707,,,,-0.0003,0.0003,0.07
938.758,,,,-0.0003,0.0003,0.07
938.808,,,,-0.0003,0.0003,0.07
938.859,,,,-0.0003,0.0003,0.07
938.91,,,,-0.0003,0.0003,0.07
938.96,,,,-0.0003,0.0003,0.07
939.011,,,,-0.0003,0.0003,0.07
939.062,,,,-0.0003,0.0003,0.07
939.113,,,,-0.0003,0.0003,0.07
939.164,,,,-0.0003,0.0003,0.07
939.214,,,,-0.0003,0.0003,0.07
939.265,,,,-0.0003,0.0003,0.07
939.315,,,,-0.0003,0.0003,0.07
939.403,,,,-0.0003,0.0003,0.07
939.453,,,,-0.0003,0.0003,0.07
939.504,,,,-0.0003,0.0003,0.07
939.555,,,,-0.0003,0.0003,0.07
939.605,,,,-0.0003,0.0003,0.07
939.656,,,,-0.0003,0.0003,0.07
939.707,,,,-0.0003,0.0003,0.07
939.757,,,,-0.0003,0.0003,0.07
939.808,,,,-0.0003,0.0003,0.07
939.858,,,,-0.0003,0.0003,0.07
939.909,,,,-0.0003,0.0003,0.07
939.959,,,,-0.0003,0.0003,0.07
940.01,,,,-0.0003,0.0003,0.07
940.061,,,,-0.0003,0.0003,0.07
940.112,,,,-0.0003,0.0003,0.07
940.163,,,,-0.0003,0.0003,0.07
940.213,,,,-0.0003,0.0003,0.07
940.264,,,,-0.0003,0.0003,0.07
940.315,,,,-0.0003,0.0003,0.07
940.366,,,,-0.0003,0.0003,0.07
940.417,,,,-0.0003,0.0003,0.07
940.467,,,,-0.0003,0.0003,0.07
940.518,,,,-0.0003,0.0003,0.07
940.569,,,,-0.0003,0.0003,0.07
940.619,,,,-0.0003,0.0003,0.07
940.67,,,,-0.0003,0.0003,0.07
940.721,,,,-0.0003,0.0003,0.07
940.774,,,,-0.0003,0.0003,0.07
940.824,,,,-0.0003,0.0003,0.07
940.875,,,,-0.0003,0.0003,0.07
940.926,,,,-0.0003,0.0003,0.07
940.976,,,,-0.0003,0.0003,0.07
941.027,,,,-0.0003,0.0003,0.07
941.077,,,,-0.0003,0.0003,0.07
941.128,,,,-0.0003,0.0003,0.07
941.178,,,,-0.0003,0.0003,0.07
941.229,,,,-0.0003,0.0003,0.07
941.279,,,,-0.0003,0.0003,0.07
941.33,,,,-0.0003,0.0003,0.07
941.381,,,,-0.0003,0.0003,0.07
941.431,,,,-0.0003,0.0003,0.07
941.482,,,,-0.0003,0.0003,0.07
941.533,,,,-0.0003,0.0003,0.07
941.584,,,,-0.0003,0.0003,0.07
941.634,,,,-0.0003,0.0003,0.07
941.685,,,,-0.0003,0.0003,0.07
941.735,,,,-0.0003,0.0003,0.07
941.786,,,,-0.0003,0.0003,0.07
941.837,,,,-0.0003,0.0003,0.07
941.888,,,,-0.0003,0.0003,0.07
941.939,,,,-0.0003,0.0003,0.07
941.989,,,,-0.0003,0.0003,0.07
942.04,,,,-0.0003,0.0003,0.07
942.091,,,,-0.0003,0.0003,0.07
942.141,,,,-0.0003,0.0003,0.07
942.192,,,,-0.0003,0.0003,0.07
942.243,,,,-0.0003,0.0003,0.07
942.293,,,,-0.0003,0.0003,0.07
942.344,,,,-0.0003,0.0003,0.07
942.394,,,,-0.0003,0.0003,0.07
942.445,,,,-0.0003,0.0003,0.07
942.496,,,,-0.0003,0.0003,0.07
942.546,,,,-0.0003,0.0003,0.07
942.597,,,,-0.0003,0.0003,0.07
942.648,,,,-0.0003,0.0003,0.07
942.699,,,,-0.0003,0.0003,0.07
942.75,,,,-0.0003,0.0003,0.07
942.8,,,,-0.0003,0.0003,0.07
942.851,,,,-0.0003,0.0003,0.07
942.901,,,,-0.0003,0.0003,0.07
942.952,,,,-0.0003,0.0003,0.07
943.003,,,,-0.0003,0.0003,0.07
943.074,,,,-0.0003,0.0003,0.07
943.126,,,,-0.0003,0.0003,0.07
943.176,,,,-0.0003,0.0003,0.07
943.227,,,,-0.0003,0.0003,0.07
943.278,,,,-0.0003,0.0003,0.07
943.328,,,,-0.0003,0.0003,0.07
943.38,,,,-0.0003,0.0003,0.07
943.43,,,,-0.0003,0.0003,0.07
943.496,,,,-0.0003,0.0003,0.07
943.547,,,,-0.0003,0.0003,0.07
943.598,,,,-0.0003,0.0003,0.07
943.648,,,,-0.0003,0.0003,0.07
943.699,,,,-0.0003,0.0003,0.07
943.75,,,,-0.0003,0.0003,0.07
943.801,,,,-0.0003,0.0003,0.07
943.851,,,,-0.0003,0.0003,0.07
943.902,,,,-0.0003,0.0003,0.07
943.953,,,,-0.0003,0.0003,0.07
944.003,,,,-0.0003,0.0003,0.07
944.054,,,,-0.0003,0.0003,0.07
944.105,,,,-0.0003,0.0003,0.07
944.155,,,,-0.0003,0.0003,0.07
944.206,,,,-0.0003,0.0003,0.07
944.257,,,,-0.0003,0.0003,0.07
944.308,,,,-0.0003,0.0003,0.07
944.359,,,,-0.0003,0.0003,0.07
944.409,,,,-0.0003,0.0003,0.07
944.46,,,,-0.0003,0.0003,0.07
944.511,,,,-0.0003,0.0003,0.07
944.562,,,,-0.0003,0.0003,0.07
944.613,,,,-0.0003,0.0003,0.07
944.664,,,,-0.0003,0.0003,0.07
944.715,,,,-0.0003,0.0003,0.07
944.765,,,,-0.0003,0.0003,0.07
944.816,,,,-0.0003,0.0003,0.07
944.867,,,,-0.0003,0.0003,0.07
944.917,,,,-0.0003,0.0003,0.07
944.967,,,,-0.0003,0.0003,0.07
945.018,,,,-0.0003,0.0003,0.07
945.068,,,,-0.0003,0.0003,0.07
945.119,,,,-0.0003,0.0003,0.07
945.17,,,,-0.0003,0.0003,0.07
945.22,,,,-0.0003,0.0003,0.07
945.271,,,,-0.0003,0.0003,0.07
945.321,,,,-0.0003,0.0003,0.07
945.372,,,,-0.0003,0.0003,0.07
945.422,,,,-0.0003,0.0003,0.07
945.473,,,,-0.0003,0.0003,0.07
945.524,,,,-0.0003,0.0003,0.07
945.575,,,,-0.0003,0.0003,0.07
945.626,,,,-0.0003,0.0003,0.07
945.676,,,,-0.0003,0.0003,0.07
945.727,,,,-0.0003,0.0003,0.07
945.803,,,,-0.0003,0.0003,0.07
945.854,,,,-0.0003,0.0003,0.07
945.904,,,,-0.0003,0.0003,0.07
945.955,,,,-0.0003,0.0003,0.07
946.005,,,,-0.0003,0.0003,0.07
946.056,,,,-0.0003,0.0003,0.07
946.106,,,,-0.0003,0.0003,0.07
946.157,,,,-0.0003,0.0003,0.07
946.224,,,,-0.0003,0.0003,0.07
946.275,,,,-0.0003,0.0003,0.07
946.326,,,,-0.0003,0.0003,0.07
946.377,,,,-0.0003,0.0003,0.07
946.427,,,,-0.0003,0.0003,0.07
946.478,,,,-0.0003,0.0003,0.07
946.529,,,,-0.0003,0.0003,0.07
946.58,,,,-0.0003,0.0003,0.07
946.63,,,,-0.0003,0.0003,0.07
946.681,,,,-0.0003,0.0003,0.07
946.733,,,,-0.0003,0.0003,0.07
946.783,,,,-0.0003,0.0003,0.07
946.834,,,,-0.0003,0.0003,0.07
946.885,,,,-0.0003,0.0003,0.07
946.935,,,,-0.0003,0.0003,0.07
946.986,,,,-0.0003,0.0003,0.07
947.036,,,,-0.0003,0.0003,0.07
947.087,,,,-0.0003,0.0003,0.07
947.138,,,,-0.0003,0.0003,0.07
947.188,,,,-0.0003,0.0003,0.07
947.239,,,,-0.0003,0.0003,0.07
947.289,,,,-0.0003,0.0003,0.07
947.34,,,,-0.0003,0.0003,0.07
947.39,,,,-0.0003,0.0003,0.07
947.441,,,,-0.0003,0.0003,0.07
947.491,,,,-0.0003,0.0003,0.07
947.542,,,,-0.0003,0.0003,0.07
947.593,,,,-0.0003,0.0003,0.07
947.644,,,,-0.0003,0.0003,0.07
947.694,,,,-0.0003,0.0003,0.07
947.745,,,,-0.0003,0.0003,0.07
947.796,,,,-0.0003,0.0003,0.07
947.846,,,,-0.0003,0.0003,0.07
947.897,,,,-0.0003,0.0003,0.07
947.948,,,,-0.0003,0.0003,0.07
947.998,,,,-0.0003,0.0003,0.07
948.049,,,,-0.0003,0.0003,0.07
948.099,,,,-0.0003,0.0003,0.07
948.149,,,,-0.0003,0.0003,0.07
948.2,,,,-0.0003,0.0003,0.07
948.25,,,,-0.0003,0.0003,0.07
948.3,,,,-0.0003,0.0003,0.07
948.351,,,,-0.0003,0.0003,0.07
948.402,,,,-0.0003,0.0003,0.07
948.452,,,,-0.0003,0.0003,0.07
948.503,,,,-0.0003,0.0003,0.07
948.553,,,,-0.0003,0.0003,0.07
948.604,,,,-0.0003,0.0003,0.07
948.654,,,,-0.0003,0.0003,0.07
948.705,,,,-0.0003,0.0003,0.07
948.755,,,,-0.0003,0.0003,0.07
948.807,,,,-0.0003,0.0003,0.07
948.857,,,,-0.0003,0.0003,0.07
948.908,,,,-0.0003,0.0003,0.07
948.961,,,,-0.0003,0.0003,0.07
949.012,,,,-0.0003,0.0003,0.07
949.062,,,,-0.0003,0.0003,0.07
949.112,,,,-0.0003,0.0003,0.07
949.164,,,,-0.0003,0.0003,0.07
949.215,,,,-0.0003,0.0003,0.07
949.266,,,,-0.0003,0.0003,0.07
949.317,,,,-0.0003,0.0003,0.07
949.367,,,,-0.0003,0.0003,0.07
949.418,,,,-0.0003,0.0003,0.07
949.469,,,,-0.0003,0.0003,0.07
949.52,,,,-0.0003,0.0003,0.07
949.57,,,,-0.0003,0.0003,0.07
949.621,,,,-0.0003,0.0003,0.07
949.672,,,,-0.0003,0.0003,0.07
949.722,,,,-0.0003,0.0003,0.07
949.773,,,,-0.0003,0.0003,0.07
949.824,,,,-0.0003,0.0003,0.07
949.874,,,,-0.0003,0.0003,0.07
949.925,,,,-0.0003,0.0003,0.07
949.975,,,,-0.0003,0.0003,0.07
950.026,,,,-0.0003,0.0003,0.07
950.076,,,,-0.0003,0.0003,0.07
950.127,,,,-0.0003,0.0003,0.07
950.177,,,,-0.0003,0.0003,0.07
950.228,,,,-0.0003,0.0003,0.07
950.283,,,,-0.0003,0.0003,0.07
950.333,,,,-0.0003,0.0003,0.07
950.384,,,,-0.0003,0.0003,0.07
950.434,,,,-0.0003,0.0003,0.07
950.484,,,,-0.0003,0.0003,0.07
950.535,,,,-0.0003,0.0003,0.07
950.586,,,,-0.0003,0.0003,0.07
950.636,,,,-0.0003,0.0003,0.07
950.687,,,,-0.0003,0.0003,0.07
950.737,,,,-0.0003,0.0003,0.07
950.788,,,,-0.0003,0.0003,0.07
950.839,,,,-0.0003,0.0003,0.07
950.889,,,,-0.0003,0.0003,0.07
950.94,,,,-0.0003,0.0003,0.07
950.991,,,,-0.0003,0.0003,0.07
951.042,,,,-0.0003,0.0003,0.07
951.092,,,,-0.0003,0.0003,0.07
951.143,,,,-0.0003,0.0003,0.07
951.194,,,,-0.0003,0.0003,0.07
951.244,,,,-0.0003,0.0003,0.07
951.295,,,,-0.0003,0.0003,0.07
951.345,,,,-0.0003,0.0003,0.07
951.396,,,,-0.0003,0.0003,0.07
951.447,,,,-0.0003,0.0003,0.07
951.498,,,,-0.0003,0.0003,0.07
951.549,,,,-0.0003,0.0003,0.07
951.599,,,,-0.0003,0.0003,0.07
951.675,,,,-0.0003,0.0003,0.07
951.726,,,,-0.0003,0.0003,0.07
951.777,,,,-0.0003,0.0003,0.07
951.827,,,,-0.0003,0.0003,0.07
951.878,,,,-0.0003,0.0003,0.07
951.929,,,,-0.0003,0.0003,0.07
951.98,,,,-0.0003,0.0003,0.07
952.03,,,,-0.0003,0.0003,0.07
952.081,,,,-0.0003,0.0003,0.07
952.131,,,,-0.0003,0.0003,0.07
952.183,,,,-0.0003,0.0003,0.07
952.233,,,,-0.0003,0.0003,0.07
952.284,,,,-0.0003,0.0003,0.07
952.335,,,,-0.0003,0.0003,0.07
952.385,,,,-0.0003,0.0003,0.07
952.436,,,,-0.0003,0.0003,0.07
952.487,,,,-0.0003,0.0003,0.07
952.538,,,,-0.0003,0.0003,0.07
952.588,,,,-0.0003,0.0003,0.07
952.639,,,,-0.0003,0.0003,0.07
952.69,,,,-0.0003,0.0003,0.07
952.741,,,,-0.0003,0.0003,0.07
952.791,,,,-0.0003,0.0003,0.07
952.842,,,,-0.0003,0.0003,0.07
952.893,,,,-0.0003,0.0003,0.07
952.944,,,,-0.0003,0.0003,0.07
952.994,,,,-0.0003,0.0003,0.07
953.045,,,,-0.0003,0.0003,0.07
953.096,,,,-0.0003,0.0003,0.07
953.146,,,,-0.0003,0.0003,0.07
953.197,,,,-0.0003,0.0003,0.07
953.247,,,,-0.0003,0.0003,0.07
953.298,,,,-0.0003,0.0003,0.07
953.349,,,,-0.0003,0.0003,0.07
953.4,,,,-0.0003,0.0003,0.07
953.45,,,,-0.0003,0.0003,0.07
953.501,,,,-0.0003,0.0003,0.07
953.552,,,,-0.0003,0.0003,0.07
953.603,,,,-0.0003,0.0003,0.07
953.653,,,,-0.0003,0.0003,0.07
953.704,,,,-0.0003,0.0003,0.07
953.755,,,,-0.0003,0.0003,0.07
953.805,,,,-0.0003,0.0003,0.07
953.856,,,,-0.0003,0.0003,0.07
953.907,,,,-0.0003,0.0003,0.07
953.981,,,,-0.0003,0.0003,0.07
954.033,,,,-0.0003,0.0003,0.07
954.083,,,,-0.0003,0.0003,0.07
954.134,,,,-0.0003,0.0003,0.07
954.185,,,,-0.0003,0.0003,0.07
954.235,,,,-0.0003,0.0003,0.07
954.286,,,,-0.0003,0.0003,0.07
954.337,,,,-0.0003,0.0003,0.07
954.403,,,,-0.0003,0.0003,0.07
954.454,,,,-0.0003,0.0003,0.07
954.505,,,,-0.0003,0.0003,0.07
954.556,,,,-0.0003,0.0003,0.07
954.606,,,,-0.0003,0.0003,0.07
954.657,,,,-0.0003,0.0003,0.07
954.708,,,,-0.0003,0.0003,0.07
954.759,,,,-0.0003,0.0003,0.07
954.81,,,,-0.0003,0.0003,0.07
954.86,,,,-0.0003,0.0003,0.07
954.911,,,,-0.0003,0.0003,0.07
954.962,,,,-0.0003,0.0003,0.07
955.012,,,,-0.0003,0.0003,0.07
955.063,,,,-0.0003,0.0003,0.07
955.114,,,,-0.0003,0.0003,0.07
955.164,,,,-0.0003,0.0003,0.07
955.215,,,,-0.0003,0.0003,0.07
955.266,,,,-0.0003,0.0003,0.07
955.316,,,,-0.0003,0.0003,0.07
955.367,,,,-0.0003,0.0003,0.07
955.417,,,,-0.0003,0.0003,0.07
955.468,,,,-0.0003,0.0003,0.07
955.519,,,,-0.0003,0.0003,0.07
955.57,,,,-0.0003,0.0003,0.07
955.621,,,,-0.0003,0.0003,0.07
955.671,,,,-0.0003,0.0003,0.07
955.761,,,,-0.0003,0.0003,0.07
955.812,,,,-0.0003,0.0003,0.07
955.863,,,,-0.0003,0.0003,0.07
955.914,,,,-0.0003,0.0003,0.07
955.964,,,,-0.0003,0.0003,0.07
956.015,,,,-0.0003,0.0003,0.07
956.066,,,,-0.0003,0.0003,0.07
956.117,,,,-0.0003,0.0003,0.07
956.168,,,,-0.0003,0.0003,0.07
956.218,,,,-0.0003,0.0003,0.07
956.27,,,,-0.0003,0.0003,0.07
956.32,,,,-0.0003,0.0003,0.07
956.371,,,,-0.0003,0.0003,0.07
956.422,,,,-0.0003,0.0003,0.07
956.473,,,,-0.0003,0.0003,0.07
956.524,,,,-0.0003,0.0003,0.07
956.574,,,,-0.0003,0.0003,0.07
956.625,,,,-0.0003,0.0003,0.07
956.676,,,,-0.0003,0.0003,0.07
956.726,,,,-0.0003,0.0003,0.07
956.777,,,,-0.0003,0.0003,0.07
956.828,,,,-0.0003,0.0003,0.07
956.878,,,,-0.0003,0.0003,0.07
956.929,,,,-0.0003,0.0003,0.07
956.98,,,,-0.0003,0.0003,0.07
957.031,,,,-0.0003,0.0003,0.07
957.082,,,,-0.0003,0.0003,0.07
957.133,,,,-0.0003,0.0003,0.07
957.184,,,,-0.0003,0.0003,0.07
957.234,,,,-0.0003,0.0003,0.07
957.285,,,,-0.0003,0.0003,0.07
957.336,,,,-0.0003,0.0003,0.07
957.387,,,,-0.0003,0.0003,0.07
957.437,,,,-0.0003,0.0003,0.07
957.488,,,,-0.0003,0.0003,0.07
957.539,,,,-0.0003,0.0003,0.07
957.589,,,,-0.0003,0.0003,0.07
957.64,,,,-0.0003,0.0003,0.07
957.691,,,,-0.0003,0.0003,0.07
957.741,,,,-0.0003,0.0003,0.07
957.792,,,,-0.0003,0.0003,0.07
957.843,,,,-0.0003,0.0003,0.07
957.894,,,,-0.0003,0.0003,0.07
957.944,,,,-0.0003,0.0003,0.07
957.995,,,,-0.0003,0.0003,0.07
958.049,,,,-0.0003,0.0003,0.07
958.099,,,,-0.0003,0.0003,0.07
958.15,,,,-0.0003,0.0003,0.07
958.202,,,,-0.0003,0.0003,0.07
958.253,,,,-0.0003,0.0003,0.07
958.304,,,,-0.0003,0.0003,0.07
958.355,,,,-0.0003,0.0003,0.07
958.405,,,,-0.0003,0.0003,0.07
958.51,,,,-0.0003,0.0003,0.07
958.561,,,,-0.0003,0.0003,0.07
958.612,,,,-0.0003,0.0003,0.07
958.663,,,,-0.0003,0.0003,0.07
958.713,,,,-0.0003,0.0003,0.07
958.764,,,,-0.0003,0.0003,0.07
958.816,,,,-0.0003,0.0003,0.07
958.867,,,,-0.0003,0.0003,0.07
958.918,,,,-0.0003,0.0003,0.07
958.968,,,,-0.0003,0.0003,0.07
959.019,,,,-0.0003,0.0003,0.07
959.069,,,,-0.0003,0.0003,0.07
959.121,,,,-0.0003,0.0003,0.07
959.171,,,,-0.0003,0.0003,0.07
959.222,,,,-0.0003,0.0003,0.07
959.273,,,,-0.0003,0.0003,0.07
959.324,,,,-0.0003,0.0003,0.07
959.374,,,,-0.0003,0.0003,0.07
959.425,,,,-0.0003,0.0003,0.07
959.476,,,,-0.0003,0.0003,0.07
959.527,,,,-0.0003,0.0003,0.07
959.578,,,,-0.0003,0.0003,0.07
959.629,,,,-0.0003,0.0003,0.07
959.68,,,,-0.0003,0.0003,0.07
959.731,,,,-0.0003,0.0003,0.07
959.781,,,,-0.0003,0.0003,0.07
959.859,,,,-0.0003,0.0003,0.07
959.92,,,,-0.0003,0.0003,0.07
959.971,,,,-0.0003,0.0003,0.07
960.022,,,,-0.0003,0.0003,0.07
960.072,,,,-0.0003,0.0003,0.07
960.123,,,,-0.0003,0.0003,0.07
960.173,,,,-0.0003,0.0003,0.07
960.224,,,,-0.0003,0.0003,0.07
960.275,,,,-0.0003,0.0003,0.07
960.326,,,,-0.0003,0.0003,0.07
960.376,,,,-0.0003,0.0003,0.07
960.427,,,,-0.0003,0.0003,0.07
960.478,,,,-0.0003,0.0003,0.07
960.528,,,,-0.0003,0.0003,0.07
960.579,,,,-0.0003,0.0003,0.07
960.63,,,,-0.0003,0.0003,0.07
960.68,,,,-0.0003,0.0003,0.07
960.731,,,,-0.0003,0.0003,0.07
960.783,,,,-0.0003,0.0003,0.07
960.834,,,,-0.0003,0.0003,0.07
960.884,,,,-0.0003,0.0003,0.07
960.935,,,,-0.0003,0.0003,0.07
960.985,,,,-0.0003,0.0003,0.07
961.037,,,,-0.0003,0.0003,0.07
961.087,,,,-0.0003,0.0003,0.07
961.138,,,,-0.0003,0.0003,0.07
961.217,,,,-0.0003,0.0003,0.07
961.268,,,,-0.0003,0.0003,0.07
961.319,,,,-0.0003,0.0003,0.07
961.37,,,,-0.0003,0.0003,0.07
961.42,,,,-0.0003,0.0003,0.07
961.471,,,,-0.0003,0.0003,0.07
961.522,,,,-0.0003,0.0003,0.07
961.573,,,,-0.0003,0.0003,0.07
961.623,,,,-0.0003,0.0003,0.07
961.674,,,,-0.0003,0.0003,0.07
961.725,,,,-0.0003,0.0003,0.07
961.776,,,,-0.0003,0.0003,0.07
961.827,,,,-0.0003,0.0003,0.07
961.878,,,,-0.0003,0.0003,0.07
961.928,,,,-0.0003,0.0003,0.07
961.979,,,,-0.0003,0.0003,0.07
962.029,,,,-0.0003,0.0003,0.07
962.08,,,,-0.0003,0.0003,0.07
962.131,,,,-0.0003,0.0003,0.07
962.181,,,,-0.0003,0.0003,0.07
962.232,,,,-0.0003,0.0003,0.07
962.283,,,,-0.0003,0.0003,0.07
962.334,,,,-0.0003,0.0003,0.07
962.384,,,,-0.0003,0.0003,0.07
962.435,,,,-0.0003,0.0003,0.07
962.486,,,,-0.0003,0.0003,0.07
962.536,,,,-0.0003,0.0003,0.07
962.587,,,,-0.0003,0.0003,0.07
962.637,,,,-0.0003,0.0003,0.07
962.688,,,,-0.0003,0.0003,0.07
962.739,,,,-0.0003,0.0003,0.07
962.789,,,,-0.0003,0.0003,0.07
962.84,,,,-0.0003,0.0003,0.07
962.89,,,,-0.0003,0.0003,0.07
962.941,,,,-0.0003,0.0003,0.07
962.992,,,,-0.0003,0.0003,0.07
963.043,,,,-0.0003,0.0003,0.07
963.093,,,,-0.0003,0.0003,0.07
963.147,,,,-0.0003,0.0003,0.07
963.198,,,,-0.0003,0.0003,0.07
963.248,,,,-0.0003,0.0003,0.07
963.298,,,,-0.0003,0.0003,0.07
963.349,,,,-0.0003,0.0003,0.07
963.399,,,,-0.0003,0.0003,0.07
963.45,,,,-0.0003,0.0003,0.07
963.501,,,,-0.0003,0.0003,0.07
963.551,,,,-0.0003,0.0003,0.07
963.602,,,,-0.0003,0.0003,0.07
963.653,,,,-0.0003,0.0003,0.07
963.703,,,,-0.0003,0.0003,0.07
963.754,,,,-0.0003,0.0003,0.07
963.805,,,,-0.0003,0.0003,0.07
963.855,,,,-0.0003,0.0003,0.07
963.906,,,,-0.0003,0.0003,0.07
963.956,,,,-0.0003,0.0003,0.07
964.007,,,,-0.0003,0.0003,0.07
964.058,,,,-0.0003,0.0003,0.07
964.108,,,,-0.0003,0.0003,0.07
964.159,,,,-0.0003,0.0003,0.07
964.21,,,,-0.0003,0.0003,0.07
964.26,,,,-0.0003,0.0003,0.07
964.311,,,,-0.0003,0.0003,0.07
964.361,,,,-0.0003,0.0003,0.07
964.412,,,,-0.0003,0.0003,0.07
964.462,,,,-0.0003,0.0003,0.07
964.513,,,,-0.0003,0.0003,0.07
964.563,,,,-0.0003,0.0003,0.07
964.614,,,,-0.0003,0.0003,0.07
964.665,,,,-0.0003,0.0003,0.07
964.716,,,,-0.0003,0.0003,0.07
964.766,,,,-0.0003,0.0003,0.07
964.817,,,,-0.0003,0.0003,0.07
964.868,,,,-0.0003,0.0003,0.07
964.919,,,,-0.0003,0.0003,0.07
964.97,,,,-0.0003,0.0003,0.07
965.022,,,,-0.0003,0.0003,0.07
965.073,,,,-0.0003,0.0003,0.07
965.124,,,,-0.0003,0.0003,0.07
965.175,,,,-0.0003,0.0003,0.07
965.225,,,,-0.0003,0.0003,0.07
965.307,,,,-0.0003,0.0003,0.07
965.358,,,,-0.0003,0.0003,0.07
965.408,,,,-0.0003,0.0003,0.07
965.459,,,,-0.0003,0.0003,0.07
965.51,,,,-0.0003,0.0003,0.07
965.561,,,,-0.0003,0.0003,0.07
965.612,,,,-0.0003,0.0003,0.07
965.662,,,,-0.0003,0.0003,0.07
965.713,,,,-0.0003,0.0003,0.07
965.764,,,,-0.0003,0.0003,0.07
965.814,,,,-0.0003,0.0003,0.07
965.865,,,,-0.0003,0.0003,0.07
965.916,,,,-0.0003,0.0003,0.07
965.966,,,,-0.0003,0.0003,0.07
966.017,,,,-0.0003,0.0003,0.07
966.068,,,,-0.0003,0.0003,0.07
966.119,,,,-0.0003,0.0003,0.07
966.169,,,,-0.0003,0.0003,0.07
966.22,,,,-0.0003,0.0003,0.07
966.271,,,,-0.0003,0.0003,0.07
966.322,,,,-0.0003,0.0003,0.07
966.372,,,,-0.0003,0.0003,0.07
966.423,,,,-0.0003,0.0003,0.07
966.474,,,,-0.0003,0.0003,0.07
966.525,,,,-0.0003,0.0003,0.07
966.577,,,,-0.0003,0.0003,0.07
966.628,,,,-0.0003,0.0003,0.07
966.678,,,,-0.0003,0.0003,0.07
966.729,,,,-0.0003,0.0003,0.07
966.781,,,,-0.0003,0.0003,0.07
966.832,,,,-0.0003,0.0003,0.07
966.883,,,,-0.0003,0.0003,0.07
966.933,,,,-0.0003,0.0003,0.07
966.984,,,,-0.0003,0.0003,0.07
967.034,,,,-0.0003,0.0003,0.07
967.085,,,,-0.0003,0.0003,0.07
967.136,,,,-0.0003,0.0003,0.07
967.187,,,,-0.0003,0.0003,0.07
967.238,,,,-0.0003,0.0003,0.07
967.289,,,,-0.0003,0.0003,0.07
967.34,,,,-0.0003,0.0003,0.07
967.391,,,,-0.0003,0.0003,0.07
967.441,,,,-0.0003,0.0003,0.07
967.492,,,,-0.0003,0.0003,0.07
967.543,,,,-0.0003,0.0003,0.07
967.593,,,,-0.0003,0.0003,0.07
967.644,,,,-0.0003,0.0003,0.07
967.695,,,,-0.0003,0.0003,0.07
967.746,,,,-0.0003,0.0003,0.07
967.796,,,,-0.0003,0.0003,0.07
967.847,,,,-0.0003,0.0003,0.07
967.897,,,,-0.0003,0.0003,0.07
967.948,,,,-0.0003,0.0003,0.07
968.032,,,,-0.0003,0.0003,0.07
968.085,,,,-0.0003,0.0003,0.07
968.136,,,,-0.0003,0.0003,0.07
968.187,,,,-0.0003,0.0003,0.07
968.237,,,,-0.0003,0.0003,0.07
968.288,,,,-0.0003,0.0003,0.07
968.339,,,,-0.0003,0.0003,0.07
968.389,,,,-0.0003,0.0003,0.07
968.44,,,,-0.0003,0.0003,0.07
968.491,,,,-0.0003,0.0003,0.07
968.542,,,,-0.0003,0.0003,0.07
968.592,,,,-0.0003,0.0003,0.07
968.643,,,,-0.0003,0.0003,0.07
968.694,,,,-0.0003,0.0003,0.07
968.744,,,,-0.0003,0.0003,0.07
968.795,,,,-0.0003,0.0003,0.07
968.846,,,,-0.0003,0.0003,0.07
968.896,,,,-0.0003,0.0003,0.07
968.948,,,,-0.0003,0.0003,0.07
968.999,,,,-0.0003,0.0003,0.07
969.049,,,,-0.0003,0.0003,0.07
969.101,,,,-0.0003,0.0003,0.07
969.153,,,,-0.0003,0.0003,0.07
969.203,,,,-0.0003,0.0003,0.07
969.254,,,,-0.0003,0.0003,0.07
969.304,,,,-0.0003,0.0003,0.07
969.355,,,,-0.0003,0.0003,0.07
969.406,,,,-0.0003,0.0003,0.07
969.457,,,,-0.0003,0.0003,0.07
969.508,,,,-0.0003,0.0003,0.07
969.559,,,,-0.0003,0.0003,0.07
969.61,,,,-0.0003,0.0003,0.07
969.66,,,,-0.0003,0.0003,0.07
969.712,,,,-0.0003,0.0003,0.07
969.763,,,,-0.0003,0.0003,0.07
969.813,,,,-0.0003,0.0003,0.07
969.864,,,,-0.0003,0.0003,0.07
969.914,,,,-0.0003,0.0003,0.07
969.965,,,,-0.0003,0.0003,0.07
970.016,,,,-0.0003,0.0003,0.07
970.067,,,,-0.0003,0.0003,0.07
970.117,,,,-0.0003,0.0003,0.07
970.168,,,,-0.0003,0.0003,0.07
970.218,,,,-0.0003,0.0003,0.07
970.269,,,,-0.0003,0.0003,0.07
970.32,,,,-0.0003,0.0003,0.07
970.371,,,,-0.0003,0.0003,0.07
970.422,,,,-0.0003,0.0003,0.07
970.473,,,,-0.0003,0.0003,0.07
970.524,,,,-0.0003,0.0003,0.07
970.575,,,,-0.0003,0.0003,0.07
970.625,,,,-0.0003,0.0003,0.07
970.676,,,,-0.0003,0.0003,0.07
970.757,,,,-0.0003,0.0003,0.07
970.808,,,,-0.0003,0.0003,0.07
970.859,,,,-0.0003,0.0003,0.07
970.91,,,,-0.0003,0.0003,0.07
970.961,,,,-0.0003,0.0003,0.07
971.012,,,,-0.0003,0.0003,0.07
971.063,,,,-0.0003,0.0003,0.07
971.113,,,,-0.0003,0.0003,0.07
971.164,,,,-0.0003,0.0003,0.07
971.215,,,,-0.0003,0.0003,0.07
971.266,,,,-0.0003,0.0003,0.07
971.317,,,,-0.0003,0.0003,0.07
971.367,,,,-0.0003,0.0003,0.07
971.418,,,,-0.0003,0.0003,0.07
971.469,,,,-0.0003,0.0003,0.07
971.521,,,,-0.0003,0.0003,0.07
971.571,,,,-0.0003,0.0003,0.07
971.623,,,,-0.0003,0.0003,0.07
971.674,,,,-0.0003,0.0003,0.07
971.724,,,,-0.0003,0.0003,0.07
971.775,,,,-0.0003,0.0003,0.07
971.826,,,,-0.0003,0.0003,0.07
971.876,,,,-0.0003,0.0003,0.07
971.929,,,,-0.0003,0.0003,0.07
971.98,,,,-0.0003,0.0003,0.07
972.03,,,,-0.0003,0.0003,0.07
972.08,,,,-0.0003,0.0003,0.07
972.131,,,,-0.0003,0.0003,0.07
972.183,,,,-0.0003,0.0003,0.07
972.233,,,,-0.0003,0.0003,0.07
972.284,,,,-0.0003,0.0003,0.07
972.334,,,,-0.0003,0.0003,0.07
972.385,,,,-0.0003,0.0003,0.07
972.436,,,,-0.0003,0.0003,0.07
972.486,,,,-0.0003,0.0003,0.07
972.537,,,,-0.0003,0.0003,0.07
972.588,,,,-0.0003,0.0003,0.07
972.638,,,,-0.0003,0.0003,0.07
972.689,,,,-0.0003,0.0003,0.07
972.74,,,,-0.0003,0.0003,0.07
972.791,,,,-0.0003,0.0003,0.07
972.841,,,,-0.0003,0.0003,0.07
972.893,,,,-0.0003,0.0003,0.07
972.944,,,,-0.0003,0.0003,0.07
972.995,,,,-0.0003,0.0003,0.07
973.046,,,,-0.0003,0.0003,0.07
973.096,,,,-0.0003,0.0003,0.07
973.146,,,,-0.0003,0.0003,0.07
973.197,,,,-0.0003,0.0003,0.07
973.248,,,,-0.0003,0.0003,0.07
973.299,,,,-0.0003,0.0003,0.07
973.35,,,,-0.0003,0.0003,0.07
973.401,,,,-0.0003,0.0003,0.07
973.451,,,,-0.0003,0.0003,0.07
973.502,,,,-0.0003,0.0003,0.07
973.552,,,,-0.0003,0.0003,0.07
973.604,,,,-0.0003,0.0003,0.07
973.655,,,,-0.0003,0.0003,0.07
973.705,,,,-0.0003,0.0003,0.07
973.756,,,,-0.0003,0.0003,0.07
973.807,,,,-0.0003,0.0003,0.07
973.857,,,,-0.0003,0.0003,0.07
973.908,,,,-0.0003,0.0003,0.07
973.959,,,,-0.0003,0.0003,0.07
974.009,,,,-0.0003,0.0003,0.07
974.059,,,,-0.0003,0.0003,0.07
974.11,,,,-0.0003,0.0003,0.07
974.161,,,,-0.0003,0.0003,0.07
974.211,,,,-0.0003,0.0003,0.07
974.262,,,,-0.0003,0.0003,0.07
974.313,,,,-0.0003,0.0003,0.07
974.364,,,,-0.0003,0.0003,0.07
974.416,,,,-0.0003,0.0003,0.07
974.466,,,,-0.0003,0.0003,0.07
974.517,,,,-0.0003,0.0003,0.07
974.568,,,,-0.0003,0.0003,0.07
974.618,,,,-0.0003,0.0003,0.07
974.669,,,,-0.0003,0.0003,0.07
974.719,,,,-0.0003,0.0003,0.07
974.77,,,,-0.0003,0.0003,0.07
974.847,,,,-0.0003,0.0003,0.07
974.898,,,,-0.0003,0.0003,0.07
974.948,,,,-0.0003,0.0003,0.07
974.999,,,,-0.0003,0.0003,0.07
975.049,,,,-0.0003,0.0003,0.07
975.1,,,,-0.0003,0.0003,0.07
975.151,,,,-0.0003,0.0003,0.07
975.201,,,,-0.0003,0.0003,0.07
975.252,,,,-0.0003,0.0003,0.07
975.302,,,,-0.0003,0.0003,0.07
975.353,,,,-0.0003,0.0003,0.07
975.404,,,,-0.0003,0.0003,0.07
975.454,,,,-0.0003,0.0003,0.07
975.505,,,,-0.0003,0.0003,0.07
975.555,,,,-0.0003,0.0003,0.07
975.606,,,,-0.0003,0.0003,0.07
975.657,,,,-0.0003,0.0003,0.07
975.708,,,,-0.0003,0.0003,0.07
975.759,,,,-0.0003,0.0003,0.07
975.809,,,,-0.0003,0.0003,0.07
975.86,,,,-0.0003,0.0003,0.07
975.911,,,,-0.0003,0.0003,0.07
975.961,,,,-0.0003,0.0003,0.07
976.011,,,,-0.0003,0.0003,0.07
976.062,,,,-0.0003,0.0003,0.07
976.113,,,,-0.0003,0.0003,0.07
976.164,,,,-0.0003,0.0003,0.07
976.219,,,,-0.0003,0.0003,0.07
976.269,,,,-0.0003,0.0003,0.07
976.32,,,,-0.0003,0.0003,0.07
976.37,,,,-0.0003,0.0003,0.07
976.421,,,,-0.0003,0.0003,0.07
976.471,,,,-0.0003,0.0003,0.07
976.522,,,,-0.0003,0.0003,0.07
976.573,,,,-0.0003,0.0003,0.07
976.624,,,,-0.0003,0.0003,0.07
976.674,,,,-0.0003,0.0003,0.07
976.725,,,,-0.0003,0.0003,0.07
976.776,,,,-0.0003,0.0003,0.07
976.827,,,,-0.0003,0.0003,0.07
976.878,,,,-0.0003,0.0003,0.07
976.929,,,,-0.0003,0.0003,0.07
976.98,,,,-0.0003,0.0003,0.07
977.031,,,,-0.0003,0.0003,0.07
977.082,,,,-0.0003,0.0003,0.07
977.132,,,,-0.0003,0.0003,0.07
977.183,,,,-0.0003,0.0003,0.07
977.233,,,,-0.0003,0.0003,0.07
977.284,,,,-0.0003,0.0003,0.07
977.334,,,,-0.0003,0.0003,0.07
977.385,,,,-0.0003,0.0003,0.07
977.437,,,,-0.0003,0.0003,0.07
977.487,,,,-0.0003,0.0003,0.07
977.544,,,,-0.0003,0.0003,0.07
977.594,,,,-0.0003,0.0003,0.07
977.645,,,,-0.0003,0.0003,0.07
977.697,,,,-0.0003,0.0003,0.07
977.748,,,,-0.0003,0.0003,0.07
977.799,,,,-0.0003,0.0003,0.07
977.85,,,,-0.0003,0.0003,0.07
977.9,,,,-0.0003,0.0003,0.07
977.951,,,,-0.0003,0.0003,0.07
978.002,,,,-0.0003,0.0003,0.07
978.052,,,,-0.0003,0.0003,0.07
978.103,,,,-0.0003,0.0003,0.07
978.154,,,,-0.0003,0.0003,0.07
978.204,,,,-0.0003,0.0003,0.07
978.255,,,,-0.0003,0.0003,0.07
978.306,,,,-0.0003,0.0003,0.07
978.356,,,,-0.0003,0.0003,0.07
978.407,,,,-0.0003,0.0003,0.07
978.458,,,,-0.0003,0.0003,0.07
978.509,,,,-0.0003,0.0003,0.07
978.559,,,,-0.0003,0.0003,0.07
978.61,,,,-0.0003,0.0003,0.07
978.66,,,,-0.0003,0.0003,0.07
978.711,,,,-0.0003,0.0003,0.07
978.762,,,,-0.0003,0.0003,0.07
978.813,,,,-0.0003,0.0003,0.07
978.863,,,,-0.0003,0.0003,0.07
978.944,,,,-0.0003,0.0003,0.07
978.995,,,,-0.0003,0.0003,0.07
979.046,,,,-0.0003,0.0003,0.07
979.096,,,,-0.0003,0.0003,0.07
979.147,,,,-0.0003,0.0003,0.07
979.198,,,,-0.0003,0.0003,0.07
979.249,,,,-0.0003,0.0003,0.07
979.299,,,,-0.0003,0.0003,0.07
979.35,,,,-0.0003,0.0003,0.07
979.401,,,,-0.0003,0.0003,0.07
979.452,,,,-0.0003,0.0003,0.07
979.503,,,,-0.0003,0.0003,0.07
979.554,,,,-0.0003,0.0003,0.07
979.604,,,,-0.0003,0.0003,0.07
979.655,,,,-0.0003,0.0003,0.07
979.714,,,,-0.0003,0.0003,0.07
979.764,,,,-0.0003,0.0003,0.07
979.816,,,,-0.0003,0.0003,0.07
979.867,,,,-0.0003,0.0003,0.07
979.918,,,,-0.0003,0.0003,0.07
979.968,,,,-0.0003,0.0003,0.07
980.019,,,,-0.0003,0.0003,0.07
980.07,,,,-0.0003,0.0003,0.07
980.121,,,,-0.0003,0.0003,0.07
980.172,,,,-0.0003,0.0003,0.07
980.222,,,,-0.0003,0.0003,0.07
980.308,,,,-0.0003,0.0003,0.07
980.359,,,,-0.0003,0.0003,0.07
980.409,,,,-0.0003,0.0003,0.07
980.46,,,,-0.0003,0.0003,0.07
980.511,,,,-0.0003,0.0003,0.07
980.561,,,,-0.0003,0.0003,0.07
980.612,,,,-0.0003,0.0003,0.07
980.663,,,,-0.0003,0.0003,0.07
980.713,,,,-0.0003,0.0003,0.07
980.764,,,,-0.0003,0.0003,0.07
980.815,,,,-0.0003,0.0003,0.07
980.867,,,,-0.0003,0.0003,0.07
980.917,,,,-0.0003,0.0003,0.07
980.968,,,,-0.0003,0.0003,0.07
981.019,,,,-0.0003,0.0003,0.07
981.07,,,,-0.0003,0.0003,0.07
981.12,,,,-0.0003,0.0003,0.07
981.171,,,,-0.0003,0.0003,0.07
981.222,,,,-0.0003,0.0003,0.07
981.273,,,,-0.0003,0.0003,0.07
981.323,,,,-0.0003,0.0003,0.07
981.374,,,,-0.0003,0.0003,0.07
981.425,,,,-0.0003,0.0003,0.07
981.476,,,,-0.0003,0.0003,0.07
981.527,,,,-0.0003,0.0003,0.07
981.578,,,,-0.0003,0.0003,0.07
981.667,,,,-0.0003,0.0003,0.07
981.728,,,,-0.0003,0.0003,0.07
981.779,,,,-0.0003,0.0003,0.07
981.829,,,,-0.0003,0.0003,0.07
981.88,,,,-0.0003,0.0003,0.07
981.93,,,,-0.0003,0.0003,0.07
981.982,,,,-0.0003,0.0003,0.07
982.033,,,,-0.0003,0.0003,0.07
982.084,,,,-0.0003,0.0003,0.07
982.134,,,,-0.0003,0.0003,0.07
982.185,,,,-0.0003,0.0003,0.07
982.235,,,,-0.0003,0.0003,0.07
982.285,,,,-0.0003,0.0003,0.07
982.336,,,,-0.0003,0.0003,0.07
982.387,,,,-0.0003,0.0003,0.07
982.438,,,,-0.0003,0.0003,0.07
982.488,,,,-0.0003,0.0003,0.07
982.539,,,,-0.0003,0.0003,0.07
982.59,,,,-0.0003,0.0003,0.07
982.64,,,,-0.0003,0.0003,0.07
982.691,,,,-0.0003,0.0003,0.07
982.742,,,,-0.0003,0.0003,0.07
982.793,,,,-0.0003,0.0003,0.07
982.844,,,,-0.0003,0.0003,0.07
982.895,,,,-0.0003,0.0003,0.07
982.945,,,,-0.0003,0.0003,0.07
982.996,,,,-0.0003,0.0003,0.07
983.047,,,,-0.0003,0.0003,0.07
983.097,,,,-0.0003,0.0003,0.07
983.148,,,,-0.0003,0.0003,0.07
983.198,,,,-0.0003,0.0003,0.07
983.249,,,,-0.0003,0.0003,0.07
983.3,,,,-0.0003,0.0003,0.07
983.35,,,,-0.0003,0.0003,0.07
983.401,,,,-0.0003,0.0003,0.07
983.452,,,,-0.0003,0.0003,0.07
983.503,,,,-0.0003,0.0003,0.07
983.553,,,,-0.0003,0.0003,0.07
983.604,,,,-0.0003,0.0003,0.07
983.654,,,,-0.0003,0.0003,0.07
983.704,,,,-0.0003,0.0003,0.07
983.755,,,,-0.0003,0.0003,0.07
983.806,,,,-0.0003,0.0003,0.07
983.856,,,,-0.0003,0.0003,0.07
983.907,,,,-0.0003,0.0003,0.07
983.958,,,,-0.0003,0.0003,0.07
984.01,,,,-0.0003,0.0003,0.07
984.061,,,,-0.0003,0.0003,0.07
984.112,,,,-0.0003,0.0003,0.07
984.162,,,,-0.0003,0.0003,0.07
984.213,,,,-0.0003,0.0003,0.07
984.263,,,,-0.0003,0.0003,0.07
984.314,,,,-0.0003,0.0003,0.07
984.396,,,,-0.0003,0.0003,0.07
984.446,,,,-0.0003,0.0003,0.07
984.497,,,,-0.0003,0.0003,0.07
984.548,,,,-0.0003,0.0003,0.07
984.599,,,,-0.0003,0.0003,0.07
984.649,,,,-0.0003,0.0003,0.07
984.7,,,,-0.0003,0.0003,0.07
984.75,,,,-0.0003,0.0003,0.07
984.801,,,,-0.0003,0.0003,0.07
984.852,,,,-0.0003,0.0003,0.07
984.903,,,,-0.0003,0.0003,0.07
984.954,,,,-0.0003,0.0003,0.07
985.005,,,,-0.0003,0.0003,0.07
985.056,,,,-0.0003,0.0003,0.07
985.106,,,,-0.0003,0.0003,0.07
985.157,,,,-0.0003,0.0003,0.07
985.208,,,,-0.0003,0.0003,0.07
985.259,,,,-0.0003,0.0003,0.07
985.309,,,,-0.0003,0.0003,0.07
985.36,,,,-0.0003,0.0003,0.07
985.41,,,,-0.0003,0.0003,0.07
985.461,,,,-0.0003,0.0003,0.07
985.511,,,,-0.0003,0.0003,0.07
985.562,,,,-0.0003,0.0003,0.07
985.613,,,,-0.0003,0.0003,0.07
985.663,,,,-0.0003,0.0003,0.07
985.75,,,,-0.0003,0.0003,0.07
985.801,,,,-0.0003,0.0003,0.07
985.852,,,,-0.0003,0.0003,0.07
985.902,,,,-0.0003,0.0003,0.07
985.953,,,,-0.0003,0.0003,0.07
986.004,,,,-0.0003,0.0003,0.07
986.055,,,,-0.0003,0.0003,0.07
986.106,,,,-0.0003,0.0003,0.07
986.156,,,,-0.0003,0.0003,0.07
986.207,,,,-0.0003,0.0003,0.07
986.257,,,,-0.0003,0.0003,0.07
986.308,,,,-0.0003,0.0003,0.07
986.359,,,,-0.0003,0.0003,0.07
986.409,,,,-0.0003,0.0003,0.07
986.46,,,,-0.0003,0.0003,0.07
986.512,,,,-0.0003,0.0003,0.07
986.562,,,,-0.0003,0.0003,0.07
986.613,,,,-0.0003,0.0003,0.07
986.664,,,,-0.0003,0.0003,0.07
986.715,,,,-0.0003,0.0003,0.07
986.766,,,,-0.0003,0.0003,0.07
986.817,,,,-0.0003,0.0003,0.07
986.867,,,,-0.0003,0.0003,0.07
986.918,,,,-0.0003,0.0003,0.07
986.969,,,,-0.0003,0.0003,0.07
987.02,,,,-0.0003,0.0003,0.07
987.07,,,,-0.0003,0.0003,0.07
987.121,,,,-0.0003,0.0003,0.07
987.172,,,,-0.0003,0.0003,0.07
987.222,,,,-0.0003,0.0003,0.07
987.273,,,,-0.0003,0.0003,0.07
987.323,,,,-0.0003,0.0003,0.07
987.374,,,,-0.0003,0.0003,0.07
987.425,,,,-0.0003,0.0003,0.07
987.476,,,,-0.0003,0.0003,0.07
987.526,,,,-0.0003,0.0003,0.07
987.577,,,,-0.0003,0.0003,0.07
987.628,,,,-0.0003,0.0003,0.07
987.678,,,,-0.0003,0.0003,0.07
987.729,,,,-0.0003,0.0003,0.07
987.78,,,,-0.0003,0.0003,0.07
987.831,,,,-0.0003,0.0003,0.07
987.881,,,,-0.0003,0.0003,0.07
987.932,,,,-0.0003,0.0003,0.07
987.982,,,,-0.0003,0.0003,0.07
988.033,,,,-0.0003,0.0003,0.07
988.083,,,,-0.0003,0.0003,0.07
988.134,,,,-0.0003,0.0003,0.07
988.185,,,,-0.0003,0.0003,0.07
988.235,,,,-0.0003,0.0003,0.07
988.286,,,,-0.0003,0.0003,0.07
988.337,,,,-0.0003,0.0003,0.07
988.388,,,,-0.0003,0.0003,0.07
988.439,,,,-0.0003,0.0003,0.07
988.489,,,,-0.0003,0.0003,0.07
988.54,,,,-0.0003,0.0003,0.07
988.591,,,,-0.0003,0.0003,0.07
988.641,,,,-0.0003,0.0003,0.07
988.691,,,,-0.0003,0.0003,0.07
988.742,,,,-0.0003,0.0003,0.07
988.792,,,,-0.0003,0.0003,0.07
988.843,,,,-0.0003,0.0003,0.07
988.893,,,,-0.0003,0.0003,0.07
988.944,,,,-0.0003,0.0003,0.07
988.995,,,,-0.0003,0.0003,0.07
989.045,,,,-0.0003,0.0003,0.07
989.096,,,,-0.0003,0.0003,0.07
989.147,,,,-0.0003,0.0003,0.07
989.198,,,,-0.0003,0.0003,0.07
989.248,,,,-0.0003,0.0003,0.07
989.299,,,,-0.0003,0.0003,0.07
989.349,,,,-0.0003,0.0003,0.07
989.4,,,,-0.0003,0.0003,0.07
989.45,,,,-0.0003,0.0003,0.07
989.502,,,,-0.0003,0.0003,0.07
989.552,,,,-0.0003,0.0003,0.07
989.603,,,,-0.0003,0.0003,0.07
989.654,,,,-0.0003,0.0003,0.07
989.704,,,,-0.0003,0.0003,0.07
989.759,,,,-0.0003,0.0003,0.07
989.848,,,,-0.0003,0.0003,0.07
989.898,,,,-0.0003,0.0003,0.07
989.949,,,,-0.0003,0.0003,0.07
990.0,,,,-0.0003,0.0003,0.07
990.051,,,,-0.0003,0.0003,0.07
990.102,,,,-0.0003,0.0003,0.07
990.152,,,,-0.0003,0.0003,0.07
990.202,,,,-0.0003,0.0003,0.07
990.254,,,,-0.0003,0.0003,0.07
990.304,,,,-0.0003,0.0003,0.07
990.355,,,,-0.0003,0.0003,0.07
990.405,,,,-0.0003,0.0003,0.07
990.456,,,,-0.0003,0.0003,0.07
990.507,,,,-0.0003,0.0003,0.07
990.558,,,,-0.0003,0.0003,0.07
990.608,,,,-0.0003,0.0003,0.07
990.659,,,,-0.0003,0.0003,0.07
990.71,,,,-0.0003,0.0003,0.07
990.761,,,,-0.0003,0.0003,0.07
990.811,,,,-0.0003,0.0003,0.07
990.862,,,,-0.0003,0.0003,0.07
990.913,,,,-0.0003,0.0003,0.07
990.963,,,,-0.0003,0.0003,0.07
991.014,,,,-0.0003,0.0003,0.07
991.065,,,,-0.0003,0.0003,0.07
991.116,,,,-0.0003,0.0003,0.07
991.167,,,,-0.0003,0.0003,0.07
991.217,,,,-0.0003,0.0003,0.07
991.268,,,,-0.0003,0.0003,0.07
991.319,,,,-0.0003,0.0003,0.07
991.369,,,,-0.0003,0.0003,0.07
991.421,,,,-0.0003,0.0003,0.07
991.471,,,,-0.0003,0.0003,0.07
991.522,,,,-0.0003,0.0003,0.07
991.574,,,,-0.0003,0.0003,0.07
991.625,,,,-0.0003,0.0003,0.07
991.676,,,,-0.0003,0.0003,0.07
991.727,,,,-0.0003,0.0003,0.07
991.777,,,,-0.0003,0.0003,0.07
991.827,,,,-0.0003,0.0003,0.07
991.878,,,,-0.0003,0.0003,0.07
991.929,,,,-0.0003,0.0003,0.07
991.98,,,,-0.0003,0.0003,0.07
992.031,,,,-0.0003,0.0003,0.07
992.082,,,,-0.0003,0.0003,0.07
992.132,,,,-0.0003,0.0003,0.07
992.183,,,,-0.0003,0.0003,0.07
992.234,,,,-0.0003,0.0003,0.07
992.284,,,,-0.0003,0.0003,0.07
992.335,,,,-0.0003,0.0003,0.07
992.385,,,,-0.0003,0.0003,0.07
992.436,,,,-0.0003,0.0003,0.07
992.487,,,,-0.0003,0.0003,0.07
992.562,,,,-0.0003,0.0003,0.07
992.613,,,,-0.0003,0.0003,0.07
992.664,,,,-0.0003,0.0003,0.07
992.714,,,,-0.0003,0.0003,0.07
992.765,,,,-0.0003,0.0003,0.07
992.816,,,,-0.0003,0.0003,0.07
992.867,,,,-0.0003,0.0003,0.07
992.918,,,,-0.0003,0.0003,0.07
992.969,,,,-0.0003,0.0003,0.07
993.019,,,,-0.0003,0.0003,0.07
993.07,,,,-0.0003,0.0003,0.07
993.121,,,,-0.0003,0.0003,0.07
993.172,,,,-0.0003,0.0003,0.07
993.223,,,,-0.0003,0.0003,0.07
993.273,,,,-0.0003,0.0003,0.07
993.324,,,,-0.0003,0.0003,0.07
993.375,,,,-0.0003,0.0003,0.07
993.425,,,,-0.0003,0.0003,0.07
993.476,,,,-0.0003,0.0003,0.07
993.527,,,,-0.0003,0.0003,0.07
993.578,,,,-0.0003,0.0003,0.07
993.629,,,,-0.0003,0.0003,0.07
993.679,,,,-0.0003,0.0003,0.07
993.73,,,,-0.0003,0.0003,0.07
993.781,,,,-0.0003,0.0003,0.07
993.831,,,,-0.0003,0.0003,0.07
993.882,,,,-0.0003,0.0003,0.07
993.936,,,,-0.0003,0.0003,0.07
993.987,,,,-0.0003,0.0003,0.07
994.038,,,,-0.0003,0.0003,0.07
994.089,,,,-0.0003,0.0003,0.07
994.14,,,,-0.0003,0.0003,0.07
994.191,,,,-0.0003,0.0003,0.07
994.241,,,,-0.0003,0.0003,0.07
994.292,,,,-0.0003,0.0003,0.07
994.343,,,,-0.0003,0.0003,0.07
994.394,,,,-0.0003,0.0003,0.07
994.445,,,,-0.0003,0.0003,0.07
994.496,,,,-0.0003,0.0003,0.07
994.546,,,,-0.0003,0.0003,0.07
994.597,,,,-0.0003,0.0003,0.07
994.648,,,,-0.0003,0.0003,0.07
994.698,,,,-0.0003,0.0003,0.07
994.749,,,,-0.0003,0.0003,0.07
994.8,,,,-0.0003,0.0003,0.07
994.851,,,,-0.0003,0.0003,0.07
994.901,,,,-0.0003,0.0003,0.07
994.952,,,,-0.0003,0.0003,0.07
995.003,,,,-0.0003,0.0003,0.07
995.054,,,,-0.0003,0.0003,0.07
995.105,,,,-0.0003,0.0003,0.07
995.161,,,,-0.0003,0.0003,0.07
995.221,,,,-0.0003,0.0003,0.07
995.304,,,,-0.0003,0.0003,0.07
995.354,,,,-0.0003,0.0003,0.07
995.405,,,,-0.0003,0.0003,0.07
995.455,,,,-0.0003,0.0003,0.07
995.506,,,,-0.0003,0.0003,0.07
995.556,,,,-0.0003,0.0003,0.07
995.607,,,,-0.0003,0.0003,0.07
995.657,,,,-0.0003,0.0003,0.07
995.708,,,,-0.0003,0.0003,0.07
995.759,,,,-0.0003,0.0003,0.07
995.809,,,,-0.0003,0.0003,0.07
995.86,,,,-0.0003,0.0003,0.07
995.91,,,,-0.0003,0.0003,0.07
995.961,,,,-0.0003,0.0003,0.07
996.012,,,,-0.0003,0.0003,0.07
996.062,,,,-0.0003,0.0003,0.07
996.113,,,,-0.0003,0.0003,0.07
996.163,,,,-0.0003,0.0003,0.07
996.214,,,,-0.0003,0.0003,0.07
996.265,,,,-0.0003,0.0003,0.07
996.316,,,,-0.0003,0.0003,0.07
996.366,,,,-0.0003,0.0003,0.07
996.417,,,,-0.0003,0.0003,0.07
996.467,,,,-0.0003,0.0003,0.07
996.518,,,,-0.0003,0.0003,0.07
996.569,,,,-0.0003,0.0003,0.07
996.619,,,,-0.0003,0.0003,0.07
996.67,,,,-0.0003,0.0003,0.07
996.721,,,,-0.0003,0.0003,0.07
996.771,,,,-0.0003,0.0003,0.07
996.822,,,,-0.0003,0.0003,0.07
996.873,,,,-0.0003,0.0003,0.07
996.923,,,,-0.0003,0.0003,0.07
996.974,,,,-0.0003,0.0003,0.07
997.025,,,,-0.0003,0.0003,0.07
997.076,,,,-0.0003,0.0003,0.07
997.126,,,,-0.0003,0.0003,0.07
997.177,,,,-0.0003,0.0003,0.07
997.227,,,,-0.0003,0.0003,0.07
997.278,,,,-0.0003,0.0003,0.07
997.33,,,,-0.0003,0.0003,0.07
997.38,,,,-0.0003,0.0003,0.07
997.431,,,,-0.0003,0.0003,0.07
997.482,,,,-0.0003,0.0003,0.07
997.533,,,,-0.0003,0.0003,0.07
997.583,,,,-0.0003,0.0003,0.07
997.634,,,,-0.0003,0.0003,0.07
997.685,,,,-0.0003,0.0003,0.07
997.735,,,,-0.0003,0.0003,0.07
997.786,,,,-0.0003,0.0003,0.07
997.837,,,,-0.0003,0.0003,0.07
997.888,,,,-0.0003,0.0003,0.07
997.939,,,,-0.0003,0.0003,0.07
998.028,,,,-0.0003,0.0003,0.07
998.079,,,,-0.0003,0.0003,0.07
998.129,,,,-0.0003,0.0003,0.07
998.18,,,,-0.0003,0.0003,0.07
998.23,,,,-0.0003,0.0003,0.07
998.281,,,,-0.0003,0.0003,0.07
998.332,,,,-0.0003,0.0003,0.07
998.382,,,,-0.0003,0.0003,0.07
998.433,,,,-0.0003,0.0003,0.07
998.483,,,,-0.0003,0.0003,0.07
998.534,,,,-0.0003,0.0003,0.07
998.585,,,,-0.0003,0.0003,0.07
998.636,,,,-0.0003,0.0003,0.07
998.686,,,,-0.0003,0.0003,0.07
998.737,,,,-0.0003,0.0003,0.07
998.787,,,,-0.0003,0.0003,0.07
998.837,,,,-0.0003,0.0003,0.07
998.888,,,,-0.0003,0.0003,0.07
998.938,,,,-0.0003,0.0003,0.07
998.989,,,,-0.0003,0.0003,0.07
999.04,,,,-0.0003,0.0003,0.07
999.092,,,,-0.0003,0.0003,0.07
999.142,,,,-0.0003,0.0003,0.07
999.193,,,,-0.0003,0.0003,0.07
999.244,,,,-0.0003,0.0003,0.07
999.295,,,,-0.0003,0.0003,0.07
999.385,,,,-0.0003,0.0003,0.07
999.435,,,,-0.0003,0.0003,0.07
999.486,,,,-0.0003,0.0003,0.07
999.537,,,,-0.0003,0.0003,0.07
999.588,,,,-0.0003,0.0003,0.07
999.638,,,,-0.0003,0.0003,0.07
999.689,,,,-0.0003,0.0003,0.07
999.739,,,,-0.0003,0.0003,0.07
999.79,,,,-0.0003,0.0003,0.07
999.841,,,,-0.0003,0.0003,0.07
999.892,,,,-0.0003,0.0003,0.07
999.942,,,,-0.0003,0.0003,0.07
999.993,,,,-0.0003,0.0003,0.07
1000.044,,,,-0.0003,0.0003,0.07
1000.094,,,,-0.0003,0.0003,0.07
1000.144,,,,-0.0003,0.0003,0.07
1000.195,,,,-0.0003,0.0003,0.07
1000.246,,,,-0.0003,0.0003,0.07
1000.297,,,,-0.0003,0.0003,0.07
1000.348,,,,-0.0003,0.0003,0.07
1000.398,,,,-0.0003,0.0003,0.07
1000.449,,,,-0.0003,0.0003,0.07
1000.499,,,,-0.0003,0.0003,0.07
1000.55,,,,-0.0003,0.0003,0.07
1000.6,,,,-0.0003,0.0003,0.07
1000.651,,,,-0.0003,0.0003,0.07
1000.702,,,,-0.0003,0.0003,0.07
1000.753,,,,-0.0003,0.0003,0.07
1000.804,,,,-0.0003,0.0003,0.07
1000.854,,,,-0.0003,0.0003,0.07
1000.905,,,,-0.0003,0.0003,0.07
1000.955,,,,-0.0003,0.0003,0.07
1001.006,,,,-0.0003,0.0003,0.07
1001.057,,,,-0.0003,0.0003,0.07
1001.108,,,,-0.0003,0.0003,0.07
1001.158,,,,-0.0003,0.0003,0.07
1001.209,,,,-0.0003,0.0003,0.07
1001.259,,,,-0.0003,0.0003,0.07
1001.31,,,,-0.0003,0.0003,0.07
1001.361,,,,-0.0003,0.0003,0.07
1001.412,,,,-0.0003,0.0003,0.07
1001.462,,,,-0.0003,0.0003,0.07
1001.513,,,,-0.0003,0.0003,0.07
1001.564,,,,-0.0003,0.0003,0.07
1001.615,,,,-0.0003,0.0003,0.07
1001.665,,,,-0.0003,0.0003,0.07
1001.716,,,,-0.0003,0.0003,0.07
1001.767,,,,-0.0003,0.0003,0.07
1001.817,,,,-0.0003,0.0003,0.07
1001.869,,,,-0.0003,0.0003,0.07
1001.92,,,,-0.0003,0.0003,0.07
1001.97,,,,-0.0003,0.0003,0.07
1002.021,,,,-0.0003,0.0003,0.07
1002.072,,,,-0.0003,0.0003,0.07
1002.123,,,,-0.0003,0.0003,0.07
1002.173,,,,-0.0003,0.0003,0.07
1002.224,,,,-0.0003,0.0003,0.07
1002.275,,,,-0.0003,0.0003,0.07
1002.326,,,,-0.0003,0.0003,0.07
1002.377,,,,-0.0003,0.0003,0.07
1002.428,,,,-0.0003,0.0003,0.07
1002.479,,,,-0.0003,0.0003,0.07
1002.529,,,,-0.0003,0.0003,0.07
1002.58,,,,-0.0003,0.0003,0.07
1002.631,,,,-0.0003,0.0003,0.07
1002.682,,,,-0.0003,0.0003,0.07
1002.732,,,,-0.0003,0.0003,0.07
1002.784,,,,-0.0003,0.0003,0.07
1002.834,,,,-0.0003,0.0003,0.07
1002.885,,,,-0.0003,0.0003,0.07
1002.936,,,,-0.0003,0.0003,0.07
1002.987,,,,-0.0003,0.0003,0.07
1003.037,,,,-0.0003,0.0003,0.07
1003.088,,,,-0.0003,0.0003,0.07
1003.139,,,,-0.0003,0.0003,0.07
1003.19,,,,-0.0003,0.0003,0.07
1003.241,,,,-0.0003,0.0003,0.07
1003.291,,,,-0.0003,0.0003,0.07
1003.342,,,,-0.0003,0.0003,0.07
1003.393,,,,-0.0003,0.0003,0.07
1003.474,,,,-0.0003,0.0003,0.07
1003.525,,,,-0.0003,0.0003,0.07
1003.577,,,,-0.0003,0.0003,0.07
1003.627,,,,-0.0003,0.0003,0.07
1003.678,,,,-0.0003,0.0003,0.07
1003.728,,,,-0.0003,0.0003,0.07
1003.779,,,,-0.0003,0.0003,0.07
1003.829,,,,-0.0003,0.0003,0.07
1003.88,,,,-0.0003,0.0003,0.07
1003.932,,,,-0.0003,0.0003,0.07
1003.982,,,,-0.0003,0.0003,0.07
1004.033,,,,-0.0003,0.0003,0.07
1004.084,,,,-0.0003,0.0003,0.07
1004.135,,,,-0.0003,0.0003,0.07
1004.185,,,,-0.0003,0.0003,0.07
1004.236,,,,-0.0003,0.0003,0.07
1004.286,,,,-0.0003,0.0003,0.07
1004.337,,,,-0.0003,0.0003,0.07
1004.387,,,,-0.0003,0.0003,0.07
1004.438,,,,-0.0003,0.0003,0.07
1004.489,,,,-0.0003,0.0003,0.07
1004.539,,,,-0.0003,0.0003,0.07
1004.591,,,,-0.0003,0.0003,0.07
1004.641,,,,-0.0003,0.0003,0.07
1004.692,,,,-0.0003,0.0003,0.07
1004.742,,,,-0.0003,0.0003,0.07
1004.793,,,,-0.0003,0.0003,0.07
1004.844,,,,-0.0003,0.0003,0.07
1004.895,,,,-0.0003,0.0003,0.07
1004.945,,,,-0.0003,0.0003,0.07
1004.996,,,,-0.0003,0.0003,0.07
1005.046,,,,-0.0003,0.0003,0.07
1005.097,,,,-0.0003,0.0003,0.07
1005.147,,,,-0.0003,0.0003,0.07
1005.198,,,,-0.0003,0.0003,0.07
1005.249,,,,-0.0003,0.0003,0.07
1005.301,,,,-0.0003,0.0003,0.07
1005.351,,,,-0.0003,0.0003,0.07
1005.402,,,,-0.0003,0.0003,0.07
1005.453,,,,-0.0003,0.0003,0.07
1005.503,,,,-0.0003,0.0003,0.07
1005.554,,,,-0.0003,0.0003,0.07
1005.605,,,,-0.0003,0.0003,0.07
1005.656,,,,-0.0003,0.0003,0.07
1005.706,,,,-0.0003,0.0003,0.07
1005.757,,,,-0.0003,0.0003,0.07
1005.807,,,,-0.0003,0.0003,0.07
1005.861,,,,-0.0003,0.0003,0.07
1005.911,,,,-0.0003,0.0003,0.07
1005.962,,,,-0.0003,0.0003,0.07
1006.012,,,,-0.0003,0.0003,0.07
1006.063,,,,-0.0003,0.0003,0.07
1006.113,,,,-0.0003,0.0003,0.07
1006.164,,,,-0.0003,0.0003,0.07
1006.214,,,,-0.0003,0.0003,0.07
1006.266,,,,-0.0003,0.0003,0.07
1006.317,,,,-0.0003,0.0003,0.07
1006.368,,,,-0.0003,0.0003,0.07
1006.418,,,,-0.0003,0.0003,0.07
1006.469,,,,-0.0003,0.0003,0.07
1006.52,,,,-0.0003,0.0003,0.07
1006.571,,,,-0.0003,0.0003,0.07
1006.621,,,,-0.0003,0.0003,0.07
1006.672,,,,-0.0003,0.0003,0.07
1006.723,,,,-0.0003,0.0003,0.07
1006.774,,,,-0.0003,0.0003,0.07
1006.825,,,,-0.0003,0.0003,0.07
1006.876,,,,-0.0003,0.0003,0.07
1006.926,,,,-0.0003,0.0003,0.07
1006.977,,,,-0.0003,0.0003,0.07
1007.028,,,,-0.0003,0.0003,0.07
1007.079,,,,-0.0003,0.0003,0.07
1007.129,,,,-0.0003,0.0003,0.07
1007.18,,,,-0.0003,0.0003,0.07
1007.231,,,,-0.0003,0.0003,0.07
1007.282,,,,-0.0003,0.0003,0.07
1007.332,,,,-0.0003,0.0003,0.07
1007.383,,,,-0.0003,0.0003,0.07
1007.434,,,,-0.0003,0.0003,0.07
1007.485,,,,-0.0003,0.0003,0.07
1007.563,,,,-0.0003,0.0003,0.07
1007.614,,,,-0.0003,0.0003,0.07
1007.664,,,,-0.0003,0.0003,0.07
1007.715,,,,-0.0003,0.0003,0.07
1007.766,,,,-0.0003,0.0003,0.07
1007.817,,,,-0.0003,0.0003,0.07
1007.867,,,,-0.0003,0.0003,0.07
1007.918,,,,-0.0003,0.0003,0.07
1007.968,,,,-0.0003,0.0003,0.07
1008.019,,,,-0.0003,0.0003,0.07
1008.07,,,,-0.0003,0.0003,0.07
1008.121,,,,-0.0003,0.0003,0.07
1008.172,,,,-0.0003,0.0003,0.07
1008.223,,,,-0.0003,0.0003,0.07
1008.273,,,,-0.0003,0.0003,0.07
1008.324,,,,-0.0003,0.0003,0.07
1008.375,,,,-0.0003,0.0003,0.07
1008.426,,,,-0.0003,0.0003,0.07
1008.477,,,,-0.0003,0.0003,0.07
1008.528,,,,-0.0003,0.0003,0.07
1008.579,,,,-0.0003,0.0003,0.07
1008.63,,,,-0.0003,0.0003,0.07
1008.682,,,,-0.0003,0.0003,0.07
1008.733,,,,-0.0003,0.0003,0.07
1008.784,,,,-0.0003,0.0003,0.07
1008.835,,,,-0.0003,0.0003,0.07
1008.886,,,,-0.0003,0.0003,0.07
1008.937,,,,-0.0003,0.0003,0.07
1008.988,,,,-0.0003,0.0003,0.07
1009.038,,,,-0.0003,0.0003,0.07
1009.089,,,,-0.0003,0.0003,0.07
1009.14,,,,-0.0003,0.0003,0.07
1009.19,,,,-0.0003,0.0003,0.07
1009.241,,,,-0.0003,0.0003,0.07
1009.292,,,,-0.0003,0.0003,0.07
1009.342,,,,-0.0003,0.0003,0.07
1009.393,,,,-0.0003,0.0003,0.07
1009.444,,,,-0.0003,0.0003,0.07
1009.495,,,,-0.0003,0.0003,0.07
1009.545,,,,-0.0003,0.0003,0.07
1009.597,,,,-0.0003,0.0003,0.07
1009.647,,,,-0.0003,0.0003,0.07
1009.698,,,,-0.0003,0.0003,0.07
1009.749,,,,-0.0003,0.0003,0.07
1009.8,,,,-0.0003,0.0003,0.07
1009.851,,,,-0.0003,0.0003,0.07
1009.902,,,,-0.0003,0.0003,0.07
1009.952,,,,-0.0003,0.0003,0.07
1010.003,,,,-0.0003,0.0003,0.07
1010.054,,,,-0.0003,0.0003,0.07
1010.105,,,,-0.0003,0.0003,0.07
1010.156,,,,-0.0003,0.0003,0.07
1010.206,,,,-0.0003,0.0003,0.07
1010.257,,,,-0.0003,0.0003,0.07
1010.308,,,,-0.0003,0.0003,0.07
1010.358,,,,-0.0003,0.0003,0.07
1010.409,,,,-0.0003,0.0003,0.07
1010.459,,,,-0.0003,0.0003,0.07
1010.51,,,,-0.0003,0.0003,0.07
1010.561,,,,-0.0003,0.0003,0.07
1010.612,,,,-0.0003,0.0003,0.07
1010.663,,,,-0.0003,0.0003,0.07
1010.713,,,,-0.0003,0.0003,0.07
1010.764,,,,-0.0003,0.0003,0.07
1010.814,,,,-0.0003,0.0003,0.07
1010.865,,,,-0.0003,0.0003,0.07
1010.916,,,,-0.0003,0.0003,0.07
1010.967,,,,-0.0003,0.0003,0.07
1011.018,,,,-0.0003,0.0003,0.07
1011.068,,,,-0.0003,0.0003,0.07
1011.119,,,,-0.0003,0.0003,0.07
1011.17,,,,-0.0003,0.0003,0.07
1011.221,,,,-0.0003,0.0003,0.07
1011.272,,,,-0.0003,0.0003,0.07
1011.323,,,,-0.0003,0.0003,0.07
1011.373,,,,-0.0003,0.0003,0.07
1011.423,,,,-0.0003,0.0003,0.07
1011.474,,,,-0.0003,0.0003,0.07
1011.524,,,,-0.0003,0.0003,0.07
1011.575,,,,-0.0003,0.0003,0.07
1011.655,,,,-0.0003,0.0003,0.07
1011.706,,,,-0.0003,0.0003,0.07
1011.757,,,,-0.0003,0.0003,0.07
1011.807,,,,-0.0003,0.0003,0.07
1011.858,,,,-0.0003,0.0003,0.07
1011.908,,,,-0.0003,0.0003,0.07
1011.959,,,,-0.0003,0.0003,0.07
1012.01,,,,-0.0003,0.0003,0.07
1012.06,,,,-0.0003,0.0003,0.07
1012.111,,,,-0.0003,0.0003,0.07
1012.162,,,,-0.0003,0.0003,0.07
1012.212,,,,-0.0003,0.0003,0.07
1012.263,,,,-0.0003,0.0003,0.07
1012.314,,,,-0.0003,0.0003,0.07
1012.365,,,,-0.0003,0.0003,0.07
1012.415,,,,-0.0003,0.0003,0.07
1012.466,,,,-0.0003,0.0003,0.07
1012.517,,,,-0.0003,0.0003,0.07
1012.567,,,,-0.0003,0.0003,0.07
1012.618,,,,-0.0003,0.0003,0.07
1012.669,,,,-0.0003,0.0003,0.07
1012.719,,,,-0.0003,0.0003,0.07
1012.77,,,,-0.0003,0.0003,0.07
1012.822,,,,-0.0003,0.0003,0.07
1012.872,,,,-0.0003,0.0003,0.07
1012.923,,,,-0.0003,0.0003,0.07
1012.974,,,,-0.0003,0.0003,0.07
1013.025,,,,-0.0003,0.0003,0.07
1013.076,,,,-0.0003,0.0003,0.07
1013.127,,,,-0.0003,0.0003,0.07
1013.177,,,,-0.0003,0.0003,0.07
1013.228,,,,-0.0003,0.0003,0.07
1013.279,,,,-0.0003,0.0003,0.07
1013.33,,,,-0.0003,0.0003,0.07
1013.381,,,,-0.0003,0.0003,0.07
1013.432,,,,-0.0003,0.0003,0.07
1013.482,,,,-0.0003,0.0003,0.07
1013.534,,,,-0.0003,0.0003,0.07
1013.585,,,,-0.0003,0.0003,0.07
1013.635,,,,-0.0003,0.0003,0.07
1013.686,,,,-0.0003,0.0003,0.07
1013.737,,,,-0.0003,0.0003,0.07
1013.788,,,,-0.0003,0.0003,0.07
1013.838,,,,-0.0003,0.0003,0.07
1013.89,,,,-0.0003,0.0003,0.07
1013.94,,,,-0.0003,0.0003,0.07
1013.991,,,,-0.0003,0.0003,0.07
1014.042,,,,-0.0003,0.0003,0.07
1014.093,,,,-0.0003,0.0003,0.07
1014.144,,,,-0.0003,0.0003,0.07
1014.195,,,,-0.0003,0.0003,0.07
1014.245,,,,-0.0003,0.0003,0.07
1014.296,,,,-0.0003,0.0003,0.07
1014.383,,,,-0.0003,0.0003,0.07
1014.434,,,,-0.0003,0.0003,0.07
1014.485,,,,-0.0003,0.0003,0.07
1014.536,,,,-0.0003,0.0003,0.07
1014.587,,,,-0.0003,0.0003,0.07
1014.637,,,,-0.0003,0.0003,0.07
1014.688,,,,-0.0003,0.0003,0.07
1014.739,,,,-0.0003,0.0003,0.07
1014.79,,,,-0.0003,0.0003,0.07
1014.842,,,,-0.0003,0.0003,0.07
1014.892,,,,-0.0003,0.0003,0.07
1014.943,,,,-0.0003,0.0003,0.07
1014.994,,,,-0.0003,0.0003,0.07
1015.044,,,,-0.0003,0.0003,0.07
1015.095,,,,-0.0003,0.0003,0.07
1015.147,,,,-0.0003,0.0003,0.07
1015.198,,,,-0.0003,0.0003,0.07
1015.248,,,,-0.0003,0.0003,0.07
1015.299,,,,-0.0003,0.0003,0.07
1015.35,,,,-0.0003,0.0003,0.07
1015.401,,,,-0.0003,0.0003,0.07
1015.451,,,,-0.0003,0.0003,0.07
1015.502,,,,-0.0003,0.0003,0.07
1015.553,,,,-0.0003,0.0003,0.07
1015.604,,,,-0.0003,0.0003,0.07
1015.655,,,,-0.0003,0.0003,0.07
1015.746,,,,-0.0003,0.0003,0.07
1015.797,,,,-0.0003,0.0003,0.07
1015.848,,,,-0.0003,0.0003,0.07
1015.899,,,,-0.0003,0.0003,0.07
1015.949,,,,-0.0003,0.0003,0.07
1016.0,,,,-0.0003,0.0003,0.07
1016.05,,,,-0.0003,0.0003,0.07
1016.101,,,,-0.0003,0.0003,0.07
1016.152,,,,-0.0003,0.0003,0.07
1016.202,,,,-0.0003,0.0003,0.07
1016.253,,,,-0.0003,0.0003,0.07
1016.303,,,,-0.0003,0.0003,0.07
1016.353,,,,-0.0003,0.0003,0.07
1016.403,,,,-0.0003,0.0003,0.07
1016.454,,,,-0.0003,0.0003,0.07
1016.504,,,,-0.0003,0.0003,0.07
1016.555,,,,-0.0003,0.0003,0.07
1016.605,,,,-0.0003,0.0003,0.07
1016.655,,,,-0.0003,0.0003,0.07
1016.706,,,,-0.0003,0.0003,0.07
1016.757,,,,-0.0003,0.0003,0.07
1016.808,,,,-0.0003,0.0003,0.07
1016.859,,,,-0.0003,0.0003,0.07
1016.91,,,,-0.0003,0.0003,0.07
1016.961,,,,-0.0003,0.0003,0.07
1017.012,,,,-0.0003,0.0003,0.07
1017.063,,,,-0.0003,0.0003,0.07
1017.113,,,,-0.0003,0.0003,0.07
1017.164,,,,-0.0003,0.0003,0.07
1017.215,,,,-0.0003,0.0003,0.07
1017.265,,,,-0.0003,0.0003,0.07
1017.316,,,,-0.0003,0.0003,0.07
1017.367,,,,-0.0003,0.0003,0.07
1017.418,,,,-0.0003,0.0003,0.07
1017.469,,,,-0.0003,0.0003,0.07
1017.519,,,,-0.0003,0.0003,0.07
1017.57,,,,-0.0003,0.0003,0.07
1017.621,,,,-0.0003,0.0003,0.07
1017.671,,,,-0.0003,0.0003,0.07
1017.722,,,,-0.0003,0.0003,0.07
1017.773,,,,-0.0003,0.0003,0.07
1017.846,,,,-0.0003,0.0003,0.07
1017.896,,,,-0.0003,0.0003,0.07
1017.947,,,,-0.0003,0.0003,0.07
1017.997,,,,-0.0003,0.0003,0.07
1018.049,,,,-0.0003,0.0003,0.07
1018.099,,,,-0.0003,0.0003,0.07
1018.15,,,,-0.0003,0.0003,0.07
1018.2,,,,-0.0003,0.0003,0.07
1018.251,,,,-0.0003,0.0003,0.07
1018.302,,,,-0.0003,0.0003,0.07
1018.352,,,,-0.0003,0.0003,0.07
1018.404,,,,-0.0003,0.0003,0.07
1018.48,,,,-0.0003,0.0003,0.07
1018.53,,,,-0.0003,0.0003,0.07
1018.581,,,,-0.0003,0.0003,0.07
1018.632,,,,-0.0003,0.0003,0.07
1018.683,,,,-0.0003,0.0003,0.07
1018.734,,,,-0.0003,0.0003,0.07
1018.785,,,,-0.0003,0.0003,0.07
1018.836,,,,-0.0003,0.0003,0.07
1018.886,,,,-0.0003,0.0003,0.07
1018.937,,,,-0.0003,0.0003,0.07
1018.988,,,,-0.0003,0.0003,0.07
1019.039,,,,-0.0003,0.0003,0.07
1019.089,,,,-0.0003,0.0003,0.07
1019.14,,,,-0.0003,0.0003,0.07
1019.191,,,,-0.0003,0.0003,0.07
1019.242,,,,-0.0003,0.0003,0.07
1019.293,,,,-0.0003,0.0003,0.07
1019.344,,,,-0.0003,0.0003,0.07
1019.395,,,,-0.0003,0.0003,0.07
1019.445,,,,-0.0003,0.0003,0.07
1019.495,,,,-0.0003,0.0003,0.07
1019.546,,,,-0.0003,0.0003,0.07
1019.596,,,,-0.0003,0.0003,0.07
1019.647,,,,-0.0003,0.0003,0.07
1019.698,,,,-0.0003,0.0003,0.07
1019.748,,,,-0.0003,0.0003,0.07
1019.799,,,,-0.0003,0.0003,0.07
1019.85,,,,-0.0003,0.0003,0.07
1019.901,,,,-0.0003,0.0003,0.07
1019.952,,,,-0.0003,0.0003,0.07
1020.003,,,,-0.0003,0.0003,0.07
1020.054,,,,-0.0003,0.0003,0.07
1020.104,,,,-0.0003,0.0003,0.07
1020.155,,,,-0.0003,0.0003,0.07
1020.206,,,,-0.0003,0.0003,0.07
1020.257,,,,-0.0003,0.0003,0.07
1020.308,,,,-0.0003,0.0003,0.07
1020.359,,,,-0.0003,0.0003,0.07
1020.41,,,,-0.0003,0.0003,0.07
1020.46,,,,-0.0003,0.0003,0.07
1020.511,,,,-0.0003,0.0003,0.07
1020.562,,,,-0.0003,0.0003,0.07
1020.612,,,,-0.0003,0.0003,0.07
1020.663,,,,-0.0003,0.0003,0.07
1020.714,,,,-0.0003,0.0003,0.07
1020.764,,,,-0.0003,0.0003,0.07
1020.815,,,,-0.0003,0.0003,0.07
1020.865,,,,-0.0003,0.0003,0.07
1020.917,,,,-0.0003,0.0003,0.07
1020.967,,,,-0.0003,0.0003,0.07
1021.018,,,,-0.0003,0.0003,0.07
1021.069,,,,-0.0003,0.0003,0.07
1021.12,,,,-0.0003,0.0003,0.07
1021.17,,,,-0.0003,0.0003,0.07
1021.22,,,,-0.0003,0.0003,0.07
1021.271,,,,-0.0003,0.0003,0.07
1021.321,,,,-0.0003,0.0003,0.07
1021.372,,,,-0.0003,0.0003,0.07
1021.423,,,,-0.0003,0.0003,0.07
1021.473,,,,-0.0003,0.0003,0.07
1021.524,,,,-0.0003,0.0003,0.07
1021.575,,,,-0.0003,0.0003,0.07
1021.626,,,,-0.0003,0.0003,0.07
1021.677,,,,-0.0003,0.0003,0.07
1021.727,,,,-0.0003,0.0003,0.07
1021.778,,,,-0.0003,0.0003,0.07
1021.829,,,,-0.0003,0.0003,0.07
1021.879,,,,-0.0003,0.0003,0.07
1021.931,,,,-0.0003,0.0003,0.07
1021.981,,,,-0.0003,0.0003,0.07
1022.032,,,,-0.0003,0.0003,0.07
1022.083,,,,-0.0003,0.0003,0.07
1022.134,,,,-0.0003,0.0003,0.07
1022.184,,,,-0.0003,0.0003,0.07
1022.235,,,,-0.0003,0.0003,0.07
1022.286,,,,-0.0003,0.0003,0.07
1022.336,,,,-0.0003,0.0003,0.07
1022.386,,,,-0.0003,0.0003,0.07
1022.437,,,,-0.0003,0.0003,0.07
1022.488,,,,-0.0003,0.0003,0.07
1022.538,,,,-0.0003,0.0003,0.07
1022.589,,,,-0.0003,0.0003,0.07
1022.64,,,,-0.0003,0.0003,0.07
1022.69,,,,-0.0003,0.0003,0.07
1022.741,,,,-0.0003,0.0003,0.07
1022.792,,,,-0.0003,0.0003,0.07
1022.842,,,,-0.0003,0.0003,0.07
1022.893,,,,-0.0003,0.0003,0.07
1022.943,,,,-0.0003,0.0003,0.07
1022.994,,,,-0.0003,0.0003,0.07
1023.045,,,,-0.0003,0.0003,0.07
1023.095,,,,-0.0003,0.0003,0.07
1023.146,,,,-0.0003,0.0003,0.07
1023.197,,,,-0.0003,0.0003,0.07
1023.247,,,,-0.0003,0.0003,0.07
1023.298,,,,-0.0003,0.0003,0.07
1023.349,,,,-0.0003,0.0003,0.07
1023.4,,,,-0.0003,0.0003,0.07
1023.451,,,,-0.0003,0.0003,0.07
1023.501,,,,-0.0003,0.0003,0.07
1023.553,,,,-0.0003,0.0003,0.07
1023.604,,,,-0.0003,0.0003,0.07
1023.655,,,,-0.0003,0.0003,0.07
1023.705,,,,-0.0003,0.0003,0.07
1023.756,,,,-0.0003,0.0003,0.07
1023.807,,,,-0.0003,0.0003,0.07
1023.857,,,,-0.0003,0.0003,0.07
1023.934,,,,-0.0003,0.0003,0.07
1023.985,,,,-0.0003,0.0003,0.07
1024.035,,,,-0.0003,0.0003,0.07
1024.086,,,,-0.0003,0.0003,0.07
1024.136,,,,-0.0003,0.0003,0.07
1024.188,,,,-0.0003,0.0003,0.07
1024.239,,,,-0.0003,0.0003,0.07
1024.289,,,,-0.0003,0.0003,0.07
1024.341,,,,-0.0003,0.0003,0.07
1024.391,,,,-0.0003,0.0003,0.07
1024.442,,,,-0.0003,0.0003,0.07
1024.493,,,,-0.0003,0.0003,0.07
1024.543,,,,-0.0003,0.0003,0.07
1024.594,,,,-0.0003,0.0003,0.07
1024.645,,,,-0.0003,0.0003,0.07
1024.695,,,,-0.0003,0.0003,0.07
1024.746,,,,-0.0003,0.0003,0.07
1024.798,,,,-0.0003,0.0003,0.07
1024.848,,,,-0.0003,0.0003,0.07
1024.899,,,,-0.0003,0.0003,0.07
1024.95,,,,-0.0003,0.0003,0.07
1025.0,,,,-0.0003,0.0003,0.07
1025.051,,,,-0.0003,0.0003,0.07
1025.101,,,,-0.0003,0.0003,0.07
1025.152,,,,-0.0003,0.0003,0.07
1025.203,,,,-0.0003,0.0003,0.07
1025.291,,,,-0.0003,0.0003,0.07
1025.342,,,,-0.0003,0.0003,0.07
1025.393,,,,-0.0003,0.0003,0.07
1025.444,,,,-0.0003,0.0003,0.07
1025.494,,,,-0.0003,0.0003,0.07
1025.545,,,,-0.0003,0.0003,0.07
1025.595,,,,-0.0003,0.0003,0.07
1025.646,,,,-0.0003,0.0003,0.07
1025.696,,,,-0.0003,0.0003,0.07
1025.747,,,,-0.0003,0.0003,0.07
1025.797,,,,-0.0003,0.0003,0.07
1025.848,,,,-0.0003,0.0003,0.07
1025.899,,,,-0.0003,0.0003,0.07
1025.95,,,,-0.0003,0.0003,0.07
1026.001,,,,-0.0003,0.0003,0.07
1026.051,,,,-0.0003,0.0003,0.07
1026.102,,,,-0.0003,0.0003,0.07
1026.153,,,,-0.0003,0.0003,0.07
1026.203,,,,-0.0003,0.0003,0.07
1026.267,,,,-0.0003,0.0003,0.07
1026.317,,,,-0.0003,0.0003,0.07
1026.368,,,,-0.0003,0.0003,0.07
1026.418,,,,-0.0003,0.0003,0.07
1026.469,,,,-0.0003,0.0003,0.07
1026.52,,,,-0.0003,0.0003,0.07
1026.571,,,,-0.0003,0.0003,0.07
1026.65,,,,-0.0003,0.0003,0.07
1026.7,,,,-0.0003,0.0003,0.07
1026.751,,,,-0.0003,0.0003,0.07
1026.801,,,,-0.0003,0.0003,0.07
1026.852,,,,-0.0003,0.0003,0.07
1026.902,,,,-0.0003,0.0003,0.07
1026.953,,,,-0.0003,0.0003,0.07
1027.004,,,,-0.0003,0.0003,0.07
1027.055,,,,-0.0003,0.0003,0.07
1027.105,,,,-0.0003,0.0003,0.07
1027.156,,,,-0.0003,0.0003,0.07
1027.207,,,,-0.0003,0.0003,0.07
1027.257,,,,-0.0003,0.0003,0.07
1027.308,,,,-0.0003,0.0003,0.07
1027.359,,,,-0.0003,0.0003,0.07
1027.41,,,,-0.0003,0.0003,0.07
1027.46,,,,-0.0003,0.0003,0.07
1027.511,,,,-0.0003,0.0003,0.07
1027.561,,,,-0.0003,0.0003,0.07
1027.612,,,,-0.0003,0.0003,0.07
1027.662,,,,-0.0003,0.0003,0.07
1027.713,,,,-0.0003,0.0003,0.07
1027.764,,,,-0.0003,0.0003,0.07
1027.815,,,,-0.0003,0.0003,0.07
1027.865,,,,-0.0003,0.0003,0.07
1027.916,,,,-0.0003,0.0003,0.07
1027.967,,,,-0.0003,0.0003,0.07
1028.022,,,,-0.0003,0.0003,0.07
1028.072,,,,-0.0003,0.0003,0.07
1028.124,,,,-0.0003,0.0003,0.07
1028.175,,,,-0.0003,0.0003,0.07
1028.225,,,,-0.0003,0.0003,0.07
1028.276,,,,-0.0003,0.0003,0.07
1028.327,,,,-0.0003,0.0003,0.07
1028.377,,,,-0.0003,0.0003,0.07
1028.428,,,,-0.0003,0.0003,0.07
1028.478,,,,-0.0003,0.0003,0.07
1028.529,,,,-0.0003,0.0003,0.07
1028.58,,,,-0.0003,0.0003,0.07
1028.63,,,,-0.0003,0.0003,0.07
1028.681,,,,-0.0003,0.0003,0.07
1028.732,,,,-0.0003,0.0003,0.07
1028.783,,,,-0.0003,0.0003,0.07
1028.833,,,,-0.0003,0.0003,0.07
1028.884,,,,-0.0003,0.0003,0.07
1028.935,,,,-0.0003,0.0003,0.07
1028.985,,,,-0.0003,0.0003,0.07
1029.036,,,,-0.0003,0.0003,0.07
1029.087,,,,-0.0003,0.0003,0.07
1029.137,,,,-0.0003,0.0003,0.07
1029.188,,,,-0.0003,0.0003,0.07
1029.239,,,,-0.0003,0.0003,0.07
1029.29,,,,-0.0003,0.0003,0.07
1029.38,,,,-0.0003,0.0003,0.07
1029.43,,,,-0.0003,0.0003,0.07
1029.481,,,,-0.0003,0.0003,0.07
1029.531,,,,-0.0003,0.0003,0.07
1029.582,,,,-0.0003,0.0003,0.07
1029.633,,,,-0.0003,0.0003,0.07
1029.684,,,,-0.0003,0.0003,0.07
1029.734,,,,-0.0003,0.0003,0.07
1029.785,,,,-0.0003,0.0003,0.07
1029.836,,,,-0.0003,0.0003,0.07
1029.887,,,,-0.0003,0.0003,0.07
1029.937,,,,-0.0003,0.0003,0.07
1029.988,,,,-0.0003,0.0003,0.07
1030.039,,,,-0.0003,0.0003,0.07
1030.09,,,,-0.0003,0.0003,0.07
1030.14,,,,-0.0003,0.0003,0.07
1030.191,,,,-0.0003,0.0003,0.07
1030.242,,,,-0.0003,0.0003,0.07
1030.293,,,,-0.0003,0.0003,0.07
1030.344,,,,-0.0003,0.0003,0.07
1030.395,,,,-0.0003,0.0003,0.07
1030.445,,,,-0.0003,0.0003,0.07
1030.496,,,,-0.0003,0.0003,0.07
1030.547,,,,-0.0003,0.0003,0.07
1030.598,,,,-0.0003,0.0003,0.07
1030.648,,,,-0.0003,0.0003,0.07
1030.698,,,,-0.0003,0.0003,0.07
1030.749,,,,-0.0003,0.0003,0.07
1030.8,,,,-0.0003,0.0003,0.07
1030.85,,,,-0.0003,0.0003,0.07
1030.901,,,,-0.0003,0.0003,0.07
1030.952,,,,-0.0003,0.0003,0.07
1031.002,,,,-0.0003,0.0003,0.07
1031.053,,,,-0.0003,0.0003,0.07
1031.103,,,,-0.0003,0.0003,0.07
1031.153,,,,-0.0003,0.0003,0.07
1031.204,,,,-0.0003,0.0003,0.07
1031.255,,,,-0.0003,0.0003,0.07
1031.306,,,,-0.0003,0.0003,0.07
1031.357,,,,-0.0003,0.0003,0.07
1031.408,,,,-0.0003,0.0003,0.07
1031.458,,,,-0.0003,0.0003,0.07
1031.509,,,,-0.0003,0.0003,0.07
1031.56,,,,-0.0003,0.0003,0.07
1031.61,,,,-0.0003,0.0003,0.07
1031.661,,,,-0.0003,0.0003,0.07
1031.711,,,,-0.0003,0.0003,0.07
1031.762,,,,-0.0003,0.0003,0.07
1031.812,,,,-0.0003,0.0003,0.07
1031.863,,,,-0.0003,0.0003,0.07
1031.913,,,,-0.0003,0.0003,0.07
1031.964,,,,-0.0003,0.0003,0.07
1032.015,,,,-0.0003,0.0003,0.07
1032.099,,,,-0.0003,0.0003,0.07
1032.149,,,,-0.0003,0.0003,0.07
1032.2,,,,-0.0003,0.0003,0.07
1032.25,,,,-0.0003,0.0003,0.07
1032.301,,,,-0.0003,0.0003,0.07
1032.352,,,,-0.0003,0.0003,0.07
1032.403,,,,-0.0003,0.0003,0.07
1032.453,,,,-0.0003,0.0003,0.07
1032.504,,,,-0.0003,0.0003,0.07
1032.555,,,,-0.0003,0.0003,0.07
1032.606,,,,-0.0003,0.0003,0.07
1032.657,,,,-0.0003,0.0003,0.07
1032.707,,,,-0.0003,0.0003,0.07
1032.758,,,,-0.0003,0.0003,0.07
1032.808,,,,-0.0003,0.0003,0.07
1032.859,,,,-0.0003,0.0003,0.07
1032.91,,,,-0.0003,0.0003,0.07
1032.961,,,,-0.0003,0.0003,0.07
1033.011,,,,-0.0003,0.0003,0.07
1033.062,,,,-0.0003,0.0003,0.07
1033.113,,,,-0.0003,0.0003,0.07
1033.164,,,,-0.0003,0.0003,0.07
1033.214,,,,-0.0003,0.0003,0.07
1033.265,,,,-0.0003,0.0003,0.07
1033.316,,,,-0.0003,0.0003,0.07
1033.367,,,,-0.0003,0.0003,0.07
1033.417,,,,-0.0003,0.0003,0.07
1033.473,,,,-0.0003,0.0003,0.07
1033.524,,,,-0.0003,0.0003,0.07
1033.574,,,,-0.0003,0.0003,0.07
1033.625,,,,-0.0003,0.0003,0.07
1033.676,,,,-0.0003,0.0003,0.07
1033.726,,,,-0.0003,0.0003,0.07
1033.777,,,,-0.0003,0.0003,0.07
1033.828,,,,-0.0003,0.0003,0.07
1033.879,,,,-0.0003,0.0003,0.07
1033.929,,,,-0.0003,0.0003,0.07
1033.98,,,,-0.0003,0.0003,0.07
1034.031,,,,-0.0003,0.0003,0.07
1034.082,,,,-0.0003,0.0003,0.07
1034.132,,,,-0.0003,0.0003,0.07
1034.183,,,,-0.0003,0.0003,0.07
1034.234,,,,-0.0003,0.0003,0.07
1034.285,,,,-0.0003,0.0003,0.07
1034.335,,,,-0.0003,0.0003,0.07
1034.385,,,,-0.0003,0.0003,0.07
1034.436,,,,-0.0003,0.0003,0.07
1034.487,,,,-0.0003,0.0003,0.07
1034.537,,,,-0.0003,0.0003,0.07
1034.588,,,,-0.0003,0.0003,0.07
1034.638,,,,-0.0003,0.0003,0.07
1034.689,,,,-0.0003,0.0003,0.07
1034.739,,,,-0.0003,0.0003,0.07
1034.79,,,,-0.0003,0.0003,0.07
1034.841,,,,-0.0003,0.0003,0.07
1034.891,,,,-0.0003,0.0003,0.07
1034.942,,,,-0.0003,0.0003,0.07
1034.993,,,,-0.0003,0.0003,0.07
1035.044,,,,-0.0003,0.0003,0.07
1035.095,,,,-0.0003,0.0003,0.07
1035.145,,,,-0.0003,0.0003,0.07
1035.196,,,,-0.0003,0.0003,0.07
1035.247,,,,-0.0003,0.0003,0.07
1035.297,,,,-0.0003,0.0003,0.07
1035.348,,,,-0.0003,0.0003,0.07
1035.398,,,,-0.0003,0.0003,0.07
1035.449,,,,-0.0003,0.0003,0.07
1035.5,,,,-0.0003,0.0003,0.07
1035.551,,,,-0.0003,0.0003,0.07
1035.601,,,,-0.0003,0.0003,0.07
1035.652,,,,-0.0003,0.0003,0.07
1035.702,,,,-0.0003,0.0003,0.07
1035.753,,,,-0.0003,0.0003,0.07
1035.804,,,,-0.0003,0.0003,0.07
1035.854,,,,-0.0003,0.0003,0.07
1035.905,,,,-0.0003,0.0003,0.07
1035.956,,,,-0.0003,0.0003,0.07
1036.006,,,,-0.0003,0.0003,0.07
1036.057,,,,-0.0003,0.0003,0.07
1036.107,,,,-0.0003,0.0003,0.07
1036.192,,,,-0.0003,0.0003,0.07
1036.243,,,,-0.0003,0.0003,0.07
1036.324,,,,-0.0003,0.0003,0.07
1036.376,,,,-0.0003,0.0003,0.07
1036.426,,,,-0.0003,0.0003,0.07
1036.477,,,,-0.0003,0.0003,0.07
1036.527,,,,-0.0003,0.0003,0.07
1036.578,,,,-0.0003,0.0003,0.07
1036.629,,,,-0.0003,0.0003,0.07
1036.68,,,,-0.0003,0.0003,0.07
1036.73,,,,-0.0003,0.0003,0.07
1036.781,,,,-0.0003,0.0003,0.07
1036.832,,,,-0.0003,0.0003,0.07
1036.883,,,,-0.0003,0.0003,0.07
1036.933,,,,-0.0003,0.0003,0.07
1036.984,,,,-0.0003,0.0003,0.07
1037.035,,,,-0.0003,0.0003,0.07
1037.086,,,,-0.0003,0.0003,0.07
1037.137,,,,-0.0003,0.0003,0.07
1037.188,,,,-0.0003,0.0003,0.07
1037.238,,,,-0.0003,0.0003,0.07
1037.289,,,,-0.0003,0.0003,0.07
1037.34,,,,-0.0003,0.0003,0.07
1037.39,,,,-0.0003,0.0003,0.07
1037.441,,,,-0.0003,0.0003,0.07
1037.491,,,,-0.0003,0.0003,0.07
1037.558,,,,-0.0003,0.0003,0.07
1037.609,,,,-0.0003,0.0003,0.07
1037.659,,,,-0.0003,0.0003,0.07
1037.71,,,,-0.0003,0.0003,0.07
1037.76,,,,-0.0003,0.0003,0.07
1037.811,,,,-0.0003,0.0003,0.07
1037.862,,,,-0.0003,0.0003,0.07
1037.913,,,,-0.0003,0.0003,0.07
1037.964,,,,-0.0003,0.0003,0.07
1038.014,,,,-0.0003,0.0003,0.07
1038.065,,,,-0.0003,0.0003,0.07
1038.115,,,,-0.0003,0.0003,0.07
1038.166,,,,-0.0003,0.0003,0.07
1038.217,,,,-0.0003,0.0003,0.07
1038.268,,,,-0.0003,0.0003,0.07
1038.319,,,,-0.0003,0.0003,0.07
1038.37,,,,-0.0003,0.0003,0.07
1038.42,,,,-0.0003,0.0003,0.07
1038.471,,,,-0.0003,0.0003,0.07
1038.522,,,,-0.0003,0.0003,0.07
1038.573,,,,-0.0003,0.0003,0.07
1038.624,,,,-0.0003,0.0003,0.07
1038.675,,,,-0.0003,0.0003,0.07
1038.725,,,,-0.0003,0.0003,0.07
1038.776,,,,-0.0003,0.0003,0.07
1038.827,,,,-0.0003,0.0003,0.07
1038.915,,,,-0.0003,0.0003,0.07
1038.965,,,,-0.0003,0.0003,0.07
1039.016,,,,-0.0003,0.0003,0.07
1039.067,,,,-0.0003,0.0003,0.07
1039.117,,,,-0.0003,0.0003,0.07
1039.168,,,,-0.0003,0.0003,0.07
1039.219,,,,-0.0003,0.0003,0.07
1039.269,,,,-0.0003,0.0003,0.07
1039.32,,,,-0.0003,0.0003,0.07
1039.371,,,,-0.0003,0.0003,0.07
1039.422,,,,-0.0003,0.0003,0.07
1039.472,,,,-0.0003,0.0003,0.07
1039.523,,,,-0.0003,0.0003,0.07
1039.573,,,,-0.0003,0.0003,0.07
1039.624,,,,-0.0003,0.0003,0.07
1039.675,,,,-0.0003,0.0003,0.07
1039.726,,,,-0.0003,0.0003,0.07
1039.776,,,,-0.0003,0.0003,0.07
1039.827,,,,-0.0003,0.0003,0.07
1039.878,,,,-0.0003,0.0003,0.07
1039.928,,,,-0.0003,0.0003,0.07
1039.979,,,,-0.0003,0.0003,0.07
1040.03,,,,-0.0003,0.0003,0.07
1040.08,,,,-0.0003,0.0003,0.07
1040.131,,,,-0.0003,0.0003,0.07
1040.181,,,,-0.0003,0.0003,0.07
1040.232,,,,-0.0003,0.0003,0.07
1040.288,,,,-0.0003,0.0003,0.07
1040.339,,,,-0.0003,0.0003,0.07
1040.389,,,,-0.0003,0.0003,0.07
1040.439,,,,-0.0003,0.0003,0.07
1040.49,,,,-0.0003,0.0003,0.07
1040.54,,,,-0.0003,0.0003,0.07
1040.591,,,,-0.0003,0.0003,0.07
1040.642,,,,-0.0003,0.0003,0.07
1040.692,,,,-0.0003,0.0003,0.07
1040.743,,,,-0.0003,0.0003,0.07
1040.793,,,,-0.0003,0.0003,0.07
1040.844,,,,-0.0003,0.0003,0.07
1040.895,,,,-0.0003,0.0003,0.07
1040.946,,,,-0.0003,0.0003,0.07
1040.997,,,,-0.0003,0.0003,0.07
1041.048,,,,-0.0003,0.0003,0.07
1041.099,,,,-0.0003,0.0003,0.07
1041.15,,,,-0.0003,0.0003,0.07
1041.2,,,,-0.0003,0.0003,0.07
1041.25,,,,-0.0003,0.0003,0.07
1041.301,,,,-0.0003,0.0003,0.07
1041.352,,,,-0.0003,0.0003,0.07
1041.402,,,,-0.0003,0.0003,0.07
1041.453,,,,-0.0003,0.0003,0.07
1041.504,,,,-0.0003,0.0003,0.07
1041.554,,,,-0.0003,0.0003,0.07
1041.605,,,,-0.0003,0.0003,0.07
1041.656,,,,-0.0003,0.0003,0.07
1041.707,,,,-0.0003,0.0003,0.07
1041.758,,,,-0.0003,0.0003,0.07
1041.808,,,,-0.0003,0.0003,0.07
1041.859,,,,-0.0003,0.0003,0.07
1041.91,,,,-0.0003,0.0003,0.07
1041.961,,,,-0.0003,0.0003,0.07
1042.011,,,,-0.0003,0.0003,0.07
1042.062,,,,-0.0003,0.0003,0.07
1042.112,,,,-0.0003,0.0003,0.07
1042.163,,,,-0.0003,0.0003,0.07
1042.214,,,,-0.0003,0.0003,0.07
1042.265,,,,-0.0003,0.0003,0.07
1042.317,,,,-0.0003,0.0003,0.07
1042.367,,,,-0.0003,0.0003,0.07
1042.418,,,,-0.0003,0.0003,0.07
1042.469,,,,-0.0003,0.0003,0.07
1042.52,,,,-0.0003,0.0003,0.07
1042.571,,,,-0.0003,0.0003,0.07
1042.622,,,,-0.0003,0.0003,0.07
1042.673,,,,-0.0003,0.0003,0.07
1042.723,,,,-0.0003,0.0003,0.07
1042.774,,,,-0.0003,0.0003,0.07
1042.825,,,,-0.0003,0.0003,0.07
1042.875,,,,-0.0003,0.0003,0.07
1042.926,,,,-0.0003,0.0003,0.07
1043.009,,,,-0.0003,0.0003,0.07
1043.06,,,,-0.0003,0.0003,0.07
1043.111,,,,-0.0003,0.0003,0.07
1043.161,,,,-0.0003,0.0003,0.07
1043.212,,,,-0.0003,0.0003,0.07
1043.263,,,,-0.0003,0.0003,0.07
1043.314,,,,-0.0003,0.0003,0.07
1043.365,,,,-0.0003,0.0003,0.07
1043.416,,,,-0.0003,0.0003,0.07
1043.466,,,,-0.0003,0.0003,0.07
1043.517,,,,-0.0003,0.0003,0.07
1043.567,,,,-0.0003,0.0003,0.07
1043.618,,,,-0.0003,0.0003,0.07
1043.669,,,,-0.0003,0.0003,0.07
1043.72,,,,-0.0003,0.0003,0.07
1043.771,,,,-0.0003,0.0003,0.07
1043.821,,,,-0.0003,0.0003,0.07
1043.872,,,,-0.0003,0.0003,0.07
1043.923,,,,-0.0003,0.0003,0.07
1043.974,,,,-0.0003,0.0003,0.07
1044.025,,,,-0.0003,0.0003,0.07
1044.075,,,,-0.0003,0.0003,0.07
1044.126,,,,-0.0003,0.0003,0.07
1044.177,,,,-0.0003,0.0003,0.07
1044.227,,,,-0.0003,0.0003,0.07
1044.278,,,,-0.0003,0.0003,0.07
1044.329,,,,-0.0003,0.0003,0.07
1044.38,,,,-0.0003,0.0003,0.07
1044.431,,,,-0.0003,0.0003,0.07
1044.482,,,,-0.0003,0.0003,0.07
1044.533,,,,-0.0003,0.0003,0.07
1044.584,,,,-0.0003,0.0003,0.07
1044.634,,,,-0.0003,0.0003,0.07
1044.685,,,,-0.0003,0.0003,0.07
1044.735,,,,-0.0003,0.0003,0.07
1044.786,,,,-0.0003,0.0003,0.07
1044.837,,,,-0.0003,0.0003,0.07
1044.888,,,,-0.0003,0.0003,0.07
1044.938,,,,-0.0003,0.0003,0.07
1044.989,,,,-0.0003,0.0003,0.07
1045.04,,,,-0.0003,0.0003,0.07
1045.091,,,,-0.0003,0.0003,0.07
1045.142,,,,-0.0003,0.0003,0.07
1045.193,,,,-0.0003,0.0003,0.07
1045.244,,,,-0.0003,0.0003,0.07
1045.294,,,,-0.0003,0.0003,0.07
1045.345,,,,-0.0003,0.0003,0.07
1045.396,,,,-0.0003,0.0003,0.07
1045.447,,,,-0.0003,0.0003,0.07
1045.498,,,,-0.0003,0.0003,0.07
1045.549,,,,-0.0003,0.0003,0.07
1045.6,,,,-0.0003,0.0003,0.07
1045.651,,,,-0.0003,0.0003,0.07
1045.739,,,,-0.0003,0.0003,0.07
1045.79,,,,-0.0003,0.0003,0.07
1045.841,,,,-0.0003,0.0003,0.07
1045.892,,,,-0.0003,0.0003,0.07
1045.942,,,,-0.0003,0.0003,0.07
1045.993,,,,-0.0003,0.0003,0.07
1046.044,,,,-0.0003,0.0003,0.07
1046.094,,,,-0.0003,0.0003,0.07
1046.145,,,,-0.0003,0.0003,0.07
1046.195,,,,-0.0003,0.0003,0.07
1046.247,,,,-0.0003,0.0003,0.07
1046.297,,,,-0.0003,0.0003,0.07
1046.348,,,,-0.0003,0.0003,0.07
1046.398,,,,-0.0003,0.0003,0.07
1046.449,,,,-0.0003,0.0003,0.07
1046.499,,,,-0.0003,0.0003,0.07
1046.55,,,,-0.0003,0.0003,0.07
1046.601,,,,-0.0003,0.0003,0.07
1046.651,,,,-0.0003,0.0003,0.07
1046.701,,,,-0.0003,0.0003,0.07
1046.751,,,,-0.0003,0.0003,0.07
1046.802,,,,-0.0003,0.0003,0.07
1046.854,,,,-0.0003,0.0003,0.07
1046.908,,,,-0.0003,0.0003,0.07
1046.959,,,,-0.0003,0.0003,0.07
1047.01,,,,-0.0003,0.0003,0.07
1047.097,,,,-0.0003,0.0003,0.07
1047.148,,,,-0.0003,0.0003,0.07
1047.199,,,,-0.0003,0.0003,0.07
1047.249,,,,-0.0003,0.0003,0.07
1047.3,,,,-0.0003,0.0003,0.07
1047.351,,,,-0.0003,0.0003,0.07
1047.401,,,,-0.0003,0.0003,0.07
1047.452,,,,-0.0003,0.0003,0.07
1047.503,,,,-0.0003,0.0003,0.07
1047.553,,,,-0.0003,0.0003,0.07
1047.604,,,,-0.0003,0.0003,0.07
1047.655,,,,-0.0003,0.0003,0.07
1047.706,,,,-0.0003,0.0003,0.07
1047.756,,,,-0.0003,0.0003,0.07
1047.807,,,,-0.0003,0.0003,0.07
1047.857,,,,-0.0003,0.0003,0.07
1047.908,,,,-0.0003,0.0003,0.07
1047.958,,,,-0.0003,0.0003,0.07
1048.009,,,,-0.0003,0.0003,0.07
1048.059,,,,-0.0003,0.0003,0.07
1048.11,,,,-0.0003,0.0003,0.07
1048.16,,,,-0.0003,0.0003,0.07
1048.211,,,,-0.0003,0.0003,0.07
1048.261,,,,-0.0003,0.0003,0.07
1048.312,,,,-0.0003,0.0003,0.07
1048.362,,,,-0.0003,0.0003,0.07
1048.413,,,,-0.0003,0.0003,0.07
1048.464,,,,-0.0003,0.0003,0.07
1048.514,,,,-0.0003,0.0003,0.07
1048.565,,,,-0.0003,0.0003,0.07
1048.615,,,,-0.0003,0.0003,0.07
1048.666,,,,-0.0003,0.0003,0.07
1048.716,,,,-0.0003,0.0003,0.07
1048.767,,,,-0.0003,0.0003,0.07
1048.818,,,,-0.0003,0.0003,0.07
1048.869,,,,-0.0003,0.0003,0.07
1048.92,,,,-0.0003,0.0003,0.07
1048.971,,,,-0.0003,0.0003,0.07
1049.021,,,,-0.0003,0.0003,0.07
1049.072,,,,-0.0003,0.0003,0.07
1049.123,,,,-0.0003,0.0003,0.07
1049.173,,,,-0.0003,0.0003,0.07
1049.224,,,,-0.0003,0.0003,0.07
1049.274,,,,-0.0003,0.0003,0.07
1049.325,,,,-0.0003,0.0003,0.07
1049.375,,,,-0.0003,0.0003,0.07
1049.426,,,,-0.0003,0.0003,0.07
1049.477,,,,-0.0003,0.0003,0.07
1049.528,,,,-0.0003,0.0003,0.07
1049.579,,,,-0.0003,0.0003,0.07
1049.629,,,,-0.0003,0.0003,0.07
1049.68,,,,-0.0003,0.0003,0.07
1049.731,,,,-0.0003,0.0003,0.07
1049.822,,,,-0.0003,0.0003,0.07
1049.873,,,,-0.0003,0.0003,0.07
1049.923,,,,-0.0003,0.0003,0.07
1049.974,,,,-0.0003,0.0003,0.07
1050.025,,,,-0.0003,0.0003,0.07
1050.075,,,,-0.0003,0.0003,0.07
1050.126,,,,-0.0003,0.0003,0.07
1050.177,,,,-0.0003,0.0003,0.07
1050.227,,,,-0.0003,0.0003,0.07
1050.277,,,,-0.0003,0.0003,0.07
1050.328,,,,-0.0003,0.0003,0.07
1050.379,,,,-0.0003,0.0003,0.07
1050.43,,,,-0.0003,0.0003,0.07
1050.48,,,,-0.0003,0.0003,0.07
1050.531,,,,-0.0003,0.0003,0.07
1050.582,,,,-0.0003,0.0003,0.07
1050.632,,,,-0.0003,0.0003,0.07
1050.685,,,,-0.0003,0.0003,0.07
1050.736,,,,-0.0003,0.0003,0.07
1050.787,,,,-0.0003,0.0003,0.07
1050.837,,,,-0.0003,0.0003,0.07
1050.888,,,,-0.0003,0.0003,0.07
1050.939,,,,-0.0003,0.0003,0.07
1050.989,,,,-0.0003,0.0003,0.07
1051.04,,,,-0.0003,0.0003,0.07
1051.091,,,,-0.0003,0.0003,0.07
1051.141,,,,-0.0003,0.0003,0.07
1051.192,,,,-0.0003,0.0003,0.07
1051.243,,,,-0.0003,0.0003,0.07
1051.294,,,,-0.0003,0.0003,0.07
1051.344,,,,-0.0003,0.0003,0.07
1051.395,,,,-0.0003,0.0003,0.07
1051.446,,,,-0.0003,0.0003,0.07
1051.496,,,,-0.0003,0.0003,0.07
1051.547,,,,-0.0003,0.0003,0.07
1051.597,,,,-0.0003,0.0003,0.07
1051.648,,,,-0.0003,0.0003,0.07
1051.699,,,,-0.0003,0.0003,0.07
1051.75,,,,-0.0003,0.0003,0.07
1051.801,,,,-0.0003,0.0003,0.07
1051.851,,,,-0.0003,0.0003,0.07
1051.902,,,,-0.0003,0.0003,0.07
1051.953,,,,-0.0003,0.0003,0.07
1052.003,,,,-0.0003,0.0003,0.07
1052.054,,,,-0.0003,0.0003,0.07
1052.104,,,,-0.0003,0.0003,0.07
1052.155,,,,-0.0003,0.0003,0.07
1052.206,,,,-0.0003,0.0003,0.07
1052.256,,,,-0.0003,0.0003,0.07
1052.307,,,,-0.0003,0.0003,0.07
1052.357,,,,-0.0003,0.0003,0.07
1052.408,,,,-0.0003,0.0003,0.07
1052.458,,,,-0.0003,0.0003,0.07
1052.509,,,,-0.0003,0.0003,0.07
1052.56,,,,-0.0003,0.0003,0.07
1052.61,,,,-0.0003,0.0003,0.07
1052.661,,,,-0.0003,0.0003,0.07
1052.712,,,,-0.0003,0.0003,0.07
1052.763,,,,-0.0003,0.0003,0.07
1052.813,,,,-0.0003,0.0003,0.07
1052.864,,,,-0.0003,0.0003,0.07
1052.915,,,,-0.0003,0.0003,0.07
1052.965,,,,-0.0003,0.0003,0.07
1053.016,,,,-0.0003,0.0003,0.07
1053.066,,,,-0.0003,0.0003,0.07
1053.117,,,,-0.0003,0.0003,0.07
1053.167,,,,-0.0003,0.0003,0.07
1053.218,,,,-0.0003,0.0003,0.07
1053.269,,,,-0.0003,0.0003,0.07
1053.32,,,,-0.0003,0.0003,0.07
1053.371,,,,-0.0003,0.0003,0.07
1053.421,,,,-0.0003,0.0003,0.07
1053.472,,,,-0.0003,0.0003,0.07
1053.522,,,,-0.0003,0.0003,0.07
1053.573,,,,-0.0003,0.0003,0.07
1053.624,,,,-0.0003,0.0003,0.07
1053.674,,,,-0.0003,0.0003,0.07
1053.725,,,,-0.0003,0.0003,0.07
1053.776,,,,-0.0003,0.0003,0.07
1053.826,,,,-0.0003,0.0003,0.07
1053.911,,,,-0.0003,0.0003,0.07
1053.962,,,,-0.0003,0.0003,0.07
1054.013,,,,-0.0003,0.0003,0.07
1054.071,,,,-0.0003,0.0003,0.07
1054.121,,,,-0.0003,0.0003,0.07
1054.172,,,,-0.0003,0.0003,0.07
1054.222,,,,-0.0003,0.0003,0.07
1054.273,,,,-0.0003,0.0003,0.07
1054.323,,,,-0.0003,0.0003,0.07
1054.374,,,,-0.0003,0.0003,0.07
1054.424,,,,-0.0003,0.0003,0.07
1054.475,,,,-0.0003,0.0003,0.07
1054.526,,,,-0.0003,0.0003,0.07
1054.576,,,,-0.0003,0.0003,0.07
1054.627,,,,-0.0003,0.0003,0.07
1054.677,,,,-0.0003,0.0003,0.07
1054.728,,,,-0.0003,0.0003,0.07
1054.779,,,,-0.0003,0.0003,0.07
1054.83,,,,-0.0003,0.0003,0.07
1054.88,,,,-0.0003,0.0003,0.07
1054.931,,,,-0.0003,0.0003,0.07
1054.982,,,,-0.0003,0.0003,0.07
1055.032,,,,-0.0003,0.0003,0.07
1055.083,,,,-0.0003,0.0003,0.07
1055.134,,,,-0.0003,0.0003,0.07
1055.184,,,,-0.0003,0.0003,0.07
1055.273,,,,-0.0003,0.0003,0.07
1055.325,,,,-0.0003,0.0003,0.07
1055.376,,,,-0.0003,0.0003,0.07
1055.426,,,,-0.0003,0.0003,0.07
1055.477,,,,-0.0003,0.0003,0.07
1055.528,,,,-0.0003,0.0003,0.07
1055.579,,,,-0.0003,0.0003,0.07
1055.63,,,,-0.0003,0.0003,0.07
1055.68,,,,-0.0003,0.0003,0.07
1055.731,,,,-0.0003,0.0003,0.07
1055.782,,,,-0.0003,0.0003,0.07
1055.832,,,,-0.0003,0.0003,0.07
1055.883,,,,-0.0003,0.0003,0.07
1055.934,,,,-0.0003,0.0003,0.07
1055.985,,,,-0.0003,0.0003,0.07
1056.036,,,,-0.0003,0.0003,0.07
1056.086,,,,-0.0003,0.0003,0.07
1056.137,,,,-0.0003,0.0003,0.07
1056.188,,,,-0.0003,0.0003,0.07
1056.239,,,,-0.0003,0.0003,0.07
1056.289,,,,-0.0003,0.0003,0.07
1056.34,,,,-0.0003,0.0003,0.07
1056.39,,,,-0.0003,0.0003,0.07
1056.441,,,,-0.0003,0.0003,0.07
1056.491,,,,-0.0003,0.0003,0.07
1056.542,,,,-0.0003,0.0003,0.07
1056.593,,,,-0.0003,0.0003,0.07
1056.647,,,,-0.0003,0.0003,0.07
1056.698,,,,-0.0003,0.0003,0.07
1056.748,,,,-0.0003,0.0003,0.07
1056.799,,,,-0.0003,0.0003,0.07
1056.851,,,,-0.0003,0.0003,0.07
1056.902,,,,-0.0003,0.0003,0.07
1056.953,,,,-0.0003,0.0003,0.07
1057.004,,,,-0.0003,0.0003,0.07
1057.054,,,,-0.0003,0.0003,0.07
1057.105,,,,-0.0003,0.0003,0.07
1057.156,,,,-0.0003,0.0003,0.07
1057.207,,,,-0.0003,0.0003,0.07
1057.258,,,,-0.0003,0.0003,0.07
1057.308,,,,-0.0003,0.0003,0.07
1057.359,,,,-0.0003,0.0003,0.07
1057.409,,,,-0.0003,0.0003,0.07
1057.46,,,,-0.0003,0.0003,0.07
1057.511,,,,-0.0003,0.0003,0.07
1057.562,,,,-0.0003,0.0003,0.07
1057.613,,,,-0.0003,0.0003,0.07
1057.663,,,,-0.0003,0.0003,0.07
1057.714,,,,-0.0003,0.0003,0.07
1057.765,,,,-0.0003,0.0003,0.07
1057.816,,,,-0.0003,0.0003,0.07
1057.866,,,,-0.0003,0.0003,0.07
1057.916,,,,-0.0003,0.0003,0.07
1057.967,,,,-0.0003,0.0003,0.07
1058.018,,,,-0.0003,0.0003,0.07
1058.068,,,,-0.0003,0.0003,0.07
1058.119,,,,-0.0003,0.0003,0.07
1058.17,,,,-0.0003,0.0003,0.07
1058.221,,,,-0.0003,0.0003,0.07
1058.272,,,,-0.0003,0.0003,0.07
1058.322,,,,-0.0003,0.0003,0.07
1058.373,,,,-0.0003,0.0003,0.07
1058.423,,,,-0.0003,0.0003,0.07
1058.474,,,,-0.0003,0.0003,0.07
1058.524,,,,-0.0003,0.0003,0.07
1058.574,,,,-0.0003,0.0003,0.07
1058.625,,,,-0.0003,0.0003,0.07
1058.676,,,,-0.0003,0.0003,0.07
1058.726,,,,-0.0003,0.0003,0.07
1058.777,,,,-0.0003,0.0003,0.07
1058.827,,,,-0.0003,0.0003,0.07
1058.877,,,,-0.0003,0.0003,0.07
1058.928,,,,-0.0003,0.0003,0.07
1058.978,,,,-0.0003,0.0003,0.07
1059.029,,,,-0.0003,0.0003,0.07
1059.079,,,,-0.0003,0.0003,0.07
1059.13,,,,-0.0003,0.0003,0.07
1059.18,,,,-0.0003,0.0003,0.07
1059.231,,,,-0.0003,0.0003,0.07
1059.289,,,,-0.0003,0.0003,0.07
1059.347,,,,-0.0003,0.0003,0.07
1059.398,,,,-0.0003,0.0003,0.07
1059.449,,,,-0.0003,0.0003,0.07
1059.5,,,,-0.0003,0.0003,0.07
1059.55,,,,-0.0003,0.0003,0.07
1059.601,,,,-0.0003,0.0003,0.07
1059.651,,,,-0.0003,0.0003,0.07
1059.707,,,,-0.0003,0.0003,0.07
1059.759,,,,-0.0003,0.0003,0.07
1059.811,,,,-0.0003,0.0003,0.07
1059.869,,,,-0.0003,0.0003,0.07
1059.921,,,,-0.0003,0.0003,0.07
1059.977,,,,-0.0003,0.0003,0.07
1060.03,,,,-0.0003,0.0003,0.07
1060.081,,,,-0.0003,0.0003,0.07
1060.133,,,,-0.0003,0.0003,0.07
1060.186,,,,-0.0003,0.0003,0.07
1060.239,,,,-0.0003,0.0003,0.07
1060.292,,,,-0.0003,0.0003,0.07
1060.343,,,,-0.0003,0.0003,0.07
1060.393,,,,-0.0003,0.0003,0.07
1060.444,,,,-0.0003,0.0003,0.07
1060.495,,,,-0.0003,0.0003,0.07
1060.545,,,,-0.0003,0.0003,0.07
1060.596,,,,-0.0003,0.0003,0.07
1060.647,,,,-0.0003,0.0003,0.07
1060.732,,,,-0.0003,0.0003,0.07
1060.782,,,,-0.0003,0.0003,0.07
1060.833,,,,-0.0003,0.0003,0.07
1060.884,,,,-0.0003,0.0003,0.07
1060.934,,,,-0.0003,0.0003,0.07
1060.985,,,,-0.0003,0.0003,0.07
1061.035,,,,-0.0003,0.0003,0.07
1061.086,,,,-0.0003,0.0003,0.07
1061.137,,,,-0.0003,0.0003,0.07
1061.187,,,,-0.0003,0.0003,0.07
1061.238,,,,-0.0003,0.0003,0.07
1061.289,,,,-0.0003,0.0003,0.07
1061.339,,,,-0.0003,0.0003,0.07
1061.39,,,,-0.0003,0.0003,0.07
1061.44,,,,-0.0003,0.0003,0.07
1061.491,,,,-0.0003,0.0003,0.07
1061.542,,,,-0.0003,0.0003,0.07
1061.593,,,,-0.0003,0.0003,0.07
1061.643,,,,-0.0003,0.0003,0.07
1061.694,,,,-0.0003,0.0003,0.07
1061.744,,,,-0.0003,0.0003,0.07
1061.795,,,,-0.0003,0.0003,0.07
1061.846,,,,-0.0003,0.0003,0.07
1061.897,,,,-0.0003,0.0003,0.07
1061.947,,,,-0.0003,0.0003,0.07
1061.998,,,,-0.0003,0.0003,0.07
1062.049,,,,-0.0003,0.0003,0.07
1062.1,,,,-0.0003,0.0003,0.07
1062.15,,,,-0.0003,0.0003,0.07
1062.201,,,,-0.0003,0.0003,0.07
1062.252,,,,-0.0003,0.0003,0.07
1062.303,,,,-0.0003,0.0003,0.07
1062.353,,,,-0.0003,0.0003,0.07
1062.404,,,,-0.0003,0.0003,0.07
1062.455,,,,-0.0003,0.0003,0.07
1062.505,,,,-0.0003,0.0003,0.07
1062.556,,,,-0.0003,0.0003,0.07
1062.607,,,,-0.0003,0.0003,0.07
1062.658,,,,-0.0003,0.0003,0.07
1062.708,,,,-0.0003,0.0003,0.07
1062.759,,,,-0.0003,0.0003,0.07
1062.81,,,,-0.0003,0.0003,0.07
1062.86,,,,-0.0003,0.0003,0.07
1062.911,,,,-0.0003,0.0003,0.07
1062.962,,,,-0.0003,0.0003,0.07
1063.012,,,,-0.0003,0.0003,0.07
1063.063,,,,-0.0003,0.0003,0.07
1063.114,,,,-0.0003,0.0003,0.07
1063.165,,,,-0.0003,0.0003,0.07
1063.216,,,,-0.0003,0.0003,0.07
1063.267,,,,-0.0003,0.0003,0.07
1063.317,,,,-0.0003,0.0003,0.07
1063.368,,,,-0.0003,0.0003,0.07
1063.419,,,,-0.0003,0.0003,0.07
1063.469,,,,-0.0003,0.0003,0.07
1063.52,,,,-0.0003,0.0003,0.07
1063.571,,,,-0.0003,0.0003,0.07
1063.621,,,,-0.0003,0.0003,0.07
1063.672,,,,-0.0003,0.0003,0.07
1063.723,,,,-0.0003,0.0003,0.07
1063.775,,,,-0.0003,0.0003,0.07
1063.825,,,,-0.0003,0.0003,0.07
1063.876,,,,-0.0003,0.0003,0.07
1063.927,,,,-0.0003,0.0003,0.07
1063.978,,,,-0.0003,0.0003,0.07
1064.028,,,,-0.0003,0.0003,0.07
1064.079,,,,-0.0003,0.0003,0.07
1064.13,,,,-0.0003,0.0003,0.07
1064.181,,,,-0.0003,0.0003,0.07
1064.231,,,,-0.0003,0.0003,0.07
1064.283,,,,-0.0003,0.0003,0.07
1064.335,,,,-0.0003,0.0003,0.07
1064.386,,,,-0.0003,0.0003,0.07
1064.436,,,,-0.0003,0.0003,0.07
1064.487,,,,-0.0003,0.0003,0.07
1064.538,,,,-0.0003,0.0003,0.07
1064.588,,,,-0.0003,0.0003,0.07
1064.639,,,,-0.0003,0.0003,0.07
1064.69,,,,-0.0003,0.0003,0.07
1064.741,,,,-0.0003,0.0003,0.07
1064.819,,,,-0.0003,0.0003,0.07
1064.869,,,,-0.0003,0.0003,0.07
1064.92,,,,-0.0003,0.0003,0.07
1064.971,,,,-0.0003,0.0003,0.07
1065.022,,,,-0.0003,0.0003,0.07
1065.072,,,,-0.0003,0.0003,0.07
1065.123,,,,-0.0003,0.0003,0.07
1065.173,,,,-0.0003,0.0003,0.07
1065.224,,,,-0.0003,0.0003,0.07
1065.275,,,,-0.0003,0.0003,0.07
1065.325,,,,-0.0003,0.0003,0.07
1065.377,,,,-0.0003,0.0003,0.07
1065.427,,,,-0.0003,0.0003,0.07
1065.478,,,,-0.0003,0.0003,0.07
1065.528,,,,-0.0003,0.0003,0.07
1065.579,,,,-0.0003,0.0003,0.07
1065.63,,,,-0.0003,0.0003,0.07
1065.681,,,,-0.0003,0.0003,0.07
1065.732,,,,-0.0003,0.0003,0.07
1065.782,,,,-0.0003,0.0003,0.07
1065.833,,,,-0.0003,0.0003,0.07
1065.884,,,,-0.0003,0.0003,0.07
1065.934,,,,-0.0003,0.0003,0.07
1065.985,,,,-0.0003,0.0003,0.07
1066.035,,,,-0.0003,0.0003,0.07
1066.086,,,,-0.0003,0.0003,0.07
1066.137,,,,-0.0003,0.0003,0.07
1066.191,,,,-0.0003,0.0003,0.07
1066.242,,,,-0.0003,0.0003,0.07
1066.293,,,,-0.0003,0.0003,0.07
1066.343,,,,-0.0003,0.0003,0.07
1066.394,,,,-0.0003,0.0003,0.07
1066.445,,,,-0.0003,0.0003,0.07
1066.495,,,,-0.0003,0.0003,0.07
1066.546,,,,-0.0003,0.0003,0.07
1066.596,,,,-0.0003,0.0003,0.07
1066.647,,,,-0.0003,0.0003,0.07
1066.698,,,,-0.0003,0.0003,0.07
1066.748,,,,-0.0003,0.0003,0.07
1066.799,,,,-0.0003,0.0003,0.07
1066.85,,,,-0.0003,0.0003,0.07
1066.9,,,,-0.0003,0.0003,0.07
1066.951,,,,-0.0003,0.0003,0.07
1067.002,,,,-0.0003,0.0003,0.07
1067.053,,,,-0.0003,0.0003,0.07
1067.103,,,,-0.0003,0.0003,0.07
1067.154,,,,-0.0003,0.0003,0.07
1067.205,,,,-0.0003,0.0003,0.07
1067.255,,,,-0.0003,0.0003,0.07
1067.305,,,,-0.0003,0.0003,0.07
1067.356,,,,-0.0003,0.0003,0.07
1067.406,,,,-0.0003,0.0003,0.07
1067.457,,,,-0.0003,0.0003,0.07
1067.507,,,,-0.0003,0.0003,0.07
1067.558,,,,-0.0003,0.0003,0.07
1067.609,,,,-0.0003,0.0003,0.07
1067.659,,,,-0.0003,0.0003,0.07
1067.71,,,,-0.0003,0.0003,0.07
1067.761,,,,-0.0003,0.0003,0.07
1067.811,,,,-0.0003,0.0003,0.07
1067.862,,,,-0.0003,0.0003,0.07
1067.913,,,,-0.0003,0.0003,0.07
1067.964,,,,-0.0003,0.0003,0.07
1068.014,,,,-0.0003,0.0003,0.07
1068.065,,,,-0.0003,0.0003,0.07
1068.115,,,,-0.0003,0.0003,0.07
1068.166,,,,-0.0003,0.0003,0.07
1068.217,,,,-0.0003,0.0003,0.07
1068.267,,,,-0.0003,0.0003,0.07
1068.318,,,,-0.0003,0.0003,0.07
1068.369,,,,-0.0003,0.0003,0.07
1068.42,,,,-0.0003,0.0003,0.07
1068.471,,,,-0.0003,0.0003,0.07
1068.522,,,,-0.0003,0.0003,0.07
1068.572,,,,-0.0003,0.0003,0.07
1068.623,,,,-0.0003,0.0003,0.07
1068.674,,,,-0.0003,0.0003,0.07
1068.725,,,,-0.0003,0.0003,0.07
1068.775,,,,-0.0003,0.0003,0.07
1068.826,,,,-0.0003,0.0003,0.07
1068.876,,,,-0.0003,0.0003,0.07
1068.927,,,,-0.0003,0.0003,0.07
1068.977,,,,-0.0003,0.0003,0.07
1069.028,,,,-0.0003,0.0003,0.07
1069.078,,,,-0.0003,0.0003,0.07
1069.128,,,,-0.0003,0.0003,0.07
1069.179,,,,-0.0003,0.0003,0.07
1069.23,,,,-0.0003,0.0003,0.07
1069.281,,,,-0.0003,0.0003,0.07
1069.332,,,,-0.0003,0.0003,0.07
1069.383,,,,-0.0003,0.0003,0.07
1069.434,,,,-0.0003,0.0003,0.07
1069.485,,,,-0.0003,0.0003,0.07
1069.536,,,,-0.0003,0.0003,0.07
1069.587,,,,-0.0003,0.0003,0.07
1069.638,,,,-0.0003,0.0003,0.07
1069.688,,,,-0.0003,0.0003,0.07
1069.738,,,,-0.0003,0.0003,0.07
1069.789,,,,-0.0003,0.0003,0.07
1069.84,,,,-0.0003,0.0003,0.07
1069.891,,,,-0.0003,0.0003,0.07
1069.942,,,,-0.0003,0.0003,0.07
1069.994,,,,-0.0003,0.0003,0.07
1070.044,,,,-0.0003,0.0003,0.07
1070.095,,,,-0.0003,0.0003,0.07
1070.145,,,,-0.0003,0.0003,0.07
1070.196,,,,-0.0003,0.0003,0.07
1070.247,,,,-0.0003,0.0003,0.07
1070.298,,,,-0.0003,0.0003,0.07
1070.348,,,,-0.0003,0.0003,0.07
1070.399,,,,-0.0003,0.0003,0.07
1070.45,,,,-0.0003,0.0003,0.07
1070.5,,,,-0.0003,0.0003,0.07
1070.551,,,,-0.0003,0.0003,0.07
1070.601,,,,-0.0003,0.0003,0.07
1070.652,,,,-0.0003,0.0003,0.07
1070.702,,,,-0.0003,0.0003,0.07
1070.753,,,,-0.0003,0.0003,0.07
1070.803,,,,-0.0003,0.0003,0.07
1070.854,,,,-0.0003,0.0003,0.07
1070.904,,,,-0.0003,0.0003,0.07
1070.955,,,,-0.0003,0.0003,0.07
1071.005,,,,-0.0003,0.0003,0.07
1071.056,,,,-0.0003,0.0003,0.07
1071.107,,,,-0.0003,0.0003,0.07
1071.157,,,,-0.0003,0.0003,0.07
1071.208,,,,-0.0003,0.0003,0.07
1071.259,,,,-0.0003,0.0003,0.07
1071.31,,,,-0.0003,0.0003,0.07
1071.36,,,,-0.0003,0.0003,0.07
1071.411,,,,-0.0003,0.0003,0.07
1071.462,,,,-0.0003,0.0003,0.07
1071.513,,,,-0.0003,0.0003,0.07
1071.564,,,,-0.0003,0.0003,0.07
1071.64,,,,-0.0003,0.0003,0.07
1071.691,,,,-0.0003,0.0003,0.07
1071.743,,,,-0.0003,0.0003,0.07
1071.793,,,,-0.0003,0.0003,0.07
1071.844,,,,-0.0003,0.0003,0.07
1071.894,,,,-0.0003,0.0003,0.07
1071.945,,,,-0.0003,0.0003,0.07
1071.996,,,,-0.0003,0.0003,0.07
1072.047,,,,-0.0003,0.0003,0.07
1072.097,,,,-0.0003,0.0003,0.07
1072.147,,,,-0.0003,0.0003,0.07
1072.198,,,,-0.0003,0.0003,0.07
1072.249,,,,-0.0003,0.0003,0.07
1072.3,,,,-0.0003,0.0003,0.07
1072.351,,,,-0.0003,0.0003,0.07
1072.402,,,,-0.0003,0.0003,0.07
1072.453,,,,-0.0003,0.0003,0.07
1072.504,,,,-0.0003,0.0003,0.07
1072.555,,,,-0.0003,0.0003,0.07
1072.632,,,,-0.0003,0.0003,0.07
1072.683,,,,-0.0003,0.0003,0.07
1072.734,,,,-0.0003,0.0003,0.07
1072.784,,,,-0.0003,0.0003,0.07
1072.836,,,,-0.0003,0.0003,0.07
1072.886,,,,-0.0003,0.0003,0.07
1072.937,,,,-0.0003,0.0003,0.07
1072.999,,,,-0.0003,0.0003,0.07
1073.05,,,,-0.0003,0.0003,0.07
1073.101,,,,-0.0003,0.0003,0.07
1073.151,,,,-0.0003,0.0003,0.07
1073.202,,,,-0.0003,0.0003,0.07
1073.253,,,,-0.0003,0.0003,0.07
1073.303,,,,-0.0003,0.0003,0.07
1073.354,,,,-0.0003,0.0003,0.07
1073.405,,,,-0.0003,0.0003,0.07
1073.455,,,,-0.0003,0.0003,0.07
1073.506,,,,-0.0003,0.0003,0.07
1073.557,,,,-0.0003,0.0003,0.07
1073.607,,,,-0.0003,0.0003,0.07
1073.658,,,,-0.0003,0.0003,0.07
1073.709,,,,-0.0003,0.0003,0.07
1073.759,,,,-0.0003,0.0003,0.07
1073.809,,,,-0.0003,0.0003,0.07
1073.86,,,,-0.0003,0.0003,0.07
1073.91,,,,-0.0003,0.0003,0.07
1073.961,,,,-0.0003,0.0003,0.07
1074.011,,,,-0.0003,0.0003,0.07
1074.062,,,,-0.0003,0.0003,0.07
1074.113,,,,-0.0003,0.0003,0.07
1074.163,,,,-0.0003,0.0003,0.07
1074.214,,,,-0.0003,0.0003,0.07
1074.265,,,,-0.0003,0.0003,0.07
1074.355,,,,-0.0003,0.0003,0.07
1074.405,,,,-0.0003,0.0003,0.07
1074.456,,,,-0.0003,0.0003,0.07
1074.506,,,,-0.0003,0.0003,0.07
1074.557,,,,-0.0003,0.0003,0.07
1074.607,,,,-0.0003,0.0003,0.07
1074.659,,,,-0.0003,0.0003,0.07
1074.71,,,,-0.0003,0.0003,0.07
1074.76,,,,-0.0003,0.0003,0.07
1074.811,,,,-0.0003,0.0003,0.07
1074.862,,,,-0.0003,0.0003,0.07
1074.913,,,,-0.0003,0.0003,0.07
1074.963,,,,-0.0003,0.0003,0.07
1075.014,,,,-0.0003,0.0003,0.07
1075.064,,,,-0.0003,0.0003,0.07
1075.115,,,,-0.0003,0.0003,0.07
1075.166,,,,-0.0003,0.0003,0.07
1075.216,,,,-0.0003,0.0003,0.07
1075.267,,,,-0.0003,0.0003,0.07
1075.317,,,,-0.0003,0.0003,0.07
1075.368,,,,-0.0003,0.0003,0.07
1075.419,,,,-0.0003,0.0003,0.07
1075.469,,,,-0.0003,0.0003,0.07
1075.52,,,,-0.0003,0.0003,0.07
1075.57,,,,-0.0003,0.0003,0.07
1075.621,,,,-0.0003,0.0003,0.07
1075.672,,,,-0.0003,0.0003,0.07
1075.726,,,,-0.0003,0.0003,0.07
1075.777,,,,-0.0003,0.0003,0.07
1075.827,,,,-0.0003,0.0003,0.07
1075.878,,,,-0.0003,0.0003,0.07
1075.928,,,,-0.0003,0.0003,0.07
1075.979,,,,-0.0003,0.0003,0.07
1076.029,,,,-0.0003,0.0003,0.07
1076.08,,,,-0.0003,0.0003,0.07
1076.131,,,,-0.0003,0.0003,0.07
1076.181,,,,-0.0003,0.0003,0.07
1076.232,,,,-0.0003,0.0003,0.07
1076.283,,,,-0.0003,0.0003,0.07
1076.334,,,,-0.0003,0.0003,0.07
1076.385,,,,-0.0003,0.0003,0.07
1076.435,,,,-0.0003,0.0003,0.07
1076.486,,,,-0.0003,0.0003,0.07
1076.537,,,,-0.0003,0.0003,0.07
1076.587,,,,-0.0003,0.0003,0.07
1076.638,,,,-0.0003,0.0003,0.07
1076.689,,,,-0.0003,0.0003,0.07
1076.74,,,,-0.0003,0.0003,0.07
1076.79,,,,-0.0003,0.0003,0.07
1076.841,,,,-0.0003,0.0003,0.07
1076.892,,,,-0.0003,0.0003,0.07
1076.942,,,,-0.0003,0.0003,0.07
1076.992,,,,-0.0003,0.0003,0.07
1077.082,,,,-0.0003,0.0003,0.07
1077.132,,,,-0.0003,0.0003,0.07
1077.183,,,,-0.0003,0.0003,0.07
1077.234,,,,-0.0003,0.0003,0.07
1077.284,,,,-0.0003,0.0003,0.07
1077.335,,,,-0.0003,0.0003,0.07
1077.385,,,,-0.0003,0.0003,0.07
1077.436,,,,-0.0003,0.0003,0.07
1077.487,,,,-0.0003,0.0003,0.07
1077.538,,,,-0.0003,0.0003,0.07
1077.589,,,,-0.0003,0.0003,0.07
1077.639,,,,-0.0003,0.0003,0.07
1077.69,,,,-0.0003,0.0003,0.07
1077.74,,,,-0.0003,0.0003,0.07
1077.791,,,,-0.0003,0.0003,0.07
1077.842,,,,-0.0003,0.0003,0.07
1077.892,,,,-0.0003,0.0003,0.07
1077.949,,,,-0.0003,0.0003,0.07
1078.013,,,,-0.0003,0.0003,0.07
1078.063,,,,-0.0003,0.0003,0.07
1078.113,,,,-0.0003,0.0003,0.07
1078.164,,,,-0.0003,0.0003,0.07
1078.215,,,,-0.0003,0.0003,0.07
1078.265,,,,-0.0003,0.0003,0.07
1078.316,,,,-0.0003,0.0003,0.07
1078.367,,,,-0.0003,0.0003,0.07
1078.448,,,,-0.0003,0.0003,0.07
1078.498,,,,-0.0003,0.0003,0.07
1078.55,,,,-0.0003,0.0003,0.07
1078.6,,,,-0.0003,0.0003,0.07
1078.651,,,,-0.0003,0.0003,0.07
1078.702,,,,-0.0003,0.0003,0.07
1078.752,,,,-0.0003,0.0003,0.07
1078.803,,,,-0.0003,0.0003,0.07
1078.854,,,,-0.0003,0.0003,0.07
1078.904,,,,-0.0003,0.0003,0.07
1078.955,,,,-0.0003,0.0003,0.07
1079.006,,,,-0.0003,0.0003,0.07
1079.057,,,,-0.0003,0.0003,0.07
1079.107,,,,-0.0003,0.0003,0.07
1079.158,,,,-0.0003,0.0003,0.07
1079.208,,,,-0.0003,0.0003,0.07
1079.259,,,,-0.0003,0.0003,0.07
1079.309,,,,-0.0003,0.0003,0.07
1079.36,,,,-0.0003,0.0003,0.07
1079.411,,,,-0.0003,0.0003,0.07
1079.462,,,,-0.0003,0.0003,0.07
1079.512,,,,-0.0003,0.0003,0.07
1079.563,,,,-0.0003,0.0003,0.07
1079.614,,,,-0.0003,0.0003,0.07
1079.664,,,,-0.0003,0.0003,0.07
1079.715,,,,-0.0003,0.0003,0.07
1079.766,,,,-0.0003,0.0003,0.07
1079.822,,,,-0.0003,0.0003,0.07
1079.873,,,,-0.0003,0.0003,0.07
1079.924,,,,-0.0003,0.0003,0.07
1079.974,,,,-0.0003,0.0003,0.07
1080.025,,,,-0.0003,0.0003,0.07
1080.075,,,,-0.0003,0.0003,0.07
1080.126,,,,-0.0003,0.0003,0.07
1080.177,,,,-0.0003,0.0003,0.07
1080.228,,,,-0.0003,0.0003,0.07
1080.278,,,,-0.0003,0.0003,0.07
1080.33,,,,-0.0003,0.0003,0.07
1080.38,,,,-0.0003,0.0003,0.07
1080.431,,,,-0.0003,0.0003,0.07
1080.482,,,,-0.0003,0.0003,0.07
1080.533,,,,-0.0003,0.0003,0.07
1080.584,,,,-0.0003,0.0003,0.07
1080.634,,,,-0.0003,0.0003,0.07
1080.685,,,,-0.0003,0.0003,0.07
1080.736,,,,-0.0003,0.0003,0.07
1080.786,,,,-0.0003,0.0003,0.07
1080.837,,,,-0.0003,0.0003,0.07
1080.887,,,,-0.0003,0.0003,0.07
1080.937,,,,-0.0003,0.0003,0.07
1080.988,,,,-0.0003,0.0003,0.07
1081.04,,,,-0.0003,0.0003,0.07
1081.091,,,,-0.0003,0.0003,0.07
1081.179,,,,-0.0003,0.0003,0.07
1081.23,,,,-0.0003,0.0003,0.07
1081.281,,,,-0.0003,0.0003,0.07
1081.332,,,,-0.0003,0.0003,0.07
1081.383,,,,-0.0003,0.0003,0.07
1081.433,,,,-0.0003,0.0003,0.07
1081.484,,,,-0.0003,0.0003,0.07
1081.535,,,,-0.0003,0.0003,0.07
1081.586,,,,-0.0003,0.0003,0.07
1081.637,,,,-0.0003,0.0003,0.07
1081.687,,,,-0.0003,0.0003,0.07
1081.738,,,,-0.0003,0.0003,0.07
1081.789,,,,-0.0003,0.0003,0.07
1081.84,,,,-0.0003,0.0003,0.07
1081.891,,,,-0.0003,0.0003,0.07
1081.942,,,,-0.0003,0.0003,0.07
1081.992,,,,-0.0003,0.0003,0.07
1082.043,,,,-0.0003,0.0003,0.07
1082.094,,,,-0.0003,0.0003,0.07
1082.145,,,,-0.0003,0.0003,0.07
1082.195,,,,-0.0003,0.0003,0.07
1082.245,,,,-0.0003,0.0003,0.07
1082.296,,,,-0.0003,0.0003,0.07
1082.347,,,,-0.0003,0.0003,0.07
1082.397,,,,-0.0003,0.0003,0.07
1082.448,,,,-0.0003,0.0003,0.07
1082.537,,,,-0.0003,0.0003,0.07
1082.588,,,,-0.0003,0.0003,0.07
1082.639,,,,-0.0003,0.0003,0.07
1082.689,,,,-0.0003,0.0003,0.07
1082.74,,,,-0.0003,0.0003,0.07
1082.79,,,,-0.0003,0.0003,0.07
1082.841,,,,-0.0003,0.0003,0.07
1082.891,,,,-0.0003,0.0003,0.07
1082.942,,,,-0.0003,0.0003,0.07
1082.993,,,,-0.0003,0.0003,0.07
1083.043,,,,-0.0003,0.0003,0.07
1083.094,,,,-0.0003,0.0003,0.07
1083.144,,,,-0.0003,0.0003,0.07
1083.195,,,,-0.0003,0.0003,0.07
1083.245,,,,-0.0003,0.0003,0.07
1083.297,,,,-0.0003,0.0003,0.07
1083.347,,,,-0.0003,0.0003,0.07
1083.398,,,,-0.0003,0.0003,0.07
1083.448,,,,-0.0003,0.0003,0.07
1083.499,,,,-0.0003,0.0003,0.07
1083.55,,,,-0.0003,0.0003,0.07
1083.6,,,,-0.0003,0.0003,0.07
1083.651,,,,-0.0003,0.0003,0.07
1083.701,,,,-0.0003,0.0003,0.07
1083.752,,,,-0.0003,0.0003,0.07
1083.802,,,,-0.0003,0.0003,0.07
1083.853,,,,-0.0003,0.0003,0.07
1083.905,,,,-0.0003,0.0003,0.07
1083.956,,,,-0.0003,0.0003,0.07
1084.007,,,,-0.0003,0.0003,0.07
1084.057,,,,-0.0003,0.0003,0.07
1084.108,,,,-0.0003,0.0003,0.07
1084.159,,,,-0.0003,0.0003,0.07
1084.209,,,,-0.0003,0.0003,0.07
1084.259,,,,-0.0003,0.0003,0.07
1084.31,,,,-0.0003,0.0003,0.07
1084.361,,,,-0.0003,0.0003,0.07
1084.411,,,,-0.0003,0.0003,0.07
1084.462,,,,-0.0003,0.0003,0.07
1084.513,,,,-0.0003,0.0003,0.07
1084.564,,,,-0.0003,0.0003,0.07
1084.614,,,,-0.0003,0.0003,0.07
1084.665,,,,-0.0003,0.0003,0.07
1084.716,,,,-0.0003,0.0003,0.07
1084.766,,,,-0.0003,0.0003,0.07
1084.817,,,,-0.0003,0.0003,0.07
1084.868,,,,-0.0003,0.0003,0.07
1084.918,,,,-0.0003,0.0003,0.07
1084.969,,,,-0.0003,0.0003,0.07
1085.02,,,,-0.0003,0.0003,0.07
1085.07,,,,-0.0003,0.0003,0.07
1085.145,,,,-0.0003,0.0003,0.07
1085.196,,,,-0.0003,0.0003,0.07
1085.265,,,,-0.0003,0.0003,0.07
1085.316,,,,-0.0003,0.0003,0.07
1085.367,,,,-0.0003,0.0003,0.07
1085.417,,,,-0.0003,0.0003,0.07
1085.468,,,,-0.0003,0.0003,0.07
1085.519,,,,-0.0003,0.0003,0.07
1085.57,,,,-0.0003,0.0003,0.07
1085.621,,,,-0.0003,0.0003,0.07
1085.672,,,,-0.0003,0.0003,0.07
1085.722,,,,-0.0003,0.0003,0.07
1085.773,,,,-0.0003,0.0003,0.07
1085.824,,,,-0.0003,0.0003,0.07
1085.874,,,,-0.0003,0.0003,0.07
1085.925,,,,-0.0003,0.0003,0.07
1085.975,,,,-0.0003,0.0003,0.07
1086.026,,,,-0.0003,0.0003,0.07
1086.077,,,,-0.0003,0.0003,0.07
1086.128,,,,-0.0003,0.0003,0.07
1086.178,,,,-0.0003,0.0003,0.07
1086.229,,,,-0.0003,0.0003,0.07
1086.28,,,,-0.0003,0.0003,0.07
1086.33,,,,-0.0003,0.0003,0.07
1086.381,,,,-0.0003,0.0003,0.07
1086.432,,,,-0.0003,0.0003,0.07
1086.482,,,,-0.0003,0.0003,0.07
1086.533,,,,-0.0003,0.0003,0.07
1086.584,,,,-0.0003,0.0003,0.07
1086.635,,,,-0.0003,0.0003,0.07
1086.685,,,,-0.0003,0.0003,0.07
1086.736,,,,-0.0003,0.0003,0.07
1086.787,,,,-0.0003,0.0003,0.07
1086.838,,,,-0.0003,0.0003,0.07
1086.888,,,,-0.0003,0.0003,0.07
1086.939,,,,-0.0003,0.0003,0.07
1086.99,,,,-0.0003,0.0003,0.07
1087.041,,,,-0.0003,0.0003,0.07
1087.091,,,,-0.0003,0.0003,0.07
1087.142,,,,-0.0003,0.0003,0.07
1087.192,,,,-0.0003,0.0003,0.07
1087.243,,,,-0.0003,0.0003,0.07
1087.293,,,,-0.0003,0.0003,0.07
1087.345,,,,-0.0003,0.0003,0.07
1087.395,,,,-0.0003,0.0003,0.07
1087.446,,,,-0.0003,0.0003,0.07
1087.497,,,,-0.0003,0.0003,0.07
1087.548,,,,-0.0003,0.0003,0.07
1087.598,,,,-0.0003,0.0003,0.07
1087.648,,,,-0.0003,0.0003,0.07
1087.699,,,,-0.0003,0.0003,0.07
1087.75,,,,-0.0003,0.0003,0.07
1087.8,,,,-0.0003,0.0003,0.07
1087.851,,,,-0.0003,0.0003,0.07
1087.902,,,,-0.0003,0.0003,0.07
1087.953,,,,-0.0003,0.0003,0.07
1088.004,,,,-0.0003,0.0003,0.07
1088.055,,,,-0.0003,0.0003,0.07
1088.105,,,,-0.0003,0.0003,0.07
1088.156,,,,-0.0003,0.0003,0.07
1088.207,,,,-0.0003,0.0003,0.07
1088.257,,,,-0.0003,0.0003,0.07
1088.308,,,,-0.0003,0.0003,0.07
1088.359,,,,-0.0003,0.0003,0.07
1088.41,,,,-0.0003,0.0003,0.07
1088.461,,,,-0.0003,0.0003,0.07
1088.512,,,,-0.0003,0.0003,0.07
1088.562,,,,-0.0003,0.0003,0.07
1088.613,,,,-0.0003,0.0003,0.07
1088.664,,,,-0.0003,0.0003,0.07
1088.714,,,,-0.0003,0.0003,0.07
1088.765,,,,-0.0003,0.0003,0.07
1088.815,,,,-0.0003,0.0003,0.07
1088.866,,,,-0.0003,0.0003,0.07
1088.917,,,,-0.0003,0.0003,0.07
1088.967,,,,-0.0003,0.0003,0.07
1089.018,,,,-0.0003,0.0003,0.07
1089.069,,,,-0.0003,0.0003,0.07
1089.12,,,,-0.0003,0.0003,0.07
1089.171,,,,-0.0003,0.0003,0.07
1089.221,,,,-0.0003,0.0003,0.07
1089.272,,,,-0.0003,0.0003,0.07
1089.352,,,,-0.0003,0.0003,0.07
1089.403,,,,-0.0003,0.0003,0.07
1089.453,,,,-0.0003,0.0003,0.07
1089.504,,,,-0.0003,0.0003,0.07
1089.555,,,,-0.0003,0.0003,0.07
1089.606,,,,-0.0003,0.0003,0.07
1089.658,,,,-0.0003,0.0003,0.07
1089.709,,,,-0.0003,0.0003,0.07
1089.759,,,,-0.0003,0.0003,0.07
1089.81,,,,-0.0003,0.0003,0.07
1089.86,,,,-0.0003,0.0003,0.07
1089.911,,,,-0.0003,0.0003,0.07
1089.961,,,,-0.0003,0.0003,0.07
1090.012,,,,-0.0003,0.0003,0.07
1090.063,,,,-0.0003,0.0003,0.07
1090.113,,,,-0.0003,0.0003,0.07
1090.164,,,,-0.0003,0.0003,0.07
1090.214,,,,-0.0003,0.0003,0.07
1090.265,,,,-0.0003,0.0003,0.07
1090.316,,,,-0.0003,0.0003,0.07
1090.367,,,,-0.0003,0.0003,0.07
1090.418,,,,-0.0003,0.0003,0.07
1090.469,,,,-0.0003,0.0003,0.07
1090.519,,,,-0.0003,0.0003,0.07
1090.57,,,,-0.0003,0.0003,0.07
1090.621,,,,-0.0003,0.0003,0.07
1090.671,,,,-0.0003,0.0003,0.07
1090.722,,,,-0.0003,0.0003,0.07
1090.773,,,,-0.0003,0.0003,0.07
1090.824,,,,-0.0003,0.0003,0.07
1090.875,,,,-0.0003,0.0003,0.07
1090.926,,,,-0.0003,0.0003,0.07
1090.977,,,,-0.0003,0.0003,0.07
1091.027,,,,-0.0003,0.0003,0.07
1091.078,,,,-0.0003,0.0003,0.07
1091.129,,,,-0.0003,0.0003,0.07
1091.179,,,,-0.0003,0.0003,0.07
1091.23,,,,-0.0003,0.0003,0.07
1091.28,,,,-0.0003,0.0003,0.07
1091.331,,,,-0.0003,0.0003,0.07
1091.382,,,,-0.0003,0.0003,0.07
1091.433,,,,-0.0003,0.0003,0.07
1091.483,,,,-0.0003,0.0003,0.07
1091.534,,,,-0.0003,0.0003,0.07
1091.584,,,,-0.0003,0.0003,0.07
1091.635,,,,-0.0003,0.0003,0.07
1091.686,,,,-0.0003,0.0003,0.07
1091.737,,,,-0.0003,0.0003,0.07
1091.787,,,,-0.0003,0.0003,0.07
1091.838,,,,-0.0003,0.0003,0.07
1091.888,,,,-0.0003,0.0003,0.07
1091.939,,,,-0.0003,0.0003,0.07
1092.01,,,,-0.0003,0.0003,0.07
1092.067,,,,-0.0003,0.0003,0.07
1092.118,,,,-0.0003,0.0003,0.07
1092.168,,,,-0.0003,0.0003,0.07
1092.219,,,,-0.0003,0.0003,0.07
1092.27,,,,-0.0003,0.0003,0.07
1092.32,,,,-0.0003,0.0003,0.07
1092.37,,,,-0.0003,0.0003,0.07
1092.421,,,,-0.0003,0.0003,0.07
1092.472,,,,-0.0003,0.0003,0.07
1092.522,,,,-0.0003,0.0003,0.07
1092.574,,,,-0.0003,0.0003,0.07
1092.624,,,,-0.0003,0.0003,0.07
1092.675,,,,-0.0003,0.0003,0.07
1092.726,,,,-0.0003,0.0003,0.07
1092.776,,,,-0.0003,0.0003,0.07
1092.827,,,,-0.0003,0.0003,0.07
1092.878,,,,-0.0003,0.0003,0.07
1092.928,,,,-0.0003,0.0003,0.07
1092.979,,,,-0.0003,0.0003,0.07
1093.029,,,,-0.0003,0.0003,0.07
1093.079,,,,-0.0003,0.0003,0.07
1093.13,,,,-0.0003,0.0003,0.07
1093.181,,,,-0.0003,0.0003,0.07
1093.232,,,,-0.0003,0.0003,0.07
1093.282,,,,-0.0003,0.0003,0.07
1093.333,,,,-0.0003,0.0003,0.07
1093.383,,,,-0.0003,0.0003,0.07
1093.471,,,,-0.0003,0.0003,0.07
1093.521,,,,-0.0003,0.0003,0.07
1093.572,,,,-0.0003,0.0003,0.07
1093.622,,,,-0.0003,0.0003,0.07
1093.673,,,,-0.0003,0.0003,0.07
1093.724,,,,-0.0003,0.0003,0.07
1093.774,,,,-0.0003,0.0003,0.07
1093.824,,,,-0.0003,0.0003,0.07
1093.875,,,,-0.0003,0.0003,0.07
1093.926,,,,-0.0003,0.0003,0.07
1093.976,,,,-0.0003,0.0003,0.07
1094.027,,,,-0.0003,0.0003,0.07
1094.077,,,,-0.0003,0.0003,0.07
1094.128,,,,-0.0003,0.0003,0.07
1094.179,,,,-0.0003,0.0003,0.07
1094.231,,,,-0.0003,0.0003,0.07
1094.282,,,,-0.0003,0.0003,0.07
1094.332,,,,-0.0003,0.0003,0.07
1094.383,,,,-0.0003,0.0003,0.07
1094.434,,,,-0.0003,0.0003,0.07
1094.484,,,,-0.0003,0.0003,0.07
1094.535,,,,-0.0003,0.0003,0.07
1094.586,,,,-0.0003,0.0003,0.07
1094.637,,,,-0.0003,0.0003,0.07
1094.688,,,,-0.0003,0.0003,0.07
1094.739,,,,-0.0003,0.0003,0.07
1094.789,,,,-0.0003,0.0003,0.07
1094.84,,,,-0.0003,0.0003,0.07
1094.89,,,,-0.0003,0.0003,0.07
1094.942,,,,-0.0003,0.0003,0.07
1094.992,,,,-0.0003,0.0003,0.07
1095.043,,,,-0.0003,0.0003,0.07
1095.094,,,,-0.0003,0.0003,0.07
1095.145,,,,-0.0003,0.0003,0.07
1095.196,,,,-0.0003,0.0003,0.07
1095.246,,,,-0.0003,0.0003,0.07
1095.297,,,,-0.0003,0.0003,0.07
1095.348,,,,-0.0003,0.0003,0.07
1095.399,,,,-0.0003,0.0003,0.07
1095.449,,,,-0.0003,0.0003,0.07
1095.5,,,,-0.0003,0.0003,0.07
1095.55,,,,-0.0003,0.0003,0.07
1095.601,,,,-0.0003,0.0003,0.07
1095.652,,,,-0.0003,0.0003,0.07
1095.702,,,,-0.0003,0.0003,0.07
1095.753,,,,-0.0003,0.0003,0.07
1095.803,,,,-0.0003,0.0003,0.07
1095.855,,,,-0.0003,0.0003,0.07
1095.906,,,,-0.0003,0.0003,0.07
1095.956,,,,-0.0003,0.0003,0.07
1096.007,,,,-0.0003,0.0003,0.07
1096.058,,,,-0.0003,0.0003,0.07
1096.108,,,,-0.0003,0.0003,0.07
1096.159,,,,-0.0003,0.0003,0.07
1096.21,,,,-0.0003,0.0003,0.07
1096.261,,,,-0.0003,0.0003,0.07
1096.312,,,,-0.0003,0.0003,0.07
1096.363,,,,-0.0003,0.0003,0.07
1096.413,,,,-0.0003,0.0003,0.07
1096.464,,,,-0.0003,0.0003,0.07
1096.515,,,,-0.0003,0.0003,0.07
1096.565,,,,-0.0003,0.0003,0.07
1096.616,,,,-0.0003,0.0003,0.07
1096.667,,,,-0.0003,0.0003,0.07
1096.717,,,,-0.0003,0.0003,0.07
1096.768,,,,-0.0003,0.0003,0.07
1096.818,,,,-0.0003,0.0003,0.07
1096.869,,,,-0.0003,0.0003,0.07
1096.92,,,,-0.0003,0.0003,0.07
1096.97,,,,-0.0003,0.0003,0.07
1097.021,,,,-0.0003,0.0003,0.07
1097.071,,,,-0.0003,0.0003,0.07
1097.122,,,,-0.0003,0.0003,0.07
1097.172,,,,-0.0003,0.0003,0.07
1097.232,,,,-0.0003,0.0003,0.07
1097.284,,,,-0.0003,0.0003,0.07
1097.334,,,,-0.0003,0.0003,0.07
1097.384,,,,-0.0003,0.0003,0.07
1097.435,,,,-0.0003,0.0003,0.07
1097.486,,,,-0.0003,0.0003,0.07
1097.559,,,,-0.0003,0.0003,0.07
1097.61,,,,-0.0003,0.0003,0.07
1097.661,,,,-0.0003,0.0003,0.07
1097.711,,,,-0.0003,0.0003,0.07
1097.762,,,,-0.0003,0.0003,0.07
1097.812,,,,-0.0003,0.0003,0.07
1097.863,,,,-0.0003,0.0003,0.07
1097.914,,,,-0.0003,0.0003,0.07
1097.964,,,,-0.0003,0.0003,0.07
1098.015,,,,-0.0003,0.0003,0.07
1098.065,,,,-0.0003,0.0003,0.07
1098.116,,,,-0.0003,0.0003,0.07
1098.166,,,,-0.0003,0.0003,0.07
1098.217,,,,-0.0003,0.0003,0.07
1098.268,,,,-0.0003,0.0003,0.07
1098.319,,,,-0.0003,0.0003,0.07
1098.369,,,,-0.0003,0.0003,0.07
1098.419,,,,-0.0003,0.0003,0.07
1098.47,,,,-0.0003,0.0003,0.07
1098.521,,,,-0.0003,0.0003,0.07
1098.572,,,,-0.0003,0.0003,0.07
1098.623,,,,-0.0003,0.0003,0.07
1098.674,,,,-0.0003,0.0003,0.07
1098.725,,,,-0.0003,0.0003,0.07
1098.775,,,,-0.0003,0.0003,0.07
1098.826,,,,-0.0003,0.0003,0.07
1098.877,,,,-0.0003,0.0003,0.07
1098.932,,,,-0.0003,0.0003,0.07
1098.983,,,,-0.0003,0.0003,0.07
1099.033,,,,-0.0003,0.0003,0.07
1099.084,,,,-0.0003,0.0003,0.07
1099.135,,,,-0.0003,0.0003,0.07
1099.186,,,,-0.0003,0.0003,0.07
1099.236,,,,-0.0003,0.0003,0.07
1099.287,,,,-0.0003,0.0003,0.07
1099.338,,,,-0.0003,0.0003,0.07
1099.388,,,,-0.0003,0.0003,0.07
1099.439,,,,-0.0003,0.0003,0.07
1099.49,,,,-0.0003,0.0003,0.07
1099.541,,,,-0.0003,0.0003,0.07
1099.592,,,,-0.0003,0.0003,0.07
1099.642,,,,-0.0003,0.0003,0.07
1099.692,,,,-0.0003,0.0003,0.07
1099.743,,,,-0.0003,0.0003,0.07
1099.793,,,,-0.0003,0.0003,0.07
1099.844,,,,-0.0003,0.0003,0.07
1099.894,,,,-0.0003,0.0003,0.07
1099.944,,,,-0.0003,0.0003,0.07
1099.995,,,,-0.0003,0.0003,0.07
1100.045,,,,-0.0003,0.0003,0.07
1100.096,,,,-0.0003,0.0003,0.07
1100.149,,,,-0.0003,0.0003,0.07
1100.201,,,,-0.0003,0.0003,0.07
1100.251,,,,-0.0003,0.0003,0.07
1100.302,,,,-0.0003,0.0003,0.07
1100.353,,,,-0.0003,0.0003,0.07
1100.403,,,,-0.0003,0.0003,0.07
1100.454,,,,-0.0003,0.0003,0.07
1100.505,,,,-0.0003,0.0003,0.07
1100.555,,,,-0.0003,0.0003,0.07
1100.606,,,,-0.0003,0.0003,0.07
1100.657,,,,-0.0003,0.0003,0.07
1100.707,,,,-0.0003,0.0003,0.07
1100.758,,,,-0.0003,0.0003,0.07
1100.809,,,,-0.0003,0.0003,0.07
1100.859,,,,-0.0003,0.0003,0.07
1100.91,,,,-0.0003,0.0003,0.07
1100.96,,,,-0.0003,0.0003,0.07
1101.011,,,,-0.0003,0.0003,0.07
1101.061,,,,-0.0003,0.0003,0.07
1101.112,,,,-0.0003,0.0003,0.07
1101.162,,,,-0.0003,0.0003,0.07
1101.213,,,,-0.0003,0.0003,0.07
1101.263,,,,-0.0003,0.0003,0.07
1101.314,,,,-0.0003,0.0003,0.07
1101.364,,,,-0.0003,0.0003,0.07
1101.415,,,,-0.0003,0.0003,0.07
1101.465,,,,-0.0003,0.0003,0.07
1101.516,,,,-0.0003,0.0003,0.07
1101.566,,,,-0.0003,0.0003,0.07
1101.623,,,,-0.0003,0.0003,0.07
1101.674,,,,-0.0003,0.0003,0.07
1101.725,,,,-0.0003,0.0003,0.07
1101.776,,,,-0.0003,0.0003,0.07
1101.826,,,,-0.0003,0.0003,0.07
1101.877,,,,-0.0003,0.0003,0.07
1101.927,,,,-0.0003,0.0003,0.07
1101.978,,,,-0.0003,0.0003,0.07
1102.028,,,,-0.0003,0.0003,0.07
1102.079,,,,-0.0003,0.0003,0.07
1102.13,,,,-0.0003,0.0003,0.07
1102.181,,,,-0.0003,0.0003,0.07
1102.232,,,,-0.0003,0.0003,0.07
1102.283,,,,-0.0003,0.0003,0.07
1102.333,,,,-0.0003,0.0003,0.07
1102.384,,,,-0.0003,0.0003,0.07
1102.435,,,,-0.0003,0.0003,0.07
1102.485,,,,-0.0003,0.0003,0.07
1102.536,,,,-0.0003,0.0003,0.07
1102.586,,,,-0.0003,0.0003,0.07
1102.637,,,,-0.0003,0.0003,0.07
1102.687,,,,-0.0003,0.0003,0.07
1102.738,,,,-0.0003,0.0003,0.07
1102.789,,,,-0.0003,0.0003,0.07
1102.84,,,,-0.0003,0.0003,0.07
1102.89,,,,-0.0003,0.0003,0.07
1102.941,,,,-0.0003,0.0003,0.07
1103.01,,,,-0.0003,0.0003,0.07
1103.06,,,,-0.0003,0.0003,0.07
1103.111,,,,-0.0003,0.0003,0.07
1103.162,,,,-0.0003,0.0003,0.07
1103.212,,,,-0.0003,0.0003,0.07
1103.262,,,,-0.0003,0.0003,0.07
1103.313,,,,-0.0003,0.0003,0.07
1103.363,,,,-0.0003,0.0003,0.07
1103.414,,,,-0.0003,0.0003,0.07
1103.465,,,,-0.0003,0.0003,0.07
1103.515,,,,-0.0003,0.0003,0.07
1103.566,,,,-0.0003,0.0003,0.07
1103.616,,,,-0.0003,0.0003,0.07
1103.667,,,,-0.0003,0.0003,0.07
1103.718,,,,-0.0003,0.0003,0.07
1103.768,,,,-0.0003,0.0003,0.07
1103.819,,,,-0.0003,0.0003,0.07
1103.869,,,,-0.0003,0.0003,0.07
1103.92,,,,-0.0003,0.0003,0.07
1103.971,,,,-0.0003,0.0003,0.07
1104.021,,,,-0.0003,0.0003,0.07
1104.072,,,,-0.0003,0.0003,0.07
1104.122,,,,-0.0003,0.0003,0.07
1104.173,,,,-0.0003,0.0003,0.07
1104.223,,,,-0.0003,0.0003,0.07
1104.274,,,,-0.0003,0.0003,0.07
1104.325,,,,-0.0003,0.0003,0.07
1104.375,,,,-0.0003,0.0003,0.07
1104.426,,,,-0.0003,0.0003,0.07
1104.476,,,,-0.0003,0.0003,0.07
1104.527,,,,-0.0003,0.0003,0.07
1104.577,,,,-0.0003,0.0003,0.07
1104.628,,,,-0.0003,0.0003,0.07
1104.678,,,,-0.0003,0.0003,0.07
1104.729,,,,-0.0003,0.0003,0.07
1104.779,,,,-0.0003,0.0003,0.07
1104.83,,,,-0.0003,0.0003,0.07
1104.88,,,,-0.0003,0.0003,0.07
1104.931,,,,-0.0003,0.0003,0.07
1104.982,,,,-0.0003,0.0003,0.07
1105.032,,,,-0.0003,0.0003,0.07
1105.083,,,,-0.0003,0.0003,0.07
1105.134,,,,-0.0003,0.0003,0.07
1105.184,,,,-0.0003,0.0003,0.07
1105.235,,,,-0.0003,0.0003,0.07
1105.285,,,,-0.0003,0.0003,0.07
1105.336,,,,-0.0003,0.0003,0.07
1105.387,,,,-0.0003,0.0003,0.07
1105.437,,,,-0.0003,0.0003,0.07
1105.488,,,,-0.0003,0.0003,0.07
1105.538,,,,-0.0003,0.0003,0.07
1105.589,,,,-0.0003,0.0003,0.07
1105.639,,,,-0.0003,0.0003,0.07
1105.69,,,,-0.0003,0.0003,0.07
1105.741,,,,-0.0003,0.0003,0.07
1105.792,,,,-0.0003,0.0003,0.07
1105.843,,,,-0.0003,0.0003,0.07
1105.893,,,,-0.0003,0.0003,0.07
1105.944,,,,-0.0003,0.0003,0.07
1105.994,,,,-0.0003,0.0003,0.07
1106.045,,,,-0.0003,0.0003,0.07
1106.095,,,,-0.0003,0.0003,0.07
1106.146,,,,-0.0003,0.0003,0.07
1106.196,,,,-0.0003,0.0003,0.07
1106.247,,,,-0.0003,0.0003,0.07
1106.298,,,,-0.0003,0.0003,0.07
1106.348,,,,-0.0003,0.0003,0.07
1106.399,,,,-0.0003,0.0003,0.07
1106.449,,,,-0.0003,0.0003,0.07
1106.5,,,,-0.0003,0.0003,0.07
1106.551,,,,-0.0003,0.0003,0.07
1106.601,,,,-0.0003,0.0003,0.07
1106.652,,,,-0.0003,0.0003,0.07
1106.702,,,,-0.0003,0.0003,0.07
1106.753,,,,-0.0003,0.0003,0.07
1106.803,,,,-0.0003,0.0003,0.07
1106.854,,,,-0.0003,0.0003,0.07
1106.904,,,,-0.0003,0.0003,0.07
1106.955,,,,-0.0003,0.0003,0.07
1107.011,,,,-0.0003,0.0003,0.07
1107.062,,,,-0.0003,0.0003,0.07
1107.114,,,,-0.0003,0.0003,0.07
1107.165,,,,-0.0003,0.0003,0.07
1107.215,,,,-0.0003,0.0003,0.07
1107.266,,,,-0.0003,0.0003,0.07
1107.317,,,,-0.0003,0.0003,0.07
1107.367,,,,-0.0003,0.0003,0.07
1107.417,,,,-0.0003,0.0003,0.07
1107.468,,,,-0.0003,0.0003,0.07
1107.518,,,,-0.0003,0.0003,0.07
1107.569,,,,-0.0003,0.0003,0.07
1107.62,,,,-0.0003,0.0003,0.07
1107.671,,,,-0.0003,0.0003,0.07
1107.721,,,,-0.0003,0.0003,0.07
1107.772,,,,-0.0003,0.0003,0.07
1107.822,,,,-0.0003,0.0003,0.07
1107.873,,,,-0.0003,0.0003,0.07
1107.923,,,,-0.0003,0.0003,0.07
1107.974,,,,-0.0003,0.0003,0.07
1108.024,,,,-0.0003,0.0003,0.07
1108.075,,,,-0.0003,0.0003,0.07
1108.125,,,,-0.0003,0.0003,0.07
1108.177,,,,-0.0003,0.0003,0.07
1108.227,,,,-0.0003,0.0003,0.07
1108.278,,,,-0.0003,0.0003,0.07
1108.329,,,,-0.0003,0.0003,0.07
1108.379,,,,-0.0003,0.0003,0.07
1108.43,,,,-0.0003,0.0003,0.07
1108.481,,,,-0.0003,0.0003,0.07
1108.531,,,,-0.0003,0.0003,0.07
1108.582,,,,-0.0003,0.0003,0.07
1108.633,,,,-0.0003,0.0003,0.07
1108.684,,,,-0.0003,0.0003,0.07
1108.734,,,,-0.0003,0.0003,0.07
1108.785,,,,-0.0003,0.0003,0.07
1108.836,,,,-0.0003,0.0003,0.07
1108.887,,,,-0.0003,0.0003,0.07
1108.938,,,,-0.0003,0.0003,0.07
1109.011,,,,-0.0003,0.0003,0.07
1109.062,,,,-0.0003,0.0003,0.07
1109.113,,,,-0.0003,0.0003,0.07
1109.163,,,,-0.0003,0.0003,0.07
1109.214,,,,-0.0003,0.0003,0.07
1109.264,,,,-0.0003,0.0003,0.07
1109.314,,,,-0.0003,0.0003,0.07
1109.365,,,,-0.0003,0.0003,0.07
1109.416,,,,-0.0003,0.0003,0.07
1109.466,,,,-0.0003,0.0003,0.07
1109.517,,,,-0.0003,0.0003,0.07
1109.567,,,,-0.0003,0.0003,0.07
1109.618,,,,-0.0003,0.0003,0.07
1109.669,,,,-0.0003,0.0003,0.07
1109.719,,,,-0.0003,0.0003,0.07
1109.771,,,,-0.0003,0.0003,0.07
1109.822,,,,-0.0003,0.0003,0.07
1109.872,,,,-0.0003,0.0003,0.07
1109.923,,,,-0.0003,0.0003,0.07
1109.976,,,,-0.0003,0.0003,0.07
1110.027,,,,-0.0003,0.0003,0.07
1110.077,,,,-0.0003,0.0003,0.07
1110.128,,,,-0.0003,0.0003,0.07
1110.179,,,,-0.0003,0.0003,0.07
1110.23,,,,-0.0003,0.0003,0.07
1110.28,,,,-0.0003,0.0003,0.07
1110.331,,,,-0.0003,0.0003,0.07
1110.382,,,,-0.0003,0.0003,0.07
1110.432,,,,-0.0003,0.0003,0.07
1110.484,,,,-0.0003,0.0003,0.07
1110.534,,,,-0.0003,0.0003,0.07
1110.585,,,,-0.0003,0.0003,0.07
1110.636,,,,-0.0003,0.0003,0.07
1110.687,,,,-0.0003,0.0003,0.07
1110.738,,,,-0.0003,0.0003,0.07
1110.789,,,,-0.0003,0.0003,0.07
1110.84,,,,-0.0003,0.0003,0.07
1110.89,,,,-0.0003,0.0003,0.07
1110.941,,,,-0.0003,0.0003,0.07
1110.991,,,,-0.0003,0.0003,0.07
1111.042,,,,-0.0003,0.0003,0.07
1111.094,,,,-0.0003,0.0003,0.07
1111.144,,,,-0.0003,0.0003,0.07
1111.195,,,,-0.0003,0.0003,0.07
1111.246,,,,-0.0003,0.0003,0.07
1111.297,,,,-0.0003,0.0003,0.07
1111.348,,,,-0.0003,0.0003,0.07
1111.399,,,,-0.0003,0.0003,0.07
1111.45,,,,-0.0003,0.0003,0.07
1111.5,,,,-0.0003,0.0003,0.07
1111.551,,,,-0.0003,0.0003,0.07
1111.602,,,,-0.0003,0.0003,0.07
1111.652,,,,-0.0003,0.0003,0.07
1111.703,,,,-0.0003,0.0003,0.07
1111.753,,,,-0.0003,0.0003,0.07
1111.804,,,,-0.0003,0.0003,0.07
1111.855,,,,-0.0003,0.0003,0.07
1111.906,,,,-0.0003,0.0003,0.07
1111.956,,,,-0.0003,0.0003,0.07
1112.006,,,,-0.0003,0.0003,0.07
1112.057,,,,-0.0003,0.0003,0.07
1112.107,,,,-0.0003,0.0003,0.07
1112.158,,,,-0.0003,0.0003,0.07
1112.208,,,,-0.0003,0.0003,0.07
1112.259,,,,-0.0003,0.0003,0.07
1112.309,,,,-0.0003,0.0003,0.07
1112.36,,,,-0.0003,0.0003,0.07
1112.41,,,,-0.0003,0.0003,0.07
1112.461,,,,-0.0003,0.0003,0.07
1112.511,,,,-0.0003,0.0003,0.07
1112.562,,,,-0.0003,0.0003,0.07
1112.612,,,,-0.0003,0.0003,0.07
1112.663,,,,-0.0003,0.0003,0.07
1112.713,,,,-0.0003,0.0003,0.07
1112.764,,,,-0.0003,0.0003,0.07
1112.815,,,,-0.0003,0.0003,0.07
1112.865,,,,-0.0003,0.0003,0.07
1112.916,,,,-0.0003,0.0003,0.07
1112.967,,,,-0.0003,0.0003,0.07
1113.017,,,,-0.0003,0.0003,0.07
1113.068,,,,-0.0003,0.0003,0.07
1113.119,,,,-0.0003,0.0003,0.07
1113.169,,,,-0.0003,0.0003,0.07
1113.219,,,,-0.0003,0.0003,0.07
1113.27,,,,-0.0003,0.0003,0.07
1113.321,,,,-0.0003,0.0003,0.07
1113.371,,,,-0.0003,0.0003,0.07
1113.422,,,,-0.0003,0.0003,0.07
1113.472,,,,-0.0003,0.0003,0.07
1113.523,,,,-0.0003,0.0003,0.07
1113.573,,,,-0.0003,0.0003,0.07
1113.624,,,,-0.0003,0.0003,0.07
1113.675,,,,-0.0003,0.0003,0.07
1113.725,,,,-0.0003,0.0003,0.07
1113.775,,,,-0.0003,0.0003,0.07
1113.826,,,,-0.0003,0.0003,0.07
1113.877,,,,-0.0003,0.0003,0.07
1113.951,,,,-0.0003,0.0003,0.07
1114.002,,,,-0.0003,0.0003,0.07
1114.053,,,,-0.0003,0.0003,0.07
1114.104,,,,-0.0003,0.0003,0.07
1114.154,,,,-0.0003,0.0003,0.07
1114.205,,,,-0.0003,0.0003,0.07
1114.255,,,,-0.0003,0.0003,0.07
1114.306,,,,-0.0003,0.0003,0.07
1114.356,,,,-0.0003,0.0003,0.07
1114.407,,,,-0.0003,0.0003,0.07
1114.458,,,,-0.0003,0.0003,0.07
1114.509,,,,-0.0003,0.0003,0.07
1114.559,,,,-0.0003,0.0003,0.07
1114.61,,,,-0.0003,0.0003,0.07
1114.66,,,,-0.0003,0.0003,0.07
1114.711,,,,-0.0003,0.0003,0.07
1114.761,,,,-0.0003,0.0003,0.07
1114.812,,,,-0.0003,0.0003,0.07
1114.863,,,,-0.0003,0.0003,0.07
1114.913,,,,-0.0003,0.0003,0.07
1114.963,,,,-0.0003,0.0003,0.07
1115.014,,,,-0.0003,0.0003,0.07
1115.065,,,,-0.0003,0.0003,0.07
1115.116,,,,-0.0003,0.0003,0.07
1115.167,,,,-0.0003,0.0003,0.07
1115.218,,,,-0.0003,0.0003,0.07
1115.268,,,,-0.0003,0.0003,0.07
1115.319,,,,-0.0003,0.0003,0.07
1115.37,,,,-0.0003,0.0003,0.07
1115.42,,,,-0.0003,0.0003,0.07
1115.47,,,,-0.0003,0.0003,0.07
1115.521,,,,-0.0003,0.0003,0.07
1115.572,,,,-0.0003,0.0003,0.07
1115.622,,,,-0.0003,0.0003,0.07
1115.674,,,,-0.0003,0.0003,0.07
1115.725,,,,-0.0003,0.0003,0.07
1115.775,,,,-0.0003,0.0003,0.07
1115.826,,,,-0.0003,0.0003,0.07
1115.877,,,,-0.0003,0.0003,0.07
1115.928,,,,-0.0003,0.0003,0.07
1115.978,,,,-0.0003,0.0003,0.07
1116.028,,,,-0.0003,0.0003,0.07
1116.08,,,,-0.0003,0.0003,0.07
1116.13,,,,-0.0003,0.0003,0.07
1116.181,,,,-0.0003,0.0003,0.07
1116.231,,,,-0.0003,0.0003,0.07
1116.282,,,,-0.0003,0.0003,0.07
1116.333,,,,-0.0003,0.0003,0.07
1116.383,,,,-0.0003,0.0003,0.07
1116.434,,,,-0.0003,0.0003,0.07
1116.485,,,,-0.0003,0.0003,0.07
1116.536,,,,-0.0003,0.0003,0.07
1116.586,,,,-0.0003,0.0003,0.07
1116.642,,,,-0.0003,0.0003,0.07
1116.693,,,,-0.0003,0.0003,0.07
1116.744,,,,-0.0003,0.0003,0.07
1116.794,,,,-0.0003,0.0003,0.07
1116.845,,,,-0.0003,0.0003,0.07
1116.896,,,,-0.0003,0.0003,0.07
1116.946,,,,-0.0003,0.0003,0.07
1116.997,,,,-0.0003,0.0003,0.07
1117.047,,,,-0.0003,0.0003,0.07
1117.098,,,,-0.0003,0.0003,0.07
1117.149,,,,-0.0003,0.0003,0.07
1117.2,,,,-0.0003,0.0003,0.07
1117.25,,,,-0.0003,0.0003,0.07
1117.301,,,,-0.0003,0.0003,0.07
1117.351,,,,-0.0003,0.0003,0.07
1117.401,,,,-0.0003,0.0003,0.07
1117.452,,,,-0.0003,0.0003,0.07
1117.502,,,,-0.0003,0.0003,0.07
1117.553,,,,-0.0003,0.0003,0.07
1117.604,,,,-0.0003,0.0003,0.07
1117.654,,,,-0.0003,0.0003,0.07
1117.704,,,,-0.0003,0.0003,0.07
1117.755,,,,-0.0003,0.0003,0.07
1117.806,,,,-0.0003,0.0003,0.07
1117.856,,,,-0.0003,0.0003,0.07
1117.907,,,,-0.0003,0.0003,0.07
1117.957,,,,-0.0003,0.0003,0.07
1118.038,,,,-0.0003,0.0003,0.07
1118.089,,,,-0.0003,0.0003,0.07
1118.14,,,,-0.0003,0.0003,0.07
1118.191,,,,-0.0003,0.0003,0.07
1118.241,,,,-0.0003,0.0003,0.07
1118.292,,,,-0.0003,0.0003,0.07
1118.343,,,,-0.0003,0.0003,0.07
1118.393,,,,-0.0003,0.0003,0.07
1118.444,,,,-0.0003,0.0003,0.07
1118.495,,,,-0.0003,0.0003,0.07
1118.545,,,,-0.0003,0.0003,0.07
1118.596,,,,-0.0003,0.0003,0.07
1118.646,,,,-0.0003,0.0003,0.07
1118.696,,,,-0.0003,0.0003,0.07
1118.747,,,,-0.0003,0.0003,0.07
1118.798,,,,-0.0003,0.0003,0.07
1118.849,,,,-0.0003,0.0003,0.07
1118.899,,,,-0.0003,0.0003,0.07
1118.95,,,,-0.0003,0.0003,0.07
1119.002,,,,-0.0003,0.0003,0.07
1119.052,,,,-0.0003,0.0003,0.07
1119.103,,,,-0.0003,0.0003,0.07
1119.153,,,,-0.0003,0.0003,0.07
1119.203,,,,-0.0003,0.0003,0.07
1119.254,,,,-0.0003,0.0003,0.07
1119.305,,,,-0.0003,0.0003,0.07
1119.356,,,,-0.0003,0.0003,0.07
1119.406,,,,-0.0003,0.0003,0.07
1119.457,,,,-0.0003,0.0003,0.07
1119.508,,,,-0.0003,0.0003,0.07
1119.559,,,,-0.0003,0.0003,0.07
1119.609,,,,-0.0003,0.0003,0.07
1119.66,,,,-0.0003,0.0003,0.07
1119.71,,,,-0.0003,0.0003,0.07
1119.761,,,,-0.0003,0.0003,0.07
1119.812,,,,-0.0003,0.0003,0.07
1119.863,,,,-0.0003,0.0003,0.07
1119.915,,,,-0.0003,0.0003,0.07
1119.968,,,,-0.0003,0.0003,0.07
1120.018,,,,-0.0003,0.0003,0.07
1120.069,,,,-0.0003,0.0003,0.07
1120.12,,,,-0.0003,0.0003,0.07
1120.17,,,,-0.0003,0.0003,0.07
1120.221,,,,-0.0003,0.0003,0.07
1120.271,,,,-0.0003,0.0003,0.07
1120.322,,,,-0.0003,0.0003,0.07
1120.372,,,,-0.0003,0.0003,0.07
1120.423,,,,-0.0003,0.0003,0.07
1120.473,,,,-0.0003,0.0003,0.07
1120.524,,,,-0.0003,0.0003,0.07
1120.574,,,,-0.0003,0.0003,0.07
1120.625,,,,-0.0003,0.0003,0.07
1120.676,,,,-0.0003,0.0003,0.07
1120.756,,,,-0.0003,0.0003,0.07
1120.807,,,,-0.0003,0.0003,0.07
1120.857,,,,-0.0003,0.0003,0.07
1120.908,,,,-0.0003,0.0003,0.07
1120.958,,,,-0.0003,0.0003,0.07
1121.009,,,,-0.0003,0.0003,0.07
1121.06,,,,-0.0003,0.0003,0.07
1121.11,,,,-0.0003,0.0003,0.07
1121.161,,,,-0.0003,0.0003,0.07
1121.211,,,,-0.0003,0.0003,0.07
1121.262,,,,-0.0003,0.0003,0.07
1121.313,,,,-0.0003,0.0003,0.07
1121.364,,,,-0.0003,0.0003,0.07
1121.414,,,,-0.0003,0.0003,0.07
1121.464,,,,-0.0003,0.0003,0.07
1121.515,,,,-0.0003,0.0003,0.07
1121.566,,,,-0.0003,0.0003,0.07
1121.616,,,,-0.0003,0.0003,0.07
1121.666,,,,-0.0003,0.0003,0.07
1121.717,,,,-0.0003,0.0003,0.07
1121.767,,,,-0.0003,0.0003,0.07
1121.819,,,,-0.0003,0.0003,0.07
1121.869,,,,-0.0003,0.0003,0.07
1121.92,,,,-0.0003,0.0003,0.07
1121.97,,,,-0.0003,0.0003,0.07
1122.021,,,,-0.0003,0.0003,0.07
1122.072,,,,-0.0003,0.0003,0.07
1122.129,,,,-0.0003,0.0003,0.07
1122.18,,,,-0.0003,0.0003,0.07
1122.231,,,,-0.0003,0.0003,0.07
1122.281,,,,-0.0003,0.0003,0.07
1122.332,,,,-0.0003,0.0003,0.07
1122.383,,,,-0.0003,0.0003,0.07
1122.434,,,,-0.0003,0.0003,0.07
1122.485,,,,-0.0003,0.0003,0.07
1122.535,,,,-0.0003,0.0003,0.07
1122.586,,,,-0.0003,0.0003,0.07
1122.636,,,,-0.0003,0.0003,0.07
1122.687,,,,-0.0003,0.0003,0.07
1122.738,,,,-0.0003,0.0003,0.07
1122.788,,,,-0.0003,0.0003,0.07
1122.839,,,,-0.0003,0.0003,0.07
1122.89,,,,-0.0003,0.0003,0.07
1122.941,,,,-0.0003,0.0003,0.07
1122.992,,,,-0.0003,0.0003,0.07
1123.042,,,,-0.0003,0.0003,0.07
1123.093,,,,-0.0003,0.0003,0.07
1123.143,,,,-0.0003,0.0003,0.07
1123.194,,,,-0.0003,0.0003,0.07
1123.244,,,,-0.0003,0.0003,0.07
1123.295,,,,-0.0003,0.0003,0.07
1123.346,,,,-0.0003,0.0003,0.07
1123.396,,,,-0.0003,0.0003,0.07
1123.447,,,,-0.0003,0.0003,0.07
1123.498,,,,-0.0003,0.0003,0.07
1123.549,,,,-0.0003,0.0003,0.07
1123.599,,,,-0.0003,0.0003,0.07
1123.65,,,,-0.0003,0.0003,0.07
1123.7,,,,-0.0003,0.0003,0.07
1123.751,,,,-0.0003,0.0003,0.07
1123.802,,,,-0.0003,0.0003,0.07
1123.853,,,,-0.0003,0.0003,0.07
1123.903,,,,-0.0003,0.0003,0.07
1123.954,,,,-0.0003,0.0003,0.07
1124.005,,,,-0.0003,0.0003,0.07
1124.056,,,,-0.0003,0.0003,0.07
1124.106,,,,-0.0003,0.0003,0.07
1124.156,,,,-0.0003,0.0003,0.07
1124.207,,,,-0.0003,0.0003,0.07
1124.258,,,,-0.0003,0.0003,0.07
1124.308,,,,-0.0003,0.0003,0.07
1124.359,,,,-0.0003,0.0003,0.07
1124.41,,,,-0.0003,0.0003,0.07
1124.46,,,,-0.0003,0.0003,0.07
1124.511,,,,-0.0003,0.0003,0.07
1124.562,,,,-0.0003,0.0003,0.07
1124.612,,,,-0.0003,0.0003,0.07
1124.663,,,,-0.0003,0.0003,0.07
1124.714,,,,-0.0003,0.0003,0.07
1124.764,,,,-0.0003,0.0003,0.07
1124.852,,,,-0.0003,0.0003,0.07
1124.902,,,,-0.0003,0.0003,0.07
1124.953,,,,-0.0003,0.0003,0.07
1125.004,,,,-0.0003,0.0003,0.07
1125.054,,,,-0.0003,0.0003,0.07
1125.105,,,,-0.0003,0.0003,0.07
1125.155,,,,-0.0003,0.0003,0.07
1125.206,,,,-0.0003,0.0003,0.07
1125.256,,,,-0.0003,0.0003,0.07
1125.314,,,,-0.0003,0.0003,0.07
1125.374,,,,-0.0003,0.0003,0.07
1125.424,,,,-0.0003,0.0003,0.07
1125.475,,,,-0.0003,0.0003,0.07
1125.525,,,,-0.0003,0.0003,0.07
1125.576,,,,-0.0003,0.0003,0.07
1125.626,,,,-0.0003,0.0003,0.07
1125.677,,,,-0.0003,0.0003,0.07
1125.728,,,,-0.0003,0.0003,0.07
1125.778,,,,-0.0003,0.0003,0.07
1125.828,,,,-0.0003,0.0003,0.07
1125.879,,,,-0.0003,0.0003,0.07
1125.929,,,,-0.0003,0.0003,0.07
1125.98,,,,-0.0003,0.0003,0.07
1126.031,,,,-0.0003,0.0003,0.07
1126.082,,,,-0.0003,0.0003,0.07
1126.133,,,,-0.0003,0.0003,0.07
1126.21,,,,-0.0003,0.0003,0.07
1126.26,,,,-0.0003,0.0003,0.07
1126.311,,,,-0.0003,0.0003,0.07
1126.362,,,,-0.0003,0.0003,0.07
1126.412,,,,-0.0003,0.0003,0.07
1126.463,,,,-0.0003,0.0003,0.07
1126.513,,,,-0.0003,0.0003,0.07
1126.564,,,,-0.0003,0.0003,0.07
1126.614,,,,-0.0003,0.0003,0.07
1126.665,,,,-0.0003,0.0003,0.07
1126.717,,,,-0.0003,0.0003,0.07
1126.767,,,,-0.0003,0.0003,0.07
1126.818,,,,-0.0003,0.0003,0.07
1126.87,,,,-0.0003,0.0003,0.07
1126.921,,,,-0.0003,0.0003,0.07
1126.971,,,,-0.0003,0.0003,0.07
1127.022,,,,-0.0003,0.0003,0.07
1127.073,,,,-0.0003,0.0003,0.07
1127.124,,,,-0.0003,0.0003,0.07
1127.175,,,,-0.0003,0.0003,0.07
1127.225,,,,-0.0003,0.0003,0.07
1127.276,,,,-0.0003,0.0003,0.07
1127.327,,,,-0.0003,0.0003,0.07
1127.377,,,,-0.0003,0.0003,0.07
1127.428,,,,-0.0003,0.0003,0.07
1127.478,,,,-0.0003,0.0003,0.07
1127.529,,,,-0.0003,0.0003,0.07
1127.583,,,,-0.0003,0.0003,0.07
1127.633,,,,-0.0003,0.0003,0.07
1127.684,,,,-0.0003,0.0003,0.07
1127.734,,,,-0.0003,0.0003,0.07
1127.785,,,,-0.0003,0.0003,0.07
1127.836,,,,-0.0003,0.0003,0.07
1127.887,,,,-0.0003,0.0003,0.07
1127.937,,,,-0.0003,0.0003,0.07
1127.988,,,,-0.0003,0.0003,0.07
1128.038,,,,-0.0003,0.0003,0.07
1128.089,,,,-0.0003,0.0003,0.07
1128.14,,,,-0.0003,0.0003,0.07
1128.191,,,,-0.0003,0.0003,0.07
1128.241,,,,-0.0003,0.0003,0.07
1128.292,,,,-0.0003,0.0003,0.07
1128.343,,,,-0.0003,0.0003,0.07
1128.394,,,,-0.0003,0.0003,0.07
1128.444,,,,-0.0003,0.0003,0.07
1128.495,,,,-0.0003,0.0003,0.07
1128.546,,,,-0.0003,0.0003,0.07
1128.596,,,,-0.0003,0.0003,0.07
1128.647,,,,-0.0003,0.0003,0.07
1128.698,,,,-0.0003,0.0003,0.07
1128.748,,,,-0.0003,0.0003,0.07
1128.799,,,,-0.0003,0.0003,0.07
1128.85,,,,-0.0003,0.0003,0.07
1128.939,,,,-0.0003,0.0003,0.07
1128.989,,,,-0.0003,0.0003,0.07
1129.041,,,,-0.0003,0.0003,0.07
1129.091,,,,-0.0003,0.0003,0.07
1129.142,,,,-0.0003,0.0003,0.07
1129.193,,,,-0.0003,0.0003,0.07
1129.243,,,,-0.0003,0.0003,0.07
1129.294,,,,-0.0003,0.0003,0.07
1129.344,,,,-0.0003,0.0003,0.07
1129.395,,,,-0.0003,0.0003,0.07
1129.446,,,,-0.0003,0.0003,0.07
1129.496,,,,-0.0003,0.0003,0.07
1129.547,,,,-0.0003,0.0003,0.07
1129.597,,,,-0.0003,0.0003,0.07
1129.648,,,,-0.0003,0.0003,0.07
1129.698,,,,-0.0003,0.0003,0.07
1129.749,,,,-0.0003,0.0003,0.07
1129.8,,,,-0.0003,0.0003,0.07
1129.851,,,,-0.0003,0.0003,0.07
1129.901,,,,-0.0003,0.0003,0.07
1129.952,,,,-0.0003,0.0003,0.07
1130.003,,,,-0.0003,0.0003,0.07
1130.056,,,,-0.0003,0.0003,0.07
1130.107,,,,-0.0003,0.0003,0.07
1130.158,,,,-0.0003,0.0003,0.07
1130.208,,,,-0.0003,0.0003,0.07
1130.259,,,,-0.0003,0.0003,0.07
1130.31,,,,-0.0003,0.0003,0.07
1130.361,,,,-0.0003,0.0003,0.07
1130.411,,,,-0.0003,0.0003,0.07
1130.462,,,,-0.0003,0.0003,0.07
1130.513,,,,-0.0003,0.0003,0.07
1130.563,,,,-0.0003,0.0003,0.07
1130.614,,,,-0.0003,0.0003,0.07
1130.664,,,,-0.0003,0.0003,0.07
1130.716,,,,-0.0003,0.0003,0.07
1130.766,,,,-0.0003,0.0003,0.07
1130.817,,,,-0.0003,0.0003,0.07
1130.867,,,,-0.0003,0.0003,0.07
1130.918,,,,-0.0003,0.0003,0.07
1130.968,,,,-0.0003,0.0003,0.07
1131.019,,,,-0.0003,0.0003,0.07
1131.069,,,,-0.0003,0.0003,0.07
1131.12,,,,-0.0003,0.0003,0.07
1131.17,,,,-0.0003,0.0003,0.07
1131.22,,,,-0.0003,0.0003,0.07
1131.271,,,,-0.0003,0.0003,0.07
1131.321,,,,-0.0003,0.0003,0.07
1131.372,,,,-0.0003,0.0003,0.07
1131.452,,,,-0.0003,0.0003,0.07
1131.504,,,,-0.0003,0.0003,0.07
1131.555,,,,-0.0003,0.0003,0.07
1131.606,,,,-0.0003,0.0003,0.07
1131.671,,,,-0.0003,0.0003,0.07
1131.721,,,,-0.0003,0.0003,0.07
1131.772,,,,-0.0003,0.0003,0.07
1131.823,,,,-0.0003,0.0003,0.07
1131.873,,,,-0.0003,0.0003,0.07
1131.923,,,,-0.0003,0.0003,0.07
1131.974,,,,-0.0003,0.0003,0.07
1132.025,,,,-0.0003,0.0003,0.07
1132.075,,,,-0.0003,0.0003,0.07
1132.126,,,,-0.0003,0.0003,0.07
1132.176,,,,-0.0003,0.0003,0.07
1132.227,,,,-0.0003,0.0003,0.07
1132.278,,,,-0.0003,0.0003,0.07
1132.329,,,,-0.0003,0.0003,0.07
1132.379,,,,-0.0003,0.0003,0.07
1132.43,,,,-0.0003,0.0003,0.07
1132.48,,,,-0.0003,0.0003,0.07
1132.531,,,,-0.0003,0.0003,0.07
1132.581,,,,-0.0003,0.0003,0.07
1132.633,,,,-0.0003,0.0003,0.07
1132.683,,,,-0.0003,0.0003,0.07
1132.733,,,,-0.0003,0.0003,0.07
1132.784,,,,-0.0003,0.0003,0.07
1132.835,,,,-0.0003,0.0003,0.07
1132.885,,,,-0.0003,0.0003,0.07
1132.936,,,,-0.0003,0.0003,0.07
1132.987,,,,-0.0003,0.0003,0.07
1133.038,,,,-0.0003,0.0003,0.07
1133.088,,,,-0.0003,0.0003,0.07
1133.139,,,,-0.0003,0.0003,0.07
1133.189,,,,-0.0003,0.0003,0.07
1133.24,,,,-0.0003,0.0003,0.07
1133.291,,,,-0.0003,0.0003,0.07
1133.341,,,,-0.0003,0.0003,0.07
1133.392,,,,-0.0003,0.0003,0.07
1133.443,,,,-0.0003,0.0003,0.07
1133.494,,,,-0.0003,0.0003,0.07
1133.545,,,,-0.0003,0.0003,0.07
1133.596,,,,-0.0003,0.0003,0.07
1133.646,,,,-0.0003,0.0003,0.07
1133.696,,,,-0.0003,0.0003,0.07
1133.747,,,,-0.0003,0.0003,0.07
1133.797,,,,-0.0003,0.0003,0.07
1133.848,,,,-0.0003,0.0003,0.07
1133.899,,,,-0.0003,0.0003,0.07
1133.949,,,,-0.0003,0.0003,0.07
1134.0,,,,-0.0003,0.0003,0.07
1134.051,,,,-0.0003,0.0003,0.07
1134.102,,,,-0.0003,0.0003,0.07
1134.152,,,,-0.0003,0.0003,0.07
1134.203,,,,-0.0003,0.0003,0.07
1134.253,,,,-0.0003,0.0003,0.07
1134.304,,,,-0.0003,0.0003,0.07
1134.354,,,,-0.0003,0.0003,0.07
1134.405,,,,-0.0003,0.0003,0.07
1134.456,,,,-0.0003,0.0003,0.07
1134.507,,,,-0.0003,0.0003,0.07
1134.557,,,,-0.0003,0.0003,0.07
1134.608,,,,-0.0003,0.0003,0.07
1134.659,,,,-0.0003,0.0003,0.07
1134.709,,,,-0.0003,0.0003,0.07
1134.76,,,,-0.0003,0.0003,0.07
1134.811,,,,-0.0003,0.0003,0.07
1134.861,,,,-0.0003,0.0003,0.07
1134.912,,,,-0.0003,0.0003,0.07
1134.963,,,,-0.0003,0.0003,0.07
1135.013,,,,-0.0003,0.0003,0.07
1135.064,,,,-0.0003,0.0003,0.07
1135.115,,,,-0.0003,0.0003,0.07
1135.165,,,,-0.0003,0.0003,0.07
1135.215,,,,-0.0003,0.0003,0.07
1135.266,,,,-0.0003,0.0003,0.07
1135.316,,,,-0.0003,0.0003,0.07
1135.367,,,,-0.0003,0.0003,0.07
1135.417,,,,-0.0003,0.0003,0.07
1135.468,,,,-0.0003,0.0003,0.07
1135.519,,,,-0.0003,0.0003,0.07
1135.569,,,,-0.0003,0.0003,0.07
1135.62,,,,-0.0003,0.0003,0.07
1135.67,,,,-0.0003,0.0003,0.07
1135.758,,,,-0.0003,0.0003,0.07
1135.809,,,,-0.0003,0.0003,0.07
1135.859,,,,-0.0003,0.0003,0.07
1135.91,,,,-0.0003,0.0003,0.07
1135.96,,,,-0.0003,0.0003,0.07
1136.011,,,,-0.0003,0.0003,0.07
1136.061,,,,-0.0003,0.0003,0.07
1136.112,,,,-0.0003,0.0003,0.07
1136.163,,,,-0.0003,0.0003,0.07
1136.213,,,,-0.0003,0.0003,0.07
1136.263,,,,-0.0003,0.0003,0.07
1136.314,,,,-0.0003,0.0003,0.07
1136.364,,,,-0.0003,0.0003,0.07
1136.415,,,,-0.0003,0.0003,0.07
1136.465,,,,-0.0003,0.0003,0.07
1136.516,,,,-0.0003,0.0003,0.07
1136.567,,,,-0.0003,0.0003,0.07
1136.619,,,,-0.0003,0.0003,0.07
1136.669,,,,-0.0003,0.0003,0.07
1136.721,,,,-0.0003,0.0003,0.07
1136.772,,,,-0.0003,0.0003,0.07
1136.822,,,,-0.0003,0.0003,0.07
1136.874,,,,-0.0003,0.0003,0.07
1136.924,,,,-0.0003,0.0003,0.07
1136.975,,,,-0.0003,0.0003,0.07
1137.026,,,,-0.0003,0.0003,0.07
1137.076,,,,-0.0003,0.0003,0.07
1137.128,,,,-0.0003,0.0003,0.07
1137.18,,,,-0.0003,0.0003,0.07
1137.232,,,,-0.0003,0.0003,0.07
1137.282,,,,-0.0003,0.0003,0.07
1137.333,,,,-0.0003,0.0003,0.07
1137.384,,,,-0.0003,0.0003,0.07
1137.434,,,,-0.0003,0.0003,0.07
1137.485,,,,-0.0003,0.0003,0.07
1137.536,,,,-0.0003,0.0003,0.07
1137.586,,,,-0.0003,0.0003,0.07
1137.637,,,,-0.0003,0.0003,0.07
1137.688,,,,-0.0003,0.0003,0.07
1137.738,,,,-0.0003,0.0003,0.07
1137.789,,,,-0.0003,0.0003,0.07
1137.839,,,,-0.0003,0.0003,0.07
1137.89,,,,-0.0003,0.0003,0.07
1137.941,,,,-0.0003,0.0003,0.07
1137.992,,,,-0.0003,0.0003,0.07
1138.043,,,,-0.0003,0.0003,0.07
1138.093,,,,-0.0003,0.0003,0.07
1138.144,,,,-0.0003,0.0003,0.07
1138.195,,,,-0.0003,0.0003,0.07
1138.246,,,,-0.0003,0.0003,0.07
1138.296,,,,-0.0003,0.0003,0.07
1138.347,,,,-0.0003,0.0003,0.07
1138.397,,,,-0.0003,0.0003,0.07
1138.479,,,,-0.0003,0.0003,0.07
1138.529,,,,-0.0003,0.0003,0.07
1138.58,,,,-0.0003,0.0003,0.07
1138.631,,,,-0.0003,0.0003,0.07
1138.682,,,,-0.0003,0.0003,0.07
1138.733,,,,-0.0003,0.0003,0.07
1138.783,,,,-0.0003,0.0003,0.07
1138.834,,,,-0.0003,0.0003,0.07
1138.885,,,,-0.0003,0.0003,0.07
1138.935,,,,-0.0003,0.0003,0.07
1138.986,,,,-0.0003,0.0003,0.07
1139.036,,,,-0.0003,0.0003,0.07
1139.087,,,,-0.0003,0.0003,0.07
1139.138,,,,-0.0003,0.0003,0.07
1139.189,,,,-0.0003,0.0003,0.07
1139.24,,,,-0.0003,0.0003,0.07
1139.291,,,,-0.0003,0.0003,0.07
1139.341,,,,-0.0003,0.0003,0.07
1139.393,,,,-0.0003,0.0003,0.07
1139.443,,,,-0.0003,0.0003,0.07
1139.494,,,,-0.0003,0.0003,0.07
1139.544,,,,-0.0003,0.0003,0.07
1139.595,,,,-0.0003,0.0003,0.07
1139.646,,,,-0.0003,0.0003,0.07
1139.696,,,,-0.0003,0.0003,0.07
1139.747,,,,-0.0003,0.0003,0.07
1139.797,,,,-0.0003,0.0003,0.07
1139.848,,,,-0.0003,0.0003,0.07
1139.899,,,,-0.0003,0.0003,0.07
1139.949,,,,-0.0003,0.0003,0.07
1140.0,,,,-0.0003,0.0003,0.07
1140.05,,,,-0.0003,0.0003,0.07
1140.101,,,,-0.0003,0.0003,0.07
1140.152,,,,-0.0003,0.0003,0.07
1140.202,,,,-0.0003,0.0003,0.07
1140.253,,,,-0.0003,0.0003,0.07
1140.304,,,,-0.0003,0.0003,0.07
1140.355,,,,-0.0003,0.0003,0.07
1140.405,,,,-0.0003,0.0003,0.07
1140.456,,,,-0.0003,0.0003,0.07
1140.507,,,,-0.0003,0.0003,0.07
1140.557,,,,-0.0003,0.0003,0.07
1140.608,,,,-0.0003,0.0003,0.07
1140.659,,,,-0.0003,0.0003,0.07
1140.71,,,,-0.0003,0.0003,0.07
1140.761,,,,-0.0003,0.0003,0.07
1140.812,,,,-0.0003,0.0003,0.07
1140.862,,,,-0.0003,0.0003,0.07
1140.913,,,,-0.0003,0.0003,0.07
1140.964,,,,-0.0003,0.0003,0.07
1141.014,,,,-0.0003,0.0003,0.07
1141.065,,,,-0.0003,0.0003,0.07
1141.115,,,,-0.0003,0.0003,0.07
1141.166,,,,-0.0003,0.0003,0.07
1141.217,,,,-0.0003,0.0003,0.07
1141.268,,,,-0.0003,0.0003,0.07
1141.318,,,,-0.0003,0.0003,0.07
1141.369,,,,-0.0003,0.0003,0.07
1141.42,,,,-0.0003,0.0003,0.07
1141.471,,,,-0.0003,0.0003,0.07
1141.522,,,,-0.0003,0.0003,0.07
1141.573,,,,-0.0003,0.0003,0.07
1141.623,,,,-0.0003,0.0003,0.07
1141.674,,,,-0.0003,0.0003,0.07
1141.725,,,,-0.0003,0.0003,0.07
1141.776,,,,-0.0003,0.0003,0.07
1141.826,,,,-0.0003,0.0003,0.07
1141.877,,,,-0.0003,0.0003,0.07
1141.928,,,,-0.0003,0.0003,0.07
1141.979,,,,-0.0003,0.0003,0.07
1142.029,,,,-0.0003,0.0003,0.07
1142.08,,,,-0.0003,0.0003,0.07
1142.131,,,,-0.0003,0.0003,0.07
1142.181,,,,-0.0003,0.0003,0.07
1142.232,,,,-0.0003,0.0003,0.07
1142.283,,,,-0.0003,0.0003,0.07
1142.334,,,,-0.0003,0.0003,0.07
1142.385,,,,-0.0003,0.0003,0.07
1142.436,,,,-0.0003,0.0003,0.07
1142.486,,,,-0.0003,0.0003,0.07
1142.537,,,,-0.0003,0.0003,0.07
1142.588,,,,-0.0003,0.0003,0.07
1142.638,,,,-0.0003,0.0003,0.07
1142.689,,,,-0.0003,0.0003,0.07
1142.739,,,,-0.0003,0.0003,0.07
1142.789,,,,-0.0003,0.0003,0.07
1142.84,,,,-0.0003,0.0003,0.07
1142.89,,,,-0.0003,0.0003,0.07
1142.941,,,,-0.0003,0.0003,0.07
1142.992,,,,-0.0003,0.0003,0.07
1143.042,,,,-0.0003,0.0003,0.07
1143.093,,,,-0.0003,0.0003,0.07
1143.144,,,,-0.0003,0.0003,0.07
1143.195,,,,-0.0003,0.0003,0.07
1143.246,,,,-0.0003,0.0003,0.07
1143.296,,,,-0.0003,0.0003,0.07
1143.347,,,,-0.0003,0.0003,0.07
1143.397,,,,-0.0003,0.0003,0.07
1143.449,,,,-0.0003,0.0003,0.07
1143.499,,,,-0.0003,0.0003,0.07
1143.55,,,,-0.0003,0.0003,0.07
1143.601,,,,-0.0003,0.0003,0.07
1143.651,,,,-0.0003,0.0003,0.07
1143.702,,,,-0.0003,0.0003,0.07
1143.754,,,,-0.0003,0.0003,0.07
1143.804,,,,-0.0003,0.0003,0.07
1143.855,,,,-0.0003,0.0003,0.07
1143.946,,,,-0.0003,0.0003,0.07
1143.997,,,,-0.0003,0.0003,0.07
1144.048,,,,-0.0003,0.0003,0.07
1144.099,,,,-0.0003,0.0003,0.07
1144.149,,,,-0.0003,0.0003,0.07
1144.199,,,,-0.0003,0.0003,0.07
1144.25,,,,-0.0003,0.0003,0.07
1144.301,,,,-0.0003,0.0003,0.07
1144.351,,,,-0.0003,0.0003,0.07
1144.402,,,,-0.0003,0.0003,0.07
1144.452,,,,-0.0003,0.0003,0.07
1144.503,,,,-0.0003,0.0003,0.07
1144.553,,,,-0.0003,0.0003,0.07
1144.604,,,,-0.0003,0.0003,0.07
1144.655,,,,-0.0003,0.0003,0.07
1144.706,,,,-0.0003,0.0003,0.07
1144.756,,,,-0.0003,0.0003,0.07
1144.807,,,,-0.0003,0.0003,0.07
1144.858,,,,-0.0003,0.0003,0.07
1144.909,,,,-0.0003,0.0003,0.07
1144.96,,,,-0.0003,0.0003,0.07
1145.01,,,,-0.0003,0.0003,0.07
1145.06,,,,-0.0003,0.0003,0.07
1145.111,,,,-0.0003,0.0003,0.07
1145.162,,,,-0.0003,0.0003,0.07
1145.213,,,,-0.0003,0.0003,0.07
1145.263,,,,-0.0003,0.0003,0.07
1145.314,,,,-0.0003,0.0003,0.07
1145.365,,,,-0.0003,0.0003,0.07
1145.416,,,,-0.0003,0.0003,0.07
1145.466,,,,-0.0003,0.0003,0.07
1145.517,,,,-0.0003,0.0003,0.07
1145.568,,,,-0.0003,0.0003,0.07
1145.619,,,,-0.0003,0.0003,0.07
1145.669,,,,-0.0003,0.0003,0.07
1145.72,,,,-0.0003,0.0003,0.07
1145.771,,,,-0.0003,0.0003,0.07
1145.821,,,,-0.0003,0.0003,0.07
1145.873,,,,-0.0003,0.0003,0.07
1145.924,,,,-0.0003,0.0003,0.07
1145.975,,,,-0.0003,0.0003,0.07
1146.026,,,,-0.0003,0.0003,0.07
1146.077,,,,-0.0003,0.0003,0.07
1146.128,,,,-0.0003,0.0003,0.07
1146.179,,,,-0.0003,0.0003,0.07
1146.23,,,,-0.0003,0.0003,0.07
1146.281,,,,-0.0003,0.0003,0.07
1146.331,,,,-0.0003,0.0003,0.07
1146.382,,,,-0.0003,0.0003,0.07
1146.433,,,,-0.0003,0.0003,0.07
1146.484,,,,-0.0003,0.0003,0.07
1146.535,,,,-0.0003,0.0003,0.07
1146.585,,,,-0.0003,0.0003,0.07
1146.664,,,,-0.0003,0.0003,0.07
1146.714,,,,-0.0003,0.0003,0.07
1146.765,,,,-0.0003,0.0003,0.07
1146.815,,,,-0.0003,0.0003,0.07
1146.866,,,,-0.0003,0.0003,0.07
1146.916,,,,-0.0003,0.0003,0.07
1146.967,,,,-0.0003,0.0003,0.07
1147.018,,,,-0.0003,0.0003,0.07
1147.069,,,,-0.0003,0.0003,0.07
1147.12,,,,-0.0003,0.0003,0.07
1147.17,,,,-0.0003,0.0003,0.07
1147.221,,,,-0.0003,0.0003,0.07
1147.272,,,,-0.0003,0.0003,0.07
1147.323,,,,-0.0003,0.0003,0.07
1147.373,,,,-0.0003,0.0003,0.07
1147.425,,,,-0.0003,0.0003,0.07
1147.476,,,,-0.0003,0.0003,0.07
1147.527,,,,-0.0003,0.0003,0.07
1147.578,,,,-0.0003,0.0003,0.07
1147.628,,,,-0.0003,0.0003,0.07
1147.679,,,,-0.0003,0.0003,0.07
1147.73,,,,-0.0003,0.0003,0.07
1147.78,,,,-0.0003,0.0003,0.07
1147.831,,,,-0.0003,0.0003,0.07
1147.881,,,,-0.0003,0.0003,0.07
1147.933,,,,-0.0003,0.0003,0.07
1147.983,,,,-0.0003,0.0003,0.07
1148.033,,,,-0.0003,0.0003,0.07
1148.084,,,,-0.0003,0.0003,0.07
1148.135,,,,-0.0003,0.0003,0.07
1148.186,,,,-0.0003,0.0003,0.07
1148.236,,,,-0.0003,0.0003,0.07
1148.287,,,,-0.0003,0.0003,0.07
1148.338,,,,-0.0003,0.0003,0.07
1148.388,,,,-0.0003,0.0003,0.07
1148.439,,,,-0.0003,0.0003,0.07
1148.49,,,,-0.0003,0.0003,0.07
1148.54,,,,-0.0003,0.0003,0.07
1148.591,,,,-0.0003,0.0003,0.07
1148.642,,,,-0.0003,0.0003,0.07
1148.693,,,,-0.0003,0.0003,0.07
1148.743,,,,-0.0003,0.0003,0.07
1148.794,,,,-0.0003,0.0003,0.07
1148.844,,,,-0.0003,0.0003,0.07
1148.895,,,,-0.0003,0.0003,0.07
1148.946,,,,-0.0003,0.0003,0.07
1148.996,,,,-0.0003,0.0003,0.07
1149.047,,,,-0.0003,0.0003,0.07
1149.097,,,,-0.0003,0.0003,0.07
1149.148,,,,-0.0003,0.0003,0.07
1149.199,,,,-0.0003,0.0003,0.07
1149.25,,,,-0.0003,0.0003,0.07
1149.301,,,,-0.0003,0.0003,0.07
1149.384,,,,-0.0003,0.0003,0.07
1149.436,,,,-0.0003,0.0003,0.07
1149.487,,,,-0.0003,0.0003,0.07
1149.538,,,,-0.0003,0.0003,0.07
1149.588,,,,-0.0003,0.0003,0.07
1149.639,,,,-0.0003,0.0003,0.07
1149.69,,,,-0.0003,0.0003,0.07
1149.741,,,,-0.0003,0.0003,0.07
1149.791,,,,-0.0003,0.0003,0.07
1149.841,,,,-0.0003,0.0003,0.07
1149.892,,,,-0.0003,0.0003,0.07
1149.944,,,,-0.0003,0.0003,0.07
1149.995,,,,-0.0003,0.0003,0.07
1150.046,,,,-0.0003,0.0003,0.07
1150.097,,,,-0.0003,0.0003,0.07
1150.147,,,,-0.0003,0.0003,0.07
1150.198,,,,-0.0003,0.0003,0.07
1150.249,,,,-0.0003,0.0003,0.07
1150.3,,,,-0.0003,0.0003,0.07
1150.35,,,,-0.0003,0.0003,0.07
1150.401,,,,-0.0003,0.0003,0.07
1150.452,,,,-0.0003,0.0003,0.07
1150.502,,,,-0.0003,0.0003,0.07
1150.553,,,,-0.0003,0.0003,0.07
1150.605,,,,-0.0003,0.0003,0.07
1150.656,,,,-0.0003,0.0003,0.07
1150.706,,,,-0.0003,0.0003,0.07
1150.759,,,,-0.0003,0.0003,0.07
1150.81,,,,-0.0003,0.0003,0.07
1150.861,,,,-0.0003,0.0003,0.07
1150.911,,,,-0.0003,0.0003,0.07
1150.962,,,,-0.0003,0.0003,0.07
1151.012,,,,-0.0003,0.0003,0.07
1151.063,,,,-0.0003,0.0003,0.07
1151.114,,,,-0.0003,0.0003,0.07
1151.165,,,,-0.0003,0.0003,0.07
1151.216,,,,-0.0003,0.0003,0.07
1151.266,,,,-0.0003,0.0003,0.07
1151.317,,,,-0.0003,0.0003,0.07
1151.367,,,,-0.0003,0.0003,0.07
1151.418,,,,-0.0003,0.0003,0.07
1151.468,,,,-0.0003,0.0003,0.07
1151.519,,,,-0.0003,0.0003,0.07
1151.57,,,,-0.0003,0.0003,0.07
1151.621,,,,-0.0003,0.0003,0.07
1151.671,,,,-0.0003,0.0003,0.07
1151.722,,,,-0.0003,0.0003,0.07
1151.772,,,,-0.0003,0.0003,0.07
1151.823,,,,-0.0003,0.0003,0.07
1151.874,,,,-0.0003,0.0003,0.07
1151.924,,,,-0.0003,0.0003,0.07
1151.975,,,,-0.0003,0.0003,0.07
1152.025,,,,-0.0003,0.0003,0.07
1152.084,,,,-0.0003,0.0003,0.07
1152.135,,,,-0.0003,0.0003,0.07
1152.186,,,,-0.0003,0.0003,0.07
1152.236,,,,-0.0003,0.0003,0.07
1152.287,,,,-0.0003,0.0003,0.07
1152.338,,,,-0.0003,0.0003,0.07
1152.388,,,,-0.0003,0.0003,0.07
1152.439,,,,-0.0003,0.0003,0.07
1152.49,,,,-0.0003,0.0003,0.07
1152.54,,,,-0.0003,0.0003,0.07
1152.591,,,,-0.0003,0.0003,0.07
1152.642,,,,-0.0003,0.0003,0.07
1152.692,,,,-0.0003,0.0003,0.07
1152.743,,,,-0.0003,0.0003,0.07
1152.794,,,,-0.0003,0.0003,0.07
1152.845,,,,-0.0003,0.0003,0.07
1152.896,,,,-0.0003,0.0003,0.07
1152.947,,,,-0.0003,0.0003,0.07
1152.997,,,,-0.0003,0.0003,0.07
1153.048,,,,-0.0003,0.0003,0.07
1153.099,,,,-0.0003,0.0003,0.07
1153.149,,,,-0.0003,0.0003,0.07
1153.2,,,,-0.0003,0.0003,0.07
1153.25,,,,-0.0003,0.0003,0.07
1153.301,,,,-0.0003,0.0003,0.07
1153.352,,,,-0.0003,0.0003,0.07
1153.403,,,,-0.0003,0.0003,0.07
1153.472,,,,-0.0003,0.0003,0.07
1153.523,,,,-0.0003,0.0003,0.07
1153.573,,,,-0.0003,0.0003,0.07
1153.624,,,,-0.0003,0.0003,0.07
1153.675,,,,-0.0003,0.0003,0.07
1153.726,,,,-0.0003,0.0003,0.07
1153.776,,,,-0.0003,0.0003,0.07
1153.827,,,,-0.0003,0.0003,0.07
1153.877,,,,-0.0003,0.0003,0.07
1153.928,,,,-0.0003,0.0003,0.07
1153.98,,,,-0.0003,0.0003,0.07
1154.03,,,,-0.0003,0.0003,0.07
1154.081,,,,-0.0003,0.0003,0.07
1154.131,,,,-0.0003,0.0003,0.07
1154.182,,,,-0.0003,0.0003,0.07
1154.233,,,,-0.0003,0.0003,0.07
1154.284,,,,-0.0003,0.0003,0.07
1154.335,,,,-0.0003,0.0003,0.07
1154.385,,,,-0.0003,0.0003,0.07
1154.436,,,,-0.0003,0.0003,0.07
1154.487,,,,-0.0003,0.0003,0.07
1154.537,,,,-0.0003,0.0003,0.07
1154.588,,,,-0.0003,0.0003,0.07
1154.638,,,,-0.0003,0.0003,0.07
1154.689,,,,-0.0003,0.0003,0.07
1154.74,,,,-0.0003,0.0003,0.07
1154.79,,,,-0.0003,0.0003,0.07
1154.841,,,,-0.0003,0.0003,0.07
1154.891,,,,-0.0003,0.0003,0.07
1154.942,,,,-0.0003,0.0003,0.07
1154.994,,,,-0.0003,0.0003,0.07
1155.045,,,,-0.0003,0.0003,0.07
1155.095,,,,-0.0003,0.0003,0.07
1155.146,,,,-0.0003,0.0003,0.07
1155.196,,,,-0.0003,0.0003,0.07
1155.247,,,,-0.0003,0.0003,0.07
1155.298,,,,-0.0003,0.0003,0.07
1155.349,,,,-0.0003,0.0003,0.07
1155.399,,,,-0.0003,0.0003,0.07
1155.45,,,,-0.0003,0.0003,0.07
1155.501,,,,-0.0003,0.0003,0.07
1155.551,,,,-0.0003,0.0003,0.07
1155.602,,,,-0.0003,0.0003,0.07
1155.653,,,,-0.0003,0.0003,0.07
1155.704,,,,-0.0003,0.0003,0.07
1155.754,,,,-0.0003,0.0003,0.07
1155.805,,,,-0.0003,0.0003,0.07
1155.856,,,,-0.0003,0.0003,0.07
1155.907,,,,-0.0003,0.0003,0.07
1155.958,,,,-0.0003,0.0003,0.07
1156.008,,,,-0.0003,0.0003,0.07
1156.059,,,,-0.0003,0.0003,0.07
1156.11,,,,-0.0003,0.0003,0.07
1156.161,,,,-0.0003,0.0003,0.07
1156.212,,,,-0.0003,0.0003,0.07
1156.263,,,,-0.0003,0.0003,0.07
1156.314,,,,-0.0003,0.0003,0.07
1156.365,,,,-0.0003,0.0003,0.07
1156.415,,,,-0.0003,0.0003,0.07
1156.466,,,,-0.0003,0.0003,0.07
1156.517,,,,-0.0003,0.0003,0.07
1156.567,,,,-0.0003,0.0003,0.07
1156.618,,,,-0.0003,0.0003,0.07
1156.669,,,,-0.0003,0.0003,0.07
1156.72,,,,-0.0003,0.0003,0.07
1156.77,,,,-0.0003,0.0003,0.07
1156.821,,,,-0.0003,0.0003,0.07
1156.872,,,,-0.0003,0.0003,0.07
1156.922,,,,-0.0003,0.0003,0.07
1156.973,,,,-0.0003,0.0003,0.07
1157.024,,,,-0.0003,0.0003,0.07
1157.074,,,,-0.0003,0.0003,0.07
1157.125,,,,-0.0003,0.0003,0.07
1157.176,,,,-0.0003,0.0003,0.07
1157.226,,,,-0.0003,0.0003,0.07
1157.277,,,,-0.0003,0.0003,0.07
1157.328,,,,-0.0003,0.0003,0.07
1157.379,,,,-0.0003,0.0003,0.07
1157.429,,,,-0.0003,0.0003,0.07
1157.48,,,,-0.0003,0.0003,0.07
1157.565,,,,-0.0003,0.0003,0.07
1157.616,,,,-0.0003,0.0003,0.07
1157.666,,,,-0.0003,0.0003,0.07
1157.717,,,,-0.0003,0.0003,0.07
1157.768,,,,-0.0003,0.0003,0.07
1157.818,,,,-0.0003,0.0003,0.07
1157.869,,,,-0.0003,0.0003,0.07
1157.919,,,,-0.0003,0.0003,0.07
1157.97,,,,-0.0003,0.0003,0.07
1158.02,,,,-0.0003,0.0003,0.07
1158.071,,,,-0.0003,0.0003,0.07
1158.122,,,,-0.0003,0.0003,0.07
1158.172,,,,-0.0003,0.0003,0.07
1158.223,,,,-0.0003,0.0003,0.07
1158.274,,,,-0.0003,0.0003,0.07
1158.324,,,,-0.0003,0.0003,0.07
1158.375,,,,-0.0003,0.0003,0.07
1158.426,,,,-0.0003,0.0003,0.07
1158.476,,,,-0.0003,0.0003,0.07
1158.527,,,,-0.0003,0.0003,0.07
1158.578,,,,-0.0003,0.0003,0.07
1158.628,,,,-0.0003,0.0003,0.07
1158.679,,,,-0.0003,0.0003,0.07
1158.73,,,,-0.0003,0.0003,0.07
1158.781,,,,-0.0003,0.0003,0.07
1158.832,,,,-0.0003,0.0003,0.07
1158.883,,,,-0.0003,0.0003,0.07
1158.933,,,,-0.0003,0.0003,0.07
1158.984,,,,-0.0003,0.0003,0.07
1159.034,,,,-0.0003,0.0003,0.07
1159.085,,,,-0.0003,0.0003,0.07
1159.136,,,,-0.0003,0.0003,0.07
1159.186,,,,-0.0003,0.0003,0.07
1159.237,,,,-0.0003,0.0003,0.07
1159.288,,,,-0.0003,0.0003,0.07
1159.338,,,,-0.0003,0.0003,0.07
1159.389,,,,-0.0003,0.0003,0.07
1159.439,,,,-0.0003,0.0003,0.07
1159.49,,,,-0.0003,0.0003,0.07
1159.54,,,,-0.0003,0.0003,0.07
1159.591,,,,-0.0003,0.0003,0.07
1159.642,,,,-0.0003,0.0003,0.07
1159.693,,,,-0.0003,0.0003,0.07
1159.743,,,,-0.0003,0.0003,0.07
1159.794,,,,-0.0003,0.0003,0.07
1159.845,,,,-0.0003,0.0003,0.07
1159.896,,,,-0.0003,0.0003,0.07
1159.946,,,,-0.0003,0.0003,0.07
1159.997,,,,-0.0003,0.0003,0.07
1160.048,,,,-0.0003,0.0003,0.07
1160.099,,,,-0.0003,0.0003,0.07
1160.15,,,,-0.0003,0.0003,0.07
1160.2,,,,-0.0003,0.0003,0.07
1160.251,,,,-0.0003,0.0003,0.07
1160.302,,,,-0.0003,0.0003,0.07
1160.352,,,,-0.0003,0.0003,0.07
1160.403,,,,-0.0003,0.0003,0.07
1160.453,,,,-0.0003,0.0003,0.07
1160.504,,,,-0.0003,0.0003,0.07
1160.554,,,,-0.0003,0.0003,0.07
1160.605,,,,-0.0003,0.0003,0.07
1160.656,,,,-0.0003,0.0003,0.07
1160.706,,,,-0.0003,0.0003,0.07
1160.757,,,,-0.0003,0.0003,0.07
1160.807,,,,-0.0003,0.0003,0.07
1160.858,,,,-0.0003,0.0003,0.07
1160.908,,,,-0.0003,0.0003,0.07
1160.959,,,,-0.0003,0.0003,0.07
1161.01,,,,-0.0003,0.0003,0.07
1161.061,,,,-0.0003,0.0003,0.07
1161.112,,,,-0.0003,0.0003,0.07
1161.163,,,,-0.0003,0.0003,0.07
1161.214,,,,-0.0003,0.0003,0.07
1161.264,,,,-0.0003,0.0003,0.07
1161.315,,,,-0.0003,0.0003,0.07
1161.365,,,,-0.0003,0.0003,0.07
1161.416,,,,-0.0003,0.0003,0.07
1161.466,,,,-0.0003,0.0003,0.07
1161.517,,,,-0.0003,0.0003,0.07
1161.569,,,,-0.0003,0.0003,0.07
1161.655,,,,-0.0003,0.0003,0.07
1161.706,,,,-0.0003,0.0003,0.07
1161.757,,,,-0.0003,0.0003,0.07
1161.808,,,,-0.0003,0.0003,0.07
1161.858,,,,-0.0003,0.0003,0.07
1161.909,,,,-0.0003,0.0003,0.07
1161.959,,,,-0.0003,0.0003,0.07
1162.01,,,,-0.0003,0.0003,0.07
1162.06,,,,-0.0003,0.0003,0.07
1162.111,,,,-0.0003,0.0003,0.07
1162.161,,,,-0.0003,0.0003,0.07
1162.212,,,,-0.0003,0.0003,0.07
1162.262,,,,-0.0003,0.0003,0.07
1162.313,,,,-0.0003,0.0003,0.07
1162.364,,,,-0.0003,0.0003,0.07
1162.414,,,,-0.0003,0.0003,0.07
1162.465,,,,-0.0003,0.0003,0.07
1162.515,,,,-0.0003,0.0003,0.07
1162.566,,,,-0.0003,0.0003,0.07
1162.617,,,,-0.0003,0.0003,0.07
1162.667,,,,-0.0003,0.0003,0.07
1162.718,,,,-0.0003,0.0003,0.07
1162.768,,,,-0.0003,0.0003,0.07
1162.82,,,,-0.0003,0.0003,0.07
1162.871,,,,-0.0003,0.0003,0.07
1162.921,,,,-0.0003,0.0003,0.07
1162.972,,,,-0.0003,0.0003,0.07
1163.023,,,,-0.0003,0.0003,0.07
1163.074,,,,-0.0003,0.0003,0.07
1163.125,,,,-0.0003,0.0003,0.07
1163.175,,,,-0.0003,0.0003,0.07
1163.226,,,,-0.0003,0.0003,0.07
1163.276,,,,-0.0003,0.0003,0.07
1163.327,,,,-0.0003,0.0003,0.07
1163.378,,,,-0.0003,0.0003,0.07
1163.429,,,,-0.0003,0.0003,0.07
1163.48,,,,-0.0003,0.0003,0.07
1163.531,,,,-0.0003,0.0003,0.07
1163.581,,,,-0.0003,0.0003,0.07
1163.632,,,,-0.0003,0.0003,0.07
1163.683,,,,-0.0003,0.0003,0.07
1163.733,,,,-0.0003,0.0003,0.07
1163.784,,,,-0.0003,0.0003,0.07
1163.835,,,,-0.0003,0.0003,0.07
1163.886,,,,-0.0003,0.0003,0.07
1163.936,,,,-0.0003,0.0003,0.07
1163.987,,,,-0.0003,0.0003,0.07
1164.038,,,,-0.0003,0.0003,0.07
1164.088,,,,-0.0003,0.0003,0.07
1164.139,,,,-0.0003,0.0003,0.07
1164.19,,,,-0.0003,0.0003,0.07
1164.24,,,,-0.0003,0.0003,0.07
1164.291,,,,-0.0003,0.0003,0.07
1164.378,,,,-0.0003,0.0003,0.07
1164.429,,,,-0.0003,0.0003,0.07
1164.48,,,,-0.0003,0.0003,0.07
1164.53,,,,-0.0003,0.0003,0.07
1164.581,,,,-0.0003,0.0003,0.07
1164.632,,,,-0.0003,0.0003,0.07
1164.683,,,,-0.0003,0.0003,0.07
1164.734,,,,-0.0003,0.0003,0.07
1164.785,,,,-0.0003,0.0003,0.07
1164.835,,,,-0.0003,0.0003,0.07
1164.886,,,,-0.0003,0.0003,0.07
1164.937,,,,-0.0003,0.0003,0.07
1164.988,,,,-0.0003,0.0003,0.07
1165.038,,,,-0.0003,0.0003,0.07
1165.089,,,,-0.0003,0.0003,0.07
1165.14,,,,-0.0003,0.0003,0.07
1165.191,,,,-0.0003,0.0003,0.07
1165.242,,,,-0.0003,0.0003,0.07
1165.292,,,,-0.0003,0.0003,0.07
1165.343,,,,-0.0003,0.0003,0.07
1165.394,,,,-0.0003,0.0003,0.07
1165.444,,,,-0.0003,0.0003,0.07
1165.495,,,,-0.0003,0.0003,0.07
1165.546,,,,-0.0003,0.0003,0.07
1165.596,,,,-0.0003,0.0003,0.07
1165.647,,,,-0.0003,0.0003,0.07
1165.698,,,,-0.0003,0.0003,0.07
1165.749,,,,-0.0003,0.0003,0.07
1165.799,,,,-0.0003,0.0003,0.07
1165.85,,,,-0.0003,0.0003,0.07
1165.9,,,,-0.0003,0.0003,0.07
1165.951,,,,-0.0003,0.0003,0.07
1166.002,,,,-0.0003,0.0003,0.07
1166.053,,,,-0.0003,0.0003,0.07
1166.104,,,,-0.0003,0.0003,0.07
1166.155,,,,-0.0003,0.0003,0.07
1166.206,,,,-0.0003,0.0003,0.07
1166.257,,,,-0.0003,0.0003,0.07
1166.308,,,,-0.0003,0.0003,0.07
1166.358,,,,-0.0003,0.0003,0.07
1166.409,,,,-0.0003,0.0003,0.07
1166.461,,,,-0.0003,0.0003,0.07
1166.511,,,,-0.0003,0.0003,0.07
1166.562,,,,-0.0003,0.0003,0.07
1166.613,,,,-0.0003,0.0003,0.07
1166.664,,,,-0.0003,0.0003,0.07
1166.714,,,,-0.0003,0.0003,0.07
1166.765,,,,-0.0003,0.0003,0.07
1166.816,,,,-0.0003,0.0003,0.07
1166.866,,,,-0.0003,0.0003,0.07
1166.917,,,,-0.0003,0.0003,0.07
1166.967,,,,-0.0003,0.0003,0.07
1167.018,,,,-0.0003,0.0003,0.07
1167.106,,,,-0.0003,0.0003,0.07
1167.157,,,,-0.0003,0.0003,0.07
1167.208,,,,-0.0003,0.0003,0.07
1167.259,,,,-0.0003,0.0003,0.07
1167.309,,,,-0.0003,0.0003,0.07
1167.361,,,,-0.0003,0.0003,0.07
1167.411,,,,-0.0003,0.0003,0.07
1167.462,,,,-0.0003,0.0003,0.07
1167.513,,,,-0.0003,0.0003,0.07
1167.563,,,,-0.0003,0.0003,0.07
1167.614,,,,-0.0003,0.0003,0.07
1167.665,,,,-0.0003,0.0003,0.07
1167.715,,,,-0.0003,0.0003,0.07
1167.766,,,,-0.0003,0.0003,0.07
1167.817,,,,-0.0003,0.0003,0.07
1167.868,,,,-0.0003,0.0003,0.07
1167.919,,,,-0.0003,0.0003,0.07
1167.969,,,,-0.0003,0.0003,0.07
1168.02,,,,-0.0003,0.0003,0.07
1168.07,,,,-0.0003,0.0003,0.07
1168.121,,,,-0.0003,0.0003,0.07
1168.172,,,,-0.0003,0.0003,0.07
1168.223,,,,-0.0003,0.0003,0.07
1168.273,,,,-0.0003,0.0003,0.07
1168.324,,,,-0.0003,0.0003,0.07
1168.375,,,,-0.0003,0.0003,0.07
1168.465,,,,-0.0003,0.0003,0.07
1168.516,,,,-0.0003,0.0003,0.07
1168.567,,,,-0.0003,0.0003,0.07
1168.617,,,,-0.0003,0.0003,0.07
1168.668,,,,-0.0003,0.0003,0.07
1168.719,,,,-0.0003,0.0003,0.07
1168.77,,,,-0.0003,0.0003,0.07
1168.821,,,,-0.0003,0.0003,0.07
1168.871,,,,-0.0003,0.0003,0.07
1168.922,,,,-0.0003,0.0003,0.07
1168.972,,,,-0.0003,0.0003,0.07
1169.023,,,,-0.0003,0.0003,0.07
1169.074,,,,-0.0003,0.0003,0.07
1169.125,,,,-0.0003,0.0003,0.07
1169.176,,,,-0.0003,0.0003,0.07
1169.227,,,,-0.0003,0.0003,0.07
1169.278,,,,-0.0003,0.0003,0.07
1169.328,,,,-0.0003,0.0003,0.07
1169.379,,,,-0.0003,0.0003,0.07
1169.43,,,,-0.0003,0.0003,0.07
1169.48,,,,-0.0003,0.0003,0.07
1169.531,,,,-0.0003,0.0003,0.07
1169.581,,,,-0.0003,0.0003,0.07
1169.632,,,,-0.0003,0.0003,0.07
1169.683,,,,-0.0003,0.0003,0.07
1169.734,,,,-0.0003,0.0003,0.07
1169.784,,,,-0.0003,0.0003,0.07
1169.841,,,,-0.0003,0.0003,0.07
1169.891,,,,-0.0003,0.0003,0.07
1169.942,,,,-0.0003,0.0003,0.07
1169.993,,,,-0.0003,0.0003,0.07
1170.043,,,,-0.0003,0.0003,0.07
1170.094,,,,-0.0003,0.0003,0.07
1170.145,,,,-0.0003,0.0003,0.07
1170.196,,,,-0.0003,0.0003,0.07
1170.247,,,,-0.0003,0.0003,0.07
1170.297,,,,-0.0003,0.0003,0.07
1170.348,,,,-0.0003,0.0003,0.07
1170.398,,,,-0.0003,0.0003,0.07
1170.449,,,,-0.0003,0.0003,0.07
1170.5,,,,-0.0003,0.0003,0.07
1170.55,,,,-0.0003,0.0003,0.07
1170.603,,,,-0.0003,0.0003,0.07
1170.653,,,,-0.0003,0.0003,0.07
1170.704,,,,-0.0003,0.0003,0.07
1170.754,,,,-0.0003,0.0003,0.07
1170.805,,,,-0.0003,0.0003,0.07
1170.856,,,,-0.0003,0.0003,0.07
1170.907,,,,-0.0003,0.0003,0.07
1170.958,,,,-0.0003,0.0003,0.07
1171.009,,,,-0.0003,0.0003,0.07
1171.06,,,,-0.0003,0.0003,0.07
1171.11,,,,-0.0003,0.0003,0.07
1171.198,,,,-0.0003,0.0003,0.07
1171.25,,,,-0.0003,0.0003,0.07
1171.301,,,,-0.0003,0.0003,0.07
1171.352,,,,-0.0003,0.0003,0.07
1171.403,,,,-0.0003,0.0003,0.07
1171.453,,,,-0.0003,0.0003,0.07
1171.504,,,,-0.0003,0.0003,0.07
1171.555,,,,-0.0003,0.0003,0.07
1171.605,,,,-0.0003,0.0003,0.07
1171.656,,,,-0.0003,0.0003,0.07
1171.707,,,,-0.0003,0.0003,0.07
1171.758,,,,-0.0003,0.0003,0.07
1171.809,,,,-0.0003,0.0003,0.07
1171.859,,,,-0.0003,0.0003,0.07
1171.909,,,,-0.0003,0.0003,0.07
1171.96,,,,-0.0003,0.0003,0.07
1172.011,,,,-0.0003,0.0003,0.07
1172.062,,,,-0.0003,0.0003,0.07
1172.112,,,,-0.0003,0.0003,0.07
1172.163,,,,-0.0003,0.0003,0.07
1172.214,,,,-0.0003,0.0003,0.07
1172.265,,,,-0.0003,0.0003,0.07
1172.315,,,,-0.0003,0.0003,0.07
1172.366,,,,-0.0003,0.0003,0.07
1172.416,,,,-0.0003,0.0003,0.07
1172.467,,,,-0.0003,0.0003,0.07
1172.518,,,,-0.0003,0.0003,0.07
1172.569,,,,-0.0003,0.0003,0.07
1172.62,,,,-0.0003,0.0003,0.07
1172.67,,,,-0.0003,0.0003,0.07
1172.721,,,,-0.0003,0.0003,0.07
1172.771,,,,-0.0003,0.0003,0.07
1172.822,,,,-0.0003,0.0003,0.07
1172.872,,,,-0.0003,0.0003,0.07
1172.923,,,,-0.0003,0.0003,0.07
1172.974,,,,-0.0003,0.0003,0.07
1173.025,,,,-0.0003,0.0003,0.07
1173.076,,,,-0.0003,0.0003,0.07
1173.126,,,,-0.0003,0.0003,0.07
1173.178,,,,-0.0003,0.0003,0.07
1173.228,,,,-0.0003,0.0003,0.07
1173.279,,,,-0.0003,0.0003,0.07
1173.329,,,,-0.0003,0.0003,0.07
1173.38,,,,-0.0003,0.0003,0.07
1173.43,,,,-0.0003,0.0003,0.07
1173.481,,,,-0.0003,0.0003,0.07
1173.532,,,,-0.0003,0.0003,0.07
1173.582,,,,-0.0003,0.0003,0.07
1173.633,,,,-0.0003,0.0003,0.07
1173.683,,,,-0.0003,0.0003,0.07
1173.734,,,,-0.0003,0.0003,0.07
1173.785,,,,-0.0003,0.0003,0.07
1173.835,,,,-0.0003,0.0003,0.07
1173.886,,,,-0.0003,0.0003,0.07
1173.937,,,,-0.0003,0.0003,0.07
1173.988,,,,-0.0003,0.0003,0.07
1174.038,,,,-0.0003,0.0003,0.07
1174.089,,,,-0.0003,0.0003,0.07
1174.139,,,,-0.0003,0.0003,0.07
1174.19,,,,-0.0003,0.0003,0.07
1174.241,,,,-0.0003,0.0003,0.07
1174.291,,,,-0.0003,0.0003,0.07
1174.342,,,,-0.0003,0.0003,0.07
1174.393,,,,-0.0003,0.0003,0.07
1174.444,,,,-0.0003,0.0003,0.07
1174.494,,,,-0.0003,0.0003,0.07
1174.545,,,,-0.0003,0.0003,0.07
1174.596,,,,-0.0003,0.0003,0.07
1174.647,,,,-0.0003,0.0003,0.07
1174.697,,,,-0.0003,0.0003,0.07
1174.748,,,,-0.0003,0.0003,0.07
1174.798,,,,-0.0003,0.0003,0.07
1174.849,,,,-0.0003,0.0003,0.07
1174.9,,,,-0.0003,0.0003,0.07
1174.95,,,,-0.0003,0.0003,0.07
1175.001,,,,-0.0003,0.0003,0.07
1175.051,,,,-0.0003,0.0003,0.07
1175.103,,,,-0.0003,0.0003,0.07
1175.154,,,,-0.0003,0.0003,0.07
1175.204,,,,-0.0003,0.0003,0.07
1175.285,,,,-0.0003,0.0003,0.07
1175.336,,,,-0.0003,0.0003,0.07
1175.387,,,,-0.0003,0.0003,0.07
1175.438,,,,-0.0003,0.0003,0.07
1175.488,,,,-0.0003,0.0003,0.07
1175.539,,,,-0.0003,0.0003,0.07
1175.59,,,,-0.0003,0.0003,0.07
1175.641,,,,-0.0003,0.0003,0.07
1175.692,,,,-0.0003,0.0003,0.07
1175.742,,,,-0.0003,0.0003,0.07
1175.793,,,,-0.0003,0.0003,0.07
1175.844,,,,-0.0003,0.0003,0.07
1175.895,,,,-0.0003,0.0003,0.07
1175.945,,,,-0.0003,0.0003,0.07
1175.997,,,,-0.0003,0.0003,0.07
1176.047,,,,-0.0003,0.0003,0.07
1176.098,,,,-0.0003,0.0003,0.07
1176.149,,,,-0.0003,0.0003,0.07
1176.2,,,,-0.0003,0.0003,0.07
1176.251,,,,-0.0003,0.0003,0.07
1176.302,,,,-0.0003,0.0003,0.07
1176.352,,,,-0.0003,0.0003,0.07
1176.403,,,,-0.0003,0.0003,0.07
1176.454,,,,-0.0003,0.0003,0.07
1176.505,,,,-0.0003,0.0003,0.07
1176.557,,,,-0.0003,0.0003,0.07
1176.646,,,,-0.0003,0.0003,0.07
1176.698,,,,-0.0003,0.0003,0.07
1176.749,,,,-0.0003,0.0003,0.07
1176.8,,,,-0.0003,0.0003,0.07
1176.85,,,,-0.0003,0.0003,0.07
1176.902,,,,-0.0003,0.0003,0.07
1176.952,,,,-0.0003,0.0003,0.07
1177.003,,,,-0.0003,0.0003,0.07
1177.053,,,,-0.0003,0.0003,0.07
1177.104,,,,-0.0003,0.0003,0.07
1177.156,,,,-0.0003,0.0003,0.07
1177.207,,,,-0.0003,0.0003,0.07
1177.258,,,,-0.0003,0.0003,0.07
1177.309,,,,-0.0003,0.0003,0.07
1177.36,,,,-0.0003,0.0003,0.07
1177.411,,,,-0.0003,0.0003,0.07
1177.462,,,,-0.0003,0.0003,0.07
1177.512,,,,-0.0003,0.0003,0.07
1177.563,,,,-0.0003,0.0003,0.07
1177.614,,,,-0.0003,0.0003,0.07
1177.665,,,,-0.0003,0.0003,0.07
1177.715,,,,-0.0003,0.0003,0.07
1177.766,,,,-0.0003,0.0003,0.07
1177.816,,,,-0.0003,0.0003,0.07
1177.867,,,,-0.0003,0.0003,0.07
1177.917,,,,-0.0003,0.0003,0.07
1177.968,,,,-0.0003,0.0003,0.07
1178.018,,,,-0.0003,0.0003,0.07
1178.069,,,,-0.0003,0.0003,0.07
1178.12,,,,-0.0003,0.0003,0.07
1178.17,,,,-0.0003,0.0003,0.07
1178.221,,,,-0.0003,0.0003,0.07
1178.271,,,,-0.0003,0.0003,0.07
1178.322,,,,-0.0003,0.0003,0.07
1178.373,,,,-0.0003,0.0003,0.07
1178.423,,,,-0.0003,0.0003,0.07
1178.474,,,,-0.0003,0.0003,0.07
1178.525,,,,-0.0003,0.0003,0.07
1178.576,,,,-0.0003,0.0003,0.07
1178.626,,,,-0.0003,0.0003,0.07
1178.677,,,,-0.0003,0.0003,0.07
1178.728,,,,-0.0003,0.0003,0.07
1178.779,,,,-0.0003,0.0003,0.07
1178.829,,,,-0.0003,0.0003,0.07
1178.88,,,,-0.0003,0.0003,0.07
1178.93,,,,-0.0003,0.0003,0.07
1178.981,,,,-0.0003,0.0003,0.07
1179.032,,,,-0.0003,0.0003,0.07
1179.083,,,,-0.0003,0.0003,0.07
1179.133,,,,-0.0003,0.0003,0.07
1179.184,,,,-0.0003,0.0003,0.07
1179.235,,,,-0.0003,0.0003,0.07
1179.286,,,,-0.0003,0.0003,0.07
1179.337,,,,-0.0003,0.0003,0.07
1179.387,,,,-0.0003,0.0003,0.07
1179.438,,,,-0.0003,0.0003,0.07
1179.488,,,,-0.0003,0.0003,0.07
1179.539,,,,-0.0003,0.0003,0.07
1179.59,,,,-0.0003,0.0003,0.07
1179.64,,,,-0.0003,0.0003,0.07
1179.691,,,,-0.0003,0.0003,0.07
1179.742,,,,-0.0003,0.0003,0.07
1179.792,,,,-0.0003,0.0003,0.07
1179.843,,,,-0.0003,0.0003,0.07
1179.893,,,,-0.0003,0.0003,0.07
1179.944,,,,-0.0003,0.0003,0.07
1179.995,,,,-0.0003,0.0003,0.07
1180.045,,,,-0.0003,0.0003,0.07
1180.096,,,,-0.0003,0.0003,0.07
1180.147,,,,-0.0003,0.0003,0.07
1180.198,,,,-0.0003,0.0003,0.07
1180.249,,,,-0.0003,0.0003,0.07
1180.3,,,,-0.0003,0.0003,0.07
1180.351,,,,-0.0003,0.0003,0.07
1180.402,,,,-0.0003,0.0003,0.07
1180.452,,,,-0.0003,0.0003,0.07
1180.503,,,,-0.0003,0.0003,0.07
1180.554,,,,-0.0003,0.0003,0.07
1180.604,,,,-0.0003,0.0003,0.07
1180.655,,,,-0.0003,0.0003,0.07
1180.738,,,,-0.0003,0.0003,0.07
1180.788,,,,-0.0003,0.0003,0.07
1180.839,,,,-0.0003,0.0003,0.07
1180.889,,,,-0.0003,0.0003,0.07
1180.94,,,,-0.0003,0.0003,0.07
1180.991,,,,-0.0003,0.0003,0.07
1181.041,,,,-0.0003,0.0003,0.07
1181.091,,,,-0.0003,0.0003,0.07
1181.143,,,,-0.0003,0.0003,0.07
1181.193,,,,-0.0003,0.0003,0.07
1181.243,,,,-0.0003,0.0003,0.07
1181.294,,,,-0.0003,0.0003,0.07
1181.346,,,,-0.0003,0.0003,0.07
1181.397,,,,-0.0003,0.0003,0.07
1181.447,,,,-0.0003,0.0003,0.07
1181.498,,,,-0.0003,0.0003,0.07
1181.549,,,,-0.0003,0.0003,0.07
1181.6,,,,-0.0003,0.0003,0.07
1181.651,,,,-0.0003,0.0003,0.07
1181.702,,,,-0.0003,0.0003,0.07
1181.753,,,,-0.0003,0.0003,0.07
1181.804,,,,-0.0003,0.0003,0.07
1181.855,,,,-0.0003,0.0003,0.07
1181.906,,,,-0.0003,0.0003,0.07
1181.957,,,,-0.0003,0.0003,0.07
1182.008,,,,-0.0003,0.0003,0.07
1182.058,,,,-0.0003,0.0003,0.07
1182.109,,,,-0.0003,0.0003,0.07
1182.16,,,,-0.0003,0.0003,0.07
1182.21,,,,-0.0003,0.0003,0.07
1182.261,,,,-0.0003,0.0003,0.07
1182.311,,,,-0.0003,0.0003,0.07
1182.362,,,,-0.0003,0.0003,0.07
1182.412,,,,-0.0003,0.0003,0.07
1182.463,,,,-0.0003,0.0003,0.07
1182.514,,,,-0.0003,0.0003,0.07
1182.564,,,,-0.0003,0.0003,0.07
1182.614,,,,-0.0003,0.0003,0.07
1182.665,,,,-0.0003,0.0003,0.07
1182.715,,,,-0.0003,0.0003,0.07
1182.766,,,,-0.0003,0.0003,0.07
1182.817,,,,-0.0003,0.0003,0.07
1182.867,,,,-0.0003,0.0003,0.07
1182.918,,,,-0.0003,0.0003,0.07
1182.969,,,,-0.0003,0.0003,0.07
1183.019,,,,-0.0003,0.0003,0.07
1183.07,,,,-0.0003,0.0003,0.07
1183.12,,,,-0.0003,0.0003,0.07
1183.17,,,,-0.0003,0.0003,0.07
1183.221,,,,-0.0003,0.0003,0.07
1183.271,,,,-0.0003,0.0003,0.07
1183.322,,,,-0.0003,0.0003,0.07
1183.373,,,,-0.0003,0.0003,0.07
1183.423,,,,-0.0003,0.0003,0.07
1183.474,,,,-0.0003,0.0003,0.07
1183.524,,,,-0.0003,0.0003,0.07
1183.575,,,,-0.0003,0.0003,0.07
1183.625,,,,-0.0003,0.0003,0.07
1183.676,,,,-0.0003,0.0003,0.07
1183.726,,,,-0.0003,0.0003,0.07
1183.777,,,,-0.0003,0.0003,0.07
1183.827,,,,-0.0003,0.0003,0.07
1183.878,,,,-0.0003,0.0003,0.07
1183.928,,,,-0.0003,0.0003,0.07
1183.979,,,,-0.0003,0.0003,0.07
1184.029,,,,-0.0003,0.0003,0.07
1184.08,,,,-0.0003,0.0003,0.07
1184.13,,,,-0.0003,0.0003,0.07
1184.181,,,,-0.0003,0.0003,0.07
1184.231,,,,-0.0003,0.0003,0.07
1184.282,,,,-0.0003,0.0003,0.07
1184.332,,,,-0.0003,0.0003,0.07
1184.383,,,,-0.0003,0.0003,0.07
1184.434,,,,-0.0003,0.0003,0.07
1184.485,,,,-0.0003,0.0003,0.07
1184.535,,,,-0.0003,0.0003,0.07
1184.586,,,,-0.0003,0.0003,0.07
1184.637,,,,-0.0003,0.0003,0.07
1184.687,,,,-0.0003,0.0003,0.07
1184.737,,,,-0.0003,0.0003,0.07
1184.788,,,,-0.0003,0.0003,0.07
1184.839,,,,-0.0003,0.0003,0.07
1184.889,,,,-0.0003,0.0003,0.07
1184.94,,,,-0.0003,0.0003,0.07
1184.991,,,,-0.0003,0.0003,0.07
1185.041,,,,-0.0003,0.0003,0.07
1185.092,,,,-0.0003,0.0003,0.07
1185.143,,,,-0.0003,0.0003,0.07
1185.193,,,,-0.0003,0.0003,0.07
1185.244,,,,-0.0003,0.0003,0.07
1185.295,,,,-0.0003,0.0003,0.07
1185.345,,,,-0.0003,0.0003,0.07
1185.396,,,,-0.0003,0.0003,0.07
1185.446,,,,-0.0003,0.0003,0.07
1185.497,,,,-0.0003,0.0003,0.07
1185.549,,,,-0.0003,0.0003,0.07
1185.6,,,,-0.0003,0.0003,0.07
1185.652,,,,-0.0003,0.0003,0.07
1185.704,,,,-0.0003,0.0003,0.07
1185.756,,,,-0.0003,0.0003,0.07
1185.808,,,,-0.0003,0.0003,0.07
1185.859,,,,-0.0003,0.0003,0.07
1185.918,,,,-0.0003,0.0003,0.07
1185.971,,,,-0.0003,0.0003,0.07
1186.023,,,,-0.0003,0.0003,0.07
1186.073,,,,-0.0003,0.0003,0.07
1186.124,,,,-0.0003,0.0003,0.07
1186.198,,,,-0.0003,0.0003,0.07
1186.249,,,,-0.0003,0.0003,0.07
1186.299,,,,-0.0003,0.0003,0.07
1186.35,,,,-0.0003,0.0003,0.07
1186.4,,,,-0.0003,0.0003,0.07
1186.451,,,,-0.0003,0.0003,0.07
1186.503,,,,-0.0003,0.0003,0.07
1186.553,,,,-0.0003,0.0003,0.07
1186.605,,,,-0.0003,0.0003,0.07
1186.657,,,,-0.0003,0.0003,0.07
1186.708,,,,-0.0003,0.0003,0.07
1186.759,,,,-0.0003,0.0003,0.07
1186.811,,,,-0.0003,0.0003,0.07
1186.862,,,,-0.0003,0.0003,0.07
1186.913,,,,-0.0003,0.0003,0.07
1186.964,,,,-0.0003,0.0003,0.07
1187.015,,,,-0.0003,0.0003,0.07
1187.066,,,,-0.0003,0.0003,0.07
1187.117,,,,-0.0003,0.0003,0.07
1187.168,,,,-0.0003,0.0003,0.07
1187.22,,,,-0.0003,0.0003,0.07
1187.271,,,,-0.0003,0.0003,0.07
1187.322,,,,-0.0003,0.0003,0.07
1187.372,,,,-0.0003,0.0003,0.07
1187.423,,,,-0.0003,0.0003,0.07
1187.474,,,,-0.0003,0.0003,0.07
1187.553,,,,-0.0003,0.0003,0.07
1187.604,,,,-0.0003,0.0003,0.07
1187.655,,,,-0.0003,0.0003,0.07
1187.707,,,,-0.0003,0.0003,0.07
1187.757,,,,-0.0003,0.0003,0.07
1187.808,,,,-0.0003,0.0003,0.07
1187.858,,,,-0.0003,0.0003,0.07
1187.909,,,,-0.0003,0.0003,0.07
1187.959,,,,-0.0003,0.0003,0.07
1188.01,,,,-0.0003,0.0003,0.07
1188.06,,,,-0.0003,0.0003,0.07
1188.111,,,,-0.0003,0.0003,0.07
1188.161,,,,-0.0003,0.0003,0.07
1188.213,,,,-0.0003,0.0003,0.07
1188.264,,,,-0.0003,0.0003,0.07
1188.315,,,,-0.0003,0.0003,0.07
1188.366,,,,-0.0003,0.0003,0.07
1188.416,,,,-0.0003,0.0003,0.07
1188.468,,,,-0.0003,0.0003,0.07
1188.52,,,,-0.0003,0.0003,0.07
1188.573,,,,-0.0003,0.0003,0.07
1188.625,,,,-0.0003,0.0003,0.07
1188.677,,,,-0.0003,0.0003,0.07
1188.727,,,,-0.0003,0.0003,0.07
1188.779,,,,-0.0003,0.0003,0.07
1188.831,,,,-0.0003,0.0003,0.07
1188.881,,,,-0.0003,0.0003,0.07
1188.933,,,,-0.0003,0.0003,0.07
1188.984,,,,-0.0003,0.0003,0.07
1189.034,,,,-0.0003,0.0003,0.07
1189.085,,,,-0.0003,0.0003,0.07
1189.136,,,,-0.0003,0.0003,0.07
1189.187,,,,-0.0003,0.0003,0.07
1189.237,,,,-0.0003,0.0003,0.07
1189.288,,,,-0.0003,0.0003,0.07
1189.339,,,,-0.0003,0.0003,0.07
1189.389,,,,-0.0003,0.0003,0.07
1189.44,,,,-0.0003,0.0003,0.07
1189.49,,,,-0.0003,0.0003,0.07
1189.541,,,,-0.0003,0.0003,0.07
1189.592,,,,-0.0003,0.0003,0.07
1189.643,,,,-0.0003,0.0003,0.07
1189.693,,,,-0.0003,0.0003,0.07
1189.743,,,,-0.0003,0.0003,0.07
1189.794,,,,-0.0003,0.0003,0.07
1189.845,,,,-0.0003,0.0003,0.07
1189.896,,,,-0.0003,0.0003,0.07
1189.947,,,,-0.0003,0.0003,0.07
1189.997,,,,-0.0003,0.0003,0.07
1190.048,,,,-0.0003,0.0003,0.07
1190.099,,,,-0.0003,0.0003,0.07
1190.149,,,,-0.0003,0.0003,0.07
1190.2,,,,-0.0003,0.0003,0.07
1190.273,,,,-0.0003,0.0003,0.07
1190.323,,,,-0.0003,0.0003,0.07
1190.374,,,,-0.0003,0.0003,0.07
1190.424,,,,-0.0003,0.0003,0.07
1190.484,,,,-0.0003,0.0003,0.07
1190.542,,,,-0.0003,0.0003,0.07
1190.593,,,,-0.0003,0.0003,0.07
1190.644,,,,-0.0003,0.0003,0.07
1190.695,,,,-0.0003,0.0003,0.07
1190.746,,,,-0.0003,0.0003,0.07
1190.796,,,,-0.0003,0.0003,0.07
1190.846,,,,-0.0003,0.0003,0.07
1190.897,,,,-0.0003,0.0003,0.07
1190.948,,,,-0.0003,0.0003,0.07
1191.0,,,,-0.0003,0.0003,0.07
1191.051,,,,-0.0003,0.0003,0.07
1191.101,,,,-0.0003,0.0003,0.07
1191.152,,,,-0.0003,0.0003,0.07
1191.202,,,,-0.0003,0.0003,0.07
1191.253,,,,-0.0003,0.0003,0.07
1191.304,,,,-0.0003,0.0003,0.07
1191.355,,,,-0.0003,0.0003,0.07
1191.406,,,,-0.0003,0.0003,0.07
1191.457,,,,-0.0003,0.0003,0.07
1191.507,,,,-0.0003,0.0003,0.07
1191.558,,,,-0.0003,0.0003,0.07
1191.609,,,,-0.0003,0.0003,0.07
1191.66,,,,-0.0003,0.0003,0.07
1191.711,,,,-0.0003,0.0003,0.07
1191.761,,,,-0.0003,0.0003,0.07
1191.812,,,,-0.0003,0.0003,0.07
1191.863,,,,-0.0003,0.0003,0.07
1191.914,,,,-0.0003,0.0003,0.07
1191.964,,,,-0.0003,0.0003,0.07
1192.015,,,,-0.0003,0.0003,0.07
1192.065,,,,-0.0003,0.0003,0.07
1192.116,,,,-0.0003,0.0003,0.07
1192.167,,,,-0.0003,0.0003,0.07
1192.218,,,,-0.0003,0.0003,0.07
1192.268,,,,-0.0003,0.0003,0.07
1192.319,,,,-0.0003,0.0003,0.07
1192.37,,,,-0.0003,0.0003,0.07
1192.42,,,,-0.0003,0.0003,0.07
1192.471,,,,-0.0003,0.0003,0.07
1192.521,,,,-0.0003,0.0003,0.07
1192.572,,,,-0.0003,0.0003,0.07
1192.623,,,,-0.0003,0.0003,0.07
1192.673,,,,-0.0003,0.0003,0.07
1192.724,,,,-0.0003,0.0003,0.07
1192.775,,,,-0.0003,0.0003,0.07
1192.826,,,,-0.0003,0.0003,0.07
1192.877,,,,-0.0003,0.0003,0.07
1192.928,,,,-0.0003,0.0003,0.07
1193.009,,,,-0.0003,0.0003,0.07
1193.06,,,,-0.0003,0.0003,0.07
1193.111,,,,-0.0003,0.0003,0.07
1193.161,,,,-0.0003,0.0003,0.07
1193.212,,,,-0.0003,0.0003,0.07
1193.262,,,,-0.0003,0.0003,0.07
1193.313,,,,-0.0003,0.0003,0.07
1193.364,,,,-0.0003,0.0003,0.07
1193.415,,,,-0.0003,0.0003,0.07
1193.465,,,,-0.0003,0.0003,0.07
1193.516,,,,-0.0003,0.0003,0.07
1193.567,,,,-0.0003,0.0003,0.07
1193.618,,,,-0.0003,0.0003,0.07
1193.669,,,,-0.0003,0.0003,0.07
1193.719,,,,-0.0003,0.0003,0.07
1193.77,,,,-0.0003,0.0003,0.07
1193.82,,,,-0.0003,0.0003,0.07
1193.871,,,,-0.0003,0.0003,0.07
1193.922,,,,-0.0003,0.0003,0.07
1193.972,,,,-0.0003,0.0003,0.07
1194.023,,,,-0.0003,0.0003,0.07
1194.073,,,,-0.0003,0.0003,0.07
1194.124,,,,-0.0003,0.0003,0.07
1194.174,,,,-0.0003,0.0003,0.07
1194.225,,,,-0.0003,0.0003,0.07
1194.275,,,,-0.0003,0.0003,0.07
1194.326,,,,-0.0003,0.0003,0.07
1194.377,,,,-0.0003,0.0003,0.07
1194.427,,,,-0.0003,0.0003,0.07
1194.478,,,,-0.0003,0.0003,0.07
1194.529,,,,-0.0003,0.0003,0.07
1194.579,,,,-0.0003,0.0003,0.07
1194.63,,,,-0.0003,0.0003,0.07
1194.681,,,,-0.0003,0.0003,0.07
1194.731,,,,-0.0003,0.0003,0.07
1194.782,,,,-0.0003,0.0003,0.07
1194.832,,,,-0.0003,0.0003,0.07
1194.883,,,,-0.0003,0.0003,0.07
1194.934,,,,-0.0003,0.0003,0.07
1194.984,,,,-0.0003,0.0003,0.07
1195.035,,,,-0.0003,0.0003,0.07
1195.086,,,,-0.0003,0.0003,0.07
1195.137,,,,-0.0003,0.0003,0.07
1195.188,,,,-0.0003,0.0003,0.07
1195.238,,,,-0.0003,0.0003,0.07
1195.289,,,,-0.0003,0.0003,0.07
1195.339,,,,-0.0003,0.0003,0.07
1195.39,,,,-0.0003,0.0003,0.07
1195.441,,,,-0.0003,0.0003,0.07
1195.491,,,,-0.0003,0.0003,0.07
1195.542,,,,-0.0003,0.0003,0.07
1195.593,,,,-0.0003,0.0003,0.07
1195.644,,,,-0.0003,0.0003,0.07
1195.694,,,,-0.0003,0.0003,0.07
1195.744,,,,-0.0003,0.0003,0.07
1195.795,,,,-0.0003,0.0003,0.07
1195.846,,,,-0.0003,0.0003,0.07
1195.897,,,,-0.0003,0.0003,0.07
1195.947,,,,-0.0003,0.0003,0.07
1195.998,,,,-0.0003,0.0003,0.07
1196.049,,,,-0.0003,0.0003,0.07
1196.1,,,,-0.0003,0.0003,0.07
1196.15,,,,-0.0003,0.0003,0.07
1196.201,,,,-0.0003,0.0003,0.07
1196.252,,,,-0.0003,0.0003,0.07
1196.303,,,,-0.0003,0.0003,0.07
1196.354,,,,-0.0003,0.0003,0.07
1196.406,,,,-0.0003,0.0003,0.07
1196.456,,,,-0.0003,0.0003,0.07
1196.508,,,,-0.0003,0.0003,0.07
1196.558,,,,-0.0003,0.0003,0.07
1196.609,,,,-0.0003,0.0003,0.07
1196.659,,,,-0.0003,0.0003,0.07
1196.71,,,,-0.0003,0.0003,0.07
1196.761,,,,-0.0003,0.0003,0.07
1196.811,,,,-0.0003,0.0003,0.07
1196.862,,,,-0.0003,0.0003,0.07
1196.912,,,,-0.0003,0.0003,0.07
1196.964,,,,-0.0003,0.0003,0.07
1197.014,,,,-0.0003,0.0003,0.07
1197.065,,,,-0.0003,0.0003,0.07
1197.115,,,,-0.0003,0.0003,0.07
1197.166,,,,-0.0003,0.0003,0.07
1197.217,,,,-0.0003,0.0003,0.07
1197.267,,,,-0.0003,0.0003,0.07
1197.318,,,,-0.0003,0.0003,0.07
1197.369,,,,-0.0003,0.0003,0.07
1197.42,,,,-0.0003,0.0003,0.07
1197.47,,,,-0.0003,0.0003,0.07
1197.521,,,,-0.0003,0.0003,0.07
1197.571,,,,-0.0003,0.0003,0.07
1197.622,,,,-0.0003,0.0003,0.07
1197.673,,,,-0.0003,0.0003,0.07
1197.724,,,,-0.0003,0.0003,0.07
1197.775,,,,-0.0003,0.0003,0.07
1197.826,,,,-0.0003,0.0003,0.07
1197.877,,,,-0.0003,0.0003,0.07
1197.927,,,,-0.0003,0.0003,0.07
1197.978,,,,-0.0003,0.0003,0.07
1198.029,,,,-0.0003,0.0003,0.07
1198.079,,,,-0.0003,0.0003,0.07
1198.13,,,,-0.0003,0.0003,0.07
1198.181,,,,-0.0003,0.0003,0.07
1198.231,,,,-0.0003,0.0003,0.07
1198.282,,,,-0.0003,0.0003,0.07
1198.333,,,,-0.0003,0.0003,0.07
1198.384,,,,-0.0003,0.0003,0.07
1198.462,,,,-0.0003,0.0003,0.07
1198.513,,,,-0.0003,0.0003,0.07
1198.564,,,,-0.0003,0.0003,0.07
1198.615,,,,-0.0003,0.0003,0.07
1198.666,,,,-0.0003,0.0003,0.07
1198.716,,,,-0.0003,0.0003,0.07
1198.767,,,,-0.0003,0.0003,0.07
1198.818,,,,-0.0003,0.0003,0.07
1198.868,,,,-0.0003,0.0003,0.07
1198.919,,,,-0.0003,0.0003,0.07
1198.97,,,,-0.0003,0.0003,0.07
1199.021,,,,-0.0003,0.0003,0.07
1199.072,,,,-0.0003,0.0003,0.07
1199.122,,,,-0.0003,0.0003,0.07
1199.173,,,,-0.0003,0.0003,0.07
1199.224,,,,-0.0003,0.0003,0.07
1199.275,,,,-0.0003,0.0003,0.07
1199.325,,,,-0.0003,0.0003,0.07
1199.376,,,,-0.0003,0.0003,0.07
1199.426,,,,-0.0003,0.0003,0.07
1199.477,,,,-0.0003,0.0003,0.07
1199.527,,,,-0.0003,0.0003,0.07
1199.578,,,,-0.0003,0.0003,0.07
1199.629,,,,-0.0003,0.0003,0.07
1199.679,,,,-0.0003,0.0003,0.07
1199.732,,,,-0.0003,0.0003,0.07
1199.822,,,,-0.0003,0.0003,0.07
1199.873,,,,-0.0003,0.0003,0.07
1199.923,,,,-0.0003,0.0003,0.07
1199.974,,,,-0.0003,0.0003,0.07
1200.025,,,,-0.0003,0.0003,0.07
1200.076,,,,-0.0003,0.0003,0.07
1200.127,,,,-0.0003,0.0003,0.07
1200.178,,,,-0.0003,0.0003,0.07
1200.229,,,,-0.0003,0.0003,0.07
1200.279,,,,-0.0003,0.0003,0.07
1200.33,,,,-0.0003,0.0003,0.07
1200.381,,,,-0.0003,0.0003,0.07
1200.433,,,,-0.0003,0.0003,0.07
1200.483,,,,-0.0003,0.0003,0.07
1200.533,,,,-0.0003,0.0003,0.07
1200.584,,,,-0.0003,0.0003,0.07
1200.634,,,,-0.0003,0.0003,0.07
1200.685,,,,-0.0003,0.0003,0.07
1200.736,,,,-0.0003,0.0003,0.07
1200.787,,,,-0.0003,0.0003,0.07
1200.838,,,,-0.0003,0.0003,0.07
1200.888,,,,-0.0003,0.0003,0.07
1200.939,,,,-0.0003,0.0003,0.07
1200.99,,,,-0.0003,0.0003,0.07
1201.041,,,,-0.0003,0.0003,0.07
1201.092,,,,-0.0003,0.0003,0.07
1201.142,,,,-0.0003,0.0003,0.07
1201.193,,,,-0.0003,0.0003,0.07
1201.244,,,,-0.0003,0.0003,0.07
1201.294,,,,-0.0003,0.0003,0.07
1201.345,,,,-0.0003,0.0003,0.07
1201.396,,,,-0.0003,0.0003,0.07
1201.447,,,,-0.0003,0.0003,0.07
1201.497,,,,-0.0003,0.0003,0.07
1201.548,,,,-0.0003,0.0003,0.07
1201.599,,,,-0.0003,0.0003,0.07
1201.65,,,,-0.0003,0.0003,0.07
1201.7,,,,-0.0003,0.0003,0.07
1201.751,,,,-0.0003,0.0003,0.07
1201.802,,,,-0.0003,0.0003,0.07
1201.852,,,,-0.0003,0.0003,0.07
1201.903,,,,-0.0003,0.0003,0.07
1201.953,,,,-0.0003,0.0003,0.07
1202.004,,,,-0.0003,0.0003,0.07
1202.055,,,,-0.0003,0.0003,0.07
1202.106,,,,-0.0003,0.0003,0.07
1202.157,,,,-0.0003,0.0003,0.07
1202.208,,,,-0.0003,0.0003,0.07
1202.258,,,,-0.0003,0.0003,0.07
1202.309,,,,-0.0003,0.0003,0.07
1202.359,,,,-0.0003,0.0003,0.07
1202.41,,,,-0.0003,0.0003,0.07
1202.46,,,,-0.0003,0.0003,0.07
1202.545,,,,-0.0003,0.0003,0.07
1202.596,,,,-0.0003,0.0003,0.07
1202.646,,,,-0.0003,0.0003,0.07
1202.697,,,,-0.0003,0.0003,0.07
1202.748,,,,-0.0003,0.0003,0.07
1202.798,,,,-0.0003,0.0003,0.07
1202.849,,,,-0.0003,0.0003,0.07
1202.9,,,,-0.0003,0.0003,0.07
1202.951,,,,-0.0003,0.0003,0.07
1203.001,,,,-0.0003,0.0003,0.07
1203.052,,,,-0.0003,0.0003,0.07
1203.103,,,,-0.0003,0.0003,0.07
1203.154,,,,-0.0003,0.0003,0.07
1203.204,,,,-0.0003,0.0003,0.07
1203.255,,,,-0.0003,0.0003,0.07
1203.305,,,,-0.0003,0.0003,0.07
1203.356,,,,-0.0003,0.0003,0.07
1203.407,,,,-0.0003,0.0003,0.07
1203.457,,,,-0.0003,0.0003,0.07
1203.507,,,,-0.0003,0.0003,0.07
1203.558,,,,-0.0003,0.0003,0.07
1203.609,,,,-0.0003,0.0003,0.07
1203.659,,,,-0.0003,0.0003,0.07
1203.71,,,,-0.0003,0.0003,0.07
1203.76,,,,-0.0003,0.0003,0.07
1203.811,,,,-0.0003,0.0003,0.07
1203.861,,,,-0.0003,0.0003,0.07
1203.912,,,,-0.0003,0.0003,0.07
1203.962,,,,-0.0003,0.0003,0.07
1204.013,,,,-0.0003,0.0003,0.07
1204.064,,,,-0.0003,0.0003,0.07
1204.115,,,,-0.0003,0.0003,0.07
1204.165,,,,-0.0003,0.0003,0.07
1204.216,,,,-0.0003,0.0003,0.07
1204.267,,,,-0.0003,0.0003,0.07
1204.317,,,,-0.0003,0.0003,0.07
1204.368,,,,-0.0003,0.0003,0.07
1204.419,,,,-0.0003,0.0003,0.07
1204.469,,,,-0.0003,0.0003,0.07
1204.52,,,,-0.0003,0.0003,0.07
1204.571,,,,-0.0003,0.0003,0.07
1204.621,,,,-0.0003,0.0003,0.07
1204.671,,,,-0.0003,0.0003,0.07
1204.722,,,,-0.0003,0.0003,0.07
1204.773,,,,-0.0003,0.0003,0.07
1204.823,,,,-0.0003,0.0003,0.07
1204.874,,,,-0.0003,0.0003,0.07
1204.925,,,,-0.0003,0.0003,0.07
1204.975,,,,-0.0003,0.0003,0.07
1205.026,,,,-0.0003,0.0003,0.07
1205.077,,,,-0.0003,0.0003,0.07
1205.127,,,,-0.0003,0.0003,0.07
1205.178,,,,-0.0003,0.0003,0.07
1205.229,,,,-0.0003,0.0003,0.07
1205.279,,,,-0.0003,0.0003,0.07
1205.33,,,,-0.0003,0.0003,0.07
1205.381,,,,-0.0003,0.0003,0.07
1205.431,,,,-0.0003,0.0003,0.07
1205.482,,,,-0.0003,0.0003,0.07
1205.533,,,,-0.0003,0.0003,0.07
1205.583,,,,-0.0003,0.0003,0.07
1205.634,,,,-0.0003,0.0003,0.07
1205.685,,,,-0.0003,0.0003,0.07
1205.736,,,,-0.0003,0.0003,0.07
1205.786,,,,-0.0003,0.0003,0.07
1205.837,,,,-0.0003,0.0003,0.07
1205.888,,,,-0.0003,0.0003,0.07
1205.939,,,,-0.0003,0.0003,0.07
1205.99,,,,-0.0003,0.0003,0.07
1206.04,,,,-0.0003,0.0003,0.07
1206.091,,,,-0.0003,0.0003,0.07
1206.142,,,,-0.0003,0.0003,0.07
1206.193,,,,-0.0003,0.0003,0.07
1206.243,,,,-0.0003,0.0003,0.07
1206.294,,,,-0.0003,0.0003,0.07
1206.345,,,,-0.0003,0.0003,0.07
1206.396,,,,-0.0003,0.0003,0.07
1206.446,,,,-0.0003,0.0003,0.07
1206.497,,,,-0.0003,0.0003,0.07
1206.548,,,,-0.0003,0.0003,0.07
1206.636,,,,-0.0003,0.0003,0.07
1206.686,,,,-0.0003,0.0003,0.07
1206.737,,,,-0.0003,0.0003,0.07
1206.788,,,,-0.0003,0.0003,0.07
1206.838,,,,-0.0003,0.0003,0.07
1206.889,,,,-0.0003,0.0003,0.07
1206.94,,,,-0.0003,0.0003,0.07
1206.99,,,,-0.0003,0.0003,0.07
1207.041,,,,-0.0003,0.0003,0.07
1207.092,,,,-0.0003,0.0003,0.07
1207.143,,,,-0.0003,0.0003,0.07
1207.193,,,,-0.0003,0.0003,0.07
1207.244,,,,-0.0003,0.0003,0.07
1207.295,,,,-0.0003,0.0003,0.07
1207.346,,,,-0.0003,0.0003,0.07
1207.396,,,,-0.0003,0.0003,0.07
1207.447,,,,-0.0003,0.0003,0.07
1207.498,,,,-0.0003,0.0003,0.07
1207.55,,,,-0.0003,0.0003,0.07
1207.6,,,,-0.0003,0.0003,0.07
1207.651,,,,-0.0003,0.0003,0.07
1207.702,,,,-0.0003,0.0003,0.07
1207.752,,,,-0.0003,0.0003,0.07
1207.803,,,,-0.0003,0.0003,0.07
1207.853,,,,-0.0003,0.0003,0.07
1207.904,,,,-0.0003,0.0003,0.07
1207.954,,,,-0.0003,0.0003,0.07
1208.01,,,,-0.0003,0.0003,0.07
1208.061,,,,-0.0003,0.0003,0.07
1208.112,,,,-0.0003,0.0003,0.07
1208.162,,,,-0.0003,0.0003,0.07
1208.213,,,,-0.0003,0.0003,0.07
1208.263,,,,-0.0003,0.0003,0.07
1208.314,,,,-0.0003,0.0003,0.07
1208.364,,,,-0.0003,0.0003,0.07
1208.415,,,,-0.0003,0.0003,0.07
1208.466,,,,-0.0003,0.0003,0.07
1208.517,,,,-0.0003,0.0003,0.07
1208.567,,,,-0.0003,0.0003,0.07
1208.618,,,,-0.0003,0.0003,0.07
1208.669,,,,-0.0003,0.0003,0.07
1208.72,,,,-0.0003,0.0003,0.07
1208.77,,,,-0.0003,0.0003,0.07
1208.821,,,,-0.0003,0.0003,0.07
1208.872,,,,-0.0003,0.0003,0.07
1208.922,,,,-0.0003,0.0003,0.07
1208.974,,,,-0.0003,0.0003,0.07
1209.024,,,,-0.0003,0.0003,0.07
1209.075,,,,-0.0003,0.0003,0.07
1209.126,,,,-0.0003,0.0003,0.07
1209.177,,,,-0.0003,0.0003,0.07
1209.228,,,,-0.0003,0.0003,0.07
1209.278,,,,-0.0003,0.0003,0.07
1209.367,,,,-0.0003,0.0003,0.07
1209.42,,,,-0.0003,0.0003,0.07
1209.471,,,,-0.0003,0.0003,0.07
1209.521,,,,-0.0003,0.0003,0.07
1209.572,,,,-0.0003,0.0003,0.07
1209.623,,,,-0.0003,0.0003,0.07
1209.674,,,,-0.0003,0.0003,0.07
1209.724,,,,-0.0003,0.0003,0.07
1209.775,,,,-0.0003,0.0003,0.07
1209.825,,,,-0.0003,0.0003,0.07
1209.876,,,,-0.0003,0.0003,0.07
1209.927,,,,-0.0003,0.0003,0.07
1209.977,,,,-0.0003,0.0003,0.07
1210.028,,,,-0.0003,0.0003,0.07
1210.079,,,,-0.0003,0.0003,0.07
1210.129,,,,-0.0003,0.0003,0.07
1210.18,,,,-0.0003,0.0003,0.07
1210.231,,,,-0.0003,0.0003,0.07
1210.281,,,,-0.0003,0.0003,0.07
1210.332,,,,-0.0003,0.0003,0.07
1210.383,,,,-0.0003,0.0003,0.07
1210.434,,,,-0.0003,0.0003,0.07
1210.485,,,,-0.0003,0.0003,0.07
1210.536,,,,-0.0003,0.0003,0.07
1210.587,,,,-0.0003,0.0003,0.07
1210.637,,,,-0.0003,0.0003,0.07
1210.729,,,,-0.0003,0.0003,0.07
1210.78,,,,-0.0003,0.0003,0.07
1210.832,,,,-0.0003,0.0003,0.07
1210.883,,,,-0.0003,0.0003,0.07
1210.933,,,,-0.0003,0.0003,0.07
1210.984,,,,-0.0003,0.0003,0.07
1211.035,,,,-0.0003,0.0003,0.07
1211.085,,,,-0.0003,0.0003,0.07
1211.136,,,,-0.0003,0.0003,0.07
1211.187,,,,-0.0003,0.0003,0.07
1211.238,,,,-0.0003,0.0003,0.07
1211.289,,,,-0.0003,0.0003,0.07
1211.34,,,,-0.0003,0.0003,0.07
1211.39,,,,-0.0003,0.0003,0.07
1211.441,,,,-0.0003,0.0003,0.07
1211.492,,,,-0.0003,0.0003,0.07
1211.543,,,,-0.0003,0.0003,0.07
1211.594,,,,-0.0003,0.0003,0.07
1211.644,,,,-0.0003,0.0003,0.07
1211.695,,,,-0.0003,0.0003,0.07
1211.746,,,,-0.0003,0.0003,0.07
1211.797,,,,-0.0003,0.0003,0.07
1211.847,,,,-0.0003,0.0003,0.07
1211.898,,,,-0.0003,0.0003,0.07
1211.949,,,,-0.0003,0.0003,0.07
1211.999,,,,-0.0003,0.0003,0.07
1212.087,,,,-0.0003,0.0003,0.07
1212.137,,,,-0.0003,0.0003,0.07
1212.188,,,,-0.0003,0.0003,0.07
1212.239,,,,-0.0003,0.0003,0.07
1212.29,,,,-0.0003,0.0003,0.07
1212.341,,,,-0.0003,0.0003,0.07
1212.391,,,,-0.0003,0.0003,0.07
1212.442,,,,-0.0003,0.0003,0.07
1212.492,,,,-0.0003,0.0003,0.07
1212.543,,,,-0.0003,0.0003,0.07
1212.594,,,,-0.0003,0.0003,0.07
1212.645,,,,-0.0003,0.0003,0.07
1212.696,,,,-0.0003,0.0003,0.07
1212.746,,,,-0.0003,0.0003,0.07
1212.796,,,,-0.0003,0.0003,0.07
1212.847,,,,-0.0003,0.0003,0.07
1212.898,,,,-0.0003,0.0003,0.07
1212.948,,,,-0.0003,0.0003,0.07
1212.999,,,,-0.0003,0.0003,0.07
1213.049,,,,-0.0003,0.0003,0.07
1213.1,,,,-0.0003,0.0003,0.07
1213.151,,,,-0.0003,0.0003,0.07
1213.202,,,,-0.0003,0.0003,0.07
1213.253,,,,-0.0003,0.0003,0.07
1213.304,,,,-0.0003,0.0003,0.07
1213.354,,,,-0.0003,0.0003,0.07
1213.405,,,,-0.0003,0.0003,0.07
1529.925,,,,-0.0003,0.0003,0.07
1530.015,,,,-0.0003,0.0003,0.07
1530.088,,,,-0.0003,0.0003,0.07
1530.162,,,,-0.0003,0.0003,0.07
1530.244,,,,-0.0003,0.0003,0.07
1530.319,,,,-0.0003,0.0003,0.07
1530.403,,,,-0.0003,0.0003,0.07
1530.488,,,,-0.0003,0.0003,0.07
1530.578,,,,-0.0003,0.0003,0.07
1530.665,,,,-0.0003,0.0003,0.07
1530.738,,,,-0.0003,0.0003,0.07
1530.807,,,,-0.0003,0.0003,0.07
1530.876,,,,-0.0003,0.0003,0.07
1530.935,,,,-0.0003,0.0003,0.07
1530.992,,,,-0.0003,0.0003,0.07
1531.054,,,,-0.0003,0.0003,0.07
1531.115,,,,-0.0003,0.0003,0.07
1531.175,,,,-0.0003,0.0003,0.07
1531.232,,,,-0.0003,0.0003,0.07
1531.29,,,,-0.0003,0.0003,0.07
1531.344,,,,-0.0003,0.0003,0.07
1531.397,,,,-0.0003,0.0003,0.07
1531.45,,,,-0.0003,0.0003,0.07
1531.501,,,,-0.0003,0.0003,0.07
1531.553,,,,-0.0003,0.0003,0.07
1531.605,,,,-0.0003,0.0003,0.07
1531.657,,,,-0.0003,0.0003,0.07
1531.708,,,,-0.0003,0.0003,0.07
1531.758,,,,-0.0003,0.0003,0.07
1531.809,,,,-0.0003,0.0003,0.07
1531.864,,,,-0.0003,0.0003,0.07
1531.915,,,,-0.0003,0.0003,0.07
1531.966,,,,-0.0003,0.0003,0.07
1532.017,,,,-0.0003,0.0003,0.07
1532.068,,,,-0.0003,0.0003,0.07
1532.119,,,,-0.0003,0.0003,0.07
1532.17,,,,-0.0003,0.0003,0.07
1532.22,,,,-0.0003,0.0003,0.07
1532.271,,,,-0.0003,0.0003,0.07
1532.322,,,,-0.0003,0.0003,0.07
1532.373,,,,-0.0003,0.0003,0.07
1532.425,,,,-0.0003,0.0003,0.07
1532.476,,,,-0.0003,0.0003,0.07
1532.527,,,,-0.0003,0.0003,0.07
1532.578,,,,-0.0003,0.0003,0.07
1532.628,,,,-0.0003,0.0003,0.07
1532.679,,,,-0.0003,0.0003,0.07
1532.729,,,,-0.0003,0.0003,0.07
1532.78,,,,-0.0003,0.0003,0.07
1532.831,,,,-0.0003,0.0003,0.07
1532.881,,,,-0.0003,0.0003,0.07
1532.932,,,,-0.0003,0.0003,0.07
1532.982,,,,-0.0003,0.0003,0.07
1533.033,,,,-0.0003,0.0003,0.07
1533.083,,,,-0.0003,0.0003,0.07
1533.133,,,,-0.0003,0.0003,0.07
1533.184,,,,-0.0003,0.0003,0.07
1533.234,,,,-0.0003,0.0003,0.07
1533.285,,,,-0.0003,0.0003,0.07
1533.336,,,,-0.0003,0.0003,0.07
1533.386,,,,-0.0003,0.0003,0.07
1533.436,,,,-0.0003,0.0003,0.07
1533.487,,,,-0.0003,0.0003,0.07
1533.537,,,,-0.0003,0.0003,0.07
1533.588,,,,-0.0003,0.0003,0.07
1533.638,,,,-0.0003,0.0003,0.07
1533.689,,,,-0.0003,0.0003,0.07
1533.739,,,,-0.0003,0.0003,0.07
1533.789,,,,-0.0003,0.0003,0.07
1533.84,,,,-0.0003,0.0003,0.07
1533.891,,,,-0.0003,0.0003,0.07
1533.941,,,,-0.0003,0.0003,0.07
1533.992,,,,-0.0003,0.0003,0.07
1534.042,,,,-0.0003,0.0003,0.07
1534.092,,,,-0.0003,0.0003,0.07
1534.143,,,,-0.0003,0.0003,0.07
1534.194,,,,-0.0003,0.0003,0.07
1534.244,,,,-0.0003,0.0003,0.07
1534.294,,,,-0.0003,0.0003,0.07
1534.345,,,,-0.0003,0.0003,0.07
1534.395,,,,-0.0003,0.0003,0.07
1534.446,,,,-0.0003,0.0003,0.07
1534.496,,,,-0.0003,0.0003,0.07
1534.547,,,,-0.0003,0.0003,0.07
1534.597,,,,-0.0003,0.0003,0.07
1534.647,,,,-0.0003,0.0003,0.07
1534.698,,,,-0.0003,0.0003,0.07
1534.748,,,,-0.0003,0.0003,0.07
1534.799,,,,-0.0003,0.0003,0.07
1534.851,,,,-0.0003,0.0003,0.07
1534.902,,,,-0.0003,0.0003,0.07
1534.953,,,,-0.0003,0.0003,0.07
1535.003,,,,-0.0003,0.0003,0.07
1535.053,,,,-0.0003,0.0003,0.07
1535.104,,,,-0.0003,0.0003,0.07
1535.154,,,,-0.0003,0.0003,0.07
1535.205,,,,-0.0003,0.0003,0.07
1535.255,,,,-0.0003,0.0003,0.07
1535.306,,,,-0.0003,0.0003,0.07
1535.356,,,,-0.0003,0.0003,0.07
1535.409,,,,-0.0003,0.0003,0.07
1535.459,,,,-0.0003,0.0003,0.07
1535.51,,,,-0.0003,0.0003,0.07
1535.56,,,,-0.0003,0.0003,0.07
1535.611,,,,-0.0003,0.0003,0.07
1535.661,,,,-0.0003,0.0003,0.07
1535.713,,,,-0.0003,0.0003,0.07
1535.764,,,,-0.0003,0.0003,0.07
1535.815,,,,-0.0003,0.0003,0.07
1535.865,,,,-0.0003,0.0003,0.07
1535.916,,,,-0.0003,0.0003,0.07
1535.967,,,,-0.0003,0.0003,0.07
1536.017,,,,-0.0003,0.0003,0.07
1536.068,,,,-0.0003,0.0003,0.07
1536.119,,,,-0.0003,0.0003,0.07
1536.169,,,,-0.0003,0.0003,0.07
1536.22,,,,-0.0003,0.0003,0.07
1536.27,,,,-0.0003,0.0003,0.07
1536.321,,,,-0.0003,0.0003,0.07
1536.372,,,,-0.0003,0.0003,0.07
1536.422,,,,-0.0003,0.0003,0.07
1536.473,,,,-0.0003,0.0003,0.07
1536.523,,,,-0.0003,0.0003,0.07
1536.573,,,,-0.0003,0.0003,0.07
1536.624,,,,-0.0003,0.0003,0.07
1536.674,,,,-0.0003,0.0003,0.07
1536.725,,,,-0.0003,0.0003,0.07
1536.775,,,,-0.0003,0.0003,0.07
1536.826,,,,-0.0003,0.0003,0.07
1536.877,,,,-0.0003,0.0003,0.07
1536.927,,,,-0.0003,0.0003,0.07
1536.977,,,,-0.0003,0.0003,0.07
1537.046,,,,-0.0003,0.0003,0.07
1537.118,,,,-0.0003,0.0003,0.07
1537.175,,,,-0.0003,0.0003,0.07
1537.231,,,,-0.0003,0.0003,0.07
1537.283,,,,-0.0003,0.0003,0.07
1537.334,,,,-0.0003,0.0003,0.07
1537.385,,,,-0.0003,0.0003,0.07
1537.436,,,,-0.0003,0.0003,0.07
1537.487,,,,-0.0003,0.0003,0.07
1537.538,,,,-0.0003,0.0003,0.07
1537.61,,,,-0.0003,0.0003,0.07
1537.661,,,,-0.0003,0.0003,0.07
1537.711,,,,-0.0003,0.0003,0.07
1537.762,,,,-0.0003,0.0003,0.07
1537.812,,,,-0.0003,0.0003,0.07
1537.863,,,,-0.0003,0.0003,0.07
1537.914,,,,-0.0003,0.0003,0.07
1537.965,,,,-0.0003,0.0003,0.07
1538.016,,,,-0.0003,0.0003,0.07
1538.066,,,,-0.0003,0.0003,0.07
1538.118,,,,-0.0003,0.0003,0.07
1538.173,,,,-0.0003,0.0003,0.07
1538.225,,,,-0.0003,0.0003,0.07
1538.276,,,,-0.0003,0.0003,0.07
1538.326,,,,-0.0003,0.0003,0.07
1538.377,,,,-0.0003,0.0003,0.07
1538.427,,,,-0.0003,0.0003,0.07
1538.478,,,,-0.0003,0.0003,0.07
1538.528,,,,-0.0003,0.0003,0.07
1538.579,,,,-0.0003,0.0003,0.07
1538.629,,,,-0.0003,0.0003,0.07
1538.68,,,,-0.0003,0.0003,0.07
1538.73,,,,-0.0003,0.0003,0.07
1538.781,,,,-0.0003,0.0003,0.07
1538.832,,,,-0.0003,0.0003,0.07
1538.882,,,,-0.0003,0.0003,0.07
1538.933,,,,-0.0003,0.0003,0.07
1538.983,,,,-0.0003,0.0003,0.07
2086.446,,,,-0.0003,0.0003,0.07
2086.514,,,,-0.0003,0.0003,0.07
2086.599,,,,-0.0003,0.0003,0.07
2086.664,,,,-0.0003,0.0003,0.07
2086.716,,,,-0.0003,0.0003,0.07
2086.768,,,,-0.0003,0.0003,0.07
2086.823,,,,-0.0003,0.0003,0.07
2086.885,,,,-0.0003,0.0003,0.07
2086.947,,,,-0.0003,0.0003,0.07
2086.998,,,,-0.0003,0.0003,0.07
2087.048,,,,-0.0003,0.0003,0.07
2087.099,,,,-0.0003,0.0003,0.07
2087.149,,,,-0.0003,0.0003,0.07
2087.2,,,,-0.0003,0.0003,0.07
2087.25,,,,-0.0003,0.0003,0.07
2087.301,,,,-0.0003,0.0003,0.07
2087.351,,,,-0.0003,0.0003,0.07
2087.401,,,,-0.0003,0.0003,0.07
2087.452,,,,-0.0003,0.0003,0.07
2087.502,,,,-0.0003,0.0003,0.07
2087.553,,,,-0.0003,0.0003,0.07
2087.603,,,,-0.0003,0.0003,0.07
2087.654,,,,-0.0003,0.0003,0.07
2087.704,,,,-0.0003,0.0003,0.07
2087.754,,,,-0.0003,0.0003,0.07
2087.805,,,,-0.0003,0.0003,0.07
2087.855,,,,-0.0003,0.0003,0.07
2087.906,,,,-0.0003,0.0003,0.07
2087.956,,,,-0.0003,0.0003,0.07
2088.006,,,,-0.0003,0.0003,0.07
2088.057,,,,-0.0003,0.0003,0.07
2088.107,,,,-0.0003,0.0003,0.07
2088.158,,,,-0.0003,0.0003,0.07
2088.208,,,,-0.0003,0.0003,0.07
2088.259,,,,-0.0003,0.0003,0.07
2088.309,,,,-0.0003,0.0003,0.07
2088.36,,,,-0.0003,0.0003,0.07
2088.411,,,,-0.0003,0.0003,0.07
2088.461,,,,-0.0003,0.0003,0.07
2088.512,,,,-0.0003,0.0003,0.07
2088.562,,,,-0.0003,0.0003,0.07
2088.612,,,,-0.0003,0.0003,0.07
2088.663,,,,-0.0003,0.0003,0.07
2088.714,,,,-0.0003,0.0003,0.07
2088.765,,,,-0.0003,0.0003,0.07
2088.815,,,,-0.0003,0.0003,0.07
2088.866,,,,-0.0003,0.0003,0.07
2088.916,,,,-0.0003,0.0003,0.07
2088.967,,,,-0.0003,0.0003,0.07
2089.017,,,,-0.0003,0.0003,0.07
2089.067,,,,-0.0003,0.0003,0.07
2089.118,,,,-0.0003,0.0003,0.07
2089.168,,,,-0.0003,0.0003,0.07
2089.218,,,,-0.0003,0.0003,0.07
2089.269,,,,-0.0003,0.0003,0.07
2089.32,,,,-0.0003,0.0003,0.07
2089.37,,,,-0.0003,0.0003,0.07
2089.421,,,,-0.0003,0.0003,0.07
2089.471,,,,-0.0003,0.0003,0.07
2089.522,,,,-0.0003,0.0003,0.07
2089.572,,,,-0.0003,0.0003,0.07
2089.622,,,,-0.0003,0.0003,0.07
2089.673,,,,-0.0003,0.0003,0.07
2089.723,,,,-0.0003,0.0003,0.07
2089.773,,,,-0.0003,0.0003,0.07
2089.824,,,,-0.0003,0.0003,0.07
2089.874,,,,-0.0003,0.0003,0.07
2089.924,,,,-0.0003,0.0003,0.07
2089.974,,,,-0.0003,0.0003,0.07
2090.026,,,,-0.0003,0.0003,0.07
2090.086,,,,-0.0003,0.0003,0.07
2090.144,,,,-0.0003,0.0003,0.07
2090.206,,,,-0.0003,0.0003,0.07
2090.265,,,,-0.0003,0.0003,0.07
2090.316,,,,-0.0003,0.0003,0.07
2090.38,,,,-0.0003,0.0003,0.07
2090.442,,,,-0.0003,0.0003,0.07
2090.503,,,,-0.0003,0.0003,0.07
2090.56,,,,-0.0003,0.0003,0.07
2090.68,,,,-0.0003,0.0003,0.07
2090.755,,,,-0.0003,0.0003,0.07
2090.831,,,,-0.0003,0.0003,0.07
2090.903,,,,-0.0003,0.0003,0.07
2090.964,,,,-0.0003,0.0003,0.07
2091.028,,,,-0.0003,0.0003,0.07
2091.082,,,,-0.0003,0.0003,0.07
2091.136,,,,-0.0003,0.0003,0.07
2091.195,,,,-0.0003,0.0003,0.07
2091.251,,,,-0.0003,0.0003,0.07
2091.319,,,,-0.0003,0.0003,0.07
2091.375,,,,-0.0003,0.0003,0.07
2091.428,,,,-0.0003,0.0003,0.07
2091.486,,,,-0.0003,0.0003,0.07
2091.538,,,,-0.0003,0.0003,0.07
2091.596,,,,-0.0003,0.0003,0.07
2091.661,,,,-0.0003,0.0003,0.07
2091.713,,,,-0.0003,0.0003,0.07
2091.773,,,,-0.0003,0.0003,0.07
2091.823,,,,-0.0003,0.0003,0.07
2091.874,,,,-0.0003,0.0003,0.07
2091.925,,,,-0.0003,0.0003,0.07
2091.977,,,,-0.0003,0.0003,0.07
2092.028,,,,-0.0003,0.0003,0.07
2092.079,,,,-0.0003,0.0003,0.07
2092.129,,,,-0.0003,0.0003,0.07
2092.181,,,,-0.0003,0.0003,0.07
2092.232,,,,-0.0003,0.0003,0.07
2092.307,,,,-0.0003,0.0003,0.07
2092.376,,,,-0.0003,0.0003,0.07
2092.44,,,,-0.0003,0.0003,0.07
2092.513,,,,-0.0003,0.0003,0.07
2092.585,,,,-0.0003,0.0003,0.07
2092.642,,,,-0.0003,0.0003,0.07
2092.7,,,,-0.0003,0.0003,0.07
2092.76,,,,-0.0003,0.0003,0.07
2092.821,,,,-0.0003,0.0003,0.07
2092.876,,,,-0.0003,0.0003,0.07
2092.942,,,,-0.0003,0.0003,0.07
2092.993,,,,-0.0003,0.0003,0.07
2093.044,,,,-0.0003,0.0003,0.07
2093.096,,,,-0.0003,0.0003,0.07
2093.147,,,,-0.0003,0.0003,0.07
2093.197,,,,-0.0003,0.0003,0.07
2093.248,,,,-0.0003,0.0003,0.07
2093.299,,,,-0.0003,0.0003,0.07
2093.35,,,,-0.0003,0.0003,0.07
2093.401,,,,-0.0003,0.0003,0.07
2093.452,,,,-0.0003,0.0003,0.07
2093.504,,,,-0.0003,0.0003,0.07
2093.554,,,,-0.0003,0.0003,0.07
2093.61,,,,-0.0003,0.0003,0.07
2093.663,,,,-0.0003,0.0003,0.07
2093.725,,,,-0.0003,0.0003,0.07
2093.824,,,,-0.0003,0.0003,0.07
2093.877,,,,-0.0003,0.0003,0.07
2093.937,,,,-0.0003,0.0003,0.07
2093.996,,,,-0.0003,0.0003,0.07
2094.065,,,,-0.0003,0.0003,0.07
2094.137,,,,-0.0003,0.0003,0.07
2094.204,,,,-0.0003,0.0003,0.07
2094.267,,,,-0.0003,0.0003,0.07
2094.325,,,,-0.0003,0.0003,0.07
2094.382,,,,-0.0003,0.0003,0.07
2094.436,,,,-0.0003,0.0003,0.07
2094.493,,,,-0.0003,0.0003,0.07
2094.548,,,,-0.0003,0.0003,0.07
2094.61,,,,-0.0003,0.0003,0.07
2094.688,,,,-0.0003,0.0003,0.07
2094.773,,,,-0.0003,0.0003,0.07
2094.846,,,,-0.0003,0.0003,0.07
2094.924,,,,-0.0003,0.0003,0.07
2094.99,,,,-0.0003,0.0003,0.07
2095.057,,,,-0.0003,0.0003,0.07
2095.119,,,,-0.0003,0.0003,0.07
2095.186,,,,-0.0003,0.0003,0.07
2095.262,,,,-0.0003,0.0003,0.07
2095.33,,,,-0.0003,0.0003,0.07
2095.4,,,,-0.0003,0.0003,0.07
2095.471,,,,-0.0003,0.0003,0.07
2095.542,,,,-0.0003,0.0003,0.07
2095.612,,,,-0.0003,0.0003,0.07
2095.714,,,,-0.0003,0.0003,0.07
2095.777,,,,-0.0003,0.0003,0.07
2095.83,,,,-0.0003,0.0003,0.07
2095.899,,,,-0.0003,0.0003,0.07
2096.002,,,,-0.0003,0.0003,0.07
2096.137,,,,-0.0003,0.0003,0.07
2096.199,,,,-0.0003,0.0003,0.07
2096.276,,,,-0.0003,0.0003,0.07
2096.405,,,,-0.0003,0.0003,0.07
2096.483,,,,-0.0003,0.0003,0.07
2096.637,,,,-0.0003,0.0003,0.07
2096.7,,,,-0.0003,0.0003,0.07
2096.808,,,,-0.0003,0.0003,0.07
2096.927,,,,-0.0003,0.0003,0.07
2097.048,,,,-0.0003,0.0003,0.07
2097.144,,,,-0.0003,0.0003,0.07
2097.269,,,,-0.0003,0.0003,0.07
2097.382,,,,-0.0003,0.0003,0.07
2097.622,,,,-0.0003,0.0003,0.07
2097.753,,,,-0.0003,0.0003,0.07
2097.863,,,,-0.0003,0.0003,0.07
2097.932,,,,-0.0003,0.0003,0.07
2097.996,,,,-0.0003,0.0003,0.07
2098.066,,,,-0.0003,0.0003,0.07
2098.134,,,,-0.0003,0.0003,0.07
2098.21,,,,-0.0003,0.0003,0.07
2098.277,,,,-0.0003,0.0003,0.07
2098.358,,,,-0.0003,0.0003,0.07
2098.409,,,,-0.0003,0.0003,0.07
2098.464,,,,-0.0003,0.0003,0.07
2098.516,,,,-0.0003,0.0003,0.07
2098.568,,,,-0.0003,0.0003,0.07
2098.619,,,,-0.0003,0.0003,0.07
2098.67,,,,-0.0003,0.0003,0.07
2098.72,,,,-0.0003,0.0003,0.07
2098.771,,,,-0.0003,0.0003,0.07
2098.821,,,,-0.0003,0.0003,0.07
2098.871,,,,-0.0003,0.0003,0.07
2098.929,,,,-0.0003,0.0003,0.07
2098.985,,,,-0.0003,0.0003,0.07
2099.04,,,,-0.0003,0.0003,0.07
2099.091,,,,-0.0003,0.0003,0.07
2099.142,,,,-0.0003,0.0003,0.07
2099.195,,,,-0.0003,0.0003,0.07
2099.249,,,,-0.0003,0.0003,0.07
2099.303,,,,-0.0003,0.0003,0.07
2099.355,,,,-0.0003,0.0003,0.07
2099.406,,,,-0.0003,0.0003,0.07
2099.457,,,,-0.0003,0.0003,0.07
2099.51,,,,-0.0003,0.0003,0.07
2099.562,,,,-0.0003,0.0003,0.07
2099.613,,,,-0.0003,0.0003,0.07
2099.665,,,,-0.0003,0.0003,0.07
2099.715,,,,-0.0003,0.0003,0.07
2099.766,,,,-0.0003,0.0003,0.07
2099.818,,,,-0.0003,0.0003,0.07
2099.869,,,,-0.0003,0.0003,0.07
2099.919,,,,-0.0003,0.0003,0.07
2099.97,,,,-0.0003,0.0003,0.07
2100.021,,,,-0.0003,0.0003,0.07
2100.072,,,,-0.0003,0.0003,0.07
2100.124,,,,-0.0003,0.0003,0.07
2100.176,,,,-0.0003,0.0003,0.07
2100.227,,,,-0.0003,0.0003,0.07
2100.278,,,,-0.0003,0.0003,0.07
2100.329,,,,-0.0003,0.0003,0.07
2100.379,,,,-0.0003,0.0003,0.07
2100.43,,,,-0.0003,0.0003,0.07
2100.48,,,,-0.0003,0.0003,0.07
2100.531,,,,-0.0003,0.0003,0.07
2100.582,,,,-0.0003,0.0003,0.07
2100.633,,,,-0.0003,0.0003,0.07
2100.683,,,,-0.0003,0.0003,0.07
2100.734,,,,-0.0003,0.0003,0.07
2100.786,,,,-0.0003,0.0003,0.07
2100.837,,,,-0.0003,0.0003,0.07
2100.888,,,,-0.0003,0.0003,0.07
2100.942,,,,-0.0003,0.0003,0.07
2100.993,,,,-0.0003,0.0003,0.07
2101.045,,,,-0.0003,0.0003,0.07
2101.097,,,,-0.0003,0.0003,0.07
2101.148,,,,-0.0003,0.0003,0.07
2101.199,,,,-0.0003,0.0003,0.07
2101.249,,,,-0.0003,0.0003,0.07
2101.3,,,,-0.0003,0.0003,0.07
2101.351,,,,-0.0003,0.0003,0.07
2101.401,,,,-0.0003,0.0003,0.07
2101.452,,,,-0.0003,0.0003,0.07
2101.504,,,,-0.0003,0.0003,0.07
2101.555,,,,-0.0003,0.0003,0.07
2101.607,,,,-0.0003,0.0003,0.07
2101.66,,,,-0.0003,0.0003,0.07
2101.71,,,,-0.0003,0.0003,0.07
2101.761,,,,-0.0003,0.0003,0.07
2101.811,,,,-0.0003,0.0003,0.07
2101.863,,,,-0.0003,0.0003,0.07
2101.913,,,,-0.0003,0.0003,0.07
2101.965,,,,-0.0003,0.0003,0.07
2102.016,,,,-0.0003,0.0003,0.07
2102.068,,,,-0.0003,0.0003,0.07
2102.119,,,,-0.0003,0.0003,0.07
2102.17,,,,-0.0003,0.0003,0.07
2102.221,,,,-0.0003,0.0003,0.07
2102.271,,,,-0.0003,0.0003,0.07
2102.323,,,,-0.0003,0.0003,0.07
2102.373,,,,-0.0003,0.0003,0.07
2102.424,,,,-0.0003,0.0003,0.07
2102.474,,,,-0.0003,0.0003,0.07
2102.525,,,,-0.0003,0.0003,0.07
2102.576,,,,-0.0003,0.0003,0.07
2102.626,,,,-0.0003,0.0003,0.07
2102.677,,,,-0.0003,0.0003,0.07
2102.727,,,,-0.0003,0.0003,0.07
2102.778,,,,-0.0003,0.0003,0.07
2102.828,,,,-0.0003,0.0003,0.07
2102.879,,,,-0.0003,0.0003,0.07
2102.931,,,,-0.0003,0.0003,0.07
2102.982,,,,-0.0003,0.0003,0.07
2103.033,,,,-0.0003,0.0003,0.07
2103.083,,,,-0.0003,0.0003,0.07
2103.135,,,,-0.0003,0.0003,0.07
2103.187,,,,-0.0003,0.0003,0.07
2103.238,,,,-0.0003,0.0003,0.07
2103.289,,,,-0.0003,0.0003,0.07
2103.341,,,,-0.0003,0.0003,0.07
2103.391,,,,-0.0003,0.0003,0.07
2103.442,,,,-0.0003,0.0003,0.07
2103.493,,,,-0.0003,0.0003,0.07
2103.544,,,,-0.0003,0.0003,0.07
2103.595,,,,-0.0003,0.0003,0.07
2103.645,,,,-0.0003,0.0003,0.07
2103.696,,,,-0.0003,0.0003,0.07
2103.747,,,,-0.0003,0.0003,0.07
2103.798,,,,-0.0003,0.0003,0.07
2103.849,,,,-0.0003,0.0003,0.07
2103.899,,,,-0.0003,0.0003,0.07
2103.95,,,,-0.0003,0.0003,0.07
2104.001,,,,-0.0003,0.0003,0.07
2104.052,,,,-0.0003,0.0003,0.07
2104.102,,,,-0.0003,0.0003,0.07
2104.153,,,,-0.0003,0.0003,0.07
2104.203,,,,-0.0003,0.0003,0.07
2104.254,,,,-0.0003,0.0003,0.07
2104.305,,,,-0.0003,0.0003,0.07
2104.356,,,,-0.0003,0.0003,0.07
2104.406,,,,-0.0003,0.0003,0.07
2104.457,,,,-0.0003,0.0003,0.07
2104.508,,,,-0.0003,0.0003,0.07
2104.558,,,,-0.0003,0.0003,0.07
2104.609,,,,-0.0003,0.0003,0.07
2104.66,,,,-0.0003,0.0003,0.07
2104.711,,,,-0.0003,0.0003,0.07
2104.762,,,,-0.0003,0.0003,0.07
2104.812,,,,-0.0003,0.0003,0.07
2104.863,,,,-0.0003,0.0003,0.07
2104.914,,,,-0.0003,0.0003,0.07
2104.966,,,,-0.0003,0.0003,0.07
2105.016,,,,-0.0003,0.0003,0.07
2105.067,,,,-0.0003,0.0003,0.07
2105.118,,,,-0.0003,0.0003,0.07
2105.169,,,,-0.0003,0.0003,0.07
2105.22,,,,-0.0003,0.0003,0.07
2105.272,,,,-0.0003,0.0003,0.07
2105.324,,,,-0.0003,0.0003,0.07
2105.375,,,,-0.0003,0.0003,0.07
2105.427,,,,-0.0003,0.0003,0.07
2105.478,,,,-0.0003,0.0003,0.07
2105.53,,,,-0.0003,0.0003,0.07
2105.581,,,,-0.0003,0.0003,0.07
2105.644,,,,-0.0003,0.0003,0.07
2105.697,,,,-0.0003,0.0003,0.07
2105.748,,,,-0.0003,0.0003,0.07
2105.855,,,,-0.0003,0.0003,0.07
2105.917,,,,-0.0003,0.0003,0.07
2105.97,,,,-0.0003,0.0003,0.07
2106.046,,,,-0.0003,0.0003,0.07
2106.137,,,,-0.0003,0.0003,0.07
2106.217,,,,-0.0003,0.0003,0.07
2106.27,,,,-0.0003,0.0003,0.07
2106.335,,,,-0.0003,0.0003,0.07
2106.44,,,,-0.0003,0.0003,0.07
2106.517,,,,-0.0003,0.0003,0.07
2106.61,,,,-0.0003,0.0003,0.07
2106.675,,,,-0.0003,0.0003,0.07
2106.741,,,,-0.0003,0.0003,0.07
2106.826,,,,-0.0003,0.0003,0.07
2106.884,,,,-0.0003,0.0003,0.07
2106.936,,,,-0.0003,0.0003,0.07
2106.987,,,,-0.0003,0.0003,0.07
2107.038,,,,-0.0003,0.0003,0.07
2107.089,,,,-0.0003,0.0003,0.07
2107.14,,,,-0.0003,0.0003,0.07
2107.191,,,,-0.0003,0.0003,0.07
2107.242,,,,-0.0003,0.0003,0.07
2107.293,,,,-0.0003,0.0003,0.07
2107.344,,,,-0.0003,0.0003,0.07
2107.395,,,,-0.0003,0.0003,0.07
2107.463,,,,-0.0003,0.0003,0.07
2107.523,,,,-0.0003,0.0003,0.07
2107.581,,,,-0.0003,0.0003,0.07
2107.632,,,,-0.0003,0.0003,0.07
2107.683,,,,-0.0003,0.0003,0.07
2107.734,,,,-0.0003,0.0003,0.07
2107.785,,,,-0.0003,0.0003,0.07
2107.836,,,,-0.0003,0.0003,0.07
2107.887,,,,-0.0003,0.0003,0.07
2107.938,,,,-0.0003,0.0003,0.07
2107.989,,,,-0.0003,0.0003,0.07
2108.04,,,,-0.0003,0.0003,0.07
2108.09,,,,-0.0003,0.0003,0.07
2108.142,,,,-0.0003,0.0003,0.07
2108.195,,,,-0.0003,0.0003,0.07
2108.245,,,,-0.0003,0.0003,0.07
2108.296,,,,-0.0003,0.0003,0.07
2108.348,,,,-0.0003,0.0003,0.07
2108.399,,,,-0.0003,0.0003,0.07
2108.45,,,,-0.0003,0.0003,0.07
2108.501,,,,-0.0003,0.0003,0.07
2108.552,,,,-0.0003,0.0003,0.07
2108.603,,,,-0.0003,0.0003,0.07
2108.653,,,,-0.0003,0.0003,0.07
2108.704,,,,-0.0003,0.0003,0.07
2108.755,,,,-0.0003,0.0003,0.07
2108.806,,,,-0.0003,0.0003,0.07
2108.857,,,,-0.0003,0.0003,0.07
2108.908,,,,-0.0003,0.0003,0.07
2108.959,,,,-0.0003,0.0003,0.07
2109.009,,,,-0.0003,0.0003,0.07
2109.06,,,,-0.0003,0.0003,0.07
2109.111,,,,-0.0003,0.0003,0.07
2109.162,,,,-0.0003,0.0003,0.07
2109.212,,,,-0.0003,0.0003,0.07
2109.263,,,,-0.0003,0.0003,0.07
2109.313,,,,-0.0003,0.0003,0.07
2109.364,,,,-0.0003,0.0003,0.07
2109.415,,,,-0.0003,0.0003,0.07
2109.465,,,,-0.0003,0.0003,0.07
2109.516,,,,-0.0003,0.0003,0.07
2109.566,,,,-0.0003,0.0003,0.07
2109.617,,,,-0.0003,0.0003,0.07
2109.668,,,,-0.0003,0.0003,0.07
2109.718,,,,-0.0003,0.0003,0.07
2109.769,,,,-0.0003,0.0003,0.07
2109.82,,,,-0.0003,0.0003,0.07
2109.87,,,,-0.0003,0.0003,0.07
2109.921,,,,-0.0003,0.0003,0.07
2109.972,,,,-0.0003,0.0003,0.07
2110.023,,,,-0.0003,0.0003,0.07
2110.074,,,,-0.0003,0.0003,0.07
2110.125,,,,-0.0003,0.0003,0.07
2110.175,,,,-0.0003,0.0003,0.07
2110.226,,,,-0.0003,0.0003,0.07
2110.277,,,,-0.0003,0.0003,0.07
2110.328,,,,-0.0003,0.0003,0.07
2110.378,,,,-0.0003,0.0003,0.07
2110.429,,,,-0.0003,0.0003,0.07
2110.48,,,,-0.0003,0.0003,0.07
2110.531,,,,-0.0003,0.0003,0.07
2110.583,,,,-0.0003,0.0003,0.07
2110.633,,,,-0.0003,0.0003,0.07
2110.685,,,,-0.0003,0.0003,0.07
2110.738,,,,-0.0003,0.0003,0.07
2110.789,,,,-0.0003,0.0003,0.07
2110.84,,,,-0.0003,0.0003,0.07
2110.89,,,,-0.0003,0.0003,0.07
2110.941,,,,-0.0003,0.0003,0.07
2110.991,,,,-0.0003,0.0003,0.07
2111.042,,,,-0.0003,0.0003,0.07
2111.093,,,,-0.0003,0.0003,0.07
2111.143,,,,-0.0003,0.0003,0.07
2111.194,,,,-0.0003,0.0003,0.07
2111.245,,,,-0.0003,0.0003,0.07
2111.296,,,,-0.0003,0.0003,0.07
2111.347,,,,-0.0003,0.0003,0.07
2111.398,,,,-0.0003,0.0003,0.07
2111.449,,,,-0.0003,0.0003,0.07
2111.499,,,,-0.0003,0.0003,0.07
2111.549,,,,-0.0003,0.0003,0.07
2111.6,,,,-0.0003,0.0003,0.07
2111.651,,,,-0.0003,0.0003,0.07
2111.702,,,,-0.0003,0.0003,0.07
2111.752,,,,-0.0003,0.0003,0.07
2111.802,,,,-0.0003,0.0003,0.07
2111.853,,,,-0.0003,0.0003,0.07
2111.904,,,,-0.0003,0.0003,0.07
2111.955,,,,-0.0003,0.0003,0.07
2112.005,,,,-0.0003,0.0003,0.07
2112.056,,,,-0.0003,0.0003,0.07
2112.107,,,,-0.0003,0.0003,0.07
2112.158,,,,-0.0003,0.0003,0.07
2112.209,,,,-0.0003,0.0003,0.07
2112.259,,,,-0.0003,0.0003,0.07
2112.31,,,,-0.0003,0.0003,0.07
2112.361,,,,-0.0003,0.0003,0.07
2112.411,,,,-0.0003,0.0003,0.07
2112.462,,,,-0.0003,0.0003,0.07
2112.513,,,,-0.0003,0.0003,0.07
2112.563,,,,-0.0003,0.0003,0.07
2112.616,,,,-0.0003,0.0003,0.07
2112.667,,,,-0.0003,0.0003,0.07
2112.717,,,,-0.0003,0.0003,0.07
2112.768,,,,-0.0003,0.0003,0.07
2112.819,,,,-0.0003,0.0003,0.07
2112.87,,,,-0.0003,0.0003,0.07
2112.921,,,,-0.0003,0.0003,0.07
2112.971,,,,-0.0003,0.0003,0.07
2113.022,,,,-0.0003,0.0003,0.07
2113.072,,,,-0.0003,0.0003,0.07
2113.123,,,,-0.0003,0.0003,0.07
2113.174,,,,-0.0003,0.0003,0.07
2113.224,,,,-0.0003,0.0003,0.07
2113.275,,,,-0.0003,0.0003,0.07
2113.326,,,,-0.0003,0.0003,0.07
2113.376,,,,-0.0003,0.0003,0.07
2113.427,,,,-0.0003,0.0003,0.07
2113.477,,,,-0.0003,0.0003,0.07
2113.527,,,,-0.0003,0.0003,0.07
2113.578,,,,-0.0003,0.0003,0.07
2113.629,,,,-0.0003,0.0003,0.07
2113.679,,,,-0.0003,0.0003,0.07
2113.73,,,,-0.0003,0.0003,0.07
2113.78,,,,-0.0003,0.0003,0.07
2113.831,,,,-0.0003,0.0003,0.07
2113.882,,,,-0.0003,0.0003,0.07
2113.933,,,,-0.0003,0.0003,0.07
2113.983,,,,-0.0003,0.0003,0.07
2114.034,,,,-0.0003,0.0003,0.07
2114.086,,,,-0.0003,0.0003,0.07
2114.137,,,,-0.0003,0.0003,0.07
2114.188,,,,-0.0003,0.0003,0.07
2114.238,,,,-0.0003,0.0003,0.07
2114.289,,,,-0.0003,0.0003,0.07
2114.339,,,,-0.0003,0.0003,0.07
2114.391,,,,-0.0003,0.0003,0.07
2114.442,,,,-0.0003,0.0003,0.07
2114.492,,,,-0.0003,0.0003,0.07
2114.543,,,,-0.0003,0.0003,0.07
2114.593,,,,-0.0003,0.0003,0.07
2114.644,,,,-0.0003,0.0003,0.07
2114.695,,,,-0.0003,0.0003,0.07
2114.745,,,,-0.0003,0.0003,0.07
2114.796,,,,-0.0003,0.0003,0.07
2114.847,,,,-0.0003,0.0003,0.07
2114.898,,,,-0.0003,0.0003,0.07
2114.948,,,,-0.0003,0.0003,0.07
2114.999,,,,-0.0003,0.0003,0.07
2115.051,,,,-0.0003,0.0003,0.07
2115.101,,,,-0.0003,0.0003,0.07
2115.152,,,,-0.0003,0.0003,0.07
2115.203,,,,-0.0003,0.0003,0.07
2115.253,,,,-0.0003,0.0003,0.07
2115.304,,,,-0.0003,0.0003,0.07
2115.355,,,,-0.0003,0.0003,0.07
2115.406,,,,-0.0003,0.0003,0.07
2115.457,,,,-0.0003,0.0003,0.07
2115.507,,,,-0.0003,0.0003,0.07
2115.558,,,,-0.0003,0.0003,0.07
2115.609,,,,-0.0003,0.0003,0.07
2115.66,,,,-0.0003,0.0003,0.07
2115.711,,,,-0.0003,0.0003,0.07
2115.761,,,,-0.0003,0.0003,0.07
2115.812,,,,-0.0003,0.0003,0.07
2115.863,,,,-0.0003,0.0003,0.07
2115.914,,,,-0.0003,0.0003,0.07
2115.964,,,,-0.0003,0.0003,0.07
2116.015,,,,-0.0003,0.0003,0.07
2116.065,,,,-0.0003,0.0003,0.07
2116.116,,,,-0.0003,0.0003,0.07
2116.167,,,,-0.0003,0.0003,0.07
2116.217,,,,-0.0003,0.0003,0.07
2116.268,,,,-0.0003,0.0003,0.07
2116.319,,,,-0.0003,0.0003,0.07
2116.369,,,,-0.0003,0.0003,0.07
2116.42,,,,-0.0003,0.0003,0.07
2116.47,,,,-0.0003,0.0003,0.07
2116.521,,,,-0.0003,0.0003,0.07
2116.571,,,,-0.0003,0.0003,0.07
2116.622,,,,-0.0003,0.0003,0.07
2116.673,,,,-0.0003,0.0003,0.07
2116.723,,,,-0.0003,0.0003,0.07
2116.774,,,,-0.0003,0.0003,0.07
2116.825,,,,-0.0003,0.0003,0.07
2116.875,,,,-0.0003,0.0003,0.07
2116.926,,,,-0.0003,0.0003,0.07
2116.977,,,,-0.0003,0.0003,0.07
2117.027,,,,-0.0003,0.0003,0.07
2117.079,,,,-0.0003,0.0003,0.07
2117.129,,,,-0.0003,0.0003,0.07
2117.18,,,,-0.0003,0.0003,0.07
2117.231,,,,-0.0003,0.0003,0.07
2117.281,,,,-0.0003,0.0003,0.07
2117.332,,,,-0.0003,0.0003,0.07
2117.382,,,,-0.0003,0.0003,0.07
2117.433,,,,-0.0003,0.0003,0.07
2117.484,,,,-0.0003,0.0003,0.07
2117.534,,,,-0.0003,0.0003,0.07
2117.584,,,,-0.0003,0.0003,0.07
2117.635,,,,-0.0003,0.0003,0.07
2117.685,,,,-0.0003,0.0003,0.07
2117.736,,,,-0.0003,0.0003,0.07
2117.787,,,,-0.0003,0.0003,0.07
2117.838,,,,-0.0003,0.0003,0.07
2117.888,,,,-0.0003,0.0003,0.07
2117.939,,,,-0.0003,0.0003,0.07
2117.99,,,,-0.0003,0.0003,0.07
2118.04,,,,-0.0003,0.0003,0.07
2118.091,,,,-0.0003,0.0003,0.07
2118.142,,,,-0.0003,0.0003,0.07
2118.192,,,,-0.0003,0.0003,0.07
2118.247,,,,-0.0003,0.0003,0.07
2118.298,,,,-0.0003,0.0003,0.07
2118.348,,,,-0.0003,0.0003,0.07
2118.4,,,,-0.0003,0.0003,0.07
2118.45,,,,-0.0003,0.0003,0.07
2118.501,,,,-0.0003,0.0003,0.07
2118.551,,,,-0.0003,0.0003,0.07
2118.602,,,,-0.0003,0.0003,0.07
2118.653,,,,-0.0003,0.0003,0.07
2118.704,,,,-0.0003,0.0003,0.07
2118.755,,,,-0.0003,0.0003,0.07
2118.805,,,,-0.0003,0.0003,0.07
2118.856,,,,-0.0003,0.0003,0.07
2118.907,,,,-0.0003,0.0003,0.07
2118.957,,,,-0.0003,0.0003,0.07
2119.008,,,,-0.0003,0.0003,0.07
2119.059,,,,-0.0003,0.0003,0.07
2119.109,,,,-0.0003,0.0003,0.07
2119.159,,,,-0.0003,0.0003,0.07
2119.21,,,,-0.0003,0.0003,0.07
2119.261,,,,-0.0003,0.0003,0.07
2119.311,,,,-0.0003,0.0003,0.07
2119.362,,,,-0.0003,0.0003,0.07
2119.415,,,,-0.0003,0.0003,0.07
2119.465,,,,-0.0003,0.0003,0.07
2119.516,,,,-0.0003,0.0003,0.07
2119.566,,,,-0.0003,0.0003,0.07
2119.617,,,,-0.0003,0.0003,0.07
2119.667,,,,-0.0003,0.0003,0.07
2119.718,,,,-0.0003,0.0003,0.07
2119.768,,,,-0.0003,0.0003,0.07
2119.819,,,,-0.0003,0.0003,0.07
2119.87,,,,-0.0003,0.0003,0.07
2119.921,,,,-0.0003,0.0003,0.07
2119.971,,,,-0.0003,0.0003,0.07
2120.022,,,,-0.0003,0.0003,0.07
2120.073,,,,-0.0003,0.0003,0.07
2120.123,,,,-0.0003,0.0003,0.07
2120.174,,,,-0.0003,0.0003,0.07
2120.224,,,,-0.0003,0.0003,0.07
2120.275,,,,-0.0003,0.0003,0.07
2120.326,,,,-0.0003,0.0003,0.07
2120.376,,,,-0.0003,0.0003,0.07
2120.427,,,,-0.0003,0.0003,0.07
2120.478,,,,-0.0003,0.0003,0.07
2120.528,,,,-0.0003,0.0003,0.07
2120.579,,,,-0.0003,0.0003,0.07
2120.63,,,,-0.0003,0.0003,0.07
2120.68,,,,-0.0003,0.0003,0.07
2120.731,,,,-0.0003,0.0003,0.07
2120.782,,,,-0.0003,0.0003,0.07
2120.832,,,,-0.0003,0.0003,0.07
2120.883,,,,-0.0003,0.0003,0.07
2120.934,,,,-0.0003,0.0003,0.07
2120.985,,,,-0.0003,0.0003,0.07
2121.036,,,,-0.0003,0.0003,0.07
2121.087,,,,-0.0003,0.0003,0.07
2121.137,,,,-0.0003,0.0003,0.07
2121.188,,,,-0.0003,0.0003,0.07
2121.239,,,,-0.0003,0.0003,0.07
2121.29,,,,-0.0003,0.0003,0.07
2121.34,,,,-0.0003,0.0003,0.07
2121.391,,,,-0.0003,0.0003,0.07
2121.442,,,,-0.0003,0.0003,0.07
2121.492,,,,-0.0003,0.0003,0.07
2121.542,,,,-0.0003,0.0003,0.07
2121.593,,,,-0.0003,0.0003,0.07
2121.644,,,,-0.0003,0.0003,0.07
2121.694,,,,-0.0003,0.0003,0.07
2121.745,,,,-0.0003,0.0003,0.07
2121.796,,,,-0.0003,0.0003,0.07
2121.846,,,,-0.0003,0.0003,0.07
2121.897,,,,-0.0003,0.0003,0.07
2121.948,,,,-0.0003,0.0003,0.07
2121.999,,,,-0.0003,0.0003,0.07
2122.08,,,,-0.0003,0.0003,0.07
2122.13,,,,-0.0003,0.0003,0.07
2122.181,,,,-0.0003,0.0003,0.07
2122.231,,,,-0.0003,0.0003,0.07
2122.282,,,,-0.0003,0.0003,0.07
2122.332,,,,-0.0003,0.0003,0.07
2122.383,,,,-0.0003,0.0003,0.07
2122.434,,,,-0.0003,0.0003,0.07
2122.485,,,,-0.0003,0.0003,0.07
2122.536,,,,-0.0003,0.0003,0.07
2122.587,,,,-0.0003,0.0003,0.07
2122.637,,,,-0.0003,0.0003,0.07
2122.688,,,,-0.0003,0.0003,0.07
2122.739,,,,-0.0003,0.0003,0.07
2122.79,,,,-0.0003,0.0003,0.07
2122.841,,,,-0.0003,0.0003,0.07
2122.892,,,,-0.0003,0.0003,0.07
2122.942,,,,-0.0003,0.0003,0.07
2122.993,,,,-0.0003,0.0003,0.07
2123.044,,,,-0.0003,0.0003,0.07
2123.095,,,,-0.0003,0.0003,0.07
2123.146,,,,-0.0003,0.0003,0.07
2123.196,,,,-0.0003,0.0003,0.07
2123.247,,,,-0.0003,0.0003,0.07
2123.298,,,,-0.0003,0.0003,0.07
2123.349,,,,-0.0003,0.0003,0.07
2123.4,,,,-0.0003,0.0003,0.07
2123.451,,,,-0.0003,0.0003,0.07
2123.501,,,,-0.0003,0.0003,0.07
2123.552,,,,-0.0003,0.0003,0.07
2123.603,,,,-0.0003,0.0003,0.07
2123.654,,,,-0.0003,0.0003,0.07
2123.704,,,,-0.0003,0.0003,0.07
2123.755,,,,-0.0003,0.0003,0.07
2123.806,,,,-0.0003,0.0003,0.07
2123.857,,,,-0.0003,0.0003,0.07
2123.907,,,,-0.0003,0.0003,0.07
2123.958,,,,-0.0003,0.0003,0.07
2124.008,,,,-0.0003,0.0003,0.07
2124.061,,,,-0.0003,0.0003,0.07
2124.113,,,,-0.0003,0.0003,0.07
2124.164,,,,-0.0003,0.0003,0.07
2124.214,,,,-0.0003,0.0003,0.07
2124.265,,,,-0.0003,0.0003,0.07
2124.316,,,,-0.0003,0.0003,0.07
2124.366,,,,-0.0003,0.0003,0.07
2124.417,,,,-0.0003,0.0003,0.07
2124.468,,,,-0.0003,0.0003,0.07
2124.519,,,,-0.0003,0.0003,0.07
2124.57,,,,-0.0003,0.0003,0.07
2124.62,,,,-0.0003,0.0003,0.07
2124.671,,,,-0.0003,0.0003,0.07
2124.721,,,,-0.0003,0.0003,0.07
2124.772,,,,-0.0003,0.0003,0.07
2124.822,,,,-0.0003,0.0003,0.07
2124.873,,,,-0.0003,0.0003,0.07
2124.923,,,,-0.0003,0.0003,0.07
2124.974,,,,-0.0003,0.0003,0.07
2125.025,,,,-0.0003,0.0003,0.07
2125.075,,,,-0.0003,0.0003,0.07
2125.126,,,,-0.0003,0.0003,0.07
2125.177,,,,-0.0003,0.0003,0.07
2125.227,,,,-0.0003,0.0003,0.07
2125.278,,,,-0.0003,0.0003,0.07
2125.329,,,,-0.0003,0.0003,0.07
2125.379,,,,-0.0003,0.0003,0.07
2125.43,,,,-0.0003,0.0003,0.07
2125.482,,,,-0.0003,0.0003,0.07
2125.532,,,,-0.0003,0.0003,0.07
2125.583,,,,-0.0003,0.0003,0.07
2125.633,,,,-0.0003,0.0003,0.07
2125.684,,,,-0.0003,0.0003,0.07
2125.734,,,,-0.0003,0.0003,0.07
2125.785,,,,-0.0003,0.0003,0.07
2125.835,,,,-0.0003,0.0003,0.07
2125.886,,,,-0.0003,0.0003,0.07
2125.937,,,,-0.0003,0.0003,0.07
2125.987,,,,-0.0003,0.0003,0.07
2126.039,,,,-0.0003,0.0003,0.07
2126.091,,,,-0.0003,0.0003,0.07
2126.142,,,,-0.0003,0.0003,0.07
2126.193,,,,-0.0003,0.0003,0.07
2126.244,,,,-0.0003,0.0003,0.07
2126.295,,,,-0.0003,0.0003,0.07
2126.346,,,,-0.0003,0.0003,0.07
2126.396,,,,-0.0003,0.0003,0.07
2126.447,,,,-0.0003,0.0003,0.07
2126.497,,,,-0.0003,0.0003,0.07
2126.548,,,,-0.0003,0.0003,0.07
2126.599,,,,-0.0003,0.0003,0.07
2126.65,,,,-0.0003,0.0003,0.07
2126.7,,,,-0.0003,0.0003,0.07
2126.751,,,,-0.0003,0.0003,0.07
2126.802,,,,-0.0003,0.0003,0.07
2126.852,,,,-0.0003,0.0003,0.07
2126.902,,,,-0.0003,0.0003,0.07
2126.953,,,,-0.0003,0.0003,0.07
2127.003,,,,-0.0003,0.0003,0.07
2127.054,,,,-0.0003,0.0003,0.07
2127.104,,,,-0.0003,0.0003,0.07
2127.155,,,,-0.0003,0.0003,0.07
2127.206,,,,-0.0003,0.0003,0.07
2127.256,,,,-0.0003,0.0003,0.07
2127.307,,,,-0.0003,0.0003,0.07
2127.358,,,,-0.0003,0.0003,0.07
2127.408,,,,-0.0003,0.0003,0.07
2127.459,,,,-0.0003,0.0003,0.07
2127.534,,,,-0.0003,0.0003,0.07
2127.584,,,,-0.0003,0.0003,0.07
2127.635,,,,-0.0003,0.0003,0.07
2127.685,,,,-0.0003,0.0003,0.07
2127.736,,,,-0.0003,0.0003,0.07
2127.787,,,,-0.0003,0.0003,0.07
2127.837,,,,-0.0003,0.0003,0.07
2127.888,,,,-0.0003,0.0003,0.07
2127.939,,,,-0.0003,0.0003,0.07
2127.99,,,,-0.0003,0.0003,0.07
2128.041,,,,-0.0003,0.0003,0.07
2128.091,,,,-0.0003,0.0003,0.07
2128.142,,,,-0.0003,0.0003,0.07
2128.192,,,,-0.0003,0.0003,0.07
2128.243,,,,-0.0003,0.0003,0.07
2128.294,,,,-0.0003,0.0003,0.07
2128.345,,,,-0.0003,0.0003,0.07
2128.395,,,,-0.0003,0.0003,0.07
2128.446,,,,-0.0003,0.0003,0.07
2128.497,,,,-0.0003,0.0003,0.07
2128.547,,,,-0.0003,0.0003,0.07
2128.598,,,,-0.0003,0.0003,0.07
2128.648,,,,-0.0003,0.0003,0.07
2128.699,,,,-0.0003,0.0003,0.07
2128.75,,,,-0.0003,0.0003,0.07
2128.801,,,,-0.0003,0.0003,0.07
2128.851,,,,-0.0003,0.0003,0.07
2128.902,,,,-0.0003,0.0003,0.07
2128.953,,,,-0.0003,0.0003,0.07
2129.004,,,,-0.0003,0.0003,0.07
2129.054,,,,-0.0003,0.0003,0.07
2129.105,,,,-0.0003,0.0003,0.07
2129.156,,,,-0.0003,0.0003,0.07
2129.207,,,,-0.0003,0.0003,0.07
2129.257,,,,-0.0003,0.0003,0.07
2129.308,,,,-0.0003,0.0003,0.07
2129.359,,,,-0.0003,0.0003,0.07
2129.41,,,,-0.0003,0.0003,0.07
2129.461,,,,-0.0003,0.0003,0.07
2129.512,,,,-0.0003,0.0003,0.07
2129.563,,,,-0.0003,0.0003,0.07
2129.614,,,,-0.0003,0.0003,0.07
2129.664,,,,-0.0003,0.0003,0.07
2129.715,,,,-0.0003,0.0003,0.07
2129.766,,,,-0.0003,0.0003,0.07
2129.817,,,,-0.0003,0.0003,0.07
2129.868,,,,-0.0003,0.0003,0.07
2129.919,,,,-0.0003,0.0003,0.07
2129.969,,,,-0.0003,0.0003,0.07
2130.02,,,,-0.0003,0.0003,0.07
2130.071,,,,-0.0003,0.0003,0.07
2130.122,,,,-0.0003,0.0003,0.07
2130.173,,,,-0.0003,0.0003,0.07
2130.223,,,,-0.0003,0.0003,0.07
2130.274,,,,-0.0003,0.0003,0.07
2130.324,,,,-0.0003,0.0003,0.07
2130.375,,,,-0.0003,0.0003,0.07
2130.426,,,,-0.0003,0.0003,0.07
2130.478,,,,-0.0003,0.0003,0.07
2130.529,,,,-0.0003,0.0003,0.07
2130.58,,,,-0.0003,0.0003,0.07
2130.63,,,,-0.0003,0.0003,0.07
2130.681,,,,-0.0003,0.0003,0.07
2130.731,,,,-0.0003,0.0003,0.07
2130.782,,,,-0.0003,0.0003,0.07
2130.833,,,,-0.0003,0.0003,0.07
2130.883,,,,-0.0003,0.0003,0.07
2130.934,,,,-0.0003,0.0003,0.07
2130.984,,,,-0.0003,0.0003,0.07
2131.035,,,,-0.0003,0.0003,0.07
2131.086,,,,-0.0003,0.0003,0.07
2131.137,,,,-0.0003,0.0003,0.07
2131.187,,,,-0.0003,0.0003,0.07
2131.238,,,,-0.0003,0.0003,0.07
2131.289,,,,-0.0003,0.0003,0.07
2131.34,,,,-0.0003,0.0003,0.07
2131.391,,,,-0.0003,0.0003,0.07
2131.442,,,,-0.0003,0.0003,0.07
2131.492,,,,-0.0003,0.0003,0.07
2131.543,,,,-0.0003,0.0003,0.07
2131.618,,,,-0.0003,0.0003,0.07
2131.67,,,,-0.0003,0.0003,0.07
2131.72,,,,-0.0003,0.0003,0.07
2131.771,,,,-0.0003,0.0003,0.07
2131.822,,,,-0.0003,0.0003,0.07
2131.872,,,,-0.0003,0.0003,0.07
2131.923,,,,-0.0003,0.0003,0.07
2131.974,,,,-0.0003,0.0003,0.07
2132.025,,,,-0.0003,0.0003,0.07
2132.075,,,,-0.0003,0.0003,0.07
2132.126,,,,-0.0003,0.0003,0.07
2132.176,,,,-0.0003,0.0003,0.07
2132.227,,,,-0.0003,0.0003,0.07
2132.278,,,,-0.0003,0.0003,0.07
2132.328,,,,-0.0003,0.0003,0.07
2132.379,,,,-0.0003,0.0003,0.07
2132.43,,,,-0.0003,0.0003,0.07
2132.481,,,,-0.0003,0.0003,0.07
2132.531,,,,-0.0003,0.0003,0.07
2132.582,,,,-0.0003,0.0003,0.07
2132.633,,,,-0.0003,0.0003,0.07
2132.684,,,,-0.0003,0.0003,0.07
2132.734,,,,-0.0003,0.0003,0.07
2132.785,,,,-0.0003,0.0003,0.07
2132.836,,,,-0.0003,0.0003,0.07
2132.887,,,,-0.0003,0.0003,0.07
2132.937,,,,-0.0003,0.0003,0.07
2132.988,,,,-0.0003,0.0003,0.07
2133.039,,,,-0.0003,0.0003,0.07
2133.089,,,,-0.0003,0.0003,0.07
2133.14,,,,-0.0003,0.0003,0.07
2133.191,,,,-0.0003,0.0003,0.07
2133.242,,,,-0.0003,0.0003,0.07
2133.292,,,,-0.0003,0.0003,0.07
2133.343,,,,-0.0003,0.0003,0.07
2133.393,,,,-0.0003,0.0003,0.07
2133.444,,,,-0.0003,0.0003,0.07
2133.495,,,,-0.0003,0.0003,0.07
2133.545,,,,-0.0003,0.0003,0.07
2133.596,,,,-0.0003,0.0003,0.07
2133.647,,,,-0.0003,0.0003,0.07
2133.697,,,,-0.0003,0.0003,0.07
2133.748,,,,-0.0003,0.0003,0.07
2133.799,,,,-0.0003,0.0003,0.07
2133.849,,,,-0.0003,0.0003,0.07
2133.9,,,,-0.0003,0.0003,0.07
2133.951,,,,-0.0003,0.0003,0.07
2134.001,,,,-0.0003,0.0003,0.07
2134.052,,,,-0.0003,0.0003,0.07
2134.103,,,,-0.0003,0.0003,0.07
2134.154,,,,-0.0003,0.0003,0.07
2134.205,,,,-0.0003,0.0003,0.07
2134.256,,,,-0.0003,0.0003,0.07
2134.341,,,,-0.0003,0.0003,0.07
2134.392,,,,-0.0003,0.0003,0.07
2134.442,,,,-0.0003,0.0003,0.07
2134.493,,,,-0.0003,0.0003,0.07
2134.544,,,,-0.0003,0.0003,0.07
2134.594,,,,-0.0003,0.0003,0.07
2134.645,,,,-0.0003,0.0003,0.07
2134.695,,,,-0.0003,0.0003,0.07
2134.746,,,,-0.0003,0.0003,0.07
2134.796,,,,-0.0003,0.0003,0.07
2134.847,,,,-0.0003,0.0003,0.07
2134.897,,,,-0.0003,0.0003,0.07
2134.948,,,,-0.0003,0.0003,0.07
2134.999,,,,-0.0003,0.0003,0.07
2135.05,,,,-0.0003,0.0003,0.07
2135.101,,,,-0.0003,0.0003,0.07
2135.152,,,,-0.0003,0.0003,0.07
2135.202,,,,-0.0003,0.0003,0.07
2135.253,,,,-0.0003,0.0003,0.07
2135.304,,,,-0.0003,0.0003,0.07
2135.355,,,,-0.0003,0.0003,0.07
2135.405,,,,-0.0003,0.0003,0.07
2135.456,,,,-0.0003,0.0003,0.07
2135.506,,,,-0.0003,0.0003,0.07
2135.557,,,,-0.0003,0.0003,0.07
2135.608,,,,-0.0003,0.0003,0.07
2135.659,,,,-0.0003,0.0003,0.07
2135.709,,,,-0.0003,0.0003,0.07
2135.76,,,,-0.0003,0.0003,0.07
2135.811,,,,-0.0003,0.0003,0.07
2135.861,,,,-0.0003,0.0003,0.07
2135.912,,,,-0.0003,0.0003,0.07
2135.962,,,,-0.0003,0.0003,0.07
2136.014,,,,-0.0003,0.0003,0.07
2136.064,,,,-0.0003,0.0003,0.07
2136.115,,,,-0.0003,0.0003,0.07
2136.165,,,,-0.0003,0.0003,0.07
2136.216,,,,-0.0003,0.0003,0.07
2136.266,,,,-0.0003,0.0003,0.07
2136.317,,,,-0.0003,0.0003,0.07
2136.368,,,,-0.0003,0.0003,0.07
2136.419,,,,-0.0003,0.0003,0.07
2136.47,,,,-0.0003,0.0003,0.07
2136.52,,,,-0.0003,0.0003,0.07
2136.571,,,,-0.0003,0.0003,0.07
2136.622,,,,-0.0003,0.0003,0.07
2136.672,,,,-0.0003,0.0003,0.07
2136.723,,,,-0.0003,0.0003,0.07
2136.774,,,,-0.0003,0.0003,0.07
2136.824,,,,-0.0003,0.0003,0.07
2136.874,,,,-0.0003,0.0003,0.07
2136.925,,,,-0.0003,0.0003,0.07
2136.976,,,,-0.0003,0.0003,0.07
2137.026,,,,-0.0003,0.0003,0.07
2137.077,,,,-0.0003,0.0003,0.07
2137.127,,,,-0.0003,0.0003,0.07
2137.178,,,,-0.0003,0.0003,0.07
2137.229,,,,-0.0003,0.0003,0.07
2137.28,,,,-0.0003,0.0003,0.07
2137.33,,,,-0.0003,0.0003,0.07
2137.381,,,,-0.0003,0.0003,0.07
2137.432,,,,-0.0003,0.0003,0.07
2137.483,,,,-0.0003,0.0003,0.07
2137.533,,,,-0.0003,0.0003,0.07
2137.584,,,,-0.0003,0.0003,0.07
2137.635,,,,-0.0003,0.0003,0.07
2137.686,,,,-0.0003,0.0003,0.07
2137.736,,,,-0.0003,0.0003,0.07
2137.787,,,,-0.0003,0.0003,0.07
2137.838,,,,-0.0003,0.0003,0.07
2137.888,,,,-0.0003,0.0003,0.07
2137.939,,,,-0.0003,0.0003,0.07
2137.99,,,,-0.0003,0.0003,0.07
2138.041,,,,-0.0003,0.0003,0.07
2138.091,,,,-0.0003,0.0003,0.07
2138.142,,,,-0.0003,0.0003,0.07
2138.193,,,,-0.0003,0.0003,0.07
2138.244,,,,-0.0003,0.0003,0.07
2138.295,,,,-0.0003,0.0003,0.07
2138.346,,,,-0.0003,0.0003,0.07
2138.426,,,,-0.0003,0.0003,0.07
2138.477,,,,-0.0003,0.0003,0.07
2138.527,,,,-0.0003,0.0003,0.07
2138.578,,,,-0.0003,0.0003,0.07
2138.628,,,,-0.0003,0.0003,0.07
2138.679,,,,-0.0003,0.0003,0.07
2138.729,,,,-0.0003,0.0003,0.07
2138.78,,,,-0.0003,0.0003,0.07
2138.831,,,,-0.0003,0.0003,0.07
2138.882,,,,-0.0003,0.0003,0.07
2138.932,,,,-0.0003,0.0003,0.07
2138.986,,,,-0.0003,0.0003,0.07
2139.036,,,,-0.0003,0.0003,0.07
2139.087,,,,-0.0003,0.0003,0.07
2139.137,,,,-0.0003,0.0003,0.07
2139.188,,,,-0.0003,0.0003,0.07
2139.239,,,,-0.0003,0.0003,0.07
2139.29,,,,-0.0003,0.0003,0.07
2139.34,,,,-0.0003,0.0003,0.07
2139.391,,,,-0.0003,0.0003,0.07
2139.442,,,,-0.0003,0.0003,0.07
2139.492,,,,-0.0003,0.0003,0.07
2139.543,,,,-0.0003,0.0003,0.07
2139.593,,,,-0.0003,0.0003,0.07
2139.644,,,,-0.0003,0.0003,0.07
2139.695,,,,-0.0003,0.0003,0.07
2139.745,,,,-0.0003,0.0003,0.07
2139.799,,,,-0.0003,0.0003,0.07
2139.85,,,,-0.0003,0.0003,0.07
2139.901,,,,-0.0003,0.0003,0.07
2139.952,,,,-0.0003,0.0003,0.07
2140.003,,,,-0.0003,0.0003,0.07
2140.054,,,,-0.0003,0.0003,0.07
2140.104,,,,-0.0003,0.0003,0.07
2140.155,,,,-0.0003,0.0003,0.07
2140.205,,,,-0.0003,0.0003,0.07
2140.256,,,,-0.0003,0.0003,0.07
2140.307,,,,-0.0003,0.0003,0.07
2140.357,,,,-0.0003,0.0003,0.07
2140.408,,,,-0.0003,0.0003,0.07
2140.459,,,,-0.0003,0.0003,0.07
2140.509,,,,-0.0003,0.0003,0.07
2140.561,,,,-0.0003,0.0003,0.07
2140.612,,,,-0.0003,0.0003,0.07
2140.662,,,,-0.0003,0.0003,0.07
2140.713,,,,-0.0003,0.0003,0.07
2140.763,,,,-0.0003,0.0003,0.07
2140.814,,,,-0.0003,0.0003,0.07
2140.864,,,,-0.0003,0.0003,0.07
2140.915,,,,-0.0003,0.0003,0.07
2140.965,,,,-0.0003,0.0003,0.07
2141.016,,,,-0.0003,0.0003,0.07
2141.066,,,,-0.0003,0.0003,0.07
2141.117,,,,-0.0003,0.0003,0.07
2141.168,,,,-0.0003,0.0003,0.07
2141.218,,,,-0.0003,0.0003,0.07
2141.269,,,,-0.0003,0.0003,0.07
2141.32,,,,-0.0003,0.0003,0.07
2141.37,,,,-0.0003,0.0003,0.07
2141.423,,,,-0.0003,0.0003,0.07
2141.473,,,,-0.0003,0.0003,0.07
2141.524,,,,-0.0003,0.0003,0.07
2141.575,,,,-0.0003,0.0003,0.07
2141.626,,,,-0.0003,0.0003,0.07
2141.676,,,,-0.0003,0.0003,0.07
2141.727,,,,-0.0003,0.0003,0.07
2141.778,,,,-0.0003,0.0003,0.07
2141.828,,,,-0.0003,0.0003,0.07
2141.879,,,,-0.0003,0.0003,0.07
2141.93,,,,-0.0003,0.0003,0.07
2141.98,,,,-0.0003,0.0003,0.07
2142.031,,,,-0.0003,0.0003,0.07
2142.081,,,,-0.0003,0.0003,0.07
2142.132,,,,-0.0003,0.0003,0.07
2142.182,,,,-0.0003,0.0003,0.07
2142.233,,,,-0.0003,0.0003,0.07
2142.283,,,,-0.0003,0.0003,0.07
2142.334,,,,-0.0003,0.0003,0.07
2142.384,,,,-0.0003,0.0003,0.07
2142.435,,,,-0.0003,0.0003,0.07
2142.486,,,,-0.0003,0.0003,0.07
2142.536,,,,-0.0003,0.0003,0.07
2142.587,,,,-0.0003,0.0003,0.07
2142.638,,,,-0.0003,0.0003,0.07
2142.689,,,,-0.0003,0.0003,0.07
2142.74,,,,-0.0003,0.0003,0.07
2142.791,,,,-0.0003,0.0003,0.07
2142.842,,,,-0.0003,0.0003,0.07
2142.892,,,,-0.0003,0.0003,0.07
2142.943,,,,-0.0003,0.0003,0.07
2142.994,,,,-0.0003,0.0003,0.07
2143.045,,,,-0.0003,0.0003,0.07
2143.095,,,,-0.0003,0.0003,0.07
2143.146,,,,-0.0003,0.0003,0.07
2143.197,,,,-0.0003,0.0003,0.07
2143.247,,,,-0.0003,0.0003,0.07
2143.298,,,,-0.0003,0.0003,0.07
2143.349,,,,-0.0003,0.0003,0.07
2143.399,,,,-0.0003,0.0003,0.07
2143.45,,,,-0.0003,0.0003,0.07
2143.501,,,,-0.0003,0.0003,0.07
2143.551,,,,-0.0003,0.0003,0.07
2143.602,,,,-0.0003,0.0003,0.07
2143.653,,,,-0.0003,0.0003,0.07
2143.704,,,,-0.0003,0.0003,0.07
2143.754,,,,-0.0003,0.0003,0.07
2143.805,,,,-0.0003,0.0003,0.07
2143.876,,,,-0.0003,0.0003,0.07
2143.928,,,,-0.0003,0.0003,0.07
2143.979,,,,-0.0003,0.0003,0.07
2144.03,,,,-0.0003,0.0003,0.07
2144.08,,,,-0.0003,0.0003,0.07
2144.131,,,,-0.0003,0.0003,0.07
2144.182,,,,-0.0003,0.0003,0.07
2144.233,,,,-0.0003,0.0003,0.07
2144.283,,,,-0.0003,0.0003,0.07
2144.334,,,,-0.0003,0.0003,0.07
2144.385,,,,-0.0003,0.0003,0.07
2144.435,,,,-0.0003,0.0003,0.07
2144.486,,,,-0.0003,0.0003,0.07
2144.536,,,,-0.0003,0.0003,0.07
2144.587,,,,-0.0003,0.0003,0.07
2144.638,,,,-0.0003,0.0003,0.07
2144.688,,,,-0.0003,0.0003,0.07
2144.739,,,,-0.0003,0.0003,0.07
2144.79,,,,-0.0003,0.0003,0.07
2144.841,,,,-0.0003,0.0003,0.07
2144.891,,,,-0.0003,0.0003,0.07
2144.942,,,,-0.0003,0.0003,0.07
2144.993,,,,-0.0003,0.0003,0.07
2145.043,,,,-0.0003,0.0003,0.07
2145.094,,,,-0.0003,0.0003,0.07
2145.145,,,,-0.0003,0.0003,0.07
2145.196,,,,-0.0003,0.0003,0.07
2145.247,,,,-0.0003,0.0003,0.07
2145.297,,,,-0.0003,0.0003,0.07
2145.348,,,,-0.0003,0.0003,0.07
2145.399,,,,-0.0003,0.0003,0.07
2145.449,,,,-0.0003,0.0003,0.07
2145.5,,,,-0.0003,0.0003,0.07
2145.55,,,,-0.0003,0.0003,0.07
2145.602,,,,-0.0003,0.0003,0.07
2145.652,,,,-0.0003,0.0003,0.07
2145.703,,,,-0.0003,0.0003,0.07
2145.756,,,,-0.0003,0.0003,0.07
2145.807,,,,-0.0003,0.0003,0.07
2145.858,,,,-0.0003,0.0003,0.07
2145.909,,,,-0.0003,0.0003,0.07
2145.959,,,,-0.0003,0.0003,0.07
2146.01,,,,-0.0003,0.0003,0.07
2146.061,,,,-0.0003,0.0003,0.07
2146.111,,,,-0.0003,0.0003,0.07
2146.162,,,,-0.0003,0.0003,0.07
2146.213,,,,-0.0003,0.0003,0.07
2146.263,,,,-0.0003,0.0003,0.07
2146.314,,,,-0.0003,0.0003,0.07
2146.365,,,,-0.0003,0.0003,0.07
2146.415,,,,-0.0003,0.0003,0.07
2146.466,,,,-0.0003,0.0003,0.07
2146.518,,,,-0.0003,0.0003,0.07
2146.573,,,,-0.0003,0.0003,0.07
2146.624,,,,-0.0003,0.0003,0.07
2146.674,,,,-0.0003,0.0003,0.07
2146.725,,,,-0.0003,0.0003,0.07
2146.775,,,,-0.0003,0.0003,0.07
2146.825,,,,-0.0003,0.0003,0.07
2146.876,,,,-0.0003,0.0003,0.07
2146.926,,,,-0.0003,0.0003,0.07
2146.977,,,,-0.0003,0.0003,0.07
2147.028,,,,-0.0003,0.0003,0.07
2147.078,,,,-0.0003,0.0003,0.07
2147.129,,,,-0.0003,0.0003,0.07
2147.179,,,,-0.0003,0.0003,0.07
2147.23,,,,-0.0003,0.0003,0.07
2147.282,,,,-0.0003,0.0003,0.07
2147.332,,,,-0.0003,0.0003,0.07
2147.382,,,,-0.0003,0.0003,0.07
2147.433,,,,-0.0003,0.0003,0.07
2147.484,,,,-0.0003,0.0003,0.07
2147.534,,,,-0.0003,0.0003,0.07
2147.585,,,,-0.0003,0.0003,0.07
2147.635,,,,-0.0003,0.0003,0.07
2147.686,,,,-0.0003,0.0003,0.07
2147.737,,,,-0.0003,0.0003,0.07
2147.788,,,,-0.0003,0.0003,0.07
2147.839,,,,-0.0003,0.0003,0.07
2147.889,,,,-0.0003,0.0003,0.07
2147.94,,,,-0.0003,0.0003,0.07
2147.99,,,,-0.0003,0.0003,0.07
2148.041,,,,-0.0003,0.0003,0.07
2148.091,,,,-0.0003,0.0003,0.07
2148.142,,,,-0.0003,0.0003,0.07
2148.192,,,,-0.0003,0.0003,0.07
2148.243,,,,-0.0003,0.0003,0.07
2148.293,,,,-0.0003,0.0003,0.07
2148.344,,,,-0.0003,0.0003,0.07
2148.394,,,,-0.0003,0.0003,0.07
2148.445,,,,-0.0003,0.0003,0.07
2148.496,,,,-0.0003,0.0003,0.07
2148.547,,,,-0.0003,0.0003,0.07
2148.597,,,,-0.0003,0.0003,0.07
2148.648,,,,-0.0003,0.0003,0.07
2148.698,,,,-0.0003,0.0003,0.07
2148.749,,,,-0.0003,0.0003,0.07
2148.799,,,,-0.0003,0.0003,0.07
2148.85,,,,-0.0003,0.0003,0.07
2148.901,,,,-0.0003,0.0003,0.07
2148.952,,,,-0.0003,0.0003,0.07
2149.002,,,,-0.0003,0.0003,0.07
2149.053,,,,-0.0003,0.0003,0.07
2149.104,,,,-0.0003,0.0003,0.07
2149.155,,,,-0.0003,0.0003,0.07
2149.206,,,,-0.0003,0.0003,0.07
2149.256,,,,-0.0003,0.0003,0.07
2149.341,,,,-0.0003,0.0003,0.07
2149.391,,,,-0.0003,0.0003,0.07
2149.442,,,,-0.0003,0.0003,0.07
2149.492,,,,-0.0003,0.0003,0.07
2149.543,,,,-0.0003,0.0003,0.07
2149.594,,,,-0.0003,0.0003,0.07
2149.645,,,,-0.0003,0.0003,0.07
2149.695,,,,-0.0003,0.0003,0.07
2149.746,,,,-0.0003,0.0003,0.07
2149.797,,,,-0.0003,0.0003,0.07
2149.847,,,,-0.0003,0.0003,0.07
2149.898,,,,-0.0003,0.0003,0.07
2149.948,,,,-0.0003,0.0003,0.07
2149.999,,,,-0.0003,0.0003,0.07
2150.05,,,,-0.0003,0.0003,0.07
2150.1,,,,-0.0003,0.0003,0.07
2150.151,,,,-0.0003,0.0003,0.07
2150.202,,,,-0.0003,0.0003,0.07
2150.252,,,,-0.0003,0.0003,0.07
2150.303,,,,-0.0003,0.0003,0.07
2150.354,,,,-0.0003,0.0003,0.07
2150.404,,,,-0.0003,0.0003,0.07
2150.455,,,,-0.0003,0.0003,0.07
2150.506,,,,-0.0003,0.0003,0.07
2150.557,,,,-0.0003,0.0003,0.07
2150.608,,,,-0.0003,0.0003,0.07
2150.698,,,,-0.0003,0.0003,0.07
2150.749,,,,-0.0003,0.0003,0.07
2150.799,,,,-0.0003,0.0003,0.07
2150.85,,,,-0.0003,0.0003,0.07
2150.901,,,,-0.0003,0.0003,0.07
2150.952,,,,-0.0003,0.0003,0.07
2151.002,,,,-0.0003,0.0003,0.07
2151.053,,,,-0.0003,0.0003,0.07
2151.104,,,,-0.0003,0.0003,0.07
2151.154,,,,-0.0003,0.0003,0.07
2151.205,,,,-0.0003,0.0003,0.07
2151.256,,,,-0.0003,0.0003,0.07
2151.306,,,,-0.0003,0.0003,0.07
2151.357,,,,-0.0003,0.0003,0.07
2151.408,,,,-0.0003,0.0003,0.07
2151.459,,,,-0.0003,0.0003,0.07
2151.509,,,,-0.0003,0.0003,0.07
2151.56,,,,-0.0003,0.0003,0.07
2151.612,,,,-0.0003,0.0003,0.07
2151.662,,,,-0.0003,0.0003,0.07
2151.713,,,,-0.0003,0.0003,0.07
2151.764,,,,-0.0003,0.0003,0.07
2151.814,,,,-0.0003,0.0003,0.07
2151.865,,,,-0.0003,0.0003,0.07
2151.916,,,,-0.0003,0.0003,0.07
2151.967,,,,-0.0003,0.0003,0.07
2152.017,,,,-0.0003,0.0003,0.07
2152.07,,,,-0.0003,0.0003,0.07
2152.12,,,,-0.0003,0.0003,0.07
2152.171,,,,-0.0003,0.0003,0.07
2152.222,,,,-0.0003,0.0003,0.07
2152.273,,,,-0.0003,0.0003,0.07
2152.323,,,,-0.0003,0.0003,0.07
2152.375,,,,-0.0003,0.0003,0.07
2152.425,,,,-0.0003,0.0003,0.07
2152.476,,,,-0.0003,0.0003,0.07
2152.526,,,,-0.0003,0.0003,0.07
2152.577,,,,-0.0003,0.0003,0.07
2152.627,,,,-0.0003,0.0003,0.07
2152.678,,,,-0.0003,0.0003,0.07
2152.729,,,,-0.0003,0.0003,0.07
2152.779,,,,-0.0003,0.0003,0.07
2152.83,,,,-0.0003,0.0003,0.07
2152.881,,,,-0.0003,0.0003,0.07
2152.931,,,,-0.0003,0.0003,0.07
2152.982,,,,-0.0003,0.0003,0.07
2153.033,,,,-0.0003,0.0003,0.07
2153.083,,,,-0.0003,0.0003,0.07
2153.134,,,,-0.0003,0.0003,0.07
2153.185,,,,-0.0003,0.0003,0.07
2153.236,,,,-0.0003,0.0003,0.07
2153.286,,,,-0.0003,0.0003,0.07
2153.337,,,,-0.0003,0.0003,0.07
2153.426,,,,-0.0003,0.0003,0.07
2153.476,,,,-0.0003,0.0003,0.07
2153.527,,,,-0.0003,0.0003,0.07
2153.578,,,,-0.0003,0.0003,0.07
2153.628,,,,-0.0003,0.0003,0.07
2153.679,,,,-0.0003,0.0003,0.07
2153.729,,,,-0.0003,0.0003,0.07
2153.78,,,,-0.0003,0.0003,0.07
2153.831,,,,-0.0003,0.0003,0.07
2153.881,,,,-0.0003,0.0003,0.07
2153.932,,,,-0.0003,0.0003,0.07
2153.983,,,,-0.0003,0.0003,0.07
2154.034,,,,-0.0003,0.0003,0.07
2154.084,,,,-0.0003,0.0003,0.07
2154.135,,,,-0.0003,0.0003,0.07
2154.186,,,,-0.0003,0.0003,0.07
2154.236,,,,-0.0003,0.0003,0.07
2154.287,,,,-0.0003,0.0003,0.07
2154.339,,,,-0.0003,0.0003,0.07
2154.389,,,,-0.0003,0.0003,0.07
2154.44,,,,-0.0003,0.0003,0.07
2154.491,,,,-0.0003,0.0003,0.07
2154.542,,,,-0.0003,0.0003,0.07
2154.592,,,,-0.0003,0.0003,0.07
2154.643,,,,-0.0003,0.0003,0.07
2154.694,,,,-0.0003,0.0003,0.07
2154.744,,,,-0.0003,0.0003,0.07
2154.795,,,,-0.0003,0.0003,0.07
2154.846,,,,-0.0003,0.0003,0.07
2154.897,,,,-0.0003,0.0003,0.07
2154.949,,,,-0.0003,0.0003,0.07
2154.999,,,,-0.0003,0.0003,0.07
2155.05,,,,-0.0003,0.0003,0.07
2155.101,,,,-0.0003,0.0003,0.07
2155.152,,,,-0.0003,0.0003,0.07
2155.202,,,,-0.0003,0.0003,0.07
2155.253,,,,-0.0003,0.0003,0.07
2155.304,,,,-0.0003,0.0003,0.07
2155.355,,,,-0.0003,0.0003,0.07
2155.406,,,,-0.0003,0.0003,0.07
2155.456,,,,-0.0003,0.0003,0.07
2155.506,,,,-0.0003,0.0003,0.07
2155.557,,,,-0.0003,0.0003,0.07
2155.608,,,,-0.0003,0.0003,0.07
2155.658,,,,-0.0003,0.0003,0.07
2155.709,,,,-0.0003,0.0003,0.07
2155.76,,,,-0.0003,0.0003,0.07
2155.811,,,,-0.0003,0.0003,0.07
2155.861,,,,-0.0003,0.0003,0.07
2155.913,,,,-0.0003,0.0003,0.07
2155.963,,,,-0.0003,0.0003,0.07
2156.014,,,,-0.0003,0.0003,0.07
2156.065,,,,-0.0003,0.0003,0.07
2156.151,,,,-0.0003,0.0003,0.07
2156.202,,,,-0.0003,0.0003,0.07
2156.252,,,,-0.0003,0.0003,0.07
2156.303,,,,-0.0003,0.0003,0.07
2156.353,,,,-0.0003,0.0003,0.07
2156.404,,,,-0.0003,0.0003,0.07
2156.455,,,,-0.0003,0.0003,0.07
2156.505,,,,-0.0003,0.0003,0.07
2156.556,,,,-0.0003,0.0003,0.07
2156.606,,,,-0.0003,0.0003,0.07
2156.657,,,,-0.0003,0.0003,0.07
2156.725,,,,-0.0003,0.0003,0.07
2156.775,,,,-0.0003,0.0003,0.07
2156.826,,,,-0.0003,0.0003,0.07
2156.876,,,,-0.0003,0.0003,0.07
2156.927,,,,-0.0003,0.0003,0.07
2156.977,,,,-0.0003,0.0003,0.07
2157.028,,,,-0.0003,0.0003,0.07
2157.079,,,,-0.0003,0.0003,0.07
2157.13,,,,-0.0003,0.0003,0.07
2157.18,,,,-0.0003,0.0003,0.07
2157.23,,,,-0.0003,0.0003,0.07
2157.281,,,,-0.0003,0.0003,0.07
2157.332,,,,-0.0003,0.0003,0.07
2157.383,,,,-0.0003,0.0003,0.07
2157.434,,,,-0.0003,0.0003,0.07
2157.485,,,,-0.0003,0.0003,0.07
2157.535,,,,-0.0003,0.0003,0.07
2157.586,,,,-0.0003,0.0003,0.07
2157.637,,,,-0.0003,0.0003,0.07
2157.688,,,,-0.0003,0.0003,0.07
2157.739,,,,-0.0003,0.0003,0.07
2157.79,,,,-0.0003,0.0003,0.07
2157.84,,,,-0.0003,0.0003,0.07
2157.891,,,,-0.0003,0.0003,0.07
2157.948,,,,-0.0003,0.0003,0.07
2158.003,,,,-0.0003,0.0003,0.07
2158.055,,,,-0.0003,0.0003,0.07
2158.105,,,,-0.0003,0.0003,0.07
2158.156,,,,-0.0003,0.0003,0.07
2158.206,,,,-0.0003,0.0003,0.07
2158.257,,,,-0.0003,0.0003,0.07
2158.307,,,,-0.0003,0.0003,0.07
2158.358,,,,-0.0003,0.0003,0.07
2158.409,,,,-0.0003,0.0003,0.07
2158.46,,,,-0.0003,0.0003,0.07
2158.51,,,,-0.0003,0.0003,0.07
2158.561,,,,-0.0003,0.0003,0.07
2158.611,,,,-0.0003,0.0003,0.07
2158.662,,,,-0.0003,0.0003,0.07
2158.713,,,,-0.0003,0.0003,0.07
2158.763,,,,-0.0003,0.0003,0.07
2158.814,,,,-0.0003,0.0003,0.07
2158.864,,,,-0.0003,0.0003,0.07
2158.915,,,,-0.0003,0.0003,0.07
2158.966,,,,-0.0003,0.0003,0.07
2159.017,,,,-0.0003,0.0003,0.07
2159.068,,,,-0.0003,0.0003,0.07
2159.119,,,,-0.0003,0.0003,0.07
2159.169,,,,-0.0003,0.0003,0.07
2159.22,,,,-0.0003,0.0003,0.07
2159.271,,,,-0.0003,0.0003,0.07
2159.321,,,,-0.0003,0.0003,0.07
2159.371,,,,-0.0003,0.0003,0.07
2159.422,,,,-0.0003,0.0003,0.07
2159.474,,,,-0.0003,0.0003,0.07
2159.524,,,,-0.0003,0.0003,0.07
2159.575,,,,-0.0003,0.0003,0.07
2159.626,,,,-0.0003,0.0003,0.07
2159.677,,,,-0.0003,0.0003,0.07
2159.728,,,,-0.0003,0.0003,0.07
2159.779,,,,-0.0003,0.0003,0.07
2159.829,,,,-0.0003,0.0003,0.07
2159.88,,,,-0.0003,0.0003,0.07
2159.93,,,,-0.0003,0.0003,0.07
2159.981,,,,-0.0003,0.0003,0.07
2160.031,,,,-0.0003,0.0003,0.07
2160.082,,,,-0.0003,0.0003,0.07
2160.132,,,,-0.0003,0.0003,0.07
2160.182,,,,-0.0003,0.0003,0.07
2160.237,,,,-0.0003,0.0003,0.07
2160.288,,,,-0.0003,0.0003,0.07
2160.34,,,,-0.0003,0.0003,0.07
2160.391,,,,-0.0003,0.0003,0.07
2160.442,,,,-0.0003,0.0003,0.07
2160.492,,,,-0.0003,0.0003,0.07
2160.543,,,,-0.0003,0.0003,0.07
2160.594,,,,-0.0003,0.0003,0.07
2160.644,,,,-0.0003,0.0003,0.07
2160.695,,,,-0.0003,0.0003,0.07
2160.745,,,,-0.0003,0.0003,0.07
2160.796,,,,-0.0003,0.0003,0.07
2160.847,,,,-0.0003,0.0003,0.07
2160.897,,,,-0.0003,0.0003,0.07
2160.949,,,,-0.0003,0.0003,0.07
2160.999,,,,-0.0003,0.0003,0.07
2161.049,,,,-0.0003,0.0003,0.07
2161.1,,,,-0.0003,0.0003,0.07
2161.151,,,,-0.0003,0.0003,0.07
2161.202,,,,-0.0003,0.0003,0.07
2161.253,,,,-0.0003,0.0003,0.07
2161.304,,,,-0.0003,0.0003,0.07
2161.355,,,,-0.0003,0.0003,0.07
2161.405,,,,-0.0003,0.0003,0.07
2161.456,,,,-0.0003,0.0003,0.07
2161.506,,,,-0.0003,0.0003,0.07
2161.557,,,,-0.0003,0.0003,0.07
2161.611,,,,-0.0003,0.0003,0.07
2161.662,,,,-0.0003,0.0003,0.07
2161.713,,,,-0.0003,0.0003,0.07
2161.763,,,,-0.0003,0.0003,0.07
2161.814,,,,-0.0003,0.0003,0.07
2161.864,,,,-0.0003,0.0003,0.07
2161.915,,,,-0.0003,0.0003,0.07
2161.966,,,,-0.0003,0.0003,0.07
2162.016,,,,-0.0003,0.0003,0.07
2162.067,,,,-0.0003,0.0003,0.07
2162.118,,,,-0.0003,0.0003,0.07
2162.169,,,,-0.0003,0.0003,0.07
2162.22,,,,-0.0003,0.0003,0.07
2162.27,,,,-0.0003,0.0003,0.07
2162.321,,,,-0.0003,0.0003,0.07
2162.372,,,,-0.0003,0.0003,0.07
2162.422,,,,-0.0003,0.0003,0.07
2162.473,,,,-0.0003,0.0003,0.07
2162.524,,,,-0.0003,0.0003,0.07
2162.575,,,,-0.0003,0.0003,0.07
2162.625,,,,-0.0003,0.0003,0.07
2162.676,,,,-0.0003,0.0003,0.07
2162.727,,,,-0.0003,0.0003,0.07
2162.777,,,,-0.0003,0.0003,0.07
2162.828,,,,-0.0003,0.0003,0.07
2162.881,,,,-0.0003,0.0003,0.07
2162.973,,,,-0.0003,0.0003,0.07
2163.024,,,,-0.0003,0.0003,0.07
2163.074,,,,-0.0003,0.0003,0.07
2163.125,,,,-0.0003,0.0003,0.07
2163.176,,,,-0.0003,0.0003,0.07
2163.227,,,,-0.0003,0.0003,0.07
2163.277,,,,-0.0003,0.0003,0.07
2163.328,,,,-0.0003,0.0003,0.07
2163.405,,,,-0.0003,0.0003,0.07
2163.456,,,,-0.0003,0.0003,0.07
2163.507,,,,-0.0003,0.0003,0.07
2163.558,,,,-0.0003,0.0003,0.07
2163.608,,,,-0.0003,0.0003,0.07
2163.659,,,,-0.0003,0.0003,0.07
2163.71,,,,-0.0003,0.0003,0.07
2163.76,,,,-0.0003,0.0003,0.07
2163.811,,,,-0.0003,0.0003,0.07
2163.862,,,,-0.0003,0.0003,0.07
2163.914,,,,-0.0003,0.0003,0.07
2163.965,,,,-0.0003,0.0003,0.07
2164.015,,,,-0.0003,0.0003,0.07
2164.066,,,,-0.0003,0.0003,0.07
2164.116,,,,-0.0003,0.0003,0.07
2164.167,,,,-0.0003,0.0003,0.07
2164.218,,,,-0.0003,0.0003,0.07
2164.268,,,,-0.0003,0.0003,0.07
2164.319,,,,-0.0003,0.0003,0.07
2164.37,,,,-0.0003,0.0003,0.07
2164.421,,,,-0.0003,0.0003,0.07
2164.471,,,,-0.0003,0.0003,0.07
2164.522,,,,-0.0003,0.0003,0.07
2164.572,,,,-0.0003,0.0003,0.07
2164.623,,,,-0.0003,0.0003,0.07
2164.673,,,,-0.0003,0.0003,0.07
2164.724,,,,-0.0003,0.0003,0.07
2164.774,,,,-0.0003,0.0003,0.07
2164.825,,,,-0.0003,0.0003,0.07
2164.875,,,,-0.0003,0.0003,0.07
2164.926,,,,-0.0003,0.0003,0.07
2164.977,,,,-0.0003,0.0003,0.07
2165.027,,,,-0.0003,0.0003,0.07
2165.078,,,,-0.0003,0.0003,0.07
2165.129,,,,-0.0003,0.0003,0.07
2165.18,,,,-0.0003,0.0003,0.07
2165.23,,,,-0.0003,0.0003,0.07
2165.281,,,,-0.0003,0.0003,0.07
2165.331,,,,-0.0003,0.0003,0.07
2165.382,,,,-0.0003,0.0003,0.07
2165.432,,,,-0.0003,0.0003,0.07
2165.483,,,,-0.0003,0.0003,0.07
2165.533,,,,-0.0003,0.0003,0.07
2165.584,,,,-0.0003,0.0003,0.07
2165.634,,,,-0.0003,0.0003,0.07
2165.685,,,,-0.0003,0.0003,0.07
2165.735,,,,-0.0003,0.0003,0.07
2165.786,,,,-0.0003,0.0003,0.07
2165.836,,,,-0.0003,0.0003,0.07
2165.887,,,,-0.0003,0.0003,0.07
2165.937,,,,-0.0003,0.0003,0.07
2165.988,,,,-0.0003,0.0003,0.07
2166.039,,,,-0.0003,0.0003,0.07
2166.09,,,,-0.0003,0.0003,0.07
2166.14,,,,-0.0003,0.0003,0.07
2166.19,,,,-0.0003,0.0003,0.07
2166.241,,,,-0.0003,0.0003,0.07
2166.291,,,,-0.0003,0.0003,0.07
2166.342,,,,-0.0003,0.0003,0.07
2166.393,,,,-0.0003,0.0003,0.07
2166.443,,,,-0.0003,0.0003,0.07
2166.494,,,,-0.0003,0.0003,0.07
2166.545,,,,-0.0003,0.0003,0.07
2166.596,,,,-0.0003,0.0003,0.07
2166.647,,,,-0.0003,0.0003,0.07
2166.698,,,,-0.0003,0.0003,0.07
2166.749,,,,-0.0003,0.0003,0.07
2166.799,,,,-0.0003,0.0003,0.07
2166.85,,,,-0.0003,0.0003,0.07
2166.901,,,,-0.0003,0.0003,0.07
2166.951,,,,-0.0003,0.0003,0.07
2167.002,,,,-0.0003,0.0003,0.07
2167.053,,,,-0.0003,0.0003,0.07
2167.103,,,,-0.0003,0.0003,0.07
2167.154,,,,-0.0003,0.0003,0.07
2167.204,,,,-0.0003,0.0003,0.07
2167.255,,,,-0.0003,0.0003,0.07
2167.305,,,,-0.0003,0.0003,0.07
2167.356,,,,-0.0003,0.0003,0.07
2167.407,,,,-0.0003,0.0003,0.07
2167.458,,,,-0.0003,0.0003,0.07
2167.508,,,,-0.0003,0.0003,0.07
2167.559,,,,-0.0003,0.0003,0.07
2167.61,,,,-0.0003,0.0003,0.07
2167.661,,,,-0.0003,0.0003,0.07
2167.712,,,,-0.0003,0.0003,0.07
2167.763,,,,-0.0003,0.0003,0.07
2167.813,,,,-0.0003,0.0003,0.07
2167.863,,,,-0.0003,0.0003,0.07
2167.914,,,,-0.0003,0.0003,0.07
2167.965,,,,-0.0003,0.0003,0.07
2168.039,,,,-0.0003,0.0003,0.07
2168.09,,,,-0.0003,0.0003,0.07
2168.14,,,,-0.0003,0.0003,0.07
2168.191,,,,-0.0003,0.0003,0.07
2168.241,,,,-0.0003,0.0003,0.07
2168.292,,,,-0.0003,0.0003,0.07
2168.343,,,,-0.0003,0.0003,0.07
2168.427,,,,-0.0003,0.0003,0.07
2168.478,,,,-0.0003,0.0003,0.07
2168.529,,,,-0.0003,0.0003,0.07
2168.58,,,,-0.0003,0.0003,0.07
2168.63,,,,-0.0003,0.0003,0.07
2168.681,,,,-0.0003,0.0003,0.07
2168.732,,,,-0.0003,0.0003,0.07
2168.783,,,,-0.0003,0.0003,0.07
2168.834,,,,-0.0003,0.0003,0.07
2168.885,,,,-0.0003,0.0003,0.07
2168.935,,,,-0.0003,0.0003,0.07
2168.986,,,,-0.0003,0.0003,0.07
2169.037,,,,-0.0003,0.0003,0.07
2169.088,,,,-0.0003,0.0003,0.07
2169.138,,,,-0.0003,0.0003,0.07
2169.189,,,,-0.0003,0.0003,0.07
2169.24,,,,-0.0003,0.0003,0.07
2169.29,,,,-0.0003,0.0003,0.07
2169.341,,,,-0.0003,0.0003,0.07
2169.392,,,,-0.0003,0.0003,0.07
2169.442,,,,-0.0003,0.0003,0.07
2169.493,,,,-0.0003,0.0003,0.07
2169.543,,,,-0.0003,0.0003,0.07
2169.594,,,,-0.0003,0.0003,0.07
2169.644,,,,-0.0003,0.0003,0.07
2169.695,,,,-0.0003,0.0003,0.07
2169.779,,,,-0.0003,0.0003,0.07
2169.829,,,,-0.0003,0.0003,0.07
2169.88,,,,-0.0003,0.0003,0.07
2169.931,,,,-0.0003,0.0003,0.07
2169.981,,,,-0.0003,0.0003,0.07
2170.032,,,,-0.0003,0.0003,0.07
2170.082,,,,-0.0003,0.0003,0.07
2170.133,,,,-0.0003,0.0003,0.07
2170.184,,,,-0.0003,0.0003,0.07
2170.234,,,,-0.0003,0.0003,0.07
2170.285,,,,-0.0003,0.0003,0.07
2170.335,,,,-0.0003,0.0003,0.07
2170.386,,,,-0.0003,0.0003,0.07
2170.437,,,,-0.0003,0.0003,0.07
2170.487,,,,-0.0003,0.0003,0.07
2170.538,,,,-0.0003,0.0003,0.07
2170.589,,,,-0.0003,0.0003,0.07
2170.639,,,,-0.0003,0.0003,0.07
2170.69,,,,-0.0003,0.0003,0.07
2170.741,,,,-0.0003,0.0003,0.07
2170.792,,,,-0.0003,0.0003,0.07
2170.842,,,,-0.0003,0.0003,0.07
2170.892,,,,-0.0003,0.0003,0.07
2170.943,,,,-0.0003,0.0003,0.07
2170.994,,,,-0.0003,0.0003,0.07
2171.044,,,,-0.0003,0.0003,0.07
2171.095,,,,-0.0003,0.0003,0.07
2171.145,,,,-0.0003,0.0003,0.07
2171.195,,,,-0.0003,0.0003,0.07
2171.246,,,,-0.0003,0.0003,0.07
2171.297,,,,-0.0003,0.0003,0.07
2171.347,,,,-0.0003,0.0003,0.07
2171.398,,,,-0.0003,0.0003,0.07
2171.449,,,,-0.0003,0.0003,0.07
2171.499,,,,-0.0003,0.0003,0.07
2171.55,,,,-0.0003,0.0003,0.07
2171.601,,,,-0.0003,0.0003,0.07
2171.651,,,,-0.0003,0.0003,0.07
2171.702,,,,-0.0003,0.0003,0.07
2171.753,,,,-0.0003,0.0003,0.07
2171.804,,,,-0.0003,0.0003,0.07
2171.854,,,,-0.0003,0.0003,0.07
2171.905,,,,-0.0003,0.0003,0.07
2171.956,,,,-0.0003,0.0003,0.07
2172.006,,,,-0.0003,0.0003,0.07
2172.057,,,,-0.0003,0.0003,0.07
2172.108,,,,-0.0003,0.0003,0.07
2172.158,,,,-0.0003,0.0003,0.07
2172.209,,,,-0.0003,0.0003,0.07
2172.26,,,,-0.0003,0.0003,0.07
2172.31,,,,-0.0003,0.0003,0.07
2172.361,,,,-0.0003,0.0003,0.07
2172.411,,,,-0.0003,0.0003,0.07
2172.462,,,,-0.0003,0.0003,0.07
2172.512,,,,-0.0003,0.0003,0.07
2172.563,,,,-0.0003,0.0003,0.07
2172.614,,,,-0.0003,0.0003,0.07
2172.665,,,,-0.0003,0.0003,0.07
2172.715,,,,-0.0003,0.0003,0.07
2172.766,,,,-0.0003,0.0003,0.07
2172.817,,,,-0.0003,0.0003,0.07
2172.867,,,,-0.0003,0.0003,0.07
2172.917,,,,-0.0003,0.0003,0.07
2172.968,,,,-0.0003,0.0003,0.07
2173.019,,,,-0.0003,0.0003,0.07
2173.069,,,,-0.0003,0.0003,0.07
2173.12,,,,-0.0003,0.0003,0.07
2173.171,,,,-0.0003,0.0003,0.07
2173.221,,,,-0.0003,0.0003,0.07
2173.271,,,,-0.0003,0.0003,0.07
2173.322,,,,-0.0003,0.0003,0.07
2173.372,,,,-0.0003,0.0003,0.07
2173.423,,,,-0.0003,0.0003,0.07
2173.474,,,,-0.0003,0.0003,0.07
2173.525,,,,-0.0003,0.0003,0.07
2173.575,,,,-0.0003,0.0003,0.07
2173.626,,,,-0.0003,0.0003,0.07
2173.676,,,,-0.0003,0.0003,0.07
2173.726,,,,-0.0003,0.0003,0.07
2173.778,,,,-0.0003,0.0003,0.07
2173.829,,,,-0.0003,0.0003,0.07
2173.879,,,,-0.0003,0.0003,0.07
2173.929,,,,-0.0003,0.0003,0.07
2173.98,,,,-0.0003,0.0003,0.07
2174.03,,,,-0.0003,0.0003,0.07
2174.081,,,,-0.0003,0.0003,0.07
2174.132,,,,-0.0003,0.0003,0.07
2174.183,,,,-0.0003,0.0003,0.07
2174.233,,,,-0.0003,0.0003,0.07
2174.283,,,,-0.0003,0.0003,0.07
2174.334,,,,-0.0003,0.0003,0.07
2174.385,,,,-0.0003,0.0003,0.07
2174.435,,,,-0.0003,0.0003,0.07
2174.487,,,,-0.0003,0.0003,0.07
2174.537,,,,-0.0003,0.0003,0.07
2174.588,,,,-0.0003,0.0003,0.07
2174.638,,,,-0.0003,0.0003,0.07
2174.689,,,,-0.0003,0.0003,0.07
2174.739,,,,-0.0003,0.0003,0.07
2174.79,,,,-0.0003,0.0003,0.07
2174.841,,,,-0.0003,0.0003,0.07
2174.891,,,,-0.0003,0.0003,0.07
2174.941,,,,-0.0003,0.0003,0.07
2174.992,,,,-0.0003,0.0003,0.07
2175.043,,,,-0.0003,0.0003,0.07
2175.094,,,,-0.0003,0.0003,0.07
2175.144,,,,-0.0003,0.0003,0.07
2175.195,,,,-0.0003,0.0003,0.07
2175.246,,,,-0.0003,0.0003,0.07
2175.297,,,,-0.0003,0.0003,0.07
2175.348,,,,-0.0003,0.0003,0.07
2175.399,,,,-0.0003,0.0003,0.07
2175.45,,,,-0.0003,0.0003,0.07
2175.501,,,,-0.0003,0.0003,0.07
2175.552,,,,-0.0003,0.0003,0.07
2175.602,,,,-0.0003,0.0003,0.07
2175.653,,,,-0.0003,0.0003,0.07
2175.704,,,,-0.0003,0.0003,0.07
2175.755,,,,-0.0003,0.0003,0.07
2175.805,,,,-0.0003,0.0003,0.07
2175.856,,,,-0.0003,0.0003,0.07
2175.907,,,,-0.0003,0.0003,0.07
2175.957,,,,-0.0003,0.0003,0.07
2176.008,,,,-0.0003,0.0003,0.07
2176.059,,,,-0.0003,0.0003,0.07
2176.11,,,,-0.0003,0.0003,0.07
2176.16,,,,-0.0003,0.0003,0.07
2176.214,,,,-0.0003,0.0003,0.07
2176.264,,,,-0.0003,0.0003,0.07
2176.315,,,,-0.0003,0.0003,0.07
2176.366,,,,-0.0003,0.0003,0.07
2176.416,,,,-0.0003,0.0003,0.07
2176.467,,,,-0.0003,0.0003,0.07
2176.517,,,,-0.0003,0.0003,0.07
2176.593,,,,-0.0003,0.0003,0.07
2176.643,,,,-0.0003,0.0003,0.07
2176.694,,,,-0.0003,0.0003,0.07
2176.745,,,,-0.0003,0.0003,0.07
2176.795,,,,-0.0003,0.0003,0.07
2176.845,,,,-0.0003,0.0003,0.07
2176.896,,,,-0.0003,0.0003,0.07
2176.946,,,,-0.0003,0.0003,0.07
2176.997,,,,-0.0003,0.0003,0.07
2177.047,,,,-0.0003,0.0003,0.07
2177.098,,,,-0.0003,0.0003,0.07
2177.149,,,,-0.0003,0.0003,0.07
2177.199,,,,-0.0003,0.0003,0.07
2177.25,,,,-0.0003,0.0003,0.07
2177.301,,,,-0.0003,0.0003,0.07
2177.351,,,,-0.0003,0.0003,0.07
2177.402,,,,-0.0003,0.0003,0.07
2177.453,,,,-0.0003,0.0003,0.07
2177.503,,,,-0.0003,0.0003,0.07
2177.554,,,,-0.0003,0.0003,0.07
2177.604,,,,-0.0003,0.0003,0.07
2177.655,,,,-0.0003,0.0003,0.07
2177.705,,,,-0.0003,0.0003,0.07
2177.756,,,,-0.0003,0.0003,0.07
2177.806,,,,-0.0003,0.0003,0.07
2177.857,,,,-0.0003,0.0003,0.07
2177.908,,,,-0.0003,0.0003,0.07
2177.959,,,,-0.0003,0.0003,0.07
2178.009,,,,-0.0003,0.0003,0.07
2178.059,,,,-0.0003,0.0003,0.07
2178.11,,,,-0.0003,0.0003,0.07
2178.161,,,,-0.0003,0.0003,0.07
2178.211,,,,-0.0003,0.0003,0.07
2178.262,,,,-0.0003,0.0003,0.07
2178.313,,,,-0.0003,0.0003,0.07
2178.363,,,,-0.0003,0.0003,0.07
2178.414,,,,-0.0003,0.0003,0.07
2178.465,,,,-0.0003,0.0003,0.07
2178.515,,,,-0.0003,0.0003,0.07
2178.565,,,,-0.0003,0.0003,0.07
2178.616,,,,-0.0003,0.0003,0.07
2178.666,,,,-0.0003,0.0003,0.07
2178.717,,,,-0.0003,0.0003,0.07
2178.767,,,,-0.0003,0.0003,0.07
2178.818,,,,-0.0003,0.0003,0.07
2178.869,,,,-0.0003,0.0003,0.07
2178.92,,,,-0.0003,0.0003,0.07
2178.97,,,,-0.0003,0.0003,0.07
2179.021,,,,-0.0003,0.0003,0.07
2179.071,,,,-0.0003,0.0003,0.07
2179.122,,,,-0.0003,0.0003,0.07
2179.172,,,,-0.0003,0.0003,0.07
2179.223,,,,-0.0003,0.0003,0.07
2179.274,,,,-0.0003,0.0003,0.07
2179.329,,,,-0.0003,0.0003,0.07
2179.379,,,,-0.0003,0.0003,0.07
2179.43,,,,-0.0003,0.0003,0.07
2179.481,,,,-0.0003,0.0003,0.07
2179.532,,,,-0.0003,0.0003,0.07
2179.582,,,,-0.0003,0.0003,0.07
2179.633,,,,-0.0003,0.0003,0.07
2179.683,,,,-0.0003,0.0003,0.07
2179.734,,,,-0.0003,0.0003,0.07
2179.784,,,,-0.0003,0.0003,0.07
2179.835,,,,-0.0003,0.0003,0.07
2179.886,,,,-0.0003,0.0003,0.07
2179.936,,,,-0.0003,0.0003,0.07
2179.987,,,,-0.0003,0.0003,0.07
2180.038,,,,-0.0003,0.0003,0.07
2180.088,,,,-0.0003,0.0003,0.07
2180.139,,,,-0.0003,0.0003,0.07
2180.189,,,,-0.0003,0.0003,0.07
2180.24,,,,-0.0003,0.0003,0.07
2180.291,,,,-0.0003,0.0003,0.07
2180.342,,,,-0.0003,0.0003,0.07
2180.392,,,,-0.0003,0.0003,0.07
2180.443,,,,-0.0003,0.0003,0.07
2180.493,,,,-0.0003,0.0003,0.07
2180.543,,,,-0.0003,0.0003,0.07
2180.594,,,,-0.0003,0.0003,0.07
2180.684,,,,-0.0003,0.0003,0.07
2180.734,,,,-0.0003,0.0003,0.07
2180.785,,,,-0.0003,0.0003,0.07
2180.836,,,,-0.0003,0.0003,0.07
2180.886,,,,-0.0003,0.0003,0.07
2180.937,,,,-0.0003,0.0003,0.07
2180.988,,,,-0.0003,0.0003,0.07
2181.039,,,,-0.0003,0.0003,0.07
2181.089,,,,-0.0003,0.0003,0.07
2181.14,,,,-0.0003,0.0003,0.07
2181.19,,,,-0.0003,0.0003,0.07
2181.241,,,,-0.0003,0.0003,0.07
2181.291,,,,-0.0003,0.0003,0.07
2181.342,,,,-0.0003,0.0003,0.07
2181.392,,,,-0.0003,0.0003,0.07
2181.443,,,,-0.0003,0.0003,0.07
2181.494,,,,-0.0003,0.0003,0.07
2181.545,,,,-0.0003,0.0003,0.07
2181.595,,,,-0.0003,0.0003,0.07
2181.646,,,,-0.0003,0.0003,0.07
2181.697,,,,-0.0003,0.0003,0.07
2181.747,,,,-0.0003,0.0003,0.07
2181.798,,,,-0.0003,0.0003,0.07
2181.849,,,,-0.0003,0.0003,0.07
2181.899,,,,-0.0003,0.0003,0.07
2181.95,,,,-0.0003,0.0003,0.07
2182.0,,,,-0.0003,0.0003,0.07
2182.051,,,,-0.0003,0.0003,0.07
2182.102,,,,-0.0003,0.0003,0.07
2182.152,,,,-0.0003,0.0003,0.07
2182.203,,,,-0.0003,0.0003,0.07
2182.254,,,,-0.0003,0.0003,0.07
2182.304,,,,-0.0003,0.0003,0.07
2182.355,,,,-0.0003,0.0003,0.07
2182.405,,,,-0.0003,0.0003,0.07
2182.456,,,,-0.0003,0.0003,0.07
2182.506,,,,-0.0003,0.0003,0.07
2182.557,,,,-0.0003,0.0003,0.07
2182.607,,,,-0.0003,0.0003,0.07
2182.658,,,,-0.0003,0.0003,0.07
2182.709,,,,-0.0003,0.0003,0.07
2182.759,,,,-0.0003,0.0003,0.07
2182.809,,,,-0.0003,0.0003,0.07
2182.86,,,,-0.0003,0.0003,0.07
2182.911,,,,-0.0003,0.0003,0.07
2182.961,,,,-0.0003,0.0003,0.07
2183.012,,,,-0.0003,0.0003,0.07
2183.063,,,,-0.0003,0.0003,0.07
2183.114,,,,-0.0003,0.0003,0.07
2183.164,,,,-0.0003,0.0003,0.07
2183.215,,,,-0.0003,0.0003,0.07
2183.266,,,,-0.0003,0.0003,0.07
2183.317,,,,-0.0003,0.0003,0.07
2183.367,,,,-0.0003,0.0003,0.07
2183.418,,,,-0.0003,0.0003,0.07
2183.469,,,,-0.0003,0.0003,0.07
2183.52,,,,-0.0003,0.0003,0.07
2183.57,,,,-0.0003,0.0003,0.07
2183.621,,,,-0.0003,0.0003,0.07
2183.671,,,,-0.0003,0.0003,0.07
2183.722,,,,-0.0003,0.0003,0.07
2183.772,,,,-0.0003,0.0003,0.07
2183.822,,,,-0.0003,0.0003,0.07
2183.873,,,,-0.0003,0.0003,0.07
2183.923,,,,-0.0003,0.0003,0.07
2183.974,,,,-0.0003,0.0003,0.07
2184.025,,,,-0.0003,0.0003,0.07
2184.075,,,,-0.0003,0.0003,0.07
2184.126,,,,-0.0003,0.0003,0.07
2184.177,,,,-0.0003,0.0003,0.07
2184.227,,,,-0.0003,0.0003,0.07
2184.278,,,,-0.0003,0.0003,0.07
2184.328,,,,-0.0003,0.0003,0.07
2184.379,,,,-0.0003,0.0003,0.07
2184.43,,,,-0.0003,0.0003,0.07
2184.481,,,,-0.0003,0.0003,0.07
2184.532,,,,-0.0003,0.0003,0.07
2184.582,,,,-0.0003,0.0003,0.07
2184.633,,,,-0.0003,0.0003,0.07
2184.684,,,,-0.0003,0.0003,0.07
2184.734,,,,-0.0003,0.0003,0.07
2184.785,,,,-0.0003,0.0003,0.07
2184.835,,,,-0.0003,0.0003,0.07
2184.886,,,,-0.0003,0.0003,0.07
2184.937,,,,-0.0003,0.0003,0.07
2184.987,,,,-0.0003,0.0003,0.07
2185.038,,,,-0.0003,0.0003,0.07
2185.088,,,,-0.0003,0.0003,0.07
2185.139,,,,-0.0003,0.0003,0.07
2185.189,,,,-0.0003,0.0003,0.07
2185.239,,,,-0.0003,0.0003,0.07
2185.29,,,,-0.0003,0.0003,0.07
2185.34,,,,-0.0003,0.0003,0.07
2185.391,,,,-0.0003,0.0003,0.07
2185.442,,,,-0.0003,0.0003,0.07
2185.492,,,,-0.0003,0.0003,0.07
2185.543,,,,-0.0003,0.0003,0.07
2185.594,,,,-0.0003,0.0003,0.07
2185.645,,,,-0.0003,0.0003,0.07
2185.695,,,,-0.0003,0.0003,0.07
2185.746,,,,-0.0003,0.0003,0.07
2185.796,,,,-0.0003,0.0003,0.07
2185.847,,,,-0.0003,0.0003,0.07
2185.898,,,,-0.0003,0.0003,0.07
2185.948,,,,-0.0003,0.0003,0.07
2185.999,,,,-0.0003,0.0003,0.07
2186.05,,,,-0.0003,0.0003,0.07
2186.1,,,,-0.0003,0.0003,0.07
2186.151,,,,-0.0003,0.0003,0.07
2186.202,,,,-0.0003,0.0003,0.07
2186.252,,,,-0.0003,0.0003,0.07
2186.303,,,,-0.0003,0.0003,0.07
2186.354,,,,-0.0003,0.0003,0.07
2186.404,,,,-0.0003,0.0003,0.07
2186.455,,,,-0.0003,0.0003,0.07
2186.506,,,,-0.0003,0.0003,0.07
2186.556,,,,-0.0003,0.0003,0.07
2186.606,,,,-0.0003,0.0003,0.07
2186.657,,,,-0.0003,0.0003,0.07
2186.708,,,,-0.0003,0.0003,0.07
2186.759,,,,-0.0003,0.0003,0.07
2186.809,,,,-0.0003,0.0003,0.07
2186.86,,,,-0.0003,0.0003,0.07
2186.91,,,,-0.0003,0.0003,0.07
2186.961,,,,-0.0003,0.0003,0.07
2187.012,,,,-0.0003,0.0003,0.07
2187.062,,,,-0.0003,0.0003,0.07
2187.113,,,,-0.0003,0.0003,0.07
2187.164,,,,-0.0003,0.0003,0.07
2187.214,,,,-0.0003,0.0003,0.07
2187.265,,,,-0.0003,0.0003,0.07
2187.316,,,,-0.0003,0.0003,0.07
2187.366,,,,-0.0003,0.0003,0.07
2187.417,,,,-0.0003,0.0003,0.07
2187.467,,,,-0.0003,0.0003,0.07
2187.518,,,,-0.0003,0.0003,0.07
2187.568,,,,-0.0003,0.0003,0.07
2187.619,,,,-0.0003,0.0003,0.07
2187.669,,,,-0.0003,0.0003,0.07
2187.72,,,,-0.0003,0.0003,0.07
2187.771,,,,-0.0003,0.0003,0.07
2187.821,,,,-0.0003,0.0003,0.07
2187.872,,,,-0.0003,0.0003,0.07
2187.922,,,,-0.0003,0.0003,0.07
2187.973,,,,-0.0003,0.0003,0.07
2188.024,,,,-0.0003,0.0003,0.07
2188.074,,,,-0.0003,0.0003,0.07
2188.125,,,,-0.0003,0.0003,0.07
2188.175,,,,-0.0003,0.0003,0.07
2188.226,,,,-0.0003,0.0003,0.07
2188.276,,,,-0.0003,0.0003,0.07
2188.327,,,,-0.0003,0.0003,0.07
2188.378,,,,-0.0003,0.0003,0.07
2188.428,,,,-0.0003,0.0003,0.07
2188.48,,,,-0.0003,0.0003,0.07
2188.53,,,,-0.0003,0.0003,0.07
2188.581,,,,-0.0003,0.0003,0.07
2188.632,,,,-0.0003,0.0003,0.07
2188.682,,,,-0.0003,0.0003,0.07
2188.733,,,,-0.0003,0.0003,0.07
2188.783,,,,-0.0003,0.0003,0.07
2188.834,,,,-0.0003,0.0003,0.07
2188.884,,,,-0.0003,0.0003,0.07
2188.936,,,,-0.0003,0.0003,0.07
2188.986,,,,-0.0003,0.0003,0.07
2189.037,,,,-0.0003,0.0003,0.07
2189.087,,,,-0.0003,0.0003,0.07
2189.138,,,,-0.0003,0.0003,0.07
2189.188,,,,-0.0003,0.0003,0.07
2189.239,,,,-0.0003,0.0003,0.07
2189.289,,,,-0.0003,0.0003,0.07
2189.34,,,,-0.0003,0.0003,0.07
2189.391,,,,-0.0003,0.0003,0.07
2189.441,,,,-0.0003,0.0003,0.07
2189.492,,,,-0.0003,0.0003,0.07
2189.543,,,,-0.0003,0.0003,0.07
2189.593,,,,-0.0003,0.0003,0.07
2189.644,,,,-0.0003,0.0003,0.07
2189.694,,,,-0.0003,0.0003,0.07
2189.745,,,,-0.0003,0.0003,0.07
2189.796,,,,-0.0003,0.0003,0.07
2189.846,,,,-0.0003,0.0003,0.07
2189.897,,,,-0.0003,0.0003,0.07
2189.947,,,,-0.0003,0.0003,0.07
2189.998,,,,-0.0003,0.0003,0.07
2190.048,,,,-0.0003,0.0003,0.07
2190.099,,,,-0.0003,0.0003,0.07
2190.15,,,,-0.0003,0.0003,0.07
2190.2,,,,-0.0003,0.0003,0.07
2190.251,,,,-0.0003,0.0003,0.07
2190.301,,,,-0.0003,0.0003,0.07
2190.352,,,,-0.0003,0.0003,0.07
2190.403,,,,-0.0003,0.0003,0.07
2190.453,,,,-0.0003,0.0003,0.07
2190.503,,,,-0.0003,0.0003,0.07
2190.554,,,,-0.0003,0.0003,0.07
2190.605,,,,-0.0003,0.0003,0.07
2190.655,,,,-0.0003,0.0003,0.07
2190.706,,,,-0.0003,0.0003,0.07
2190.757,,,,-0.0003,0.0003,0.07
2190.807,,,,-0.0003,0.0003,0.07
2190.858,,,,-0.0003,0.0003,0.07
2190.909,,,,-0.0003,0.0003,0.07
2190.96,,,,-0.0003,0.0003,0.07
2191.01,,,,-0.0003,0.0003,0.07
2191.061,,,,-0.0003,0.0003,0.07
2191.112,,,,-0.0003,0.0003,0.07
2191.162,,,,-0.0003,0.0003,0.07
2191.213,,,,-0.0003,0.0003,0.07
2191.264,,,,-0.0003,0.0003,0.07
2191.314,,,,-0.0003,0.0003,0.07
2191.365,,,,-0.0003,0.0003,0.07
2191.416,,,,-0.0003,0.0003,0.07
2191.466,,,,-0.0003,0.0003,0.07
2191.517,,,,-0.0003,0.0003,0.07
2191.592,,,,-0.0003,0.0003,0.07
2191.643,,,,-0.0003,0.0003,0.07
2191.694,,,,-0.0003,0.0003,0.07
2191.744,,,,-0.0003,0.0003,0.07
2191.795,,,,-0.0003,0.0003,0.07
2191.845,,,,-0.0003,0.0003,0.07
2191.896,,,,-0.0003,0.0003,0.07
2191.947,,,,-0.0003,0.0003,0.07
2191.998,,,,-0.0003,0.0003,0.07
2192.049,,,,-0.0003,0.0003,0.07
2192.099,,,,-0.0003,0.0003,0.07
2192.15,,,,-0.0003,0.0003,0.07
2192.201,,,,-0.0003,0.0003,0.07
2192.252,,,,-0.0003,0.0003,0.07
2192.302,,,,-0.0003,0.0003,0.07
2192.352,,,,-0.0003,0.0003,0.07
2192.403,,,,-0.0003,0.0003,0.07
2192.453,,,,-0.0003,0.0003,0.07
2192.504,,,,-0.0003,0.0003,0.07
2192.555,,,,-0.0003,0.0003,0.07
2192.605,,,,-0.0003,0.0003,0.07
2192.656,,,,-0.0003,0.0003,0.07
2192.707,,,,-0.0003,0.0003,0.07
2192.757,,,,-0.0003,0.0003,0.07
2192.808,,,,-0.0003,0.0003,0.07
2192.859,,,,-0.0003,0.0003,0.07
2192.91,,,,-0.0003,0.0003,0.07
2192.96,,,,-0.0003,0.0003,0.07
2193.011,,,,-0.0003,0.0003,0.07
2193.061,,,,-0.0003,0.0003,0.07
2193.112,,,,-0.0003,0.0003,0.07
2193.162,,,,-0.0003,0.0003,0.07
2193.213,,,,-0.0003,0.0003,0.07
2193.263,,,,-0.0003,0.0003,0.07
2193.314,,,,-0.0003,0.0003,0.07
2193.364,,,,-0.0003,0.0003,0.07
2193.415,,,,-0.0003,0.0003,0.07
2193.466,,,,-0.0003,0.0003,0.07
2193.516,,,,-0.0003,0.0003,0.07
2193.567,,,,-0.0003,0.0003,0.07
2193.617,,,,-0.0003,0.0003,0.07
2193.669,,,,-0.0003,0.0003,0.07
2193.719,,,,-0.0003,0.0003,0.07
2193.771,,,,-0.0003,0.0003,0.07
2193.821,,,,-0.0003,0.0003,0.07
2193.872,,,,-0.0003,0.0003,0.07
2193.923,,,,-0.0003,0.0003,0.07
2193.973,,,,-0.0003,0.0003,0.07
2194.024,,,,-0.0003,0.0003,0.07
2194.074,,,,-0.0003,0.0003,0.07
2194.125,,,,-0.0003,0.0003,0.07
2194.176,,,,-0.0003,0.0003,0.07
2194.227,,,,-0.0003,0.0003,0.07
2194.277,,,,-0.0003,0.0003,0.07
2194.328,,,,-0.0003,0.0003,0.07
2194.378,,,,-0.0003,0.0003,0.07
2194.429,,,,-0.0003,0.0003,0.07
2194.48,,,,-0.0003,0.0003,0.07
2194.53,,,,-0.0003,0.0003,0.07
2194.581,,,,-0.0003,0.0003,0.07
2194.632,,,,-0.0003,0.0003,0.07
2194.683,,,,-0.0003,0.0003,0.07
2194.733,,,,-0.0003,0.0003,0.07
2194.783,,,,-0.0003,0.0003,0.07
2194.834,,,,-0.0003,0.0003,0.07
2194.885,,,,-0.0003,0.0003,0.07
2194.935,,,,-0.0003,0.0003,0.07
2194.986,,,,-0.0003,0.0003,0.07
2195.036,,,,-0.0003,0.0003,0.07
2195.087,,,,-0.0003,0.0003,0.07
2195.138,,,,-0.0003,0.0003,0.07
2195.189,,,,-0.0003,0.0003,0.07
2195.24,,,,-0.0003,0.0003,0.07
2195.292,,,,-0.0003,0.0003,0.07
2195.342,,,,-0.0003,0.0003,0.07
2195.392,,,,-0.0003,0.0003,0.07
2195.443,,,,-0.0003,0.0003,0.07
2195.493,,,,-0.0003,0.0003,0.07
2195.544,,,,-0.0003,0.0003,0.07
2195.594,,,,-0.0003,0.0003,0.07
2195.644,,,,-0.0003,0.0003,0.07
2195.695,,,,-0.0003,0.0003,0.07
2195.745,,,,-0.0003,0.0003,0.07
2195.795,,,,-0.0003,0.0003,0.07
2195.845,,,,-0.0003,0.0003,0.07
2195.896,,,,-0.0003,0.0003,0.07
2195.947,,,,-0.0003,0.0003,0.07
2195.997,,,,-0.0003,0.0003,0.07
2196.06,,,,-0.0003,0.0003,0.07
2196.11,,,,-0.0003,0.0003,0.07
2196.161,,,,-0.0003,0.0003,0.07
2196.212,,,,-0.0003,0.0003,0.07
2196.262,,,,-0.0003,0.0003,0.07
2196.312,,,,-0.0003,0.0003,0.07
2196.364,,,,-0.0003,0.0003,0.07
2196.414,,,,-0.0003,0.0003,0.07
2196.464,,,,-0.0003,0.0003,0.07
2196.515,,,,-0.0003,0.0003,0.07
2196.566,,,,-0.0003,0.0003,0.07
2196.616,,,,-0.0003,0.0003,0.07
2196.667,,,,-0.0003,0.0003,0.07
2196.718,,,,-0.0003,0.0003,0.07
2196.768,,,,-0.0003,0.0003,0.07
2196.819,,,,-0.0003,0.0003,0.07
2196.869,,,,-0.0003,0.0003,0.07
2196.92,,,,-0.0003,0.0003,0.07
2196.97,,,,-0.0003,0.0003,0.07
2197.049,,,,-0.0003,0.0003,0.07
2197.1,,,,-0.0003,0.0003,0.07
2197.151,,,,-0.0003,0.0003,0.07
2197.201,,,,-0.0003,0.0003,0.07
2197.252,,,,-0.0003,0.0003,0.07
2197.302,,,,-0.0003,0.0003,0.07
2197.353,,,,-0.0003,0.0003,0.07
2197.404,,,,-0.0003,0.0003,0.07
2197.454,,,,-0.0003,0.0003,0.07
2197.505,,,,-0.0003,0.0003,0.07
2197.555,,,,-0.0003,0.0003,0.07
2197.606,,,,-0.0003,0.0003,0.07
2197.657,,,,-0.0003,0.0003,0.07
2197.707,,,,-0.0003,0.0003,0.07
2197.758,,,,-0.0003,0.0003,0.07
2197.808,,,,-0.0003,0.0003,0.07
2197.859,,,,-0.0003,0.0003,0.07
2197.91,,,,-0.0003,0.0003,0.07
2197.96,,,,-0.0003,0.0003,0.07
2198.011,,,,-0.0003,0.0003,0.07
2198.062,,,,-0.0003,0.0003,0.07
2198.113,,,,-0.0003,0.0003,0.07
2198.163,,,,-0.0003,0.0003,0.07
2198.214,,,,-0.0003,0.0003,0.07
2198.264,,,,-0.0003,0.0003,0.07
2198.315,,,,-0.0003,0.0003,0.07
2198.402,,,,-0.0003,0.0003,0.07
2198.453,,,,-0.0003,0.0003,0.07
2198.503,,,,-0.0003,0.0003,0.07
2198.554,,,,-0.0003,0.0003,0.07
2198.605,,,,-0.0003,0.0003,0.07
2198.655,,,,-0.0003,0.0003,0.07
2198.706,,,,-0.0003,0.0003,0.07
2198.757,,,,-0.0003,0.0003,0.07
2198.807,,,,-0.0003,0.0003,0.07
2198.858,,,,-0.0003,0.0003,0.07
2198.909,,,,-0.0003,0.0003,0.07
2198.959,,,,-0.0003,0.0003,0.07
2199.01,,,,-0.0003,0.0003,0.07
2199.061,,,,-0.0003,0.0003,0.07
2199.112,,,,-0.0003,0.0003,0.07
2199.162,,,,-0.0003,0.0003,0.07
2199.213,,,,-0.0003,0.0003,0.07
2199.264,,,,-0.0003,0.0003,0.07
2199.314,,,,-0.0003,0.0003,0.07
2199.365,,,,-0.0003,0.0003,0.07
2199.415,,,,-0.0003,0.0003,0.07
2199.466,,,,-0.0003,0.0003,0.07
2199.516,,,,-0.0003,0.0003,0.07
2199.567,,,,-0.0003,0.0003,0.07
2199.618,,,,-0.0003,0.0003,0.07
2199.668,,,,-0.0003,0.0003,0.07
2199.719,,,,-0.0003,0.0003,0.07
2199.78,,,,-0.0003,0.0003,0.07
2199.831,,,,-0.0003,0.0003,0.07
2199.881,,,,-0.0003,0.0003,0.07
2199.932,,,,-0.0003,0.0003,0.07
2199.983,,,,-0.0003,0.0003,0.07
2200.034,,,,-0.0003,0.0003,0.07
2200.084,,,,-0.0003,0.0003,0.07
2200.135,,,,-0.0003,0.0003,0.07
2200.186,,,,-0.0003,0.0003,0.07
2200.236,,,,-0.0003,0.0003,0.07
2200.287,,,,-0.0003,0.0003,0.07
2200.338,,,,-0.0003,0.0003,0.07
2200.388,,,,-0.0003,0.0003,0.07
2200.439,,,,-0.0003,0.0003,0.07
2200.49,,,,-0.0003,0.0003,0.07
2200.541,,,,-0.0003,0.0003,0.07
2200.591,,,,-0.0003,0.0003,0.07
2200.642,,,,-0.0003,0.0003,0.07
2200.693,,,,-0.0003,0.0003,0.07
2200.743,,,,-0.0003,0.0003,0.07
2200.794,,,,-0.0003,0.0003,0.07
2200.845,,,,-0.0003,0.0003,0.07
2200.895,,,,-0.0003,0.0003,0.07
2200.946,,,,-0.0003,0.0003,0.07
2200.997,,,,-0.0003,0.0003,0.07
2201.047,,,,-0.0003,0.0003,0.07
2201.128,,,,-0.0003,0.0003,0.07
2201.179,,,,-0.0003,0.0003,0.07
2201.23,,,,-0.0003,0.0003,0.07
2201.281,,,,-0.0003,0.0003,0.07
2201.332,,,,-0.0003,0.0003,0.07
2201.383,,,,-0.0003,0.0003,0.07
2201.433,,,,-0.0003,0.0003,0.07
2201.484,,,,-0.0003,0.0003,0.07
2201.535,,,,-0.0003,0.0003,0.07
2201.585,,,,-0.0003,0.0003,0.07
2201.636,,,,-0.0003,0.0003,0.07
2201.686,,,,-0.0003,0.0003,0.07
2201.737,,,,-0.0003,0.0003,0.07
2201.787,,,,-0.0003,0.0003,0.07
2201.838,,,,-0.0003,0.0003,0.07
2201.888,,,,-0.0003,0.0003,0.07
2201.939,,,,-0.0003,0.0003,0.07
2201.99,,,,-0.0003,0.0003,0.07
2202.04,,,,-0.0003,0.0003,0.07
2202.091,,,,-0.0003,0.0003,0.07
2202.141,,,,-0.0003,0.0003,0.07
2202.192,,,,-0.0003,0.0003,0.07
2202.242,,,,-0.0003,0.0003,0.07
2202.293,,,,-0.0003,0.0003,0.07
2202.344,,,,-0.0003,0.0003,0.07
2202.394,,,,-0.0003,0.0003,0.07
2202.445,,,,-0.0003,0.0003,0.07
2202.497,,,,-0.0003,0.0003,0.07
2202.547,,,,-0.0003,0.0003,0.07
2202.597,,,,-0.0003,0.0003,0.07
2202.648,,,,-0.0003,0.0003,0.07
2202.698,,,,-0.0003,0.0003,0.07
2202.749,,,,-0.0003,0.0003,0.07
2202.8,,,,-0.0003,0.0003,0.07
2202.851,,,,-0.0003,0.0003,0.07
2202.901,,,,-0.0003,0.0003,0.07
2202.952,,,,-0.0003,0.0003,0.07
2203.003,,,,-0.0003,0.0003,0.07
2203.054,,,,-0.0003,0.0003,0.07
2203.105,,,,-0.0003,0.0003,0.07
2203.155,,,,-0.0003,0.0003,0.07
2203.206,,,,-0.0003,0.0003,0.07
2203.256,,,,-0.0003,0.0003,0.07
2203.307,,,,-0.0003,0.0003,0.07
2203.358,,,,-0.0003,0.0003,0.07
2203.408,,,,-0.0003,0.0003,0.07
2203.459,,,,-0.0003,0.0003,0.07
2203.509,,,,-0.0003,0.0003,0.07
2203.56,,,,-0.0003,0.0003,0.07
2203.61,,,,-0.0003,0.0003,0.07
2203.661,,,,-0.0003,0.0003,0.07
2203.711,,,,-0.0003,0.0003,0.07
2203.762,,,,-0.0003,0.0003,0.07
2203.812,,,,-0.0003,0.0003,0.07
2203.88,,,,-0.0003,0.0003,0.07
2203.931,,,,-0.0003,0.0003,0.07
2203.982,,,,-0.0003,0.0003,0.07
2204.032,,,,-0.0003,0.0003,0.07
2204.083,,,,-0.0003,0.0003,0.07
2204.134,,,,-0.0003,0.0003,0.07
2204.185,,,,-0.0003,0.0003,0.07
2204.236,,,,-0.0003,0.0003,0.07
2204.287,,,,-0.0003,0.0003,0.07
2204.337,,,,-0.0003,0.0003,0.07
2204.388,,,,-0.0003,0.0003,0.07
2204.438,,,,-0.0003,0.0003,0.07
2204.489,,,,-0.0003,0.0003,0.07
2204.539,,,,-0.0003,0.0003,0.07
2204.589,,,,-0.0003,0.0003,0.07
2204.64,,,,-0.0003,0.0003,0.07
2204.69,,,,-0.0003,0.0003,0.07
2204.741,,,,-0.0003,0.0003,0.07
2204.791,,,,-0.0003,0.0003,0.07
2204.842,,,,-0.0003,0.0003,0.07
2204.892,,,,-0.0003,0.0003,0.07
2204.943,,,,-0.0003,0.0003,0.07
2204.993,,,,-0.0003,0.0003,0.07
2205.043,,,,-0.0003,0.0003,0.07
2205.094,,,,-0.0003,0.0003,0.07
2205.145,,,,-0.0003,0.0003,0.07
2205.227,,,,-0.0003,0.0003,0.07
2205.278,,,,-0.0003,0.0003,0.07
2205.329,,,,-0.0003,0.0003,0.07
2205.38,,,,-0.0003,0.0003,0.07
2205.43,,,,-0.0003,0.0003,0.07
2205.481,,,,-0.0003,0.0003,0.07
2205.531,,,,-0.0003,0.0003,0.07
2205.582,,,,-0.0003,0.0003,0.07
2205.633,,,,-0.0003,0.0003,0.07
2205.683,,,,-0.0003,0.0003,0.07
2205.734,,,,-0.0003,0.0003,0.07
2205.785,,,,-0.0003,0.0003,0.07
2205.835,,,,-0.0003,0.0003,0.07
2205.886,,,,-0.0003,0.0003,0.07
2205.936,,,,-0.0003,0.0003,0.07
2205.987,,,,-0.0003,0.0003,0.07
2206.038,,,,-0.0003,0.0003,0.07
2206.088,,,,-0.0003,0.0003,0.07
2206.139,,,,-0.0003,0.0003,0.07
2206.19,,,,-0.0003,0.0003,0.07
2206.24,,,,-0.0003,0.0003,0.07
2206.291,,,,-0.0003,0.0003,0.07
2206.341,,,,-0.0003,0.0003,0.07
2206.392,,,,-0.0003,0.0003,0.07
2206.442,,,,-0.0003,0.0003,0.07
2206.493,,,,-0.0003,0.0003,0.07
2206.544,,,,-0.0003,0.0003,0.07
2206.595,,,,-0.0003,0.0003,0.07
2206.646,,,,-0.0003,0.0003,0.07
2206.696,,,,-0.0003,0.0003,0.07
2206.747,,,,-0.0003,0.0003,0.07
2206.797,,,,-0.0003,0.0003,0.07
2206.848,,,,-0.0003,0.0003,0.07
2206.899,,,,-0.0003,0.0003,0.07
2206.951,,,,-0.0003,0.0003,0.07
2207.002,,,,-0.0003,0.0003,0.07
2207.052,,,,-0.0003,0.0003,0.07
2207.103,,,,-0.0003,0.0003,0.07
2207.154,,,,-0.0003,0.0003,0.07
2207.204,,,,-0.0003,0.0003,0.07
2207.255,,,,-0.0003,0.0003,0.07
2207.305,,,,-0.0003,0.0003,0.07
2207.356,,,,-0.0003,0.0003,0.07
2207.407,,,,-0.0003,0.0003,0.07
2207.457,,,,-0.0003,0.0003,0.07
2207.508,,,,-0.0003,0.0003,0.07
2207.559,,,,-0.0003,0.0003,0.07
2207.609,,,,-0.0003,0.0003,0.07
2207.66,,,,-0.0003,0.0003,0.07
2207.71,,,,-0.0003,0.0003,0.07
2207.761,,,,-0.0003,0.0003,0.07
2207.812,,,,-0.0003,0.0003,0.07
2207.862,,,,-0.0003,0.0003,0.07
2207.913,,,,-0.0003,0.0003,0.07
2207.964,,,,-0.0003,0.0003,0.07
2208.014,,,,-0.0003,0.0003,0.07
2208.065,,,,-0.0003,0.0003,0.07
2208.116,,,,-0.0003,0.0003,0.07
2208.166,,,,-0.0003,0.0003,0.07
2208.217,,,,-0.0003,0.0003,0.07
2208.268,,,,-0.0003,0.0003,0.07
2208.318,,,,-0.0003,0.0003,0.07
2208.369,,,,-0.0003,0.0003,0.07
2208.419,,,,-0.0003,0.0003,0.07
2208.47,,,,-0.0003,0.0003,0.07
2208.52,,,,-0.0003,0.0003,0.07
2208.571,,,,-0.0003,0.0003,0.07
2208.621,,,,-0.0003,0.0003,0.07
2208.671,,,,-0.0003,0.0003,0.07
2208.722,,,,-0.0003,0.0003,0.07
2208.772,,,,-0.0003,0.0003,0.07
2208.823,,,,-0.0003,0.0003,0.07
2208.873,,,,-0.0003,0.0003,0.07
2208.924,,,,-0.0003,0.0003,0.07
2208.975,,,,-0.0003,0.0003,0.07
2209.025,,,,-0.0003,0.0003,0.07
2209.075,,,,-0.0003,0.0003,0.07
2209.126,,,,-0.0003,0.0003,0.07
2209.176,,,,-0.0003,0.0003,0.07
2209.227,,,,-0.0003,0.0003,0.07
2209.313,,,,-0.0003,0.0003,0.07
2209.363,,,,-0.0003,0.0003,0.07
2209.414,,,,-0.0003,0.0003,0.07
2209.465,,,,-0.0003,0.0003,0.07
2209.515,,,,-0.0003,0.0003,0.07
2209.567,,,,-0.0003,0.0003,0.07
2209.617,,,,-0.0003,0.0003,0.07
2209.668,,,,-0.0003,0.0003,0.07
2209.718,,,,-0.0003,0.0003,0.07
2209.769,,,,-0.0003,0.0003,0.07
2209.819,,,,-0.0003,0.0003,0.07
2209.87,,,,-0.0003,0.0003,0.07
2209.921,,,,-0.0003,0.0003,0.07
2209.972,,,,-0.0003,0.0003,0.07
2210.022,,,,-0.0003,0.0003,0.07
2210.073,,,,-0.0003,0.0003,0.07
2210.123,,,,-0.0003,0.0003,0.07
2210.174,,,,-0.0003,0.0003,0.07
2210.225,,,,-0.0003,0.0003,0.07
2210.275,,,,-0.0003,0.0003,0.07
2210.327,,,,-0.0003,0.0003,0.07
2210.377,,,,-0.0003,0.0003,0.07
2210.428,,,,-0.0003,0.0003,0.07
2210.478,,,,-0.0003,0.0003,0.07
2210.529,,,,-0.0003,0.0003,0.07
2210.58,,,,-0.0003,0.0003,0.07
2210.63,,,,-0.0003,0.0003,0.07
2210.684,,,,-0.0003,0.0003,0.07
2210.734,,,,-0.0003,0.0003,0.07
2210.785,,,,-0.0003,0.0003,0.07
2210.835,,,,-0.0003,0.0003,0.07
2210.886,,,,-0.0003,0.0003,0.07
2210.936,,,,-0.0003,0.0003,0.07
2211.004,,,,-0.0003,0.0003,0.07
2211.055,,,,-0.0003,0.0003,0.07
2211.108,,,,-0.0003,0.0003,0.07
2211.158,,,,-0.0003,0.0003,0.07
2211.209,,,,-0.0003,0.0003,0.07
2211.26,,,,-0.0003,0.0003,0.07
2211.311,,,,-0.0003,0.0003,0.07
2211.361,,,,-0.0003,0.0003,0.07
2211.412,,,,-0.0003,0.0003,0.07
2211.463,,,,-0.0003,0.0003,0.07
2211.513,,,,-0.0003,0.0003,0.07
2211.564,,,,-0.0003,0.0003,0.07
2211.615,,,,-0.0003,0.0003,0.07
2211.665,,,,-0.0003,0.0003,0.07
2211.716,,,,-0.0003,0.0003,0.07
2211.767,,,,-0.0003,0.0003,0.07
2211.818,,,,-0.0003,0.0003,0.07
2211.869,,,,-0.0003,0.0003,0.07
2211.92,,,,-0.0003,0.0003,0.07
2211.971,,,,-0.0003,0.0003,0.07
2212.022,,,,-0.0003,0.0003,0.07
2212.073,,,,-0.0003,0.0003,0.07
2212.123,,,,-0.0003,0.0003,0.07
2212.174,,,,-0.0003,0.0003,0.07
2212.224,,,,-0.0003,0.0003,0.07
2212.275,,,,-0.0003,0.0003,0.07
2212.325,,,,-0.0003,0.0003,0.07
2212.376,,,,-0.0003,0.0003,0.07
2212.426,,,,-0.0003,0.0003,0.07
2212.477,,,,-0.0003,0.0003,0.07
2212.527,,,,-0.0003,0.0003,0.07
2212.578,,,,-0.0003,0.0003,0.07
2212.629,,,,-0.0003,0.0003,0.07
2212.68,,,,-0.0003,0.0003,0.07
2212.73,,,,-0.0003,0.0003,0.07
2212.781,,,,-0.0003,0.0003,0.07
2212.832,,,,-0.0003,0.0003,0.07
2212.882,,,,-0.0003,0.0003,0.07
2212.933,,,,-0.0003,0.0003,0.07
2212.983,,,,-0.0003,0.0003,0.07
2213.036,,,,-0.0003,0.0003,0.07
2213.087,,,,-0.0003,0.0003,0.07
2213.138,,,,-0.0003,0.0003,0.07
2213.188,,,,-0.0003,0.0003,0.07
2213.239,,,,-0.0003,0.0003,0.07
2213.289,,,,-0.0003,0.0003,0.07
2213.34,,,,-0.0003,0.0003,0.07
2213.406,,,,-0.0003,0.0003,0.07
2213.456,,,,-0.0003,0.0003,0.07
2213.507,,,,-0.0003,0.0003,0.07
2213.558,,,,-0.0003,0.0003,0.07
2213.609,,,,-0.0003,0.0003,0.07
2213.659,,,,-0.0003,0.0003,0.07
2213.71,,,,-0.0003,0.0003,0.07
2213.761,,,,-0.0003,0.0003,0.07
2213.812,,,,-0.0003,0.0003,0.07
2213.862,,,,-0.0003,0.0003,0.07
2213.912,,,,-0.0003,0.0003,0.07
2213.963,,,,-0.0003,0.0003,0.07
2214.014,,,,-0.0003,0.0003,0.07
2214.065,,,,-0.0003,0.0003,0.07
2214.116,,,,-0.0003,0.0003,0.07
2214.166,,,,-0.0003,0.0003,0.07
2214.217,,,,-0.0003,0.0003,0.07
2214.268,,,,-0.0003,0.0003,0.07
2214.318,,,,-0.0003,0.0003,0.07
2214.369,,,,-0.0003,0.0003,0.07
2214.42,,,,-0.0003,0.0003,0.07
2214.47,,,,-0.0003,0.0003,0.07
2214.521,,,,-0.0003,0.0003,0.07
2214.572,,,,-0.0003,0.0003,0.07
2214.622,,,,-0.0003,0.0003,0.07
2214.674,,,,-0.0003,0.0003,0.07
2214.763,,,,-0.0003,0.0003,0.07
2214.813,,,,-0.0003,0.0003,0.07
2214.864,,,,-0.0003,0.0003,0.07
2214.915,,,,-0.0003,0.0003,0.07
2214.966,,,,-0.0003,0.0003,0.07
2215.016,,,,-0.0003,0.0003,0.07
2215.067,,,,-0.0003,0.0003,0.07
2215.117,,,,-0.0003,0.0003,0.07
2215.168,,,,-0.0003,0.0003,0.07
2215.219,,,,-0.0003,0.0003,0.07
2215.27,,,,-0.0003,0.0003,0.07
2215.321,,,,-0.0003,0.0003,0.07
2215.372,,,,-0.0003,0.0003,0.07
2215.422,,,,-0.0003,0.0003,0.07
2215.472,,,,-0.0003,0.0003,0.07
2215.523,,,,-0.0003,0.0003,0.07
2215.574,,,,-0.0003,0.0003,0.07
2215.625,,,,-0.0003,0.0003,0.07
2215.676,,,,-0.0003,0.0003,0.07
2215.726,,,,-0.0003,0.0003,0.07
2215.777,,,,-0.0003,0.0003,0.07
2215.827,,,,-0.0003,0.0003,0.07
2215.878,,,,-0.0003,0.0003,0.07
2215.929,,,,-0.0003,0.0003,0.07
2215.979,,,,-0.0003,0.0003,0.07
2216.03,,,,-0.0003,0.0003,0.07
2216.08,,,,-0.0003,0.0003,0.07
2216.132,,,,-0.0003,0.0003,0.07
2216.183,,,,-0.0003,0.0003,0.07
2216.234,,,,-0.0003,0.0003,0.07
2216.284,,,,-0.0003,0.0003,0.07
2216.335,,,,-0.0003,0.0003,0.07
2216.385,,,,-0.0003,0.0003,0.07
2216.436,,,,-0.0003,0.0003,0.07
2216.487,,,,-0.0003,0.0003,0.07
2216.538,,,,-0.0003,0.0003,0.07
2216.588,,,,-0.0003,0.0003,0.07
2216.639,,,,-0.0003,0.0003,0.07
2216.689,,,,-0.0003,0.0003,0.07
2216.74,,,,-0.0003,0.0003,0.07
2216.79,,,,-0.0003,0.0003,0.07
2216.842,,,,-0.0003,0.0003,0.07
2216.892,,,,-0.0003,0.0003,0.07
2216.942,,,,-0.0003,0.0003,0.07
2216.993,,,,-0.0003,0.0003,0.07
2217.044,,,,-0.0003,0.0003,0.07
2217.094,,,,-0.0003,0.0003,0.07
2217.145,,,,-0.0003,0.0003,0.07
2217.196,,,,-0.0003,0.0003,0.07
2217.246,,,,-0.0003,0.0003,0.07
2217.297,,,,-0.0003,0.0003,0.07
2217.348,,,,-0.0003,0.0003,0.07
2217.398,,,,-0.0003,0.0003,0.07
2217.449,,,,-0.0003,0.0003,0.07
2217.5,,,,-0.0003,0.0003,0.07
2217.55,,,,-0.0003,0.0003,0.07
2217.601,,,,-0.0003,0.0003,0.07
2217.651,,,,-0.0003,0.0003,0.07
2217.702,,,,-0.0003,0.0003,0.07
2217.752,,,,-0.0003,0.0003,0.07
2217.803,,,,-0.0003,0.0003,0.07
2217.854,,,,-0.0003,0.0003,0.07
2217.905,,,,-0.0003,0.0003,0.07
2217.955,,,,-0.0003,0.0003,0.07
2218.006,,,,-0.0003,0.0003,0.07
2218.057,,,,-0.0003,0.0003,0.07
2218.108,,,,-0.0003,0.0003,0.07
2218.158,,,,-0.0003,0.0003,0.07
2218.209,,,,-0.0003,0.0003,0.07
2218.26,,,,-0.0003,0.0003,0.07
2218.311,,,,-0.0003,0.0003,0.07
2218.362,,,,-0.0003,0.0003,0.07
2218.413,,,,-0.0003,0.0003,0.07
2218.463,,,,-0.0003,0.0003,0.07
2218.514,,,,-0.0003,0.0003,0.07
2218.565,,,,-0.0003,0.0003,0.07
2218.616,,,,-0.0003,0.0003,0.07
2218.666,,,,-0.0003,0.0003,0.07
2218.717,,,,-0.0003,0.0003,0.07
2218.768,,,,-0.0003,0.0003,0.07
2218.853,,,,-0.0003,0.0003,0.07
2218.903,,,,-0.0003,0.0003,0.07
2218.954,,,,-0.0003,0.0003,0.07
2219.005,,,,-0.0003,0.0003,0.07
2219.055,,,,-0.0003,0.0003,0.07
2219.106,,,,-0.0003,0.0003,0.07
2219.156,,,,-0.0003,0.0003,0.07
2219.207,,,,-0.0003,0.0003,0.07
2219.258,,,,-0.0003,0.0003,0.07
2219.308,,,,-0.0003,0.0003,0.07
2219.359,,,,-0.0003,0.0003,0.07
2219.409,,,,-0.0003,0.0003,0.07
2219.46,,,,-0.0003,0.0003,0.07
2219.511,,,,-0.0003,0.0003,0.07
2219.562,,,,-0.0003,0.0003,0.07
2219.612,,,,-0.0003,0.0003,0.07
2219.663,,,,-0.0003,0.0003,0.07
2219.713,,,,-0.0003,0.0003,0.07
2219.764,,,,-0.0003,0.0003,0.07
2219.815,,,,-0.0003,0.0003,0.07
2219.866,,,,-0.0003,0.0003,0.07
2219.917,,,,-0.0003,0.0003,0.07
2219.968,,,,-0.0003,0.0003,0.07
2220.018,,,,-0.0003,0.0003,0.07
2220.069,,,,-0.0003,0.0003,0.07
2220.119,,,,-0.0003,0.0003,0.07
2220.17,,,,-0.0003,0.0003,0.07
2220.22,,,,-0.0003,0.0003,0.07
2220.272,,,,-0.0003,0.0003,0.07
2220.322,,,,-0.0003,0.0003,0.07
2220.373,,,,-0.0003,0.0003,0.07
2220.424,,,,-0.0003,0.0003,0.07
2220.475,,,,-0.0003,0.0003,0.07
2220.526,,,,-0.0003,0.0003,0.07
2220.577,,,,-0.0003,0.0003,0.07
2220.628,,,,-0.0003,0.0003,0.07
2220.679,,,,-0.0003,0.0003,0.07
2220.729,,,,-0.0003,0.0003,0.07
2220.78,,,,-0.0003,0.0003,0.07
2220.831,,,,-0.0003,0.0003,0.07
2220.881,,,,-0.0003,0.0003,0.07
2220.932,,,,-0.0003,0.0003,0.07
2220.983,,,,-0.0003,0.0003,0.07
2221.034,,,,-0.0003,0.0003,0.07
2221.084,,,,-0.0003,0.0003,0.07
2221.135,,,,-0.0003,0.0003,0.07
2221.186,,,,-0.0003,0.0003,0.07
2221.237,,,,-0.0003,0.0003,0.07
2221.287,,,,-0.0003,0.0003,0.07
2221.338,,,,-0.0003,0.0003,0.07
2221.389,,,,-0.0003,0.0003,0.07
2221.44,,,,-0.0003,0.0003,0.07
2221.491,,,,-0.0003,0.0003,0.07
2221.541,,,,-0.0003,0.0003,0.07
2221.592,,,,-0.0003,0.0003,0.07
2221.643,,,,-0.0003,0.0003,0.07
2221.693,,,,-0.0003,0.0003,0.07
2221.744,,,,-0.0003,0.0003,0.07
2221.795,,,,-0.0003,0.0003,0.07
2221.845,,,,-0.0003,0.0003,0.07
2221.896,,,,-0.0003,0.0003,0.07
2221.946,,,,-0.0003,0.0003,0.07
2221.997,,,,-0.0003,0.0003,0.07
2222.049,,,,-0.0003,0.0003,0.07
2222.099,,,,-0.0003,0.0003,0.07
2222.15,,,,-0.0003,0.0003,0.07
2222.202,,,,-0.0003,0.0003,0.07
2222.258,,,,-0.0003,0.0003,0.07
2222.309,,,,-0.0003,0.0003,0.07
2222.359,,,,-0.0003,0.0003,0.07
2222.41,,,,-0.0003,0.0003,0.07
2222.461,,,,-0.0003,0.0003,0.07
2222.511,,,,-0.0003,0.0003,0.07
2222.562,,,,-0.0003,0.0003,0.07
2222.612,,,,-0.0003,0.0003,0.07
2222.663,,,,-0.0003,0.0003,0.07
2222.713,,,,-0.0003,0.0003,0.07
2222.764,,,,-0.0003,0.0003,0.07
2222.815,,,,-0.0003,0.0003,0.07
2222.866,,,,-0.0003,0.0003,0.07
2222.951,,,,-0.0003,0.0003,0.07
2223.002,,,,-0.0003,0.0003,0.07
2223.052,,,,-0.0003,0.0003,0.07
2223.11,,,,-0.0003,0.0003,0.07
2223.161,,,,-0.0003,0.0003,0.07
2223.212,,,,-0.0003,0.0003,0.07
2223.263,,,,-0.0003,0.0003,0.07
2223.314,,,,-0.0003,0.0003,0.07
2223.364,,,,-0.0003,0.0003,0.07
2223.415,,,,-0.0003,0.0003,0.07
2223.465,,,,-0.0003,0.0003,0.07
2223.516,,,,-0.0003,0.0003,0.07
2223.566,,,,-0.0003,0.0003,0.07
2223.617,,,,-0.0003,0.0003,0.07
2223.668,,,,-0.0003,0.0003,0.07
2223.718,,,,-0.0003,0.0003,0.07
2223.769,,,,-0.0003,0.0003,0.07
2223.82,,,,-0.0003,0.0003,0.07
2223.871,,,,-0.0003,0.0003,0.07
2223.921,,,,-0.0003,0.0003,0.07
2223.972,,,,-0.0003,0.0003,0.07
2224.023,,,,-0.0003,0.0003,0.07
2224.073,,,,-0.0003,0.0003,0.07
2224.124,,,,-0.0003,0.0003,0.07
2224.174,,,,-0.0003,0.0003,0.07
2224.225,,,,-0.0003,0.0003,0.07
2224.308,,,,-0.0003,0.0003,0.07
2224.359,,,,-0.0003,0.0003,0.07
2224.409,,,,-0.0003,0.0003,0.07
2224.46,,,,-0.0003,0.0003,0.07
2224.511,,,,-0.0003,0.0003,0.07
2224.561,,,,-0.0003,0.0003,0.07
2224.613,,,,-0.0003,0.0003,0.07
2224.663,,,,-0.0003,0.0003,0.07
2224.714,,,,-0.0003,0.0003,0.07
2224.765,,,,-0.0003,0.0003,0.07
2224.815,,,,-0.0003,0.0003,0.07
2224.866,,,,-0.0003,0.0003,0.07
2224.917,,,,-0.0003,0.0003,0.07
2224.968,,,,-0.0003,0.0003,0.07
2225.019,,,,-0.0003,0.0003,0.07
2225.069,,,,-0.0003,0.0003,0.07
2225.12,,,,-0.0003,0.0003,0.07
2225.172,,,,-0.0003,0.0003,0.07
2225.223,,,,-0.0003,0.0003,0.07
2225.273,,,,-0.0003,0.0003,0.07
2225.324,,,,-0.0003,0.0003,0.07
2225.374,,,,-0.0003,0.0003,0.07
2225.425,,,,-0.0003,0.0003,0.07
2225.476,,,,-0.0003,0.0003,0.07
2225.526,,,,-0.0003,0.0003,0.07
2225.577,,,,-0.0003,0.0003,0.07
2225.627,,,,-0.0003,0.0003,0.07
2225.678,,,,-0.0003,0.0003,0.07
2225.73,,,,-0.0003,0.0003,0.07
2225.781,,,,-0.0003,0.0003,0.07
2225.832,,,,-0.0003,0.0003,0.07
2225.882,,,,-0.0003,0.0003,0.07
2225.933,,,,-0.0003,0.0003,0.07
2225.984,,,,-0.0003,0.0003,0.07
2226.035,,,,-0.0003,0.0003,0.07
2226.086,,,,-0.0003,0.0003,0.07
2226.136,,,,-0.0003,0.0003,0.07
2226.187,,,,-0.0003,0.0003,0.07
2226.237,,,,-0.0003,0.0003,0.07
2226.288,,,,-0.0003,0.0003,0.07
2226.339,,,,-0.0003,0.0003,0.07
2226.389,,,,-0.0003,0.0003,0.07
2226.44,,,,-0.0003,0.0003,0.07
2226.49,,,,-0.0003,0.0003,0.07
2226.541,,,,-0.0003,0.0003,0.07
2226.592,,,,-0.0003,0.0003,0.07
2226.643,,,,-0.0003,0.0003,0.07
2226.694,,,,-0.0003,0.0003,0.07
2226.745,,,,-0.0003,0.0003,0.07
2226.795,,,,-0.0003,0.0003,0.07
2226.845,,,,-0.0003,0.0003,0.07
2226.896,,,,-0.0003,0.0003,0.07
2226.947,,,,-0.0003,0.0003,0.07
2227.035,,,,-0.0003,0.0003,0.07
2227.085,,,,-0.0003,0.0003,0.07
2227.136,,,,-0.0003,0.0003,0.07
2227.186,,,,-0.0003,0.0003,0.07
2227.237,,,,-0.0003,0.0003,0.07
2227.287,,,,-0.0003,0.0003,0.07
2227.338,,,,-0.0003,0.0003,0.07
2227.389,,,,-0.0003,0.0003,0.07
2227.44,,,,-0.0003,0.0003,0.07
2227.49,,,,-0.0003,0.0003,0.07
2227.541,,,,-0.0003,0.0003,0.07
2227.592,,,,-0.0003,0.0003,0.07
2227.643,,,,-0.0003,0.0003,0.07
2227.693,,,,-0.0003,0.0003,0.07
2227.744,,,,-0.0003,0.0003,0.07
2227.795,,,,-0.0003,0.0003,0.07
2227.845,,,,-0.0003,0.0003,0.07
2227.896,,,,-0.0003,0.0003,0.07
2227.946,,,,-0.0003,0.0003,0.07
2227.997,,,,-0.0003,0.0003,0.07
2228.048,,,,-0.0003,0.0003,0.07
2228.098,,,,-0.0003,0.0003,0.07
2228.149,,,,-0.0003,0.0003,0.07
2228.2,,,,-0.0003,0.0003,0.07
2228.25,,,,-0.0003,0.0003,0.07
2228.301,,,,-0.0003,0.0003,0.07
2228.351,,,,-0.0003,0.0003,0.07
2228.402,,,,-0.0003,0.0003,0.07
2228.453,,,,-0.0003,0.0003,0.07
2228.504,,,,-0.0003,0.0003,0.07
2228.555,,,,-0.0003,0.0003,0.07
2228.606,,,,-0.0003,0.0003,0.07
2228.656,,,,-0.0003,0.0003,0.07
2228.707,,,,-0.0003,0.0003,0.07
2228.758,,,,-0.0003,0.0003,0.07
2228.809,,,,-0.0003,0.0003,0.07
2228.859,,,,-0.0003,0.0003,0.07
2228.91,,,,-0.0003,0.0003,0.07
2228.961,,,,-0.0003,0.0003,0.07
2229.011,,,,-0.0003,0.0003,0.07
2229.062,,,,-0.0003,0.0003,0.07
2229.113,,,,-0.0003,0.0003,0.07
2229.164,,,,-0.0003,0.0003,0.07
2229.215,,,,-0.0003,0.0003,0.07
2229.265,,,,-0.0003,0.0003,0.07
2229.316,,,,-0.0003,0.0003,0.07
2229.366,,,,-0.0003,0.0003,0.07
2229.417,,,,-0.0003,0.0003,0.07
2229.468,,,,-0.0003,0.0003,0.07
2229.518,,,,-0.0003,0.0003,0.07
2229.569,,,,-0.0003,0.0003,0.07
2229.62,,,,-0.0003,0.0003,0.07
2229.671,,,,-0.0003,0.0003,0.07
2229.757,,,,-0.0003,0.0003,0.07
2229.808,,,,-0.0003,0.0003,0.07
2229.859,,,,-0.0003,0.0003,0.07
2229.91,,,,-0.0003,0.0003,0.07
2229.96,,,,-0.0003,0.0003,0.07
2230.011,,,,-0.0003,0.0003,0.07
2230.061,,,,-0.0003,0.0003,0.07
2230.112,,,,-0.0003,0.0003,0.07
2230.162,,,,-0.0003,0.0003,0.07
2230.213,,,,-0.0003,0.0003,0.07
2230.263,,,,-0.0003,0.0003,0.07
2230.314,,,,-0.0003,0.0003,0.07
2230.365,,,,-0.0003,0.0003,0.07
2230.416,,,,-0.0003,0.0003,0.07
2230.467,,,,-0.0003,0.0003,0.07
2230.518,,,,-0.0003,0.0003,0.07
2230.569,,,,-0.0003,0.0003,0.07
2230.619,,,,-0.0003,0.0003,0.07
2230.671,,,,-0.0003,0.0003,0.07
2230.721,,,,-0.0003,0.0003,0.07
2230.772,,,,-0.0003,0.0003,0.07
2230.822,,,,-0.0003,0.0003,0.07
2230.873,,,,-0.0003,0.0003,0.07
2230.923,,,,-0.0003,0.0003,0.07
2230.974,,,,-0.0003,0.0003,0.07
2231.024,,,,-0.0003,0.0003,0.07
2231.075,,,,-0.0003,0.0003,0.07
2231.126,,,,-0.0003,0.0003,0.07
2231.176,,,,-0.0003,0.0003,0.07
2231.227,,,,-0.0003,0.0003,0.07
2231.278,,,,-0.0003,0.0003,0.07
2231.329,,,,-0.0003,0.0003,0.07
2231.379,,,,-0.0003,0.0003,0.07
2231.43,,,,-0.0003,0.0003,0.07
2231.481,,,,-0.0003,0.0003,0.07
2231.532,,,,-0.0003,0.0003,0.07
2231.582,,,,-0.0003,0.0003,0.07
2231.633,,,,-0.0003,0.0003,0.07
2231.683,,,,-0.0003,0.0003,0.07
2231.734,,,,-0.0003,0.0003,0.07
2231.785,,,,-0.0003,0.0003,0.07
2231.835,,,,-0.0003,0.0003,0.07
2231.886,,,,-0.0003,0.0003,0.07
2231.936,,,,-0.0003,0.0003,0.07
2231.987,,,,-0.0003,0.0003,0.07
2232.037,,,,-0.0003,0.0003,0.07
2232.088,,,,-0.0003,0.0003,0.07
2232.138,,,,-0.0003,0.0003,0.07
2232.189,,,,-0.0003,0.0003,0.07
2232.24,,,,-0.0003,0.0003,0.07
2232.291,,,,-0.0003,0.0003,0.07
2232.341,,,,-0.0003,0.0003,0.07
2232.392,,,,-0.0003,0.0003,0.07
2232.442,,,,-0.0003,0.0003,0.07
2232.493,,,,-0.0003,0.0003,0.07
2232.544,,,,-0.0003,0.0003,0.07
2232.594,,,,-0.0003,0.0003,0.07
2232.645,,,,-0.0003,0.0003,0.07
2232.696,,,,-0.0003,0.0003,0.07
2232.747,,,,-0.0003,0.0003,0.07
2232.797,,,,-0.0003,0.0003,0.07
2232.848,,,,-0.0003,0.0003,0.07
2232.898,,,,-0.0003,0.0003,0.07
2232.949,,,,-0.0003,0.0003,0.07
2232.999,,,,-0.0003,0.0003,0.07
2233.05,,,,-0.0003,0.0003,0.07
2233.1,,,,-0.0003,0.0003,0.07
2233.151,,,,-0.0003,0.0003,0.07
2233.202,,,,-0.0003,0.0003,0.07
2233.253,,,,-0.0003,0.0003,0.07
2233.303,,,,-0.0003,0.0003,0.07
2233.354,,,,-0.0003,0.0003,0.07
2233.404,,,,-0.0003,0.0003,0.07
2233.455,,,,-0.0003,0.0003,0.07
2233.506,,,,-0.0003,0.0003,0.07
2233.556,,,,-0.0003,0.0003,0.07
2233.607,,,,-0.0003,0.0003,0.07
2233.657,,,,-0.0003,0.0003,0.07
2233.708,,,,-0.0003,0.0003,0.07
2233.759,,,,-0.0003,0.0003,0.07
2233.809,,,,-0.0003,0.0003,0.07
2233.86,,,,-0.0003,0.0003,0.07
2233.911,,,,-0.0003,0.0003,0.07
2233.961,,,,-0.0003,0.0003,0.07
2234.012,,,,-0.0003,0.0003,0.07
2234.062,,,,-0.0003,0.0003,0.07
2234.113,,,,-0.0003,0.0003,0.07
2234.163,,,,-0.0003,0.0003,0.07
2234.215,,,,-0.0003,0.0003,0.07
2234.265,,,,-0.0003,0.0003,0.07
2234.316,,,,-0.0003,0.0003,0.07
2234.367,,,,-0.0003,0.0003,0.07
2234.417,,,,-0.0003,0.0003,0.07
2234.468,,,,-0.0003,0.0003,0.07
2234.519,,,,-0.0003,0.0003,0.07
2234.569,,,,-0.0003,0.0003,0.07
2234.62,,,,-0.0003,0.0003,0.07
2234.671,,,,-0.0003,0.0003,0.07
2234.721,,,,-0.0003,0.0003,0.07
2234.772,,,,-0.0003,0.0003,0.07
2234.822,,,,-0.0003,0.0003,0.07
2234.873,,,,-0.0003,0.0003,0.07
2234.924,,,,-0.0003,0.0003,0.07
2234.974,,,,-0.0003,0.0003,0.07
2235.029,,,,-0.0003,0.0003,0.07
2235.083,,,,-0.0003,0.0003,0.07
2235.134,,,,-0.0003,0.0003,0.07
2235.208,,,,-0.0003,0.0003,0.07
2235.26,,,,-0.0003,0.0003,0.07
2235.311,,,,-0.0003,0.0003,0.07
2235.361,,,,-0.0003,0.0003,0.07
2235.412,,,,-0.0003,0.0003,0.07
2235.462,,,,-0.0003,0.0003,0.07
2235.513,,,,-0.0003,0.0003,0.07
2235.564,,,,-0.0003,0.0003,0.07
2235.615,,,,-0.0003,0.0003,0.07
2235.665,,,,-0.0003,0.0003,0.07
2235.716,,,,-0.0003,0.0003,0.07
2235.766,,,,-0.0003,0.0003,0.07
2235.817,,,,-0.0003,0.0003,0.07
2235.868,,,,-0.0003,0.0003,0.07
2235.918,,,,-0.0003,0.0003,0.07
2235.969,,,,-0.0003,0.0003,0.07
2236.019,,,,-0.0003,0.0003,0.07
2236.07,,,,-0.0003,0.0003,0.07
2236.121,,,,-0.0003,0.0003,0.07
2236.172,,,,-0.0003,0.0003,0.07
2236.223,,,,-0.0003,0.0003,0.07
2236.274,,,,-0.0003,0.0003,0.07
2236.324,,,,-0.0003,0.0003,0.07
2236.375,,,,-0.0003,0.0003,0.07
2236.426,,,,-0.0003,0.0003,0.07
2236.476,,,,-0.0003,0.0003,0.07
2236.527,,,,-0.0003,0.0003,0.07
2236.578,,,,-0.0003,0.0003,0.07
2236.628,,,,-0.0003,0.0003,0.07
2236.679,,,,-0.0003,0.0003,0.07
2236.73,,,,-0.0003,0.0003,0.07
2236.781,,,,-0.0003,0.0003,0.07
2236.831,,,,-0.0003,0.0003,0.07
2236.882,,,,-0.0003,0.0003,0.07
2236.932,,,,-0.0003,0.0003,0.07
2236.982,,,,-0.0003,0.0003,0.07
2237.033,,,,-0.0003,0.0003,0.07
2237.083,,,,-0.0003,0.0003,0.07
2237.134,,,,-0.0003,0.0003,0.07
2237.185,,,,-0.0003,0.0003,0.07
2237.235,,,,-0.0003,0.0003,0.07
2237.287,,,,-0.0003,0.0003,0.07
2237.337,,,,-0.0003,0.0003,0.07
2237.388,,,,-0.0003,0.0003,0.07
2237.439,,,,-0.0003,0.0003,0.07
2237.49,,,,-0.0003,0.0003,0.07
2237.541,,,,-0.0003,0.0003,0.07
2237.591,,,,-0.0003,0.0003,0.07
2237.642,,,,-0.0003,0.0003,0.07
2237.693,,,,-0.0003,0.0003,0.07
2237.743,,,,-0.0003,0.0003,0.07
2237.794,,,,-0.0003,0.0003,0.07
2237.845,,,,-0.0003,0.0003,0.07
2237.896,,,,-0.0003,0.0003,0.07
2237.946,,,,-0.0003,0.0003,0.07
2237.997,,,,-0.0003,0.0003,0.07
2238.048,,,,-0.0003,0.0003,0.07
2238.099,,,,-0.0003,0.0003,0.07
2238.15,,,,-0.0003,0.0003,0.07
2238.201,,,,-0.0003,0.0003,0.07
2238.251,,,,-0.0003,0.0003,0.07
2238.302,,,,-0.0003,0.0003,0.07
2238.353,,,,-0.0003,0.0003,0.07
2238.403,,,,-0.0003,0.0003,0.07
2238.454,,,,-0.0003,0.0003,0.07
2238.505,,,,-0.0003,0.0003,0.07
2238.556,,,,-0.0003,0.0003,0.07
2238.607,,,,-0.0003,0.0003,0.07
2238.657,,,,-0.0003,0.0003,0.07
2238.708,,,,-0.0003,0.0003,0.07
2238.759,,,,-0.0003,0.0003,0.07
2238.81,,,,-0.0003,0.0003,0.07
2238.86,,,,-0.0003,0.0003,0.07
2238.911,,,,-0.0003,0.0003,0.07
2238.962,,,,-0.0003,0.0003,0.07
2239.013,,,,-0.0003,0.0003,0.07
2239.063,,,,-0.0003,0.0003,0.07
2239.114,,,,-0.0003,0.0003,0.07
2239.165,,,,-0.0003,0.0003,0.07
2239.215,,,,-0.0003,0.0003,0.07
2239.304,,,,-0.0003,0.0003,0.07
2239.354,,,,-0.0003,0.0003,0.07
2239.405,,,,-0.0003,0.0003,0.07
2239.455,,,,-0.0003,0.0003,0.07
2239.505,,,,-0.0003,0.0003,0.07
2239.556,,,,-0.0003,0.0003,0.07
2239.607,,,,-0.0003,0.0003,0.07
2239.657,,,,-0.0003,0.0003,0.07
2239.708,,,,-0.0003,0.0003,0.07
2239.759,,,,-0.0003,0.0003,0.07
2239.809,,,,-0.0003,0.0003,0.07
2239.86,,,,-0.0003,0.0003,0.07
2239.91,,,,-0.0003,0.0003,0.07
2239.961,,,,-0.0003,0.0003,0.07
2240.012,,,,-0.0003,0.0003,0.07
2240.063,,,,-0.0003,0.0003,0.07
2240.113,,,,-0.0003,0.0003,0.07
2240.164,,,,-0.0003,0.0003,0.07
2240.215,,,,-0.0003,0.0003,0.07
2240.265,,,,-0.0003,0.0003,0.07
2240.316,,,,-0.0003,0.0003,0.07
2240.367,,,,-0.0003,0.0003,0.07
2240.418,,,,-0.0003,0.0003,0.07
2240.468,,,,-0.0003,0.0003,0.07
2240.519,,,,-0.0003,0.0003,0.07
2240.569,,,,-0.0003,0.0003,0.07
2240.62,,,,-0.0003,0.0003,0.07
2240.671,,,,-0.0003,0.0003,0.07
2240.721,,,,-0.0003,0.0003,0.07
2240.772,,,,-0.0003,0.0003,0.07
2240.822,,,,-0.0003,0.0003,0.07
2240.873,,,,-0.0003,0.0003,0.07
2240.924,,,,-0.0003,0.0003,0.07
2240.975,,,,-0.0003,0.0003,0.07
2241.025,,,,-0.0003,0.0003,0.07
2241.077,,,,-0.0003,0.0003,0.07
2241.127,,,,-0.0003,0.0003,0.07
2241.178,,,,-0.0003,0.0003,0.07
2241.229,,,,-0.0003,0.0003,0.07
2241.279,,,,-0.0003,0.0003,0.07
2241.33,,,,-0.0003,0.0003,0.07
2241.381,,,,-0.0003,0.0003,0.07
2241.431,,,,-0.0003,0.0003,0.07
2241.482,,,,-0.0003,0.0003,0.07
2241.533,,,,-0.0003,0.0003,0.07
2241.583,,,,-0.0003,0.0003,0.07
2241.634,,,,-0.0003,0.0003,0.07
2241.685,,,,-0.0003,0.0003,0.07
2241.735,,,,-0.0003,0.0003,0.07
2241.786,,,,-0.0003,0.0003,0.07
2241.836,,,,-0.0003,0.0003,0.07
2241.887,,,,-0.0003,0.0003,0.07
2241.938,,,,-0.0003,0.0003,0.07
2242.024,,,,-0.0003,0.0003,0.07
2242.076,,,,-0.0003,0.0003,0.07
2242.126,,,,-0.0003,0.0003,0.07
2242.177,,,,-0.0003,0.0003,0.07
2242.227,,,,-0.0003,0.0003,0.07
2242.278,,,,-0.0003,0.0003,0.07
2242.329,,,,-0.0003,0.0003,0.07
2242.379,,,,-0.0003,0.0003,0.07
2242.43,,,,-0.0003,0.0003,0.07
2242.481,,,,-0.0003,0.0003,0.07
2242.532,,,,-0.0003,0.0003,0.07
2242.582,,,,-0.0003,0.0003,0.07
2242.633,,,,-0.0003,0.0003,0.07
2242.683,,,,-0.0003,0.0003,0.07
2242.734,,,,-0.0003,0.0003,0.07
2242.784,,,,-0.0003,0.0003,0.07
2242.835,,,,-0.0003,0.0003,0.07
2242.885,,,,-0.0003,0.0003,0.07
2242.936,,,,-0.0003,0.0003,0.07
2242.987,,,,-0.0003,0.0003,0.07
2243.037,,,,-0.0003,0.0003,0.07
2243.088,,,,-0.0003,0.0003,0.07
2243.139,,,,-0.0003,0.0003,0.07
2243.19,,,,-0.0003,0.0003,0.07
2243.24,,,,-0.0003,0.0003,0.07
2243.291,,,,-0.0003,0.0003,0.07
2243.341,,,,-0.0003,0.0003,0.07
2243.392,,,,-0.0003,0.0003,0.07
2243.442,,,,-0.0003,0.0003,0.07
2243.493,,,,-0.0003,0.0003,0.07
2243.544,,,,-0.0003,0.0003,0.07
2243.595,,,,-0.0003,0.0003,0.07
2243.646,,,,-0.0003,0.0003,0.07
2243.696,,,,-0.0003,0.0003,0.07
2243.747,,,,-0.0003,0.0003,0.07
2243.797,,,,-0.0003,0.0003,0.07
2243.848,,,,-0.0003,0.0003,0.07
2243.899,,,,-0.0003,0.0003,0.07
2243.949,,,,-0.0003,0.0003,0.07
2244.0,,,,-0.0003,0.0003,0.07
2244.05,,,,-0.0003,0.0003,0.07
2244.101,,,,-0.0003,0.0003,0.07
2244.152,,,,-0.0003,0.0003,0.07
2244.203,,,,-0.0003,0.0003,0.07
2244.254,,,,-0.0003,0.0003,0.07
2244.304,,,,-0.0003,0.0003,0.07
2244.355,,,,-0.0003,0.0003,0.07
2244.406,,,,-0.0003,0.0003,0.07
2244.457,,,,-0.0003,0.0003,0.07
2244.507,,,,-0.0003,0.0003,0.07
2244.558,,,,-0.0003,0.0003,0.07
2244.609,,,,-0.0003,0.0003,0.07
2244.66,,,,-0.0003,0.0003,0.07
2244.71,,,,-0.0003,0.0003,0.07
2244.765,,,,-0.0003,0.0003,0.07
2244.816,,,,-0.0003,0.0003,0.07
2244.867,,,,-0.0003,0.0003,0.07
2244.917,,,,-0.0003,0.0003,0.07
2244.968,,,,-0.0003,0.0003,0.07
2245.019,,,,-0.0003,0.0003,0.07
2245.07,,,,-0.0003,0.0003,0.07
2245.12,,,,-0.0003,0.0003,0.07
2245.171,,,,-0.0003,0.0003,0.07
2245.222,,,,-0.0003,0.0003,0.07
2245.273,,,,-0.0003,0.0003,0.07
2245.324,,,,-0.0003,0.0003,0.07
2245.374,,,,-0.0003,0.0003,0.07
2245.425,,,,-0.0003,0.0003,0.07
2245.475,,,,-0.0003,0.0003,0.07
2245.526,,,,-0.0003,0.0003,0.07
2245.577,,,,-0.0003,0.0003,0.07
2245.628,,,,-0.0003,0.0003,0.07
2245.679,,,,-0.0003,0.0003,0.07
2245.73,,,,-0.0003,0.0003,0.07
2245.78,,,,-0.0003,0.0003,0.07
2245.83,,,,-0.0003,0.0003,0.07
2245.881,,,,-0.0003,0.0003,0.07
2245.931,,,,-0.0003,0.0003,0.07
2245.982,,,,-0.0003,0.0003,0.07
2246.033,,,,-0.0003,0.0003,0.07
2246.117,,,,-0.0003,0.0003,0.07
2246.168,,,,-0.0003,0.0003,0.07
2246.219,,,,-0.0003,0.0003,0.07
2246.27,,,,-0.0003,0.0003,0.07
2246.32,,,,-0.0003,0.0003,0.07
2246.371,,,,-0.0003,0.0003,0.07
2246.43,,,,-0.0003,0.0003,0.07
2246.482,,,,-0.0003,0.0003,0.07
2246.533,,,,-0.0003,0.0003,0.07
2246.583,,,,-0.0003,0.0003,0.07
2246.634,,,,-0.0003,0.0003,0.07
2246.685,,,,-0.0003,0.0003,0.07
2246.735,,,,-0.0003,0.0003,0.07
2246.786,,,,-0.0003,0.0003,0.07
2246.837,,,,-0.0003,0.0003,0.07
2246.887,,,,-0.0003,0.0003,0.07
2246.938,,,,-0.0003,0.0003,0.07
2246.989,,,,-0.0003,0.0003,0.07
2247.039,,,,-0.0003,0.0003,0.07
2247.09,,,,-0.0003,0.0003,0.07
2247.142,,,,-0.0003,0.0003,0.07
2247.192,,,,-0.0003,0.0003,0.07
2247.243,,,,-0.0003,0.0003,0.07
2247.293,,,,-0.0003,0.0003,0.07
2247.344,,,,-0.0003,0.0003,0.07
2247.395,,,,-0.0003,0.0003,0.07
2247.456,,,,-0.0003,0.0003,0.07
2247.506,,,,-0.0003,0.0003,0.07
2247.557,,,,-0.0003,0.0003,0.07
2247.608,,,,-0.0003,0.0003,0.07
2247.659,,,,-0.0003,0.0003,0.07
2247.709,,,,-0.0003,0.0003,0.07
2247.76,,,,-0.0003,0.0003,0.07
2247.811,,,,-0.0003,0.0003,0.07
2247.862,,,,-0.0003,0.0003,0.07
2247.912,,,,-0.0003,0.0003,0.07
2247.963,,,,-0.0003,0.0003,0.07
2248.014,,,,-0.0003,0.0003,0.07
2248.064,,,,-0.0003,0.0003,0.07
2248.115,,,,-0.0003,0.0003,0.07
2248.166,,,,-0.0003,0.0003,0.07
2248.216,,,,-0.0003,0.0003,0.07
2248.267,,,,-0.0003,0.0003,0.07
2248.318,,,,-0.0003,0.0003,0.07
2248.369,,,,-0.0003,0.0003,0.07
2248.42,,,,-0.0003,0.0003,0.07
2248.47,,,,-0.0003,0.0003,0.07
2248.521,,,,-0.0003,0.0003,0.07
2248.572,,,,-0.0003,0.0003,0.07
2248.622,,,,-0.0003,0.0003,0.07
2248.673,,,,-0.0003,0.0003,0.07
2248.723,,,,-0.0003,0.0003,0.07
2248.774,,,,-0.0003,0.0003,0.07
2248.842,,,,-0.0003,0.0003,0.07
2248.893,,,,-0.0003,0.0003,0.07
2248.944,,,,-0.0003,0.0003,0.07
2248.994,,,,-0.0003,0.0003,0.07
2249.046,,,,-0.0003,0.0003,0.07
2249.097,,,,-0.0003,0.0003,0.07
2249.148,,,,-0.0003,0.0003,0.07
2249.199,,,,-0.0003,0.0003,0.07
2249.249,,,,-0.0003,0.0003,0.07
2249.3,,,,-0.0003,0.0003,0.07
2249.351,,,,-0.0003,0.0003,0.07
2249.401,,,,-0.0003,0.0003,0.07
2249.452,,,,-0.0003,0.0003,0.07
2249.503,,,,-0.0003,0.0003,0.07
2249.554,,,,-0.0003,0.0003,0.07
2249.605,,,,-0.0003,0.0003,0.07
2249.655,,,,-0.0003,0.0003,0.07
2249.706,,,,-0.0003,0.0003,0.07
2249.757,,,,-0.0003,0.0003,0.07
2249.807,,,,-0.0003,0.0003,0.07
2249.858,,,,-0.0003,0.0003,0.07
2249.908,,,,-0.0003,0.0003,0.07
2249.959,,,,-0.0003,0.0003,0.07
2250.01,,,,-0.0003,0.0003,0.07
2250.06,,,,-0.0003,0.0003,0.07
2250.111,,,,-0.0003,0.0003,0.07
2250.163,,,,-0.0003,0.0003,0.07
2250.215,,,,-0.0003,0.0003,0.07
2250.265,,,,-0.0003,0.0003,0.07
2250.316,,,,-0.0003,0.0003,0.07
2250.367,,,,-0.0003,0.0003,0.07
2250.417,,,,-0.0003,0.0003,0.07
2250.468,,,,-0.0003,0.0003,0.07
2250.518,,,,-0.0003,0.0003,0.07
2250.568,,,,-0.0003,0.0003,0.07
2250.619,,,,-0.0003,0.0003,0.07
2250.669,,,,-0.0003,0.0003,0.07
2250.719,,,,-0.0003,0.0003,0.07
2250.77,,,,-0.0003,0.0003,0.07
2250.82,,,,-0.0003,0.0003,0.07
2250.871,,,,-0.0003,0.0003,0.07
2250.922,,,,-0.0003,0.0003,0.07
2250.972,,,,-0.0003,0.0003,0.07
2251.023,,,,-0.0003,0.0003,0.07
2251.073,,,,-0.0003,0.0003,0.07
2251.124,,,,-0.0003,0.0003,0.07
2251.175,,,,-0.0003,0.0003,0.07
2251.226,,,,-0.0003,0.0003,0.07
2251.277,,,,-0.0003,0.0003,0.07
2251.328,,,,-0.0003,0.0003,0.07
2251.379,,,,-0.0003,0.0003,0.07
2251.429,,,,-0.0003,0.0003,0.07
2251.48,,,,-0.0003,0.0003,0.07
2251.566,,,,-0.0003,0.0003,0.07
2251.617,,,,-0.0003,0.0003,0.07
2251.668,,,,-0.0003,0.0003,0.07
2251.718,,,,-0.0003,0.0003,0.07
2251.769,,,,-0.0003,0.0003,0.07
2251.82,,,,-0.0003,0.0003,0.07
2251.871,,,,-0.0003,0.0003,0.07
2251.921,,,,-0.0003,0.0003,0.07
2251.972,,,,-0.0003,0.0003,0.07
2252.022,,,,-0.0003,0.0003,0.07
2252.073,,,,-0.0003,0.0003,0.07
2252.123,,,,-0.0003,0.0003,0.07
2252.174,,,,-0.0003,0.0003,0.07
2252.224,,,,-0.0003,0.0003,0.07
2252.275,,,,-0.0003,0.0003,0.07
2252.326,,,,-0.0003,0.0003,0.07
2252.377,,,,-0.0003,0.0003,0.07
2252.427,,,,-0.0003,0.0003,0.07
2252.478,,,,-0.0003,0.0003,0.07
2252.529,,,,-0.0003,0.0003,0.07
2252.579,,,,-0.0003,0.0003,0.07
2252.63,,,,-0.0003,0.0003,0.07
2252.68,,,,-0.0003,0.0003,0.07
2252.731,,,,-0.0003,0.0003,0.07
2252.782,,,,-0.0003,0.0003,0.07
2252.832,,,,-0.0003,0.0003,0.07
2252.883,,,,-0.0003,0.0003,0.07
2252.943,,,,-0.0003,0.0003,0.07
2252.993,,,,-0.0003,0.0003,0.07
2253.044,,,,-0.0003,0.0003,0.07
2253.095,,,,-0.0003,0.0003,0.07
2253.145,,,,-0.0003,0.0003,0.07
2253.196,,,,-0.0003,0.0003,0.07
2253.247,,,,-0.0003,0.0003,0.07
2253.297,,,,-0.0003,0.0003,0.07
2253.348,,,,-0.0003,0.0003,0.07
2253.399,,,,-0.0003,0.0003,0.07
2253.45,,,,-0.0003,0.0003,0.07
2253.501,,,,-0.0003,0.0003,0.07
2253.551,,,,-0.0003,0.0003,0.07
2253.602,,,,-0.0003,0.0003,0.07
2253.652,,,,-0.0003,0.0003,0.07
2253.703,,,,-0.0003,0.0003,0.07
2253.754,,,,-0.0003,0.0003,0.07
2253.805,,,,-0.0003,0.0003,0.07
2253.856,,,,-0.0003,0.0003,0.07
2253.906,,,,-0.0003,0.0003,0.07
2253.957,,,,-0.0003,0.0003,0.07
2254.008,,,,-0.0003,0.0003,0.07
2254.058,,,,-0.0003,0.0003,0.07
2254.109,,,,-0.0003,0.0003,0.07
2254.159,,,,-0.0003,0.0003,0.07
2254.21,,,,-0.0003,0.0003,0.07
2254.261,,,,-0.0003,0.0003,0.07
2254.312,,,,-0.0003,0.0003,0.07
2254.363,,,,-0.0003,0.0003,0.07
2254.413,,,,-0.0003,0.0003,0.07
2254.464,,,,-0.0003,0.0003,0.07
2254.515,,,,-0.0003,0.0003,0.07
2254.566,,,,-0.0003,0.0003,0.07
2254.617,,,,-0.0003,0.0003,0.07
2254.668,,,,-0.0003,0.0003,0.07
2254.718,,,,-0.0003,0.0003,0.07
2254.768,,,,-0.0003,0.0003,0.07
2254.819,,,,-0.0003,0.0003,0.07
2254.869,,,,-0.0003,0.0003,0.07
2254.92,,,,-0.0003,0.0003,0.07
2254.97,,,,-0.0003,0.0003,0.07
2255.021,,,,-0.0003,0.0003,0.07
2255.072,,,,-0.0003,0.0003,0.07
2255.123,,,,-0.0003,0.0003,0.07
2255.173,,,,-0.0003,0.0003,0.07
2255.223,,,,-0.0003,0.0003,0.07
2255.274,,,,-0.0003,0.0003,0.07
2255.325,,,,-0.0003,0.0003,0.07
2255.375,,,,-0.0003,0.0003,0.07
2255.426,,,,-0.0003,0.0003,0.07
2255.477,,,,-0.0003,0.0003,0.07
2255.528,,,,-0.0003,0.0003,0.07
2255.579,,,,-0.0003,0.0003,0.07
2255.657,,,,-0.0003,0.0003,0.07
2255.708,,,,-0.0003,0.0003,0.07
2255.759,,,,-0.0003,0.0003,0.07
2255.809,,,,-0.0003,0.0003,0.07
2255.86,,,,-0.0003,0.0003,0.07
2255.91,,,,-0.0003,0.0003,0.07
2255.961,,,,-0.0003,0.0003,0.07
2256.012,,,,-0.0003,0.0003,0.07
2256.062,,,,-0.0003,0.0003,0.07
2256.113,,,,-0.0003,0.0003,0.07
2256.164,,,,-0.0003,0.0003,0.07
2256.215,,,,-0.0003,0.0003,0.07
2256.265,,,,-0.0003,0.0003,0.07
2256.316,,,,-0.0003,0.0003,0.07
2256.366,,,,-0.0003,0.0003,0.07
2256.417,,,,-0.0003,0.0003,0.07
2256.468,,,,-0.0003,0.0003,0.07
2256.518,,,,-0.0003,0.0003,0.07
2256.569,,,,-0.0003,0.0003,0.07
2256.62,,,,-0.0003,0.0003,0.07
2256.671,,,,-0.0003,0.0003,0.07
2256.722,,,,-0.0003,0.0003,0.07
2256.774,,,,-0.0003,0.0003,0.07
2256.824,,,,-0.0003,0.0003,0.07
2256.874,,,,-0.0003,0.0003,0.07
2256.925,,,,-0.0003,0.0003,0.07
2256.976,,,,-0.0003,0.0003,0.07
2257.028,,,,-0.0003,0.0003,0.07
2257.081,,,,-0.0003,0.0003,0.07
2257.131,,,,-0.0003,0.0003,0.07
2257.182,,,,-0.0003,0.0003,0.07
2257.233,,,,-0.0003,0.0003,0.07
2257.284,,,,-0.0003,0.0003,0.07
2257.335,,,,-0.0003,0.0003,0.07
2257.386,,,,-0.0003,0.0003,0.07
2257.436,,,,-0.0003,0.0003,0.07
2257.487,,,,-0.0003,0.0003,0.07
2257.538,,,,-0.0003,0.0003,0.07
2257.589,,,,-0.0003,0.0003,0.07
2257.64,,,,-0.0003,0.0003,0.07
2257.69,,,,-0.0003,0.0003,0.07
2257.741,,,,-0.0003,0.0003,0.07
2257.792,,,,-0.0003,0.0003,0.07
2257.844,,,,-0.0003,0.0003,0.07
2257.895,,,,-0.0003,0.0003,0.07
2257.946,,,,-0.0003,0.0003,0.07
2257.996,,,,-0.0003,0.0003,0.07
2258.047,,,,-0.0003,0.0003,0.07
2258.097,,,,-0.0003,0.0003,0.07
2258.147,,,,-0.0003,0.0003,0.07
2258.198,,,,-0.0003,0.0003,0.07
2258.248,,,,-0.0003,0.0003,0.07
2258.298,,,,-0.0003,0.0003,0.07
2258.385,,,,-0.0003,0.0003,0.07
2258.436,,,,-0.0003,0.0003,0.07
2258.486,,,,-0.0003,0.0003,0.07
2258.537,,,,-0.0003,0.0003,0.07
2258.588,,,,-0.0003,0.0003,0.07
2258.638,,,,-0.0003,0.0003,0.07
2258.689,,,,-0.0003,0.0003,0.07
2258.739,,,,-0.0003,0.0003,0.07
2258.79,,,,-0.0003,0.0003,0.07
2258.841,,,,-0.0003,0.0003,0.07
2258.892,,,,-0.0003,0.0003,0.07
2258.942,,,,-0.0003,0.0003,0.07
2258.993,,,,-0.0003,0.0003,0.07
2259.044,,,,-0.0003,0.0003,0.07
2259.094,,,,-0.0003,0.0003,0.07
2259.145,,,,-0.0003,0.0003,0.07
2259.195,,,,-0.0003,0.0003,0.07
2259.246,,,,-0.0003,0.0003,0.07
2259.296,,,,-0.0003,0.0003,0.07
2259.347,,,,-0.0003,0.0003,0.07
2259.398,,,,-0.0003,0.0003,0.07
2259.449,,,,-0.0003,0.0003,0.07
2259.499,,,,-0.0003,0.0003,0.07
2259.55,,,,-0.0003,0.0003,0.07
2259.601,,,,-0.0003,0.0003,0.07
2259.651,,,,-0.0003,0.0003,0.07
2259.703,,,,-0.0003,0.0003,0.07
2259.753,,,,-0.0003,0.0003,0.07
2259.804,,,,-0.0003,0.0003,0.07
2259.855,,,,-0.0003,0.0003,0.07
2259.905,,,,-0.0003,0.0003,0.07
2259.956,,,,-0.0003,0.0003,0.07
2260.006,,,,-0.0003,0.0003,0.07
2260.057,,,,-0.0003,0.0003,0.07
2260.108,,,,-0.0003,0.0003,0.07
2260.158,,,,-0.0003,0.0003,0.07
2260.209,,,,-0.0003,0.0003,0.07
2260.26,,,,-0.0003,0.0003,0.07
2260.311,,,,-0.0003,0.0003,0.07
2260.361,,,,-0.0003,0.0003,0.07
2260.412,,,,-0.0003,0.0003,0.07
2260.463,,,,-0.0003,0.0003,0.07
2260.513,,,,-0.0003,0.0003,0.07
2260.565,,,,-0.0003,0.0003,0.07
2260.615,,,,-0.0003,0.0003,0.07
2260.666,,,,-0.0003,0.0003,0.07
2260.717,,,,-0.0003,0.0003,0.07
2260.768,,,,-0.0003,0.0003,0.07
2260.818,,,,-0.0003,0.0003,0.07
2260.869,,,,-0.0003,0.0003,0.07
2260.92,,,,-0.0003,0.0003,0.07
2260.97,,,,-0.0003,0.0003,0.07
2261.021,,,,-0.0003,0.0003,0.07
2261.112,,,,-0.0003,0.0003,0.07
2261.163,,,,-0.0003,0.0003,0.07
2261.214,,,,-0.0003,0.0003,0.07
2261.265,,,,-0.0003,0.0003,0.07
2261.315,,,,-0.0003,0.0003,0.07
2261.366,,,,-0.0003,0.0003,0.07
2261.417,,,,-0.0003,0.0003,0.07
2261.468,,,,-0.0003,0.0003,0.07
2261.518,,,,-0.0003,0.0003,0.07
2261.569,,,,-0.0003,0.0003,0.07
2261.62,,,,-0.0003,0.0003,0.07
2261.67,,,,-0.0003,0.0003,0.07
2261.721,,,,-0.0003,0.0003,0.07
2261.772,,,,-0.0003,0.0003,0.07
2261.822,,,,-0.0003,0.0003,0.07
2261.873,,,,-0.0003,0.0003,0.07
2261.924,,,,-0.0003,0.0003,0.07
2261.975,,,,-0.0003,0.0003,0.07
2262.026,,,,-0.0003,0.0003,0.07
2262.076,,,,-0.0003,0.0003,0.07
2262.127,,,,-0.0003,0.0003,0.07
2262.178,,,,-0.0003,0.0003,0.07
2262.228,,,,-0.0003,0.0003,0.07
2262.279,,,,-0.0003,0.0003,0.07
2262.33,,,,-0.0003,0.0003,0.07
2262.381,,,,-0.0003,0.0003,0.07
2262.432,,,,-0.0003,0.0003,0.07
2262.482,,,,-0.0003,0.0003,0.07
2262.533,,,,-0.0003,0.0003,0.07
2262.583,,,,-0.0003,0.0003,0.07
2262.634,,,,-0.0003,0.0003,0.07
2262.684,,,,-0.0003,0.0003,0.07
2262.735,,,,-0.0003,0.0003,0.07
2262.785,,,,-0.0003,0.0003,0.07
2262.836,,,,-0.0003,0.0003,0.07
2262.886,,,,-0.0003,0.0003,0.07
2262.937,,,,-0.0003,0.0003,0.07
2262.988,,,,-0.0003,0.0003,0.07
2263.039,,,,-0.0003,0.0003,0.07
2263.089,,,,-0.0003,0.0003,0.07
2263.14,,,,-0.0003,0.0003,0.07
2263.191,,,,-0.0003,0.0003,0.07
2263.242,,,,-0.0003,0.0003,0.07
2263.293,,,,-0.0003,0.0003,0.07
2263.343,,,,-0.0003,0.0003,0.07
2263.394,,,,-0.0003,0.0003,0.07
2263.445,,,,-0.0003,0.0003,0.07
2263.495,,,,-0.0003,0.0003,0.07
2263.546,,,,-0.0003,0.0003,0.07
2263.597,,,,-0.0003,0.0003,0.07
2263.648,,,,-0.0003,0.0003,0.07
2263.699,,,,-0.0003,0.0003,0.07
2263.75,,,,-0.0003,0.0003,0.07
2263.835,,,,-0.0003,0.0003,0.07
2263.886,,,,-0.0003,0.0003,0.07
2263.937,,,,-0.0003,0.0003,0.07
2263.987,,,,-0.0003,0.0003,0.07
2264.038,,,,-0.0003,0.0003,0.07
2264.089,,,,-0.0003,0.0003,0.07
2264.14,,,,-0.0003,0.0003,0.07
2264.19,,,,-0.0003,0.0003,0.07
2264.241,,,,-0.0003,0.0003,0.07
2264.292,,,,-0.0003,0.0003,0.07
2264.342,,,,-0.0003,0.0003,0.07
2264.393,,,,-0.0003,0.0003,0.07
2264.443,,,,-0.0003,0.0003,0.07
2264.493,,,,-0.0003,0.0003,0.07
2264.545,,,,-0.0003,0.0003,0.07
2264.596,,,,-0.0003,0.0003,0.07
2264.647,,,,-0.0003,0.0003,0.07
2264.698,,,,-0.0003,0.0003,0.07
2264.749,,,,-0.0003,0.0003,0.07
2264.799,,,,-0.0003,0.0003,0.07
2264.85,,,,-0.0003,0.0003,0.07
2264.9,,,,-0.0003,0.0003,0.07
2264.951,,,,-0.0003,0.0003,0.07
2265.001,,,,-0.0003,0.0003,0.07
2265.052,,,,-0.0003,0.0003,0.07
2265.102,,,,-0.0003,0.0003,0.07
2265.153,,,,-0.0003,0.0003,0.07
2265.21,,,,-0.0003,0.0003,0.07
2265.26,,,,-0.0003,0.0003,0.07
2265.311,,,,-0.0003,0.0003,0.07
2265.361,,,,-0.0003,0.0003,0.07
2265.413,,,,-0.0003,0.0003,0.07
2265.464,,,,-0.0003,0.0003,0.07
2265.515,,,,-0.0003,0.0003,0.07
2265.566,,,,-0.0003,0.0003,0.07
2265.616,,,,-0.0003,0.0003,0.07
2265.667,,,,-0.0003,0.0003,0.07
2265.718,,,,-0.0003,0.0003,0.07
2265.769,,,,-0.0003,0.0003,0.07
2265.819,,,,-0.0003,0.0003,0.07
2265.87,,,,-0.0003,0.0003,0.07
2265.921,,,,-0.0003,0.0003,0.07
2265.972,,,,-0.0003,0.0003,0.07
2266.023,,,,-0.0003,0.0003,0.07
2266.074,,,,-0.0003,0.0003,0.07
2266.124,,,,-0.0003,0.0003,0.07
2266.175,,,,-0.0003,0.0003,0.07
2266.226,,,,-0.0003,0.0003,0.07
2266.277,,,,-0.0003,0.0003,0.07
2266.328,,,,-0.0003,0.0003,0.07
2266.378,,,,-0.0003,0.0003,0.07
2266.429,,,,-0.0003,0.0003,0.07
2266.48,,,,-0.0003,0.0003,0.07
2266.531,,,,-0.0003,0.0003,0.07
2266.582,,,,-0.0003,0.0003,0.07
2266.632,,,,-0.0003,0.0003,0.07
2266.684,,,,-0.0003,0.0003,0.07
2266.734,,,,-0.0003,0.0003,0.07
2266.785,,,,-0.0003,0.0003,0.07
2266.835,,,,-0.0003,0.0003,0.07
2266.886,,,,-0.0003,0.0003,0.07
2266.937,,,,-0.0003,0.0003,0.07
2266.987,,,,-0.0003,0.0003,0.07
2267.038,,,,-0.0003,0.0003,0.07
2267.09,,,,-0.0003,0.0003,0.07
2267.14,,,,-0.0003,0.0003,0.07
2267.191,,,,-0.0003,0.0003,0.07
2267.242,,,,-0.0003,0.0003,0.07
2267.293,,,,-0.0003,0.0003,0.07
2267.343,,,,-0.0003,0.0003,0.07
2267.394,,,,-0.0003,0.0003,0.07
2267.445,,,,-0.0003,0.0003,0.07
2267.496,,,,-0.0003,0.0003,0.07
2267.546,,,,-0.0003,0.0003,0.07
2267.597,,,,-0.0003,0.0003,0.07
2267.648,,,,-0.0003,0.0003,0.07
2267.698,,,,-0.0003,0.0003,0.07
2267.749,,,,-0.0003,0.0003,0.07
2267.8,,,,-0.0003,0.0003,0.07
2267.851,,,,-0.0003,0.0003,0.07
2267.932,,,,-0.0003,0.0003,0.07
2267.983,,,,-0.0003,0.0003,0.07
2268.033,,,,-0.0003,0.0003,0.07
2268.084,,,,-0.0003,0.0003,0.07
2268.135,,,,-0.0003,0.0003,0.07
2268.185,,,,-0.0003,0.0003,0.07
2268.235,,,,-0.0003,0.0003,0.07
2268.286,,,,-0.0003,0.0003,0.07
2268.337,,,,-0.0003,0.0003,0.07
2268.387,,,,-0.0003,0.0003,0.07
2268.438,,,,-0.0003,0.0003,0.07
2268.488,,,,-0.0003,0.0003,0.07
2268.539,,,,-0.0003,0.0003,0.07
2268.589,,,,-0.0003,0.0003,0.07
2268.64,,,,-0.0003,0.0003,0.07
2268.691,,,,-0.0003,0.0003,0.07
2268.742,,,,-0.0003,0.0003,0.07
2268.793,,,,-0.0003,0.0003,0.07
2268.844,,,,-0.0003,0.0003,0.07
2268.895,,,,-0.0003,0.0003,0.07
2268.946,,,,-0.0003,0.0003,0.07
2268.997,,,,-0.0003,0.0003,0.07
2269.047,,,,-0.0003,0.0003,0.07
2269.098,,,,-0.0003,0.0003,0.07
2269.149,,,,-0.0003,0.0003,0.07
2269.201,,,,-0.0003,0.0003,0.07
2269.288,,,,-0.0003,0.0003,0.07
2269.341,,,,-0.0003,0.0003,0.07
2269.392,,,,-0.0003,0.0003,0.07
2269.443,,,,-0.0003,0.0003,0.07
2269.493,,,,-0.0003,0.0003,0.07
2269.544,,,,-0.0003,0.0003,0.07
2269.594,,,,-0.0003,0.0003,0.07
2269.645,,,,-0.0003,0.0003,0.07
2269.696,,,,-0.0003,0.0003,0.07
2269.746,,,,-0.0003,0.0003,0.07
2269.797,,,,-0.0003,0.0003,0.07
2269.848,,,,-0.0003,0.0003,0.07
2269.899,,,,-0.0003,0.0003,0.07
2269.95,,,,-0.0003,0.0003,0.07
2270.001,,,,-0.0003,0.0003,0.07
2270.051,,,,-0.0003,0.0003,0.07
2270.102,,,,-0.0003,0.0003,0.07
2270.152,,,,-0.0003,0.0003,0.07
2270.203,,,,-0.0003,0.0003,0.07
2270.254,,,,-0.0003,0.0003,0.07
2270.304,,,,-0.0003,0.0003,0.07
2270.355,,,,-0.0003,0.0003,0.07
2270.406,,,,-0.0003,0.0003,0.07
2270.457,,,,-0.0003,0.0003,0.07
2270.508,,,,-0.0003,0.0003,0.07
2270.561,,,,-0.0003,0.0003,0.07
2270.65,,,,-0.0003,0.0003,0.07
2270.701,,,,-0.0003,0.0003,0.07
2270.752,,,,-0.0003,0.0003,0.07
2270.803,,,,-0.0003,0.0003,0.07
2270.854,,,,-0.0003,0.0003,0.07
2270.904,,,,-0.0003,0.0003,0.07
2270.955,,,,-0.0003,0.0003,0.07
2271.006,,,,-0.0003,0.0003,0.07
2271.056,,,,-0.0003,0.0003,0.07
2271.107,,,,-0.0003,0.0003,0.07
2271.157,,,,-0.0003,0.0003,0.07
2271.208,,,,-0.0003,0.0003,0.07
2271.258,,,,-0.0003,0.0003,0.07
2271.309,,,,-0.0003,0.0003,0.07
2271.36,,,,-0.0003,0.0003,0.07
2271.41,,,,-0.0003,0.0003,0.07
2271.461,,,,-0.0003,0.0003,0.07
2271.512,,,,-0.0003,0.0003,0.07
2271.563,,,,-0.0003,0.0003,0.07
2271.613,,,,-0.0003,0.0003,0.07
2271.664,,,,-0.0003,0.0003,0.07
2271.714,,,,-0.0003,0.0003,0.07
2271.765,,,,-0.0003,0.0003,0.07
2271.815,,,,-0.0003,0.0003,0.07
2271.866,,,,-0.0003,0.0003,0.07
2271.916,,,,-0.0003,0.0003,0.07
2271.967,,,,-0.0003,0.0003,0.07
2272.022,,,,-0.0003,0.0003,0.07
2272.074,,,,-0.0003,0.0003,0.07
2272.125,,,,-0.0003,0.0003,0.07
2272.176,,,,-0.0003,0.0003,0.07
2272.226,,,,-0.0003,0.0003,0.07
2272.277,,,,-0.0003,0.0003,0.07
2272.328,,,,-0.0003,0.0003,0.07
2272.379,,,,-0.0003,0.0003,0.07
2272.429,,,,-0.0003,0.0003,0.07
2272.479,,,,-0.0003,0.0003,0.07
2272.53,,,,-0.0003,0.0003,0.07
2272.581,,,,-0.0003,0.0003,0.07
2272.631,,,,-0.0003,0.0003,0.07
2272.681,,,,-0.0003,0.0003,0.07
2272.732,,,,-0.0003,0.0003,0.07
2272.783,,,,-0.0003,0.0003,0.07
2272.834,,,,-0.0003,0.0003,0.07
2272.884,,,,-0.0003,0.0003,0.07
2272.935,,,,-0.0003,0.0003,0.07
2272.985,,,,-0.0003,0.0003,0.07
2273.036,,,,-0.0003,0.0003,0.07
2273.086,,,,-0.0003,0.0003,0.07
2273.137,,,,-0.0003,0.0003,0.07
2273.188,,,,-0.0003,0.0003,0.07
2273.239,,,,-0.0003,0.0003,0.07
2273.289,,,,-0.0003,0.0003,0.07
2273.34,,,,-0.0003,0.0003,0.07
2273.39,,,,-0.0003,0.0003,0.07
2273.441,,,,-0.0003,0.0003,0.07
2273.491,,,,-0.0003,0.0003,0.07
2273.542,,,,-0.0003,0.0003,0.07
2273.593,,,,-0.0003,0.0003,0.07
2273.644,,,,-0.0003,0.0003,0.07
2273.694,,,,-0.0003,0.0003,0.07
2273.745,,,,-0.0003,0.0003,0.07
2273.796,,,,-0.0003,0.0003,0.07
2273.846,,,,-0.0003,0.0003,0.07
2273.897,,,,-0.0003,0.0003,0.07
2273.947,,,,-0.0003,0.0003,0.07
2273.997,,,,-0.0003,0.0003,0.07
2274.048,,,,-0.0003,0.0003,0.07
2274.098,,,,-0.0003,0.0003,0.07
2274.149,,,,-0.0003,0.0003,0.07
2274.199,,,,-0.0003,0.0003,0.07
2274.25,,,,-0.0003,0.0003,0.07
2274.3,,,,-0.0003,0.0003,0.07
2274.351,,,,-0.0003,0.0003,0.07
2274.401,,,,-0.0003,0.0003,0.07
2274.452,,,,-0.0003,0.0003,0.07
2274.503,,,,-0.0003,0.0003,0.07
2274.554,,,,-0.0003,0.0003,0.07
2274.605,,,,-0.0003,0.0003,0.07
2274.656,,,,-0.0003,0.0003,0.07
2274.741,,,,-0.0003,0.0003,0.07
2274.792,,,,-0.0003,0.0003,0.07
2274.843,,,,-0.0003,0.0003,0.07
2274.893,,,,-0.0003,0.0003,0.07
2274.944,,,,-0.0003,0.0003,0.07
2274.995,,,,-0.0003,0.0003,0.07
2275.045,,,,-0.0003,0.0003,0.07
2275.096,,,,-0.0003,0.0003,0.07
2275.147,,,,-0.0003,0.0003,0.07
2275.197,,,,-0.0003,0.0003,0.07
2275.248,,,,-0.0003,0.0003,0.07
2275.299,,,,-0.0003,0.0003,0.07
2275.35,,,,-0.0003,0.0003,0.07
2275.401,,,,-0.0003,0.0003,0.07
2275.451,,,,-0.0003,0.0003,0.07
2275.502,,,,-0.0003,0.0003,0.07
2275.553,,,,-0.0003,0.0003,0.07
2275.603,,,,-0.0003,0.0003,0.07
2275.654,,,,-0.0003,0.0003,0.07
2275.704,,,,-0.0003,0.0003,0.07
2275.756,,,,-0.0003,0.0003,0.07
2275.807,,,,-0.0003,0.0003,0.07
2275.858,,,,-0.0003,0.0003,0.07
2275.908,,,,-0.0003,0.0003,0.07
2275.959,,,,-0.0003,0.0003,0.07
2276.01,,,,-0.0003,0.0003,0.07
2276.06,,,,-0.0003,0.0003,0.07
2276.111,,,,-0.0003,0.0003,0.07
2276.162,,,,-0.0003,0.0003,0.07
2276.213,,,,-0.0003,0.0003,0.07
2276.264,,,,-0.0003,0.0003,0.07
2276.315,,,,-0.0003,0.0003,0.07
2276.366,,,,-0.0003,0.0003,0.07
2276.417,,,,-0.0003,0.0003,0.07
2276.468,,,,-0.0003,0.0003,0.07
2276.518,,,,-0.0003,0.0003,0.07
2276.569,,,,-0.0003,0.0003,0.07
2276.62,,,,-0.0003,0.0003,0.07
2276.671,,,,-0.0003,0.0003,0.07
2276.722,,,,-0.0003,0.0003,0.07
2276.773,,,,-0.0003,0.0003,0.07
2276.823,,,,-0.0003,0.0003,0.07
2276.874,,,,-0.0003,0.0003,0.07
2276.925,,,,-0.0003,0.0003,0.07
2276.976,,,,-0.0003,0.0003,0.07
2277.026,,,,-0.0003,0.0003,0.07
2277.077,,,,-0.0003,0.0003,0.07
2277.127,,,,-0.0003,0.0003,0.07
2277.178,,,,-0.0003,0.0003,0.07
2277.229,,,,-0.0003,0.0003,0.07
2277.28,,,,-0.0003,0.0003,0.07
2277.331,,,,-0.0003,0.0003,0.07
2277.381,,,,-0.0003,0.0003,0.07
2277.457,,,,-0.0003,0.0003,0.07
2277.507,,,,-0.0003,0.0003,0.07
2277.558,,,,-0.0003,0.0003,0.07
2277.609,,,,-0.0003,0.0003,0.07
2277.66,,,,-0.0003,0.0003,0.07
2277.71,,,,-0.0003,0.0003,0.07
2277.761,,,,-0.0003,0.0003,0.07
2277.812,,,,-0.0003,0.0003,0.07
2277.863,,,,-0.0003,0.0003,0.07
2277.913,,,,-0.0003,0.0003,0.07
2277.964,,,,-0.0003,0.0003,0.07
2278.014,,,,-0.0003,0.0003,0.07
2278.065,,,,-0.0003,0.0003,0.07
2278.115,,,,-0.0003,0.0003,0.07
2278.166,,,,-0.0003,0.0003,0.07
2278.217,,,,-0.0003,0.0003,0.07
2278.267,,,,-0.0003,0.0003,0.07
2278.318,,,,-0.0003,0.0003,0.07
2278.369,,,,-0.0003,0.0003,0.07
2278.42,,,,-0.0003,0.0003,0.07
2278.47,,,,-0.0003,0.0003,0.07
2278.521,,,,-0.0003,0.0003,0.07
2278.572,,,,-0.0003,0.0003,0.07
2278.622,,,,-0.0003,0.0003,0.07
2278.674,,,,-0.0003,0.0003,0.07
2278.724,,,,-0.0003,0.0003,0.07
2278.775,,,,-0.0003,0.0003,0.07
2278.831,,,,-0.0003,0.0003,0.07
2278.881,,,,-0.0003,0.0003,0.07
2278.932,,,,-0.0003,0.0003,0.07
2278.983,,,,-0.0003,0.0003,0.07
2279.034,,,,-0.0003,0.0003,0.07
2279.084,,,,-0.0003,0.0003,0.07
2279.135,,,,-0.0003,0.0003,0.07
2279.186,,,,-0.0003,0.0003,0.07
2279.236,,,,-0.0003,0.0003,0.07
2279.287,,,,-0.0003,0.0003,0.07
2279.338,,,,-0.0003,0.0003,0.07
2279.389,,,,-0.0003,0.0003,0.07
2279.439,,,,-0.0003,0.0003,0.07
2279.491,,,,-0.0003,0.0003,0.07
2279.541,,,,-0.0003,0.0003,0.07
2279.592,,,,-0.0003,0.0003,0.07
2279.643,,,,-0.0003,0.0003,0.07
2279.694,,,,-0.0003,0.0003,0.07
2279.745,,,,-0.0003,0.0003,0.07
2279.796,,,,-0.0003,0.0003,0.07
2279.846,,,,-0.0003,0.0003,0.07
2279.897,,,,-0.0003,0.0003,0.07
2279.948,,,,-0.0003,0.0003,0.07
2279.999,,,,-0.0003,0.0003,0.07
2280.049,,,,-0.0003,0.0003,0.07
2280.1,,,,-0.0003,0.0003,0.07
2280.15,,,,-0.0003,0.0003,0.07
2280.202,,,,-0.0003,0.0003,0.07
2280.253,,,,-0.0003,0.0003,0.07
2280.304,,,,-0.0003,0.0003,0.07
2280.354,,,,-0.0003,0.0003,0.07
2280.405,,,,-0.0003,0.0003,0.07
2280.456,,,,-0.0003,0.0003,0.07
2280.506,,,,-0.0003,0.0003,0.07
2280.557,,,,-0.0003,0.0003,0.07
2280.608,,,,-0.0003,0.0003,0.07
2280.659,,,,-0.0003,0.0003,0.07
2280.709,,,,-0.0003,0.0003,0.07
2280.76,,,,-0.0003,0.0003,0.07
2280.811,,,,-0.0003,0.0003,0.07
2280.861,,,,-0.0003,0.0003,0.07
2280.912,,,,-0.0003,0.0003,0.07
2280.963,,,,-0.0003,0.0003,0.07
2281.013,,,,-0.0003,0.0003,0.07
2281.064,,,,-0.0003,0.0003,0.07
2281.115,,,,-0.0003,0.0003,0.07
2281.165,,,,-0.0003,0.0003,0.07
2281.216,,,,-0.0003,0.0003,0.07
2281.266,,,,-0.0003,0.0003,0.07
2281.317,,,,-0.0003,0.0003,0.07
2281.367,,,,-0.0003,0.0003,0.07
2281.418,,,,-0.0003,0.0003,0.07
2281.469,,,,-0.0003,0.0003,0.07
2281.521,,,,-0.0003,0.0003,0.07
2281.572,,,,-0.0003,0.0003,0.07
2281.622,,,,-0.0003,0.0003,0.07
2281.673,,,,-0.0003,0.0003,0.07
2281.723,,,,-0.0003,0.0003,0.07
2281.774,,,,-0.0003,0.0003,0.07
2281.824,,,,-0.0003,0.0003,0.07
2281.875,,,,-0.0003,0.0003,0.07
2281.925,,,,-0.0003,0.0003,0.07
2281.975,,,,-0.0003,0.0003,0.07
2282.026,,,,-0.0003,0.0003,0.07
2282.076,,,,-0.0003,0.0003,0.07
2282.127,,,,-0.0003,0.0003,0.07
2282.178,,,,-0.0003,0.0003,0.07
2282.229,,,,-0.0003,0.0003,0.07
2282.279,,,,-0.0003,0.0003,0.07
2282.33,,,,-0.0003,0.0003,0.07
2282.381,,,,-0.0003,0.0003,0.07
2282.431,,,,-0.0003,0.0003,0.07
2282.483,,,,-0.0003,0.0003,0.07
2282.534,,,,-0.0003,0.0003,0.07
2282.584,,,,-0.0003,0.0003,0.07
2282.635,,,,-0.0003,0.0003,0.07
2282.685,,,,-0.0003,0.0003,0.07
2282.736,,,,-0.0003,0.0003,0.07
2282.786,,,,-0.0003,0.0003,0.07
2282.837,,,,-0.0003,0.0003,0.07
2282.919,,,,-0.0003,0.0003,0.07
2282.969,,,,-0.0003,0.0003,0.07
2283.02,,,,-0.0003,0.0003,0.07
2283.07,,,,-0.0003,0.0003,0.07
2283.121,,,,-0.0003,0.0003,0.07
2283.171,,,,-0.0003,0.0003,0.07
2283.222,,,,-0.0003,0.0003,0.07
2283.273,,,,-0.0003,0.0003,0.07
2283.323,,,,-0.0003,0.0003,0.07
2283.374,,,,-0.0003,0.0003,0.07
2283.425,,,,-0.0003,0.0003,0.07
2283.475,,,,-0.0003,0.0003,0.07
2283.526,,,,-0.0003,0.0003,0.07
2283.576,,,,-0.0003,0.0003,0.07
2283.627,,,,-0.0003,0.0003,0.07
2283.678,,,,-0.0003,0.0003,0.07
2283.729,,,,-0.0003,0.0003,0.07
2283.779,,,,-0.0003,0.0003,0.07
2283.83,,,,-0.0003,0.0003,0.07
2283.881,,,,-0.0003,0.0003,0.07
2283.932,,,,-0.0003,0.0003,0.07
2283.983,,,,-0.0003,0.0003,0.07
2284.034,,,,-0.0003,0.0003,0.07
2284.084,,,,-0.0003,0.0003,0.07
2284.135,,,,-0.0003,0.0003,0.07
2284.185,,,,-0.0003,0.0003,0.07
2284.236,,,,-0.0003,0.0003,0.07
2284.289,,,,-0.0003,0.0003,0.07
2284.342,,,,-0.0003,0.0003,0.07
2284.393,,,,-0.0003,0.0003,0.07
2284.443,,,,-0.0003,0.0003,0.07
2284.494,,,,-0.0003,0.0003,0.07
2284.544,,,,-0.0003,0.0003,0.07
2284.595,,,,-0.0003,0.0003,0.07
2284.646,,,,-0.0003,0.0003,0.07
2284.697,,,,-0.0003,0.0003,0.07
2284.748,,,,-0.0003,0.0003,0.07
2284.798,,,,-0.0003,0.0003,0.07
2284.85,,,,-0.0003,0.0003,0.07
2284.901,,,,-0.0003,0.0003,0.07
2284.951,,,,-0.0003,0.0003,0.07
2285.001,,,,-0.0003,0.0003,0.07
2285.053,,,,-0.0003,0.0003,0.07
2285.104,,,,-0.0003,0.0003,0.07
2285.155,,,,-0.0003,0.0003,0.07
2285.206,,,,-0.0003,0.0003,0.07
2285.256,,,,-0.0003,0.0003,0.07
2285.307,,,,-0.0003,0.0003,0.07
2285.357,,,,-0.0003,0.0003,0.07
2285.408,,,,-0.0003,0.0003,0.07
2285.459,,,,-0.0003,0.0003,0.07
2285.51,,,,-0.0003,0.0003,0.07
2285.561,,,,-0.0003,0.0003,0.07
2285.647,,,,-0.0003,0.0003,0.07
2285.698,,,,-0.0003,0.0003,0.07
2285.749,,,,-0.0003,0.0003,0.07
2285.799,,,,-0.0003,0.0003,0.07
2285.85,,,,-0.0003,0.0003,0.07
2285.901,,,,-0.0003,0.0003,0.07
2285.952,,,,-0.0003,0.0003,0.07
2286.002,,,,-0.0003,0.0003,0.07
2286.053,,,,-0.0003,0.0003,0.07
2286.103,,,,-0.0003,0.0003,0.07
2286.154,,,,-0.0003,0.0003,0.07
2286.204,,,,-0.0003,0.0003,0.07
2286.255,,,,-0.0003,0.0003,0.07
2286.306,,,,-0.0003,0.0003,0.07
2286.356,,,,-0.0003,0.0003,0.07
2286.407,,,,-0.0003,0.0003,0.07
2286.457,,,,-0.0003,0.0003,0.07
2286.508,,,,-0.0003,0.0003,0.07
2286.558,,,,-0.0003,0.0003,0.07
2286.609,,,,-0.0003,0.0003,0.07
2286.66,,,,-0.0003,0.0003,0.07
2286.711,,,,-0.0003,0.0003,0.07
2286.761,,,,-0.0003,0.0003,0.07
2286.812,,,,-0.0003,0.0003,0.07
2286.863,,,,-0.0003,0.0003,0.07
2286.913,,,,-0.0003,0.0003,0.07
2286.965,,,,-0.0003,0.0003,0.07
2287.02,,,,-0.0003,0.0003,0.07
2287.072,,,,-0.0003,0.0003,0.07
2287.122,,,,-0.0003,0.0003,0.07
2287.173,,,,-0.0003,0.0003,0.07
2287.223,,,,-0.0003,0.0003,0.07
2287.276,,,,-0.0003,0.0003,0.07
2287.333,,,,-0.0003,0.0003,0.07
2287.384,,,,-0.0003,0.0003,0.07
2287.435,,,,-0.0003,0.0003,0.07
2287.485,,,,-0.0003,0.0003,0.07
2287.536,,,,-0.0003,0.0003,0.07
2287.586,,,,-0.0003,0.0003,0.07
2287.637,,,,-0.0003,0.0003,0.07
2287.687,,,,-0.0003,0.0003,0.07
2287.737,,,,-0.0003,0.0003,0.07
2287.788,,,,-0.0003,0.0003,0.07
2287.839,,,,-0.0003,0.0003,0.07
2287.889,,,,-0.0003,0.0003,0.07
2287.94,,,,-0.0003,0.0003,0.07
2287.991,,,,-0.0003,0.0003,0.07
2288.042,,,,-0.0003,0.0003,0.07
2288.093,,,,-0.0003,0.0003,0.07
2288.143,,,,-0.0003,0.0003,0.07
2288.194,,,,-0.0003,0.0003,0.07
2288.244,,,,-0.0003,0.0003,0.07
2288.295,,,,-0.0003,0.0003,0.07
2288.383,,,,-0.0003,0.0003,0.07
2288.434,,,,-0.0003,0.0003,0.07
2288.484,,,,-0.0003,0.0003,0.07
2288.535,,,,-0.0003,0.0003,0.07
2288.585,,,,-0.0003,0.0003,0.07
2288.636,,,,-0.0003,0.0003,0.07
2288.687,,,,-0.0003,0.0003,0.07
2288.738,,,,-0.0003,0.0003,0.07
2288.788,,,,-0.0003,0.0003,0.07
2288.839,,,,-0.0003,0.0003,0.07
2288.89,,,,-0.0003,0.0003,0.07
2288.94,,,,-0.0003,0.0003,0.07
2288.991,,,,-0.0003,0.0003,0.07
2289.042,,,,-0.0003,0.0003,0.07
2289.092,,,,-0.0003,0.0003,0.07
2289.144,,,,-0.0003,0.0003,0.07
2289.194,,,,-0.0003,0.0003,0.07
2289.245,,,,-0.0003,0.0003,0.07
2289.296,,,,-0.0003,0.0003,0.07
2289.348,,,,-0.0003,0.0003,0.07
2289.398,,,,-0.0003,0.0003,0.07
2289.449,,,,-0.0003,0.0003,0.07
2289.5,,,,-0.0003,0.0003,0.07
2289.551,,,,-0.0003,0.0003,0.07
2289.601,,,,-0.0003,0.0003,0.07
2289.652,,,,-0.0003,0.0003,0.07
2289.702,,,,-0.0003,0.0003,0.07
2289.753,,,,-0.0003,0.0003,0.07
2289.803,,,,-0.0003,0.0003,0.07
2289.854,,,,-0.0003,0.0003,0.07
2289.904,,,,-0.0003,0.0003,0.07
2289.955,,,,-0.0003,0.0003,0.07
2290.006,,,,-0.0003,0.0003,0.07
2290.057,,,,-0.0003,0.0003,0.07
2290.108,,,,-0.0003,0.0003,0.07
2290.158,,,,-0.0003,0.0003,0.07
2290.209,,,,-0.0003,0.0003,0.07
2290.259,,,,-0.0003,0.0003,0.07
2290.31,,,,-0.0003,0.0003,0.07
2290.361,,,,-0.0003,0.0003,0.07
2290.411,,,,-0.0003,0.0003,0.07
2290.462,,,,-0.0003,0.0003,0.07
2290.512,,,,-0.0003,0.0003,0.07
2290.563,,,,-0.0003,0.0003,0.07
2290.614,,,,-0.0003,0.0003,0.07
2290.665,,,,-0.0003,0.0003,0.07
2290.715,,,,-0.0003,0.0003,0.07
2290.767,,,,-0.0003,0.0003,0.07
2290.818,,,,-0.0003,0.0003,0.07
2290.869,,,,-0.0003,0.0003,0.07
2290.92,,,,-0.0003,0.0003,0.07
2290.971,,,,-0.0003,0.0003,0.07
2291.022,,,,-0.0003,0.0003,0.07
2291.072,,,,-0.0003,0.0003,0.07
2291.123,,,,-0.0003,0.0003,0.07
2291.174,,,,-0.0003,0.0003,0.07
2291.225,,,,-0.0003,0.0003,0.07
2291.276,,,,-0.0003,0.0003,0.07
2291.326,,,,-0.0003,0.0003,0.07
2291.377,,,,-0.0003,0.0003,0.07
2291.427,,,,-0.0003,0.0003,0.07
2291.478,,,,-0.0003,0.0003,0.07
2291.528,,,,-0.0003,0.0003,0.07
2291.579,,,,-0.0003,0.0003,0.07
2291.63,,,,-0.0003,0.0003,0.07
2291.681,,,,-0.0003,0.0003,0.07
2291.732,,,,-0.0003,0.0003,0.07
2291.784,,,,-0.0003,0.0003,0.07
2291.835,,,,-0.0003,0.0003,0.07
2291.885,,,,-0.0003,0.0003,0.07
2291.936,,,,-0.0003,0.0003,0.07
2291.986,,,,-0.0003,0.0003,0.07
2292.037,,,,-0.0003,0.0003,0.07
2292.087,,,,-0.0003,0.0003,0.07
2292.138,,,,-0.0003,0.0003,0.07
2292.189,,,,-0.0003,0.0003,0.07
2292.24,,,,-0.0003,0.0003,0.07
2292.291,,,,-0.0003,0.0003,0.07
2292.341,,,,-0.0003,0.0003,0.07
2292.392,,,,-0.0003,0.0003,0.07
2292.461,,,,-0.0003,0.0003,0.07
2292.512,,,,-0.0003,0.0003,0.07
2292.563,,,,-0.0003,0.0003,0.07
2292.614,,,,-0.0003,0.0003,0.07
2292.664,,,,-0.0003,0.0003,0.07
2292.715,,,,-0.0003,0.0003,0.07
2292.767,,,,-0.0003,0.0003,0.07
2292.818,,,,-0.0003,0.0003,0.07
2292.868,,,,-0.0003,0.0003,0.07
2292.919,,,,-0.0003,0.0003,0.07
2292.97,,,,-0.0003,0.0003,0.07
2293.02,,,,-0.0003,0.0003,0.07
2293.071,,,,-0.0003,0.0003,0.07
2293.121,,,,-0.0003,0.0003,0.07
2293.172,,,,-0.0003,0.0003,0.07
2293.223,,,,-0.0003,0.0003,0.07
2293.273,,,,-0.0003,0.0003,0.07
2293.324,,,,-0.0003,0.0003,0.07
2293.374,,,,-0.0003,0.0003,0.07
2293.425,,,,-0.0003,0.0003,0.07
2293.475,,,,-0.0003,0.0003,0.07
2293.526,,,,-0.0003,0.0003,0.07
2293.576,,,,-0.0003,0.0003,0.07
2293.627,,,,-0.0003,0.0003,0.07
2293.678,,,,-0.0003,0.0003,0.07
2293.728,,,,-0.0003,0.0003,0.07
2293.78,,,,-0.0003,0.0003,0.07
2293.837,,,,-0.0003,0.0003,0.07
2293.888,,,,-0.0003,0.0003,0.07
2293.939,,,,-0.0003,0.0003,0.07
2293.989,,,,-0.0003,0.0003,0.07
2294.04,,,,-0.0003,0.0003,0.07
2294.09,,,,-0.0003,0.0003,0.07
2294.14,,,,-0.0003,0.0003,0.07
2294.191,,,,-0.0003,0.0003,0.07
2294.242,,,,-0.0003,0.0003,0.07
2294.293,,,,-0.0003,0.0003,0.07
2294.344,,,,-0.0003,0.0003,0.07
2294.395,,,,-0.0003,0.0003,0.07
2294.445,,,,-0.0003,0.0003,0.07
2294.496,,,,-0.0003,0.0003,0.07
2294.546,,,,-0.0003,0.0003,0.07
2294.597,,,,-0.0003,0.0003,0.07
2294.648,,,,-0.0003,0.0003,0.07
2294.699,,,,-0.0003,0.0003,0.07
2294.75,,,,-0.0003,0.0003,0.07
2294.8,,,,-0.0003,0.0003,0.07
2294.852,,,,-0.0003,0.0003,0.07
2294.903,,,,-0.0003,0.0003,0.07
2294.953,,,,-0.0003,0.0003,0.07
2295.005,,,,-0.0003,0.0003,0.07
2295.055,,,,-0.0003,0.0003,0.07
2295.106,,,,-0.0003,0.0003,0.07
2295.188,,,,-0.0003,0.0003,0.07
2295.239,,,,-0.0003,0.0003,0.07
2295.289,,,,-0.0003,0.0003,0.07
2295.34,,,,-0.0003,0.0003,0.07
2295.39,,,,-0.0003,0.0003,0.07
2295.441,,,,-0.0003,0.0003,0.07
2295.492,,,,-0.0003,0.0003,0.07
2295.542,,,,-0.0003,0.0003,0.07
2295.593,,,,-0.0003,0.0003,0.07
2295.643,,,,-0.0003,0.0003,0.07
2295.694,,,,-0.0003,0.0003,0.07
2295.745,,,,-0.0003,0.0003,0.07
2295.796,,,,-0.0003,0.0003,0.07
2295.847,,,,-0.0003,0.0003,0.07
2295.897,,,,-0.0003,0.0003,0.07
2295.948,,,,-0.0003,0.0003,0.07
2295.999,,,,-0.0003,0.0003,0.07
2296.049,,,,-0.0003,0.0003,0.07
2296.1,,,,-0.0003,0.0003,0.07
2296.15,,,,-0.0003,0.0003,0.07
2296.201,,,,-0.0003,0.0003,0.07
2296.251,,,,-0.0003,0.0003,0.07
2296.302,,,,-0.0003,0.0003,0.07
2296.353,,,,-0.0003,0.0003,0.07
2296.404,,,,-0.0003,0.0003,0.07
2296.454,,,,-0.0003,0.0003,0.07
2296.505,,,,-0.0003,0.0003,0.07
2296.556,,,,-0.0003,0.0003,0.07
2296.607,,,,-0.0003,0.0003,0.07
2296.658,,,,-0.0003,0.0003,0.07
2296.708,,,,-0.0003,0.0003,0.07
2296.759,,,,-0.0003,0.0003,0.07
2296.809,,,,-0.0003,0.0003,0.07
2296.86,,,,-0.0003,0.0003,0.07
2296.91,,,,-0.0003,0.0003,0.07
2296.961,,,,-0.0003,0.0003,0.07
2297.012,,,,-0.0003,0.0003,0.07
2297.062,,,,-0.0003,0.0003,0.07
2297.113,,,,-0.0003,0.0003,0.07
2297.163,,,,-0.0003,0.0003,0.07
2297.214,,,,-0.0003,0.0003,0.07
2297.265,,,,-0.0003,0.0003,0.07
2297.315,,,,-0.0003,0.0003,0.07
2297.365,,,,-0.0003,0.0003,0.07
2297.416,,,,-0.0003,0.0003,0.07
2297.466,,,,-0.0003,0.0003,0.07
2297.517,,,,-0.0003,0.0003,0.07
2297.567,,,,-0.0003,0.0003,0.07
2297.618,,,,-0.0003,0.0003,0.07
2297.669,,,,-0.0003,0.0003,0.07
2297.719,,,,-0.0003,0.0003,0.07
2297.77,,,,-0.0003,0.0003,0.07
2297.82,,,,-0.0003,0.0003,0.07
2297.871,,,,-0.0003,0.0003,0.07
2297.924,,,,-0.0003,0.0003,0.07
2297.975,,,,-0.0003,0.0003,0.07
2298.026,,,,-0.0003,0.0003,0.07
2298.076,,,,-0.0003,0.0003,0.07
2298.127,,,,-0.0003,0.0003,0.07
2298.178,,,,-0.0003,0.0003,0.07
2298.228,,,,-0.0003,0.0003,0.07
2298.279,,,,-0.0003,0.0003,0.07
2298.33,,,,-0.0003,0.0003,0.07
2298.38,,,,-0.0003,0.0003,0.07
2298.431,,,,-0.0003,0.0003,0.07
2298.481,,,,-0.0003,0.0003,0.07
2298.532,,,,-0.0003,0.0003,0.07
2298.583,,,,-0.0003,0.0003,0.07
2298.633,,,,-0.0003,0.0003,0.07
2298.684,,,,-0.0003,0.0003,0.07
2298.735,,,,-0.0003,0.0003,0.07
2298.785,,,,-0.0003,0.0003,0.07
2298.836,,,,-0.0003,0.0003,0.07
2298.886,,,,-0.0003,0.0003,0.07
2298.937,,,,-0.0003,0.0003,0.07
2298.988,,,,-0.0003,0.0003,0.07
2299.039,,,,-0.0003,0.0003,0.07
2299.09,,,,-0.0003,0.0003,0.07
2299.14,,,,-0.0003,0.0003,0.07
2299.191,,,,-0.0003,0.0003,0.07
2299.279,,,,-0.0003,0.0003,0.07
2299.33,,,,-0.0003,0.0003,0.07
2299.381,,,,-0.0003,0.0003,0.07
2299.431,,,,-0.0003,0.0003,0.07
2299.482,,,,-0.0003,0.0003,0.07
2299.533,,,,-0.0003,0.0003,0.07
2299.584,,,,-0.0003,0.0003,0.07
2299.634,,,,-0.0003,0.0003,0.07
2299.684,,,,-0.0003,0.0003,0.07
2299.735,,,,-0.0003,0.0003,0.07
2299.786,,,,-0.0003,0.0003,0.07
2299.836,,,,-0.0003,0.0003,0.07
2299.887,,,,-0.0003,0.0003,0.07
2299.938,,,,-0.0003,0.0003,0.07
2299.989,,,,-0.0003,0.0003,0.07
2300.04,,,,-0.0003,0.0003,0.07
2300.09,,,,-0.0003,0.0003,0.07
2300.141,,,,-0.0003,0.0003,0.07
2300.192,,,,-0.0003,0.0003,0.07
2300.243,,,,-0.0003,0.0003,0.07
2300.294,,,,-0.0003,0.0003,0.07
2300.345,,,,-0.0003,0.0003,0.07
2300.395,,,,-0.0003,0.0003,0.07
2300.446,,,,-0.0003,0.0003,0.07
2300.497,,,,-0.0003,0.0003,0.07
2300.548,,,,-0.0003,0.0003,0.07
2300.599,,,,-0.0003,0.0003,0.07
2300.649,,,,-0.0003,0.0003,0.07
2300.701,,,,-0.0003,0.0003,0.07
2300.751,,,,-0.0003,0.0003,0.07
2300.801,,,,-0.0003,0.0003,0.07
2300.852,,,,-0.0003,0.0003,0.07
2300.903,,,,-0.0003,0.0003,0.07
2300.953,,,,-0.0003,0.0003,0.07
2301.004,,,,-0.0003,0.0003,0.07
2301.055,,,,-0.0003,0.0003,0.07
2301.106,,,,-0.0003,0.0003,0.07
2301.157,,,,-0.0003,0.0003,0.07
2301.207,,,,-0.0003,0.0003,0.07
2301.258,,,,-0.0003,0.0003,0.07
2301.309,,,,-0.0003,0.0003,0.07
2301.36,,,,-0.0003,0.0003,0.07
2301.411,,,,-0.0003,0.0003,0.07
2301.461,,,,-0.0003,0.0003,0.07
2301.512,,,,-0.0003,0.0003,0.07
2301.563,,,,-0.0003,0.0003,0.07
2301.614,,,,-0.0003,0.0003,0.07
2301.664,,,,-0.0003,0.0003,0.07
2301.715,,,,-0.0003,0.0003,0.07
2301.765,,,,-0.0003,0.0003,0.07
2301.816,,,,-0.0003,0.0003,0.07
2301.867,,,,-0.0003,0.0003,0.07
2301.918,,,,-0.0003,0.0003,0.07
2302.006,,,,-0.0003,0.0003,0.07
2302.057,,,,-0.0003,0.0003,0.07
2302.108,,,,-0.0003,0.0003,0.07
2302.159,,,,-0.0003,0.0003,0.07
2302.21,,,,-0.0003,0.0003,0.07
2302.261,,,,-0.0003,0.0003,0.07
2302.311,,,,-0.0003,0.0003,0.07
2302.363,,,,-0.0003,0.0003,0.07
2302.413,,,,-0.0003,0.0003,0.07
2302.464,,,,-0.0003,0.0003,0.07
2302.514,,,,-0.0003,0.0003,0.07
2302.565,,,,-0.0003,0.0003,0.07
2302.616,,,,-0.0003,0.0003,0.07
2302.666,,,,-0.0003,0.0003,0.07
2302.716,,,,-0.0003,0.0003,0.07
2302.767,,,,-0.0003,0.0003,0.07
2302.818,,,,-0.0003,0.0003,0.07
2302.869,,,,-0.0003,0.0003,0.07
2302.92,,,,-0.0003,0.0003,0.07
2302.97,,,,-0.0003,0.0003,0.07
2303.021,,,,-0.0003,0.0003,0.07
2303.072,,,,-0.0003,0.0003,0.07
2303.123,,,,-0.0003,0.0003,0.07
2303.174,,,,-0.0003,0.0003,0.07
2303.224,,,,-0.0003,0.0003,0.07
2303.274,,,,-0.0003,0.0003,0.07
2303.325,,,,-0.0003,0.0003,0.07
2303.375,,,,-0.0003,0.0003,0.07
2303.426,,,,-0.0003,0.0003,0.07
2303.477,,,,-0.0003,0.0003,0.07
2303.527,,,,-0.0003,0.0003,0.07
2303.578,,,,-0.0003,0.0003,0.07
2303.629,,,,-0.0003,0.0003,0.07
2303.68,,,,-0.0003,0.0003,0.07
2303.73,,,,-0.0003,0.0003,0.07
2303.781,,,,-0.0003,0.0003,0.07
2303.832,,,,-0.0003,0.0003,0.07
2303.883,,,,-0.0003,0.0003,0.07
2303.934,,,,-0.0003,0.0003,0.07
2303.984,,,,-0.0003,0.0003,0.07
2304.035,,,,-0.0003,0.0003,0.07
2304.086,,,,-0.0003,0.0003,0.07
2304.136,,,,-0.0003,0.0003,0.07
2304.187,,,,-0.0003,0.0003,0.07
2304.238,,,,-0.0003,0.0003,0.07
2304.289,,,,-0.0003,0.0003,0.07
2304.34,,,,-0.0003,0.0003,0.07
2304.391,,,,-0.0003,0.0003,0.07
2304.442,,,,-0.0003,0.0003,0.07
2304.492,,,,-0.0003,0.0003,0.07
2304.543,,,,-0.0003,0.0003,0.07
2304.594,,,,-0.0003,0.0003,0.07
2304.644,,,,-0.0003,0.0003,0.07
2304.695,,,,-0.0003,0.0003,0.07
2304.747,,,,-0.0003,0.0003,0.07
2304.797,,,,-0.0003,0.0003,0.07
2304.847,,,,-0.0003,0.0003,0.07
2304.898,,,,-0.0003,0.0003,0.07
2304.948,,,,-0.0003,0.0003,0.07
2304.999,,,,-0.0003,0.0003,0.07
2305.05,,,,-0.0003,0.0003,0.07
2305.1,,,,-0.0003,0.0003,0.07
2305.151,,,,-0.0003,0.0003,0.07
2305.202,,,,-0.0003,0.0003,0.07
2305.253,,,,-0.0003,0.0003,0.07
2305.303,,,,-0.0003,0.0003,0.07
2305.354,,,,-0.0003,0.0003,0.07
2305.405,,,,-0.0003,0.0003,0.07
2305.456,,,,-0.0003,0.0003,0.07
2305.507,,,,-0.0003,0.0003,0.07
2305.557,,,,-0.0003,0.0003,0.07
2305.608,,,,-0.0003,0.0003,0.07
2305.659,,,,-0.0003,0.0003,0.07
2305.709,,,,-0.0003,0.0003,0.07
2305.76,,,,-0.0003,0.0003,0.07
2305.811,,,,-0.0003,0.0003,0.07
2305.862,,,,-0.0003,0.0003,0.07
2305.913,,,,-0.0003,0.0003,0.07
2305.963,,,,-0.0003,0.0003,0.07
2306.014,,,,-0.0003,0.0003,0.07
2306.098,,,,-0.0003,0.0003,0.07
2306.148,,,,-0.0003,0.0003,0.07
2306.199,,,,-0.0003,0.0003,0.07
2306.249,,,,-0.0003,0.0003,0.07
2306.3,,,,-0.0003,0.0003,0.07
2306.351,,,,-0.0003,0.0003,0.07
2306.402,,,,-0.0003,0.0003,0.07
2306.452,,,,-0.0003,0.0003,0.07
2306.503,,,,-0.0003,0.0003,0.07
2306.553,,,,-0.0003,0.0003,0.07
2306.604,,,,-0.0003,0.0003,0.07
2306.655,,,,-0.0003,0.0003,0.07
2306.705,,,,-0.0003,0.0003,0.07
2306.755,,,,-0.0003,0.0003,0.07
2306.806,,,,-0.0003,0.0003,0.07
2306.857,,,,-0.0003,0.0003,0.07
2306.908,,,,-0.0003,0.0003,0.07
2306.958,,,,-0.0003,0.0003,0.07
2307.008,,,,-0.0003,0.0003,0.07
2307.059,,,,-0.0003,0.0003,0.07
2307.11,,,,-0.0003,0.0003,0.07
2307.16,,,,-0.0003,0.0003,0.07
2307.211,,,,-0.0003,0.0003,0.07
2307.262,,,,-0.0003,0.0003,0.07
2307.312,,,,-0.0003,0.0003,0.07
2307.363,,,,-0.0003,0.0003,0.07
2307.414,,,,-0.0003,0.0003,0.07
2307.464,,,,-0.0003,0.0003,0.07
2307.516,,,,-0.0003,0.0003,0.07
2307.567,,,,-0.0003,0.0003,0.07
2307.617,,,,-0.0003,0.0003,0.07
2307.668,,,,-0.0003,0.0003,0.07
2307.719,,,,-0.0003,0.0003,0.07
2307.77,,,,-0.0003,0.0003,0.07
2307.82,,,,-0.0003,0.0003,0.07
2307.87,,,,-0.0003,0.0003,0.07
2307.921,,,,-0.0003,0.0003,0.07
2307.972,,,,-0.0003,0.0003,0.07
2308.023,,,,-0.0003,0.0003,0.07
2308.073,,,,-0.0003,0.0003,0.07
2308.124,,,,-0.0003,0.0003,0.07
2308.174,,,,-0.0003,0.0003,0.07
2308.226,,,,-0.0003,0.0003,0.07
2308.276,,,,-0.0003,0.0003,0.07
2308.327,,,,-0.0003,0.0003,0.07
2308.379,,,,-0.0003,0.0003,0.07
2308.429,,,,-0.0003,0.0003,0.07
2308.48,,,,-0.0003,0.0003,0.07
2308.53,,,,-0.0003,0.0003,0.07
2308.581,,,,-0.0003,0.0003,0.07
2308.631,,,,-0.0003,0.0003,0.07
2308.682,,,,-0.0003,0.0003,0.07
2308.732,,,,-0.0003,0.0003,0.07
2308.783,,,,-0.0003,0.0003,0.07
2308.833,,,,-0.0003,0.0003,0.07
2308.884,,,,-0.0003,0.0003,0.07
2308.935,,,,-0.0003,0.0003,0.07
2308.985,,,,-0.0003,0.0003,0.07
2309.036,,,,-0.0003,0.0003,0.07
2309.086,,,,-0.0003,0.0003,0.07
2309.136,,,,-0.0003,0.0003,0.07
2309.187,,,,-0.0003,0.0003,0.07
2309.238,,,,-0.0003,0.0003,0.07
2309.289,,,,-0.0003,0.0003,0.07
2309.339,,,,-0.0003,0.0003,0.07
2309.39,,,,-0.0003,0.0003,0.07
2309.441,,,,-0.0003,0.0003,0.07
2309.491,,,,-0.0003,0.0003,0.07
2309.542,,,,-0.0003,0.0003,0.07
2309.593,,,,-0.0003,0.0003,0.07
2309.644,,,,-0.0003,0.0003,0.07
2309.694,,,,-0.0003,0.0003,0.07
2309.745,,,,-0.0003,0.0003,0.07
2309.795,,,,-0.0003,0.0003,0.07
2309.846,,,,-0.0003,0.0003,0.07
2309.897,,,,-0.0003,0.0003,0.07
2309.947,,,,-0.0003,0.0003,0.07
2309.998,,,,-0.0003,0.0003,0.07
2310.048,,,,-0.0003,0.0003,0.07
2310.099,,,,-0.0003,0.0003,0.07
2310.183,,,,-0.0003,0.0003,0.07
2310.233,,,,-0.0003,0.0003,0.07
2310.284,,,,-0.0003,0.0003,0.07
2310.334,,,,-0.0003,0.0003,0.07
2310.385,,,,-0.0003,0.0003,0.07
2310.436,,,,-0.0003,0.0003,0.07
2310.487,,,,-0.0003,0.0003,0.07
2310.538,,,,-0.0003,0.0003,0.07
2310.588,,,,-0.0003,0.0003,0.07
2310.639,,,,-0.0003,0.0003,0.07
2310.69,,,,-0.0003,0.0003,0.07
2310.741,,,,-0.0003,0.0003,0.07
2310.791,,,,-0.0003,0.0003,0.07
2310.843,,,,-0.0003,0.0003,0.07
2310.894,,,,-0.0003,0.0003,0.07
2310.944,,,,-0.0003,0.0003,0.07
2310.995,,,,-0.0003,0.0003,0.07
2311.046,,,,-0.0003,0.0003,0.07
2311.097,,,,-0.0003,0.0003,0.07
2311.148,,,,-0.0003,0.0003,0.07
2311.198,,,,-0.0003,0.0003,0.07
2311.249,,,,-0.0003,0.0003,0.07
2311.3,,,,-0.0003,0.0003,0.07
2311.351,,,,-0.0003,0.0003,0.07
2311.401,,,,-0.0003,0.0003,0.07
2311.452,,,,-0.0003,0.0003,0.07
2311.502,,,,-0.0003,0.0003,0.07
2311.553,,,,-0.0003,0.0003,0.07
2311.604,,,,-0.0003,0.0003,0.07
2311.655,,,,-0.0003,0.0003,0.07
2311.706,,,,-0.0003,0.0003,0.07
2311.757,,,,-0.0003,0.0003,0.07
2311.808,,,,-0.0003,0.0003,0.07
2311.858,,,,-0.0003,0.0003,0.07
2311.909,,,,-0.0003,0.0003,0.07
2311.96,,,,-0.0003,0.0003,0.07
2312.01,,,,-0.0003,0.0003,0.07
2312.061,,,,-0.0003,0.0003,0.07
2312.112,,,,-0.0003,0.0003,0.07
2312.163,,,,-0.0003,0.0003,0.07
2312.213,,,,-0.0003,0.0003,0.07
2312.264,,,,-0.0003,0.0003,0.07
2312.315,,,,-0.0003,0.0003,0.07
2312.366,,,,-0.0003,0.0003,0.07
2312.416,,,,-0.0003,0.0003,0.07
2312.467,,,,-0.0003,0.0003,0.07
2312.517,,,,-0.0003,0.0003,0.07
2312.568,,,,-0.0003,0.0003,0.07
2312.619,,,,-0.0003,0.0003,0.07
2312.669,,,,-0.0003,0.0003,0.07
2312.72,,,,-0.0003,0.0003,0.07
2312.77,,,,-0.0003,0.0003,0.07
2312.821,,,,-0.0003,0.0003,0.07
2312.871,,,,-0.0003,0.0003,0.07
2312.922,,,,-0.0003,0.0003,0.07
2312.973,,,,-0.0003,0.0003,0.07
2313.034,,,,-0.0003,0.0003,0.07
2313.085,,,,-0.0003,0.0003,0.07
2313.136,,,,-0.0003,0.0003,0.07
2313.187,,,,-0.0003,0.0003,0.07
2313.238,,,,-0.0003,0.0003,0.07
2313.288,,,,-0.0003,0.0003,0.07
2313.343,,,,-0.0003,0.0003,0.07
2313.395,,,,-0.0003,0.0003,0.07
2313.446,,,,-0.0003,0.0003,0.07
2313.497,,,,-0.0003,0.0003,0.07
2313.548,,,,-0.0003,0.0003,0.07
2313.598,,,,-0.0003,0.0003,0.07
2313.649,,,,-0.0003,0.0003,0.07
2313.7,,,,-0.0003,0.0003,0.07
2313.75,,,,-0.0003,0.0003,0.07
2313.801,,,,-0.0003,0.0003,0.07
2313.865,,,,-0.0003,0.0003,0.07
2313.918,,,,-0.0003,0.0003,0.07
2313.969,,,,-0.0003,0.0003,0.07
2314.019,,,,-0.0003,0.0003,0.07
2314.07,,,,-0.0003,0.0003,0.07
2314.12,,,,-0.0003,0.0003,0.07
2314.171,,,,-0.0003,0.0003,0.07
2314.222,,,,-0.0003,0.0003,0.07
2314.286,,,,-0.0003,0.0003,0.07
2314.337,,,,-0.0003,0.0003,0.07
2314.389,,,,-0.0003,0.0003,0.07
2314.44,,,,-0.0003,0.0003,0.07
2314.491,,,,-0.0003,0.0003,0.07
2314.541,,,,-0.0003,0.0003,0.07
2314.592,,,,-0.0003,0.0003,0.07
2314.643,,,,-0.0003,0.0003,0.07
2314.695,,,,-0.0003,0.0003,0.07
2314.745,,,,-0.0003,0.0003,0.07
2314.796,,,,-0.0003,0.0003,0.07
2314.847,,,,-0.0003,0.0003,0.07
2314.898,,,,-0.0003,0.0003,0.07
2314.949,,,,-0.0003,0.0003,0.07
2315.0,,,,-0.0003,0.0003,0.07
2315.051,,,,-0.0003,0.0003,0.07
2315.101,,,,-0.0003,0.0003,0.07
2315.152,,,,-0.0003,0.0003,0.07
2315.203,,,,-0.0003,0.0003,0.07
2315.253,,,,-0.0003,0.0003,0.07
2315.304,,,,-0.0003,0.0003,0.07
2315.355,,,,-0.0003,0.0003,0.07
2315.406,,,,-0.0003,0.0003,0.07
2315.456,,,,-0.0003,0.0003,0.07
2315.507,,,,-0.0003,0.0003,0.07
2315.558,,,,-0.0003,0.0003,0.07
2315.636,,,,-0.0003,0.0003,0.07
2315.686,,,,-0.0003,0.0003,0.07
2315.737,,,,-0.0003,0.0003,0.07
2315.788,,,,-0.0003,0.0003,0.07
2315.838,,,,-0.0003,0.0003,0.07
2315.889,,,,-0.0003,0.0003,0.07
2315.94,,,,-0.0003,0.0003,0.07
2315.991,,,,-0.0003,0.0003,0.07
2316.041,,,,-0.0003,0.0003,0.07
2316.093,,,,-0.0003,0.0003,0.07
2316.143,,,,-0.0003,0.0003,0.07
2316.193,,,,-0.0003,0.0003,0.07
2316.244,,,,-0.0003,0.0003,0.07
2316.295,,,,-0.0003,0.0003,0.07
2316.346,,,,-0.0003,0.0003,0.07
2316.397,,,,-0.0003,0.0003,0.07
2316.447,,,,-0.0003,0.0003,0.07
2316.498,,,,-0.0003,0.0003,0.07
2316.548,,,,-0.0003,0.0003,0.07
2316.599,,,,-0.0003,0.0003,0.07
2316.65,,,,-0.0003,0.0003,0.07
2316.7,,,,-0.0003,0.0003,0.07
2316.751,,,,-0.0003,0.0003,0.07
2316.803,,,,-0.0003,0.0003,0.07
2316.853,,,,-0.0003,0.0003,0.07
2316.904,,,,-0.0003,0.0003,0.07
2316.955,,,,-0.0003,0.0003,0.07
2317.006,,,,-0.0003,0.0003,0.07
2317.056,,,,-0.0003,0.0003,0.07
2317.107,,,,-0.0003,0.0003,0.07
2317.158,,,,-0.0003,0.0003,0.07
2317.208,,,,-0.0003,0.0003,0.07
2317.259,,,,-0.0003,0.0003,0.07
2317.309,,,,-0.0003,0.0003,0.07
2317.36,,,,-0.0003,0.0003,0.07
2317.413,,,,-0.0003,0.0003,0.07
2317.463,,,,-0.0003,0.0003,0.07
2317.514,,,,-0.0003,0.0003,0.07
2317.565,,,,-0.0003,0.0003,0.07
2317.616,,,,-0.0003,0.0003,0.07
2317.666,,,,-0.0003,0.0003,0.07
2317.717,,,,-0.0003,0.0003,0.07
2317.768,,,,-0.0003,0.0003,0.07
2317.818,,,,-0.0003,0.0003,0.07
2317.869,,,,-0.0003,0.0003,0.07
2317.92,,,,-0.0003,0.0003,0.07
2317.97,,,,-0.0003,0.0003,0.07
2318.021,,,,-0.0003,0.0003,0.07
2318.072,,,,-0.0003,0.0003,0.07
2318.122,,,,-0.0003,0.0003,0.07
2318.173,,,,-0.0003,0.0003,0.07
2318.224,,,,-0.0003,0.0003,0.07
2318.274,,,,-0.0003,0.0003,0.07
2318.364,,,,-0.0003,0.0003,0.07
2318.414,,,,-0.0003,0.0003,0.07
2318.465,,,,-0.0003,0.0003,0.07
2318.516,,,,-0.0003,0.0003,0.07
2318.566,,,,-0.0003,0.0003,0.07
2318.617,,,,-0.0003,0.0003,0.07
2318.668,,,,-0.0003,0.0003,0.07
2318.718,,,,-0.0003,0.0003,0.07
2318.769,,,,-0.0003,0.0003,0.07
2318.819,,,,-0.0003,0.0003,0.07
2318.87,,,,-0.0003,0.0003,0.07
2318.92,,,,-0.0003,0.0003,0.07
2318.971,,,,-0.0003,0.0003,0.07
2319.022,,,,-0.0003,0.0003,0.07
2319.072,,,,-0.0003,0.0003,0.07
2319.123,,,,-0.0003,0.0003,0.07
2319.173,,,,-0.0003,0.0003,0.07
2319.224,,,,-0.0003,0.0003,0.07
2319.274,,,,-0.0003,0.0003,0.07
2319.325,,,,-0.0003,0.0003,0.07
2319.376,,,,-0.0003,0.0003,0.07
2319.426,,,,-0.0003,0.0003,0.07
2319.477,,,,-0.0003,0.0003,0.07
2319.528,,,,-0.0003,0.0003,0.07
2319.579,,,,-0.0003,0.0003,0.07
2319.629,,,,-0.0003,0.0003,0.07
2319.68,,,,-0.0003,0.0003,0.07
2319.731,,,,-0.0003,0.0003,0.07
2319.781,,,,-0.0003,0.0003,0.07
2319.832,,,,-0.0003,0.0003,0.07
2319.883,,,,-0.0003,0.0003,0.07
2319.933,,,,-0.0003,0.0003,0.07
2319.984,,,,-0.0003,0.0003,0.07
2320.035,,,,-0.0003,0.0003,0.07
2320.085,,,,-0.0003,0.0003,0.07
2320.136,,,,-0.0003,0.0003,0.07
2320.186,,,,-0.0003,0.0003,0.07
2320.237,,,,-0.0003,0.0003,0.07
2320.288,,,,-0.0003,0.0003,0.07
2320.338,,,,-0.0003,0.0003,0.07
2320.389,,,,-0.0003,0.0003,0.07
2320.44,,,,-0.0003,0.0003,0.07
2320.49,,,,-0.0003,0.0003,0.07
2320.541,,,,-0.0003,0.0003,0.07
2320.591,,,,-0.0003,0.0003,0.07
2320.642,,,,-0.0003,0.0003,0.07
2320.693,,,,-0.0003,0.0003,0.07
2320.743,,,,-0.0003,0.0003,0.07
2320.794,,,,-0.0003,0.0003,0.07
2320.845,,,,-0.0003,0.0003,0.07
2320.896,,,,-0.0003,0.0003,0.07
2320.955,,,,-0.0003,0.0003,0.07
2321.006,,,,-0.0003,0.0003,0.07
2321.094,,,,-0.0003,0.0003,0.07
2321.145,,,,-0.0003,0.0003,0.07
2321.195,,,,-0.0003,0.0003,0.07
2321.246,,,,-0.0003,0.0003,0.07
2321.297,,,,-0.0003,0.0003,0.07
2321.347,,,,-0.0003,0.0003,0.07
2321.398,,,,-0.0003,0.0003,0.07
2321.449,,,,-0.0003,0.0003,0.07
2321.499,,,,-0.0003,0.0003,0.07
2321.55,,,,-0.0003,0.0003,0.07
2321.601,,,,-0.0003,0.0003,0.07
2321.652,,,,-0.0003,0.0003,0.07
2321.702,,,,-0.0003,0.0003,0.07
2321.753,,,,-0.0003,0.0003,0.07
2321.804,,,,-0.0003,0.0003,0.07
2321.855,,,,-0.0003,0.0003,0.07
2321.905,,,,-0.0003,0.0003,0.07
2321.956,,,,-0.0003,0.0003,0.07
2322.006,,,,-0.0003,0.0003,0.07
2322.057,,,,-0.0003,0.0003,0.07
2322.108,,,,-0.0003,0.0003,0.07
2322.158,,,,-0.0003,0.0003,0.07
2322.209,,,,-0.0003,0.0003,0.07
2322.26,,,,-0.0003,0.0003,0.07
2322.31,,,,-0.0003,0.0003,0.07
2322.361,,,,-0.0003,0.0003,0.07
2322.412,,,,-0.0003,0.0003,0.07
2322.463,,,,-0.0003,0.0003,0.07
2322.513,,,,-0.0003,0.0003,0.07
2322.564,,,,-0.0003,0.0003,0.07
2322.614,,,,-0.0003,0.0003,0.07
2322.664,,,,-0.0003,0.0003,0.07
2322.715,,,,-0.0003,0.0003,0.07
2322.766,,,,-0.0003,0.0003,0.07
2322.816,,,,-0.0003,0.0003,0.07
2322.867,,,,-0.0003,0.0003,0.07
2322.917,,,,-0.0003,0.0003,0.07
2322.968,,,,-0.0003,0.0003,0.07
2323.018,,,,-0.0003,0.0003,0.07
2323.069,,,,-0.0003,0.0003,0.07
2323.119,,,,-0.0003,0.0003,0.07
2323.17,,,,-0.0003,0.0003,0.07
2323.221,,,,-0.0003,0.0003,0.07
2323.271,,,,-0.0003,0.0003,0.07
2323.322,,,,-0.0003,0.0003,0.07
2323.372,,,,-0.0003,0.0003,0.07
2323.423,,,,-0.0003,0.0003,0.07
2323.473,,,,-0.0003,0.0003,0.07
2323.524,,,,-0.0003,0.0003,0.07
2323.574,,,,-0.0003,0.0003,0.07
2323.625,,,,-0.0003,0.0003,0.07
2323.675,,,,-0.0003,0.0003,0.07
2323.726,,,,-0.0003,0.0003,0.07
2323.777,,,,-0.0003,0.0003,0.07
2323.827,,,,-0.0003,0.0003,0.07
2323.878,,,,-0.0003,0.0003,0.07
2323.928,,,,-0.0003,0.0003,0.07
2323.978,,,,-0.0003,0.0003,0.07
2324.029,,,,-0.0003,0.0003,0.07
2324.079,,,,-0.0003,0.0003,0.07
2324.13,,,,-0.0003,0.0003,0.07
2324.181,,,,-0.0003,0.0003,0.07
2324.232,,,,-0.0003,0.0003,0.07
2324.283,,,,-0.0003,0.0003,0.07
2324.333,,,,-0.0003,0.0003,0.07
2324.384,,,,-0.0003,0.0003,0.07
2324.434,,,,-0.0003,0.0003,0.07
2324.485,,,,-0.0003,0.0003,0.07
2324.535,,,,-0.0003,0.0003,0.07
2324.586,,,,-0.0003,0.0003,0.07
2324.637,,,,-0.0003,0.0003,0.07
2324.688,,,,-0.0003,0.0003,0.07
2324.738,,,,-0.0003,0.0003,0.07
2324.788,,,,-0.0003,0.0003,0.07
2324.839,,,,-0.0003,0.0003,0.07
2324.89,,,,-0.0003,0.0003,0.07
2324.94,,,,-0.0003,0.0003,0.07
2324.991,,,,-0.0003,0.0003,0.07
2325.041,,,,-0.0003,0.0003,0.07
2325.092,,,,-0.0003,0.0003,0.07
2325.179,,,,-0.0003,0.0003,0.07
2325.23,,,,-0.0003,0.0003,0.07
2325.28,,,,-0.0003,0.0003,0.07
2325.331,,,,-0.0003,0.0003,0.07
2325.382,,,,-0.0003,0.0003,0.07
2325.432,,,,-0.0003,0.0003,0.07
2325.483,,,,-0.0003,0.0003,0.07
2325.533,,,,-0.0003,0.0003,0.07
2325.584,,,,-0.0003,0.0003,0.07
2325.635,,,,-0.0003,0.0003,0.07
2325.686,,,,-0.0003,0.0003,0.07
2325.736,,,,-0.0003,0.0003,0.07
2325.787,,,,-0.0003,0.0003,0.07
2325.838,,,,-0.0003,0.0003,0.07
2325.889,,,,-0.0003,0.0003,0.07
2325.94,,,,-0.0003,0.0003,0.07
2325.99,,,,-0.0003,0.0003,0.07
2326.041,,,,-0.0003,0.0003,0.07
2326.092,,,,-0.0003,0.0003,0.07
2326.143,,,,-0.0003,0.0003,0.07
2326.193,,,,-0.0003,0.0003,0.07
2326.244,,,,-0.0003,0.0003,0.07
2326.295,,,,-0.0003,0.0003,0.07
2326.346,,,,-0.0003,0.0003,0.07
2326.396,,,,-0.0003,0.0003,0.07
2326.447,,,,-0.0003,0.0003,0.07
2326.497,,,,-0.0003,0.0003,0.07
2326.548,,,,-0.0003,0.0003,0.07
2326.599,,,,-0.0003,0.0003,0.07
2326.649,,,,-0.0003,0.0003,0.07
2326.7,,,,-0.0003,0.0003,0.07
2326.751,,,,-0.0003,0.0003,0.07
2326.802,,,,-0.0003,0.0003,0.07
2326.852,,,,-0.0003,0.0003,0.07
2326.903,,,,-0.0003,0.0003,0.07
2326.953,,,,-0.0003,0.0003,0.07
2327.004,,,,-0.0003,0.0003,0.07
2327.054,,,,-0.0003,0.0003,0.07
2327.105,,,,-0.0003,0.0003,0.07
2327.156,,,,-0.0003,0.0003,0.07
2327.206,,,,-0.0003,0.0003,0.07
2327.257,,,,-0.0003,0.0003,0.07
2327.307,,,,-0.0003,0.0003,0.07
2327.358,,,,-0.0003,0.0003,0.07
2327.409,,,,-0.0003,0.0003,0.07
2327.459,,,,-0.0003,0.0003,0.07
2327.51,,,,-0.0003,0.0003,0.07
2327.561,,,,-0.0003,0.0003,0.07
2327.612,,,,-0.0003,0.0003,0.07
2327.662,,,,-0.0003,0.0003,0.07
2327.713,,,,-0.0003,0.0003,0.07
2327.764,,,,-0.0003,0.0003,0.07
2327.815,,,,-0.0003,0.0003,0.07
2327.905,,,,-0.0003,0.0003,0.07
2327.955,,,,-0.0003,0.0003,0.07
2328.007,,,,-0.0003,0.0003,0.07
2328.057,,,,-0.0003,0.0003,0.07
2328.108,,,,-0.0003,0.0003,0.07
2328.159,,,,-0.0003,0.0003,0.07
2328.209,,,,-0.0003,0.0003,0.07
2328.26,,,,-0.0003,0.0003,0.07
2328.31,,,,-0.0003,0.0003,0.07
2328.361,,,,-0.0003,0.0003,0.07
2328.411,,,,-0.0003,0.0003,0.07
2328.462,,,,-0.0003,0.0003,0.07
2328.513,,,,-0.0003,0.0003,0.07
2328.563,,,,-0.0003,0.0003,0.07
2328.614,,,,-0.0003,0.0003,0.07
2328.665,,,,-0.0003,0.0003,0.07
2328.715,,,,-0.0003,0.0003,0.07
2328.766,,,,-0.0003,0.0003,0.07
2328.816,,,,-0.0003,0.0003,0.07
2328.867,,,,-0.0003,0.0003,0.07
2328.917,,,,-0.0003,0.0003,0.07
2328.968,,,,-0.0003,0.0003,0.07
2329.019,,,,-0.0003,0.0003,0.07
2329.069,,,,-0.0003,0.0003,0.07
2329.12,,,,-0.0003,0.0003,0.07
2329.171,,,,-0.0003,0.0003,0.07
2329.221,,,,-0.0003,0.0003,0.07
2329.275,,,,-0.0003,0.0003,0.07
2329.326,,,,-0.0003,0.0003,0.07
2329.377,,,,-0.0003,0.0003,0.07
2329.428,,,,-0.0003,0.0003,0.07
2329.478,,,,-0.0003,0.0003,0.07
2329.529,,,,-0.0003,0.0003,0.07
2329.579,,,,-0.0003,0.0003,0.07
2329.63,,,,-0.0003,0.0003,0.07
2329.681,,,,-0.0003,0.0003,0.07
2329.731,,,,-0.0003,0.0003,0.07
2329.782,,,,-0.0003,0.0003,0.07
2329.833,,,,-0.0003,0.0003,0.07
2329.883,,,,-0.0003,0.0003,0.07
2329.934,,,,-0.0003,0.0003,0.07
2329.984,,,,-0.0003,0.0003,0.07
2330.035,,,,-0.0003,0.0003,0.07
2330.085,,,,-0.0003,0.0003,0.07
2330.136,,,,-0.0003,0.0003,0.07
2330.187,,,,-0.0003,0.0003,0.07
2330.237,,,,-0.0003,0.0003,0.07
2330.288,,,,-0.0003,0.0003,0.07
2330.338,,,,-0.0003,0.0003,0.07
2330.389,,,,-0.0003,0.0003,0.07
2330.44,,,,-0.0003,0.0003,0.07
2330.49,,,,-0.0003,0.0003,0.07
2330.542,,,,-0.0003,0.0003,0.07
2330.63,,,,-0.0003,0.0003,0.07
2330.681,,,,-0.0003,0.0003,0.07
2330.731,,,,-0.0003,0.0003,0.07
2330.782,,,,-0.0003,0.0003,0.07
2330.833,,,,-0.0003,0.0003,0.07
2330.883,,,,-0.0003,0.0003,0.07
2330.934,,,,-0.0003,0.0003,0.07
2330.985,,,,-0.0003,0.0003,0.07
2331.035,,,,-0.0003,0.0003,0.07
2331.086,,,,-0.0003,0.0003,0.07
2331.136,,,,-0.0003,0.0003,0.07
2331.187,,,,-0.0003,0.0003,0.07
2331.238,,,,-0.0003,0.0003,0.07
2331.288,,,,-0.0003,0.0003,0.07
2331.339,,,,-0.0003,0.0003,0.07
2331.39,,,,-0.0003,0.0003,0.07
2331.441,,,,-0.0003,0.0003,0.07
2331.491,,,,-0.0003,0.0003,0.07
2331.542,,,,-0.0003,0.0003,0.07
2331.592,,,,-0.0003,0.0003,0.07
2331.642,,,,-0.0003,0.0003,0.07
2331.693,,,,-0.0003,0.0003,0.07
2331.744,,,,-0.0003,0.0003,0.07
2331.794,,,,-0.0003,0.0003,0.07
2331.845,,,,-0.0003,0.0003,0.07
2331.895,,,,-0.0003,0.0003,0.07
2331.946,,,,-0.0003,0.0003,0.07
2331.996,,,,-0.0003,0.0003,0.07
2332.047,,,,-0.0003,0.0003,0.07
2332.097,,,,-0.0003,0.0003,0.07
2332.147,,,,-0.0003,0.0003,0.07
2332.198,,,,-0.0003,0.0003,0.07
2332.249,,,,-0.0003,0.0003,0.07
2332.299,,,,-0.0003,0.0003,0.07
2332.35,,,,-0.0003,0.0003,0.07
2332.4,,,,-0.0003,0.0003,0.07
2332.45,,,,-0.0003,0.0003,0.07
2332.5,,,,-0.0003,0.0003,0.07
2332.551,,,,-0.0003,0.0003,0.07
2332.601,,,,-0.0003,0.0003,0.07
2332.652,,,,-0.0003,0.0003,0.07
2332.703,,,,-0.0003,0.0003,0.07
2332.753,,,,-0.0003,0.0003,0.07
2332.804,,,,-0.0003,0.0003,0.07
2332.855,,,,-0.0003,0.0003,0.07
2332.905,,,,-0.0003,0.0003,0.07
2332.956,,,,-0.0003,0.0003,0.07
2333.006,,,,-0.0003,0.0003,0.07
2333.057,,,,-0.0003,0.0003,0.07
2333.107,,,,-0.0003,0.0003,0.07
2333.158,,,,-0.0003,0.0003,0.07
2333.209,,,,-0.0003,0.0003,0.07
2333.259,,,,-0.0003,0.0003,0.07
2333.31,,,,-0.0003,0.0003,0.07
2333.368,,,,-0.0003,0.0003,0.07
2333.419,,,,-0.0003,0.0003,0.07
2333.469,,,,-0.0003,0.0003,0.07
2333.52,,,,-0.0003,0.0003,0.07
2333.571,,,,-0.0003,0.0003,0.07
2333.621,,,,-0.0003,0.0003,0.07
2333.672,,,,-0.0003,0.0003,0.07
2333.723,,,,-0.0003,0.0003,0.07
2333.774,,,,-0.0003,0.0003,0.07
2333.824,,,,-0.0003,0.0003,0.07
2333.875,,,,-0.0003,0.0003,0.07
2333.925,,,,-0.0003,0.0003,0.07
2333.976,,,,-0.0003,0.0003,0.07
2334.027,,,,-0.0003,0.0003,0.07
2334.077,,,,-0.0003,0.0003,0.07
2334.128,,,,-0.0003,0.0003,0.07
2334.178,,,,-0.0003,0.0003,0.07
2334.229,,,,-0.0003,0.0003,0.07
2334.28,,,,-0.0003,0.0003,0.07
2334.33,,,,-0.0003,0.0003,0.07
2334.382,,,,-0.0003,0.0003,0.07
2334.432,,,,-0.0003,0.0003,0.07
2334.483,,,,-0.0003,0.0003,0.07
2334.533,,,,-0.0003,0.0003,0.07
2334.584,,,,-0.0003,0.0003,0.07
2334.634,,,,-0.0003,0.0003,0.07
2334.685,,,,-0.0003,0.0003,0.07
2334.736,,,,-0.0003,0.0003,0.07
2334.786,,,,-0.0003,0.0003,0.07
2334.837,,,,-0.0003,0.0003,0.07
2334.888,,,,-0.0003,0.0003,0.07
2334.938,,,,-0.0003,0.0003,0.07
2334.989,,,,-0.0003,0.0003,0.07
2335.039,,,,-0.0003,0.0003,0.07
2335.09,,,,-0.0003,0.0003,0.07
2335.141,,,,-0.0003,0.0003,0.07
2335.191,,,,-0.0003,0.0003,0.07
2335.242,,,,-0.0003,0.0003,0.07
2335.292,,,,-0.0003,0.0003,0.07
2335.343,,,,-0.0003,0.0003,0.07
2335.394,,,,-0.0003,0.0003,0.07
2335.445,,,,-0.0003,0.0003,0.07
2335.495,,,,-0.0003,0.0003,0.07
2335.545,,,,-0.0003,0.0003,0.07
2335.596,,,,-0.0003,0.0003,0.07
2335.647,,,,-0.0003,0.0003,0.07
2335.697,,,,-0.0003,0.0003,0.07
2335.747,,,,-0.0003,0.0003,0.07
2335.798,,,,-0.0003,0.0003,0.07
2335.848,,,,-0.0003,0.0003,0.07
2335.899,,,,-0.0003,0.0003,0.07
2335.949,,,,-0.0003,0.0003,0.07
2336.0,,,,-0.0003,0.0003,0.07
2336.084,,,,-0.0003,0.0003,0.07
2336.134,,,,-0.0003,0.0003,0.07
2336.185,,,,-0.0003,0.0003,0.07
2336.236,,,,-0.0003,0.0003,0.07
2336.286,,,,-0.0003,0.0003,0.07
2336.337,,,,-0.0003,0.0003,0.07
2336.388,,,,-0.0003,0.0003,0.07
2336.438,,,,-0.0003,0.0003,0.07
2336.488,,,,-0.0003,0.0003,0.07
2336.539,,,,-0.0003,0.0003,0.07
2336.589,,,,-0.0003,0.0003,0.07
2336.64,,,,-0.0003,0.0003,0.07
2336.69,,,,-0.0003,0.0003,0.07
2336.741,,,,-0.0003,0.0003,0.07
2336.791,,,,-0.0003,0.0003,0.07
2336.842,,,,-0.0003,0.0003,0.07
2336.893,,,,-0.0003,0.0003,0.07
2336.944,,,,-0.0003,0.0003,0.07
2336.995,,,,-0.0003,0.0003,0.07
2337.047,,,,-0.0003,0.0003,0.07
2337.097,,,,-0.0003,0.0003,0.07
2337.148,,,,-0.0003,0.0003,0.07
2337.198,,,,-0.0003,0.0003,0.07
2337.249,,,,-0.0003,0.0003,0.07
2337.299,,,,-0.0003,0.0003,0.07
2337.35,,,,-0.0003,0.0003,0.07
2337.4,,,,-0.0003,0.0003,0.07
2337.451,,,,-0.0003,0.0003,0.07
2337.508,,,,-0.0003,0.0003,0.07
2337.561,,,,-0.0003,0.0003,0.07
2337.613,,,,-0.0003,0.0003,0.07
2337.663,,,,-0.0003,0.0003,0.07
2337.714,,,,-0.0003,0.0003,0.07
2337.765,,,,-0.0003,0.0003,0.07
2337.816,,,,-0.0003,0.0003,0.07
2337.866,,,,-0.0003,0.0003,0.07
2337.917,,,,-0.0003,0.0003,0.07
2337.968,,,,-0.0003,0.0003,0.07
2338.018,,,,-0.0003,0.0003,0.07
2338.069,,,,-0.0003,0.0003,0.07
2338.12,,,,-0.0003,0.0003,0.07
2338.171,,,,-0.0003,0.0003,0.07
2338.221,,,,-0.0003,0.0003,0.07
2338.272,,,,-0.0003,0.0003,0.07
2338.323,,,,-0.0003,0.0003,0.07
2338.373,,,,-0.0003,0.0003,0.07
2338.424,,,,-0.0003,0.0003,0.07
2338.474,,,,-0.0003,0.0003,0.07
2338.525,,,,-0.0003,0.0003,0.07
2338.576,,,,-0.0003,0.0003,0.07
2338.626,,,,-0.0003,0.0003,0.07
2338.677,,,,-0.0003,0.0003,0.07
2338.727,,,,-0.0003,0.0003,0.07
2338.779,,,,-0.0003,0.0003,0.07
2338.829,,,,-0.0003,0.0003,0.07
2338.88,,,,-0.0003,0.0003,0.07
2338.931,,,,-0.0003,0.0003,0.07
2338.981,,,,-0.0003,0.0003,0.07
2339.031,,,,-0.0003,0.0003,0.07
2339.082,,,,-0.0003,0.0003,0.07
2339.132,,,,-0.0003,0.0003,0.07
2339.183,,,,-0.0003,0.0003,0.07
2339.234,,,,-0.0003,0.0003,0.07
2339.284,,,,-0.0003,0.0003,0.07
2339.335,,,,-0.0003,0.0003,0.07
2339.385,,,,-0.0003,0.0003,0.07
2339.435,,,,-0.0003,0.0003,0.07
2339.486,,,,-0.0003,0.0003,0.07
2339.536,,,,-0.0003,0.0003,0.07
2339.587,,,,-0.0003,0.0003,0.07
2339.637,,,,-0.0003,0.0003,0.07
2339.688,,,,-0.0003,0.0003,0.07
2339.739,,,,-0.0003,0.0003,0.07
2339.789,,,,-0.0003,0.0003,0.07
2339.84,,,,-0.0003,0.0003,0.07
2339.89,,,,-0.0003,0.0003,0.07
2339.941,,,,-0.0003,0.0003,0.07
2339.991,,,,-0.0003,0.0003,0.07
2340.042,,,,-0.0003,0.0003,0.07
2340.092,,,,-0.0003,0.0003,0.07
2340.18,,,,-0.0003,0.0003,0.07
2340.23,,,,-0.0003,0.0003,0.07
2340.28,,,,-0.0003,0.0003,0.07
2340.331,,,,-0.0003,0.0003,0.07
2340.382,,,,-0.0003,0.0003,0.07
2340.432,,,,-0.0003,0.0003,0.07
2340.483,,,,-0.0003,0.0003,0.07
2340.534,,,,-0.0003,0.0003,0.07
2340.584,,,,-0.0003,0.0003,0.07
2340.635,,,,-0.0003,0.0003,0.07
2340.685,,,,-0.0003,0.0003,0.07
2340.736,,,,-0.0003,0.0003,0.07
2340.787,,,,-0.0003,0.0003,0.07
2340.838,,,,-0.0003,0.0003,0.07
2340.889,,,,-0.0003,0.0003,0.07
2340.939,,,,-0.0003,0.0003,0.07
2340.99,,,,-0.0003,0.0003,0.07
2341.041,,,,-0.0003,0.0003,0.07
2341.092,,,,-0.0003,0.0003,0.07
2341.143,,,,-0.0003,0.0003,0.07
2341.193,,,,-0.0003,0.0003,0.07
2341.244,,,,-0.0003,0.0003,0.07
2341.295,,,,-0.0003,0.0003,0.07
2341.345,,,,-0.0003,0.0003,0.07
2341.396,,,,-0.0003,0.0003,0.07
2341.446,,,,-0.0003,0.0003,0.07
2341.497,,,,-0.0003,0.0003,0.07
2341.548,,,,-0.0003,0.0003,0.07
2341.598,,,,-0.0003,0.0003,0.07
2341.649,,,,-0.0003,0.0003,0.07
2341.699,,,,-0.0003,0.0003,0.07
2341.75,,,,-0.0003,0.0003,0.07
2341.801,,,,-0.0003,0.0003,0.07
2341.851,,,,-0.0003,0.0003,0.07
2341.902,,,,-0.0003,0.0003,0.07
2341.953,,,,-0.0003,0.0003,0.07
2342.003,,,,-0.0003,0.0003,0.07
2342.054,,,,-0.0003,0.0003,0.07
2342.105,,,,-0.0003,0.0003,0.07
2342.155,,,,-0.0003,0.0003,0.07
2342.206,,,,-0.0003,0.0003,0.07
2342.257,,,,-0.0003,0.0003,0.07
2342.307,,,,-0.0003,0.0003,0.07
2342.358,,,,-0.0003,0.0003,0.07
2342.409,,,,-0.0003,0.0003,0.07
2342.46,,,,-0.0003,0.0003,0.07
2342.51,,,,-0.0003,0.0003,0.07
2342.561,,,,-0.0003,0.0003,0.07
2342.611,,,,-0.0003,0.0003,0.07
2342.662,,,,-0.0003,0.0003,0.07
2342.713,,,,-0.0003,0.0003,0.07
2342.764,,,,-0.0003,0.0003,0.07
2342.814,,,,-0.0003,0.0003,0.07
2342.902,,,,-0.0003,0.0003,0.07
2342.952,,,,-0.0003,0.0003,0.07
2343.003,,,,-0.0003,0.0003,0.07
2343.054,,,,-0.0003,0.0003,0.07
2343.104,,,,-0.0003,0.0003,0.07
2343.155,,,,-0.0003,0.0003,0.07
2343.206,,,,-0.0003,0.0003,0.07
2343.256,,,,-0.0003,0.0003,0.07
2343.307,,,,-0.0003,0.0003,0.07
2343.357,,,,-0.0003,0.0003,0.07
2343.407,,,,-0.0003,0.0003,0.07
2343.458,,,,-0.0003,0.0003,0.07
2343.508,,,,-0.0003,0.0003,0.07
2343.559,,,,-0.0003,0.0003,0.07
2343.609,,,,-0.0003,0.0003,0.07
2343.66,,,,-0.0003,0.0003,0.07
2343.711,,,,-0.0003,0.0003,0.07
2343.761,,,,-0.0003,0.0003,0.07
2343.812,,,,-0.0003,0.0003,0.07
2343.862,,,,-0.0003,0.0003,0.07
2343.912,,,,-0.0003,0.0003,0.07
2343.963,,,,-0.0003,0.0003,0.07
2344.013,,,,-0.0003,0.0003,0.07
2344.064,,,,-0.0003,0.0003,0.07
2344.114,,,,-0.0003,0.0003,0.07
2344.165,,,,-0.0003,0.0003,0.07
2344.215,,,,-0.0003,0.0003,0.07
2344.266,,,,-0.0003,0.0003,0.07
2344.317,,,,-0.0003,0.0003,0.07
2344.367,,,,-0.0003,0.0003,0.07
2344.418,,,,-0.0003,0.0003,0.07
2344.468,,,,-0.0003,0.0003,0.07
2344.519,,,,-0.0003,0.0003,0.07
2344.569,,,,-0.0003,0.0003,0.07
2344.62,,,,-0.0003,0.0003,0.07
2344.671,,,,-0.0003,0.0003,0.07
2344.722,,,,-0.0003,0.0003,0.07
2344.772,,,,-0.0003,0.0003,0.07
2344.823,,,,-0.0003,0.0003,0.07
2344.874,,,,-0.0003,0.0003,0.07
2344.924,,,,-0.0003,0.0003,0.07
2344.975,,,,-0.0003,0.0003,0.07
2345.025,,,,-0.0003,0.0003,0.07
2345.076,,,,-0.0003,0.0003,0.07
2345.127,,,,-0.0003,0.0003,0.07
2345.177,,,,-0.0003,0.0003,0.07
2345.228,,,,-0.0003,0.0003,0.07
2345.278,,,,-0.0003,0.0003,0.07
2345.329,,,,-0.0003,0.0003,0.07
2345.38,,,,-0.0003,0.0003,0.07
2345.43,,,,-0.0003,0.0003,0.07
2345.481,,,,-0.0003,0.0003,0.07
2345.532,,,,-0.0003,0.0003,0.07
2345.582,,,,-0.0003,0.0003,0.07
2345.633,,,,-0.0003,0.0003,0.07
2345.683,,,,-0.0003,0.0003,0.07
2345.735,,,,-0.0003,0.0003,0.07
2345.785,,,,-0.0003,0.0003,0.07
2345.835,,,,-0.0003,0.0003,0.07
2345.886,,,,-0.0003,0.0003,0.07
2345.936,,,,-0.0003,0.0003,0.07
2345.987,,,,-0.0003,0.0003,0.07
2346.037,,,,-0.0003,0.0003,0.07
2346.088,,,,-0.0003,0.0003,0.07
2346.138,,,,-0.0003,0.0003,0.07
2346.189,,,,-0.0003,0.0003,0.07
2346.24,,,,-0.0003,0.0003,0.07
2346.29,,,,-0.0003,0.0003,0.07
2346.341,,,,-0.0003,0.0003,0.07
2346.392,,,,-0.0003,0.0003,0.07
2346.443,,,,-0.0003,0.0003,0.07
2346.494,,,,-0.0003,0.0003,0.07
2346.544,,,,-0.0003,0.0003,0.07
2346.595,,,,-0.0003,0.0003,0.07
2346.645,,,,-0.0003,0.0003,0.07
2346.696,,,,-0.0003,0.0003,0.07
2346.746,,,,-0.0003,0.0003,0.07
2346.797,,,,-0.0003,0.0003,0.07
2346.847,,,,-0.0003,0.0003,0.07
2346.898,,,,-0.0003,0.0003,0.07
2346.948,,,,-0.0003,0.0003,0.07
2346.999,,,,-0.0003,0.0003,0.07
2347.049,,,,-0.0003,0.0003,0.07
2347.1,,,,-0.0003,0.0003,0.07
2347.151,,,,-0.0003,0.0003,0.07
2347.201,,,,-0.0003,0.0003,0.07
2347.252,,,,-0.0003,0.0003,0.07
2347.302,,,,-0.0003,0.0003,0.07
2347.353,,,,-0.0003,0.0003,0.07
2347.403,,,,-0.0003,0.0003,0.07
2347.454,,,,-0.0003,0.0003,0.07
2347.505,,,,-0.0003,0.0003,0.07
2347.555,,,,-0.0003,0.0003,0.07
2347.606,,,,-0.0003,0.0003,0.07
2347.657,,,,-0.0003,0.0003,0.07
2347.707,,,,-0.0003,0.0003,0.07
2347.758,,,,-0.0003,0.0003,0.07
2347.809,,,,-0.0003,0.0003,0.07
2347.859,,,,-0.0003,0.0003,0.07
2347.91,,,,-0.0003,0.0003,0.07
2347.961,,,,-0.0003,0.0003,0.07
2348.011,,,,-0.0003,0.0003,0.07
2348.062,,,,-0.0003,0.0003,0.07
2348.112,,,,-0.0003,0.0003,0.07
2348.163,,,,-0.0003,0.0003,0.07
2348.213,,,,-0.0003,0.0003,0.07
2348.264,,,,-0.0003,0.0003,0.07
2348.352,,,,-0.0003,0.0003,0.07
2348.403,,,,-0.0003,0.0003,0.07
2348.454,,,,-0.0003,0.0003,0.07
2348.504,,,,-0.0003,0.0003,0.07
2348.555,,,,-0.0003,0.0003,0.07
2348.605,,,,-0.0003,0.0003,0.07
2348.656,,,,-0.0003,0.0003,0.07
2348.707,,,,-0.0003,0.0003,0.07
2348.757,,,,-0.0003,0.0003,0.07
2348.807,,,,-0.0003,0.0003,0.07
2348.858,,,,-0.0003,0.0003,0.07
2348.908,,,,-0.0003,0.0003,0.07
2348.958,,,,-0.0003,0.0003,0.07
2349.009,,,,-0.0003,0.0003,0.07
2349.06,,,,-0.0003,0.0003,0.07
2349.11,,,,-0.0003,0.0003,0.07
2349.16,,,,-0.0003,0.0003,0.07
2349.212,,,,-0.0003,0.0003,0.07
2349.262,,,,-0.0003,0.0003,0.07
2349.313,,,,-0.0003,0.0003,0.07
2349.364,,,,-0.0003,0.0003,0.07
2349.415,,,,-0.0003,0.0003,0.07
2349.465,,,,-0.0003,0.0003,0.07
2349.516,,,,-0.0003,0.0003,0.07
2349.566,,,,-0.0003,0.0003,0.07
2349.617,,,,-0.0003,0.0003,0.07
2349.668,,,,-0.0003,0.0003,0.07
2349.719,,,,-0.0003,0.0003,0.07
2349.77,,,,-0.0003,0.0003,0.07
2349.82,,,,-0.0003,0.0003,0.07
2349.871,,,,-0.0003,0.0003,0.07
2349.921,,,,-0.0003,0.0003,0.07
2349.972,,,,-0.0003,0.0003,0.07
2350.022,,,,-0.0003,0.0003,0.07
2350.073,,,,-0.0003,0.0003,0.07
2350.123,,,,-0.0003,0.0003,0.07
2350.174,,,,-0.0003,0.0003,0.07
2350.225,,,,-0.0003,0.0003,0.07
2350.275,,,,-0.0003,0.0003,0.07
2350.326,,,,-0.0003,0.0003,0.07
2350.377,,,,-0.0003,0.0003,0.07
2350.427,,,,-0.0003,0.0003,0.07
2350.478,,,,-0.0003,0.0003,0.07
2350.528,,,,-0.0003,0.0003,0.07
2350.579,,,,-0.0003,0.0003,0.07
2350.629,,,,-0.0003,0.0003,0.07
2350.68,,,,-0.0003,0.0003,0.07
2350.73,,,,-0.0003,0.0003,0.07
2350.781,,,,-0.0003,0.0003,0.07
2350.832,,,,-0.0003,0.0003,0.07
2350.882,,,,-0.0003,0.0003,0.07
2350.933,,,,-0.0003,0.0003,0.07
2350.984,,,,-0.0003,0.0003,0.07
2351.034,,,,-0.0003,0.0003,0.07
2351.086,,,,-0.0003,0.0003,0.07
2351.136,,,,-0.0003,0.0003,0.07
2351.187,,,,-0.0003,0.0003,0.07
2351.238,,,,-0.0003,0.0003,0.07
2351.288,,,,-0.0003,0.0003,0.07
2351.339,,,,-0.0003,0.0003,0.07
2351.39,,,,-0.0003,0.0003,0.07
2351.441,,,,-0.0003,0.0003,0.07
2351.491,,,,-0.0003,0.0003,0.07
2351.542,,,,-0.0003,0.0003,0.07
2351.593,,,,-0.0003,0.0003,0.07
2351.643,,,,-0.0003,0.0003,0.07
2351.694,,,,-0.0003,0.0003,0.07
2351.744,,,,-0.0003,0.0003,0.07
2351.795,,,,-0.0003,0.0003,0.07
2351.845,,,,-0.0003,0.0003,0.07
2351.896,,,,-0.0003,0.0003,0.07
2351.946,,,,-0.0003,0.0003,0.07
2351.997,,,,-0.0003,0.0003,0.07
2352.047,,,,-0.0003,0.0003,0.07
2352.098,,,,-0.0003,0.0003,0.07
2352.148,,,,-0.0003,0.0003,0.07
2352.199,,,,-0.0003,0.0003,0.07
2352.25,,,,-0.0003,0.0003,0.07
2352.3,,,,-0.0003,0.0003,0.07
2352.351,,,,-0.0003,0.0003,0.07
2352.406,,,,-0.0003,0.0003,0.07
2352.462,,,,-0.0003,0.0003,0.07
2352.513,,,,-0.0003,0.0003,0.07
2352.564,,,,-0.0003,0.0003,0.07
2352.615,,,,-0.0003,0.0003,0.07
2352.666,,,,-0.0003,0.0003,0.07
2352.717,,,,-0.0003,0.0003,0.07
2352.767,,,,-0.0003,0.0003,0.07
2352.818,,,,-0.0003,0.0003,0.07
2352.869,,,,-0.0003,0.0003,0.07
2352.919,,,,-0.0003,0.0003,0.07
2352.97,,,,-0.0003,0.0003,0.07
2353.021,,,,-0.0003,0.0003,0.07
2353.071,,,,-0.0003,0.0003,0.07
2353.121,,,,-0.0003,0.0003,0.07
2353.181,,,,-0.0003,0.0003,0.07
2353.232,,,,-0.0003,0.0003,0.07
2353.282,,,,-0.0003,0.0003,0.07
2353.332,,,,-0.0003,0.0003,0.07
2353.383,,,,-0.0003,0.0003,0.07
2353.434,,,,-0.0003,0.0003,0.07
2353.484,,,,-0.0003,0.0003,0.07
2353.534,,,,-0.0003,0.0003,0.07
2353.585,,,,-0.0003,0.0003,0.07
2353.635,,,,-0.0003,0.0003,0.07
2353.686,,,,-0.0003,0.0003,0.07
2353.737,,,,-0.0003,0.0003,0.07
2353.808,,,,-0.0003,0.0003,0.07
2353.859,,,,-0.0003,0.0003,0.07
2353.91,,,,-0.0003,0.0003,0.07
2353.96,,,,-0.0003,0.0003,0.07
2354.011,,,,-0.0003,0.0003,0.07
2354.061,,,,-0.0003,0.0003,0.07
2354.112,,,,-0.0003,0.0003,0.07
2354.162,,,,-0.0003,0.0003,0.07
2354.213,,,,-0.0003,0.0003,0.07
2354.263,,,,-0.0003,0.0003,0.07
2354.314,,,,-0.0003,0.0003,0.07
2354.364,,,,-0.0003,0.0003,0.07
2354.414,,,,-0.0003,0.0003,0.07
2354.465,,,,-0.0003,0.0003,0.07
2354.516,,,,-0.0003,0.0003,0.07
2354.567,,,,-0.0003,0.0003,0.07
2354.617,,,,-0.0003,0.0003,0.07
2354.668,,,,-0.0003,0.0003,0.07
2354.72,,,,-0.0003,0.0003,0.07
2354.77,,,,-0.0003,0.0003,0.07
2354.821,,,,-0.0003,0.0003,0.07
2354.872,,,,-0.0003,0.0003,0.07
2354.922,,,,-0.0003,0.0003,0.07
2354.973,,,,-0.0003,0.0003,0.07
2355.024,,,,-0.0003,0.0003,0.07
2355.074,,,,-0.0003,0.0003,0.07
2355.125,,,,-0.0003,0.0003,0.07
2355.176,,,,-0.0003,0.0003,0.07
2355.227,,,,-0.0003,0.0003,0.07
2355.277,,,,-0.0003,0.0003,0.07
2355.328,,,,-0.0003,0.0003,0.07
2355.378,,,,-0.0003,0.0003,0.07
2355.429,,,,-0.0003,0.0003,0.07
2355.48,,,,-0.0003,0.0003,0.07
2355.53,,,,-0.0003,0.0003,0.07
2355.581,,,,-0.0003,0.0003,0.07
2355.631,,,,-0.0003,0.0003,0.07
2355.682,,,,-0.0003,0.0003,0.07
2355.732,,,,-0.0003,0.0003,0.07
2355.783,,,,-0.0003,0.0003,0.07
2355.833,,,,-0.0003,0.0003,0.07
2355.884,,,,-0.0003,0.0003,0.07
2355.934,,,,-0.0003,0.0003,0.07
2355.985,,,,-0.0003,0.0003,0.07
2356.036,,,,-0.0003,0.0003,0.07
2356.086,,,,-0.0003,0.0003,0.07
2356.137,,,,-0.0003,0.0003,0.07
2356.187,,,,-0.0003,0.0003,0.07
2356.238,,,,-0.0003,0.0003,0.07
2356.289,,,,-0.0003,0.0003,0.07
2356.34,,,,-0.0003,0.0003,0.07
2356.39,,,,-0.0003,0.0003,0.07
2356.441,,,,-0.0003,0.0003,0.07
2356.491,,,,-0.0003,0.0003,0.07
2356.542,,,,-0.0003,0.0003,0.07
2356.593,,,,-0.0003,0.0003,0.07
2356.643,,,,-0.0003,0.0003,0.07
2356.694,,,,-0.0003,0.0003,0.07
2356.744,,,,-0.0003,0.0003,0.07
2356.795,,,,-0.0003,0.0003,0.07
2356.845,,,,-0.0003,0.0003,0.07
2356.896,,,,-0.0003,0.0003,0.07
2356.946,,,,-0.0003,0.0003,0.07
2356.997,,,,-0.0003,0.0003,0.07
2357.048,,,,-0.0003,0.0003,0.07
2357.098,,,,-0.0003,0.0003,0.07
2357.149,,,,-0.0003,0.0003,0.07
2357.209,,,,-0.0003,0.0003,0.07
2357.26,,,,-0.0003,0.0003,0.07
2357.31,,,,-0.0003,0.0003,0.07
2357.361,,,,-0.0003,0.0003,0.07
2357.411,,,,-0.0003,0.0003,0.07
2357.47,,,,-0.0003,0.0003,0.07
2357.52,,,,-0.0003,0.0003,0.07
2357.571,,,,-0.0003,0.0003,0.07
2357.621,,,,-0.0003,0.0003,0.07
2357.672,,,,-0.0003,0.0003,0.07
2357.722,,,,-0.0003,0.0003,0.07
2357.773,,,,-0.0003,0.0003,0.07
2357.824,,,,-0.0003,0.0003,0.07
2357.874,,,,-0.0003,0.0003,0.07
2357.925,,,,-0.0003,0.0003,0.07
2357.975,,,,-0.0003,0.0003,0.07
2358.026,,,,-0.0003,0.0003,0.07
2358.077,,,,-0.0003,0.0003,0.07
2358.127,,,,-0.0003,0.0003,0.07
2358.179,,,,-0.0003,0.0003,0.07
2358.229,,,,-0.0003,0.0003,0.07
2358.279,,,,-0.0003,0.0003,0.07
2358.33,,,,-0.0003,0.0003,0.07
2358.381,,,,-0.0003,0.0003,0.07
2358.431,,,,-0.0003,0.0003,0.07
2358.482,,,,-0.0003,0.0003,0.07
2358.533,,,,-0.0003,0.0003,0.07
2358.583,,,,-0.0003,0.0003,0.07
2358.633,,,,-0.0003,0.0003,0.07
2358.684,,,,-0.0003,0.0003,0.07
2358.734,,,,-0.0003,0.0003,0.07
2358.785,,,,-0.0003,0.0003,0.07
2358.835,,,,-0.0003,0.0003,0.07
2358.886,,,,-0.0003,0.0003,0.07
2358.937,,,,-0.0003,0.0003,0.07
2358.987,,,,-0.0003,0.0003,0.07
2359.038,,,,-0.0003,0.0003,0.07
2359.088,,,,-0.0003,0.0003,0.07
2359.139,,,,-0.0003,0.0003,0.07
2359.189,,,,-0.0003,0.0003,0.07
2359.26,,,,-0.0003,0.0003,0.07
2359.31,,,,-0.0003,0.0003,0.07
2359.361,,,,-0.0003,0.0003,0.07
2359.411,,,,-0.0003,0.0003,0.07
2359.462,,,,-0.0003,0.0003,0.07
2359.513,,,,-0.0003,0.0003,0.07
2359.563,,,,-0.0003,0.0003,0.07
2359.614,,,,-0.0003,0.0003,0.07
2359.665,,,,-0.0003,0.0003,0.07
2359.715,,,,-0.0003,0.0003,0.07
2359.766,,,,-0.0003,0.0003,0.07
2359.816,,,,-0.0003,0.0003,0.07
2359.866,,,,-0.0003,0.0003,0.07
2359.917,,,,-0.0003,0.0003,0.07
2359.967,,,,-0.0003,0.0003,0.07
2360.018,,,,-0.0003,0.0003,0.07
2360.069,,,,-0.0003,0.0003,0.07
2360.119,,,,-0.0003,0.0003,0.07
2360.169,,,,-0.0003,0.0003,0.07
2360.22,,,,-0.0003,0.0003,0.07
2360.27,,,,-0.0003,0.0003,0.07
2360.321,,,,-0.0003,0.0003,0.07
2360.372,,,,-0.0003,0.0003,0.07
2360.423,,,,-0.0003,0.0003,0.07
2360.474,,,,-0.0003,0.0003,0.07
2360.525,,,,-0.0003,0.0003,0.07
2360.575,,,,-0.0003,0.0003,0.07
2360.626,,,,-0.0003,0.0003,0.07
2360.677,,,,-0.0003,0.0003,0.07
2360.727,,,,-0.0003,0.0003,0.07
2360.778,,,,-0.0003,0.0003,0.07
2360.828,,,,-0.0003,0.0003,0.07
2360.879,,,,-0.0003,0.0003,0.07
2360.93,,,,-0.0003,0.0003,0.07
2360.98,,,,-0.0003,0.0003,0.07
2361.031,,,,-0.0003,0.0003,0.07
2361.082,,,,-0.0003,0.0003,0.07
2361.132,,,,-0.0003,0.0003,0.07
2361.182,,,,-0.0003,0.0003,0.07
2361.233,,,,-0.0003,0.0003,0.07
2361.285,,,,-0.0003,0.0003,0.07
2361.335,,,,-0.0003,0.0003,0.07
2361.386,,,,-0.0003,0.0003,0.07
2361.436,,,,-0.0003,0.0003,0.07
2361.487,,,,-0.0003,0.0003,0.07
2361.538,,,,-0.0003,0.0003,0.07
2361.588,,,,-0.0003,0.0003,0.07
2361.639,,,,-0.0003,0.0003,0.07
2361.689,,,,-0.0003,0.0003,0.07
2361.74,,,,-0.0003,0.0003,0.07
2361.791,,,,-0.0003,0.0003,0.07
2361.841,,,,-0.0003,0.0003,0.07
2361.892,,,,-0.0003,0.0003,0.07
2361.943,,,,-0.0003,0.0003,0.07
2361.994,,,,-0.0003,0.0003,0.07
2362.045,,,,-0.0003,0.0003,0.07
2362.096,,,,-0.0003,0.0003,0.07
2362.146,,,,-0.0003,0.0003,0.07
2362.197,,,,-0.0003,0.0003,0.07
2362.247,,,,-0.0003,0.0003,0.07
2362.298,,,,-0.0003,0.0003,0.07
2362.349,,,,-0.0003,0.0003,0.07
2362.4,,,,-0.0003,0.0003,0.07
2362.45,,,,-0.0003,0.0003,0.07
2362.5,,,,-0.0003,0.0003,0.07
2362.551,,,,-0.0003,0.0003,0.07
2362.602,,,,-0.0003,0.0003,0.07
2362.652,,,,-0.0003,0.0003,0.07
2362.703,,,,-0.0003,0.0003,0.07
2362.753,,,,-0.0003,0.0003,0.07
2362.804,,,,-0.0003,0.0003,0.07
2362.855,,,,-0.0003,0.0003,0.07
2362.905,,,,-0.0003,0.0003,0.07
2362.956,,,,-0.0003,0.0003,0.07
2363.007,,,,-0.0003,0.0003,0.07
2363.057,,,,-0.0003,0.0003,0.07
2363.108,,,,-0.0003,0.0003,0.07
2363.159,,,,-0.0003,0.0003,0.07
2363.209,,,,-0.0003,0.0003,0.07
2363.261,,,,-0.0003,0.0003,0.07
2363.313,,,,-0.0003,0.0003,0.07
2363.363,,,,-0.0003,0.0003,0.07
2363.413,,,,-0.0003,0.0003,0.07
2363.464,,,,-0.0003,0.0003,0.07
2363.515,,,,-0.0003,0.0003,0.07
2363.565,,,,-0.0003,0.0003,0.07
2363.615,,,,-0.0003,0.0003,0.07
2363.666,,,,-0.0003,0.0003,0.07
2363.716,,,,-0.0003,0.0003,0.07
2363.767,,,,-0.0003,0.0003,0.07
2363.818,,,,-0.0003,0.0003,0.07
2363.868,,,,-0.0003,0.0003,0.07
2363.919,,,,-0.0003,0.0003,0.07
2363.969,,,,-0.0003,0.0003,0.07
2364.02,,,,-0.0003,0.0003,0.07
2364.07,,,,-0.0003,0.0003,0.07
2364.121,,,,-0.0003,0.0003,0.07
2364.171,,,,-0.0003,0.0003,0.07
2364.222,,,,-0.0003,0.0003,0.07
2364.272,,,,-0.0003,0.0003,0.07
2364.323,,,,-0.0003,0.0003,0.07
2364.374,,,,-0.0003,0.0003,0.07
2364.425,,,,-0.0003,0.0003,0.07
2364.475,,,,-0.0003,0.0003,0.07
2364.526,,,,-0.0003,0.0003,0.07
2364.576,,,,-0.0003,0.0003,0.07
2364.627,,,,-0.0003,0.0003,0.07
2364.701,,,,-0.0003,0.0003,0.07
2364.752,,,,-0.0003,0.0003,0.07
2364.802,,,,-0.0003,0.0003,0.07
2364.853,,,,-0.0003,0.0003,0.07
2364.903,,,,-0.0003,0.0003,0.07
2364.954,,,,-0.0003,0.0003,0.07
2365.005,,,,-0.0003,0.0003,0.07
2365.055,,,,-0.0003,0.0003,0.07
2365.105,,,,-0.0003,0.0003,0.07
2365.156,,,,-0.0003,0.0003,0.07
2365.206,,,,-0.0003,0.0003,0.07
2365.263,,,,-0.0003,0.0003,0.07
2365.314,,,,-0.0003,0.0003,0.07
2365.364,,,,-0.0003,0.0003,0.07
2365.414,,,,-0.0003,0.0003,0.07
2365.465,,,,-0.0003,0.0003,0.07
2365.515,,,,-0.0003,0.0003,0.07
2365.566,,,,-0.0003,0.0003,0.07
2365.616,,,,-0.0003,0.0003,0.07
2365.667,,,,-0.0003,0.0003,0.07
2365.717,,,,-0.0003,0.0003,0.07
2365.768,,,,-0.0003,0.0003,0.07
2365.818,,,,-0.0003,0.0003,0.07
2365.869,,,,-0.0003,0.0003,0.07
2365.92,,,,-0.0003,0.0003,0.07
2365.971,,,,-0.0003,0.0003,0.07
2366.021,,,,-0.0003,0.0003,0.07
2366.079,,,,-0.0003,0.0003,0.07
2366.13,,,,-0.0003,0.0003,0.07
2366.181,,,,-0.0003,0.0003,0.07
2366.252,,,,-0.0003,0.0003,0.07
2366.303,,,,-0.0003,0.0003,0.07
2366.353,,,,-0.0003,0.0003,0.07
2366.404,,,,-0.0003,0.0003,0.07
2366.455,,,,-0.0003,0.0003,0.07
2366.505,,,,-0.0003,0.0003,0.07
2366.556,,,,-0.0003,0.0003,0.07
2366.607,,,,-0.0003,0.0003,0.07
2366.657,,,,-0.0003,0.0003,0.07
2366.708,,,,-0.0003,0.0003,0.07
2366.758,,,,-0.0003,0.0003,0.07
2366.809,,,,-0.0003,0.0003,0.07
2366.859,,,,-0.0003,0.0003,0.07
2366.91,,,,-0.0003,0.0003,0.07
2366.961,,,,-0.0003,0.0003,0.07
2367.012,,,,-0.0003,0.0003,0.07
2367.062,,,,-0.0003,0.0003,0.07
2367.113,,,,-0.0003,0.0003,0.07
2367.164,,,,-0.0003,0.0003,0.07
2367.214,,,,-0.0003,0.0003,0.07
2367.265,,,,-0.0003,0.0003,0.07
2367.316,,,,-0.0003,0.0003,0.07
2367.366,,,,-0.0003,0.0003,0.07
2367.418,,,,-0.0003,0.0003,0.07
2367.468,,,,-0.0003,0.0003,0.07
2367.518,,,,-0.0003,0.0003,0.07
2367.569,,,,-0.0003,0.0003,0.07
2367.62,,,,-0.0003,0.0003,0.07
2367.67,,,,-0.0003,0.0003,0.07
2367.721,,,,-0.0003,0.0003,0.07
2367.772,,,,-0.0003,0.0003,0.07
2367.823,,,,-0.0003,0.0003,0.07
2367.873,,,,-0.0003,0.0003,0.07
2367.924,,,,-0.0003,0.0003,0.07
2367.974,,,,-0.0003,0.0003,0.07
2368.025,,,,-0.0003,0.0003,0.07
2368.076,,,,-0.0003,0.0003,0.07
2368.126,,,,-0.0003,0.0003,0.07
2368.177,,,,-0.0003,0.0003,0.07
2368.228,,,,-0.0003,0.0003,0.07
2368.278,,,,-0.0003,0.0003,0.07
2368.33,,,,-0.0003,0.0003,0.07
2368.38,,,,-0.0003,0.0003,0.07
2368.431,,,,-0.0003,0.0003,0.07
2368.481,,,,-0.0003,0.0003,0.07
2368.532,,,,-0.0003,0.0003,0.07
2368.582,,,,-0.0003,0.0003,0.07
2368.633,,,,-0.0003,0.0003,0.07
2368.683,,,,-0.0003,0.0003,0.07
2368.734,,,,-0.0003,0.0003,0.07
2368.809,,,,-0.0003,0.0003,0.07
2368.859,,,,-0.0003,0.0003,0.07
2368.911,,,,-0.0003,0.0003,0.07
2368.961,,,,-0.0003,0.0003,0.07
2369.012,,,,-0.0003,0.0003,0.07
2369.062,,,,-0.0003,0.0003,0.07
2369.113,,,,-0.0003,0.0003,0.07
2369.164,,,,-0.0003,0.0003,0.07
2369.214,,,,-0.0003,0.0003,0.07
2369.265,,,,-0.0003,0.0003,0.07
2369.315,,,,-0.0003,0.0003,0.07
2369.366,,,,-0.0003,0.0003,0.07
2369.417,,,,-0.0003,0.0003,0.07
2369.467,,,,-0.0003,0.0003,0.07
2369.517,,,,-0.0003,0.0003,0.07
2369.568,,,,-0.0003,0.0003,0.07
2369.619,,,,-0.0003,0.0003,0.07
2369.669,,,,-0.0003,0.0003,0.07
2369.72,,,,-0.0003,0.0003,0.07
2369.771,,,,-0.0003,0.0003,0.07
2369.821,,,,-0.0003,0.0003,0.07
2369.871,,,,-0.0003,0.0003,0.07
2369.922,,,,-0.0003,0.0003,0.07
2369.973,,,,-0.0003,0.0003,0.07
2370.023,,,,-0.0003,0.0003,0.07
2370.074,,,,-0.0003,0.0003,0.07
2370.124,,,,-0.0003,0.0003,0.07
2370.175,,,,-0.0003,0.0003,0.07
2370.225,,,,-0.0003,0.0003,0.07
2370.276,,,,-0.0003,0.0003,0.07
2370.326,,,,-0.0003,0.0003,0.07
2370.377,,,,-0.0003,0.0003,0.07
2370.428,,,,-0.0003,0.0003,0.07
2370.478,,,,-0.0003,0.0003,0.07
2370.529,,,,-0.0003,0.0003,0.07
2370.58,,,,-0.0003,0.0003,0.07
2370.63,,,,-0.0003,0.0003,0.07
2370.681,,,,-0.0003,0.0003,0.07
2370.732,,,,-0.0003,0.0003,0.07
2370.782,,,,-0.0003,0.0003,0.07
2370.833,,,,-0.0003,0.0003,0.07
2370.884,,,,-0.0003,0.0003,0.07
2370.934,,,,-0.0003,0.0003,0.07
2370.985,,,,-0.0003,0.0003,0.07
2371.035,,,,-0.0003,0.0003,0.07
2371.086,,,,-0.0003,0.0003,0.07
2371.137,,,,-0.0003,0.0003,0.07
2371.188,,,,-0.0003,0.0003,0.07
2371.238,,,,-0.0003,0.0003,0.07
2371.288,,,,-0.0003,0.0003,0.07
2371.338,,,,-0.0003,0.0003,0.07
2371.389,,,,-0.0003,0.0003,0.07
2371.44,,,,-0.0003,0.0003,0.07
2371.49,,,,-0.0003,0.0003,0.07
2371.541,,,,-0.0003,0.0003,0.07
2371.592,,,,-0.0003,0.0003,0.07
2371.642,,,,-0.0003,0.0003,0.07
2371.693,,,,-0.0003,0.0003,0.07
2371.743,,,,-0.0003,0.0003,0.07
2371.794,,,,-0.0003,0.0003,0.07
2371.845,,,,-0.0003,0.0003,0.07
2371.895,,,,-0.0003,0.0003,0.07
2371.946,,,,-0.0003,0.0003,0.07
2371.996,,,,-0.0003,0.0003,0.07
2372.047,,,,-0.0003,0.0003,0.07
2372.098,,,,-0.0003,0.0003,0.07
2372.148,,,,-0.0003,0.0003,0.07
2372.199,,,,-0.0003,0.0003,0.07
2372.249,,,,-0.0003,0.0003,0.07
2372.3,,,,-0.0003,0.0003,0.07
2372.351,,,,-0.0003,0.0003,0.07
2372.402,,,,-0.0003,0.0003,0.07
2372.452,,,,-0.0003,0.0003,0.07
2372.503,,,,-0.0003,0.0003,0.07
2372.553,,,,-0.0003,0.0003,0.07
2372.604,,,,-0.0003,0.0003,0.07
2372.655,,,,-0.0003,0.0003,0.07
2372.706,,,,-0.0003,0.0003,0.07
2372.756,,,,-0.0003,0.0003,0.07
2372.807,,,,-0.0003,0.0003,0.07
2372.891,,,,-0.0003,0.0003,0.07
2372.941,,,,-0.0003,0.0003,0.07
2372.992,,,,-0.0003,0.0003,0.07
2373.042,,,,-0.0003,0.0003,0.07
2373.092,,,,-0.0003,0.0003,0.07
2373.143,,,,-0.0003,0.0003,0.07
2373.194,,,,-0.0003,0.0003,0.07
2373.244,,,,-0.0003,0.0003,0.07
2373.295,,,,-0.0003,0.0003,0.07
2373.345,,,,-0.0003,0.0003,0.07
2373.396,,,,-0.0003,0.0003,0.07
2373.447,,,,-0.0003,0.0003,0.07
2373.498,,,,-0.0003,0.0003,0.07
2373.557,,,,-0.0003,0.0003,0.07
2373.607,,,,-0.0003,0.0003,0.07
2373.658,,,,-0.0003,0.0003,0.07
2373.708,,,,-0.0003,0.0003,0.07
2373.759,,,,-0.0003,0.0003,0.07
2373.809,,,,-0.0003,0.0003,0.07
2373.86,,,,-0.0003,0.0003,0.07
2373.911,,,,-0.0003,0.0003,0.07
2373.961,,,,-0.0003,0.0003,0.07
2374.012,,,,-0.0003,0.0003,0.07
2374.062,,,,-0.0003,0.0003,0.07
2374.113,,,,-0.0003,0.0003,0.07
2374.164,,,,-0.0003,0.0003,0.07
2374.214,,,,-0.0003,0.0003,0.07
2374.265,,,,-0.0003,0.0003,0.07
2374.316,,,,-0.0003,0.0003,0.07
2374.366,,,,-0.0003,0.0003,0.07
2374.417,,,,-0.0003,0.0003,0.07
2374.467,,,,-0.0003,0.0003,0.07
2374.518,,,,-0.0003,0.0003,0.07
2374.569,,,,-0.0003,0.0003,0.07
2374.62,,,,-0.0003,0.0003,0.07
2374.671,,,,-0.0003,0.0003,0.07
2374.721,,,,-0.0003,0.0003,0.07
2374.772,,,,-0.0003,0.0003,0.07
2374.823,,,,-0.0003,0.0003,0.07
2374.873,,,,-0.0003,0.0003,0.07
2374.924,,,,-0.0003,0.0003,0.07
2374.974,,,,-0.0003,0.0003,0.07
2375.024,,,,-0.0003,0.0003,0.07
2375.075,,,,-0.0003,0.0003,0.07
2375.126,,,,-0.0003,0.0003,0.07
2375.176,,,,-0.0003,0.0003,0.07
2375.227,,,,-0.0003,0.0003,0.07
2375.277,,,,-0.0003,0.0003,0.07
2375.328,,,,-0.0003,0.0003,0.07
2375.379,,,,-0.0003,0.0003,0.07
2375.429,,,,-0.0003,0.0003,0.07
2375.48,,,,-0.0003,0.0003,0.07
2375.53,,,,-0.0003,0.0003,0.07
2375.618,,,,-0.0003,0.0003,0.07
2375.668,,,,-0.0003,0.0003,0.07
2375.719,,,,-0.0003,0.0003,0.07
2375.769,,,,-0.0003,0.0003,0.07
2375.82,,,,-0.0003,0.0003,0.07
2375.871,,,,-0.0003,0.0003,0.07
2375.922,,,,-0.0003,0.0003,0.07
2375.972,,,,-0.0003,0.0003,0.07
2376.023,,,,-0.0003,0.0003,0.07
2376.074,,,,-0.0003,0.0003,0.07
2376.124,,,,-0.0003,0.0003,0.07
2376.175,,,,-0.0003,0.0003,0.07
2376.226,,,,-0.0003,0.0003,0.07
2376.276,,,,-0.0003,0.0003,0.07
2376.326,,,,-0.0003,0.0003,0.07
2376.377,,,,-0.0003,0.0003,0.07
2376.428,,,,-0.0003,0.0003,0.07
2376.478,,,,-0.0003,0.0003,0.07
2376.529,,,,-0.0003,0.0003,0.07
2376.579,,,,-0.0003,0.0003,0.07
2376.63,,,,-0.0003,0.0003,0.07
2376.681,,,,-0.0003,0.0003,0.07
2376.731,,,,-0.0003,0.0003,0.07
2376.782,,,,-0.0003,0.0003,0.07
2376.833,,,,-0.0003,0.0003,0.07
2376.883,,,,-0.0003,0.0003,0.07
2376.934,,,,-0.0003,0.0003,0.07
2376.985,,,,-0.0003,0.0003,0.07
2377.035,,,,-0.0003,0.0003,0.07
2377.086,,,,-0.0003,0.0003,0.07
2377.136,,,,-0.0003,0.0003,0.07
2377.187,,,,-0.0003,0.0003,0.07
2377.238,,,,-0.0003,0.0003,0.07
2377.289,,,,-0.0003,0.0003,0.07
2377.339,,,,-0.0003,0.0003,0.07
2377.39,,,,-0.0003,0.0003,0.07
2377.441,,,,-0.0003,0.0003,0.07
2377.491,,,,-0.0003,0.0003,0.07
2377.542,,,,-0.0003,0.0003,0.07
2377.593,,,,-0.0003,0.0003,0.07
2377.643,,,,-0.0003,0.0003,0.07
2377.694,,,,-0.0003,0.0003,0.07
2377.744,,,,-0.0003,0.0003,0.07
2377.795,,,,-0.0003,0.0003,0.07
2377.845,,,,-0.0003,0.0003,0.07
2377.896,,,,-0.0003,0.0003,0.07
2377.947,,,,-0.0003,0.0003,0.07
2377.997,,,,-0.0003,0.0003,0.07
2378.048,,,,-0.0003,0.0003,0.07
2378.099,,,,-0.0003,0.0003,0.07
2378.15,,,,-0.0003,0.0003,0.07
2378.2,,,,-0.0003,0.0003,0.07
2378.251,,,,-0.0003,0.0003,0.07
2378.303,,,,-0.0003,0.0003,0.07
2378.353,,,,-0.0003,0.0003,0.07
2378.404,,,,-0.0003,0.0003,0.07
2378.454,,,,-0.0003,0.0003,0.07
2378.505,,,,-0.0003,0.0003,0.07
2378.556,,,,-0.0003,0.0003,0.07
2378.606,,,,-0.0003,0.0003,0.07
2378.657,,,,-0.0003,0.0003,0.07
2378.707,,,,-0.0003,0.0003,0.07
2378.758,,,,-0.0003,0.0003,0.07
2378.809,,,,-0.0003,0.0003,0.07
2378.859,,,,-0.0003,0.0003,0.07
2378.909,,,,-0.0003,0.0003,0.07
2378.96,,,,-0.0003,0.0003,0.07
2379.011,,,,-0.0003,0.0003,0.07
2379.061,,,,-0.0003,0.0003,0.07
2379.112,,,,-0.0003,0.0003,0.07
2379.162,,,,-0.0003,0.0003,0.07
2379.213,,,,-0.0003,0.0003,0.07
2379.264,,,,-0.0003,0.0003,0.07
2379.315,,,,-0.0003,0.0003,0.07
2379.365,,,,-0.0003,0.0003,0.07
2379.417,,,,-0.0003,0.0003,0.07
2379.467,,,,-0.0003,0.0003,0.07
2379.518,,,,-0.0003,0.0003,0.07
2379.569,,,,-0.0003,0.0003,0.07
2379.619,,,,-0.0003,0.0003,0.07
2379.67,,,,-0.0003,0.0003,0.07
2379.72,,,,-0.0003,0.0003,0.07
2379.771,,,,-0.0003,0.0003,0.07
2379.822,,,,-0.0003,0.0003,0.07
2379.872,,,,-0.0003,0.0003,0.07
2379.922,,,,-0.0003,0.0003,0.07
2379.973,,,,-0.0003,0.0003,0.07
2380.023,,,,-0.0003,0.0003,0.07
2380.074,,,,-0.0003,0.0003,0.07
2380.125,,,,-0.0003,0.0003,0.07
2380.176,,,,-0.0003,0.0003,0.07
2380.229,,,,-0.0003,0.0003,0.07
2380.28,,,,-0.0003,0.0003,0.07
2380.331,,,,-0.0003,0.0003,0.07
2380.382,,,,-0.0003,0.0003,0.07
2380.432,,,,-0.0003,0.0003,0.07
2380.483,,,,-0.0003,0.0003,0.07
2380.533,,,,-0.0003,0.0003,0.07
2380.587,,,,-0.0003,0.0003,0.07
2380.638,,,,-0.0003,0.0003,0.07
2380.689,,,,-0.0003,0.0003,0.07
2380.739,,,,-0.0003,0.0003,0.07
2380.813,,,,-0.0003,0.0003,0.07
2380.864,,,,-0.0003,0.0003,0.07
2380.914,,,,-0.0003,0.0003,0.07
2380.965,,,,-0.0003,0.0003,0.07
2381.016,,,,-0.0003,0.0003,0.07
2381.073,,,,-0.0003,0.0003,0.07
2381.124,,,,-0.0003,0.0003,0.07
2381.174,,,,-0.0003,0.0003,0.07
2381.225,,,,-0.0003,0.0003,0.07
2381.276,,,,-0.0003,0.0003,0.07
2381.327,,,,-0.0003,0.0003,0.07
2381.378,,,,-0.0003,0.0003,0.07
2381.428,,,,-0.0003,0.0003,0.07
2381.479,,,,-0.0003,0.0003,0.07
2381.529,,,,-0.0003,0.0003,0.07
2381.58,,,,-0.0003,0.0003,0.07
2381.631,,,,-0.0003,0.0003,0.07
2381.682,,,,-0.0003,0.0003,0.07
2381.732,,,,-0.0003,0.0003,0.07
2381.782,,,,-0.0003,0.0003,0.07
2381.833,,,,-0.0003,0.0003,0.07
2381.883,,,,-0.0003,0.0003,0.07
2381.934,,,,-0.0003,0.0003,0.07
2381.985,,,,-0.0003,0.0003,0.07
2382.035,,,,-0.0003,0.0003,0.07
2382.086,,,,-0.0003,0.0003,0.07
2382.136,,,,-0.0003,0.0003,0.07
2382.187,,,,-0.0003,0.0003,0.07
2382.237,,,,-0.0003,0.0003,0.07
2382.288,,,,-0.0003,0.0003,0.07
2382.338,,,,-0.0003,0.0003,0.07
2382.428,,,,-0.0003,0.0003,0.07
2382.479,,,,-0.0003,0.0003,0.07
2382.53,,,,-0.0003,0.0003,0.07
2382.58,,,,-0.0003,0.0003,0.07
2382.631,,,,-0.0003,0.0003,0.07
2382.682,,,,-0.0003,0.0003,0.07
2382.732,,,,-0.0003,0.0003,0.07
2382.783,,,,-0.0003,0.0003,0.07
2382.834,,,,-0.0003,0.0003,0.07
2382.884,,,,-0.0003,0.0003,0.07
2382.935,,,,-0.0003,0.0003,0.07
2382.985,,,,-0.0003,0.0003,0.07
2383.036,,,,-0.0003,0.0003,0.07
2383.086,,,,-0.0003,0.0003,0.07
2383.136,,,,-0.0003,0.0003,0.07
2383.187,,,,-0.0003,0.0003,0.07
2383.237,,,,-0.0003,0.0003,0.07
2383.288,,,,-0.0003,0.0003,0.07
2383.339,,,,-0.0003,0.0003,0.07
2383.39,,,,-0.0003,0.0003,0.07
2383.44,,,,-0.0003,0.0003,0.07
2383.491,,,,-0.0003,0.0003,0.07
2383.541,,,,-0.0003,0.0003,0.07
2383.592,,,,-0.0003,0.0003,0.07
2383.643,,,,-0.0003,0.0003,0.07
2383.693,,,,-0.0003,0.0003,0.07
2383.744,,,,-0.0003,0.0003,0.07
2383.795,,,,-0.0003,0.0003,0.07
2383.846,,,,-0.0003,0.0003,0.07
2383.897,,,,-0.0003,0.0003,0.07
2383.947,,,,-0.0003,0.0003,0.07
2383.998,,,,-0.0003,0.0003,0.07
2384.049,,,,-0.0003,0.0003,0.07
2384.1,,,,-0.0003,0.0003,0.07
2384.15,,,,-0.0003,0.0003,0.07
2384.201,,,,-0.0003,0.0003,0.07
2384.251,,,,-0.0003,0.0003,0.07
2384.302,,,,-0.0003,0.0003,0.07
2384.353,,,,-0.0003,0.0003,0.07
2384.403,,,,-0.0003,0.0003,0.07
2384.454,,,,-0.0003,0.0003,0.07
2384.504,,,,-0.0003,0.0003,0.07
2384.555,,,,-0.0003,0.0003,0.07
2384.605,,,,-0.0003,0.0003,0.07
2384.656,,,,-0.0003,0.0003,0.07
2384.707,,,,-0.0003,0.0003,0.07
2384.757,,,,-0.0003,0.0003,0.07
2384.808,,,,-0.0003,0.0003,0.07
2384.858,,,,-0.0003,0.0003,0.07
2384.909,,,,-0.0003,0.0003,0.07
2384.96,,,,-0.0003,0.0003,0.07
2385.01,,,,-0.0003,0.0003,0.07
2385.061,,,,-0.0003,0.0003,0.07
2385.112,,,,-0.0003,0.0003,0.07
2385.162,,,,-0.0003,0.0003,0.07
2385.213,,,,-0.0003,0.0003,0.07
2385.263,,,,-0.0003,0.0003,0.07
2385.315,,,,-0.0003,0.0003,0.07
2385.37,,,,-0.0003,0.0003,0.07
2385.421,,,,-0.0003,0.0003,0.07
2385.472,,,,-0.0003,0.0003,0.07
2385.522,,,,-0.0003,0.0003,0.07
2385.573,,,,-0.0003,0.0003,0.07
2385.623,,,,-0.0003,0.0003,0.07
2385.674,,,,-0.0003,0.0003,0.07
2385.724,,,,-0.0003,0.0003,0.07
2385.775,,,,-0.0003,0.0003,0.07
2385.826,,,,-0.0003,0.0003,0.07
2385.876,,,,-0.0003,0.0003,0.07
2385.927,,,,-0.0003,0.0003,0.07
2385.977,,,,-0.0003,0.0003,0.07
2386.028,,,,-0.0003,0.0003,0.07
2386.079,,,,-0.0003,0.0003,0.07
2386.131,,,,-0.0003,0.0003,0.07
2386.182,,,,-0.0003,0.0003,0.07
2386.233,,,,-0.0003,0.0003,0.07
2386.283,,,,-0.0003,0.0003,0.07
2386.334,,,,-0.0003,0.0003,0.07
2386.385,,,,-0.0003,0.0003,0.07
2386.435,,,,-0.0003,0.0003,0.07
2386.53,,,,-0.0003,0.0003,0.07
2386.587,,,,-0.0003,0.0003,0.07
2386.638,,,,-0.0003,0.0003,0.07
2386.689,,,,-0.0003,0.0003,0.07
2386.739,,,,-0.0003,0.0003,0.07
2386.79,,,,-0.0003,0.0003,0.07
2386.841,,,,-0.0003,0.0003,0.07
2386.892,,,,-0.0003,0.0003,0.07
2386.942,,,,-0.0003,0.0003,0.07
2386.993,,,,-0.0003,0.0003,0.07
2387.043,,,,-0.0003,0.0003,0.07
2387.094,,,,-0.0003,0.0003,0.07
2387.144,,,,-0.0003,0.0003,0.07
2387.195,,,,-0.0003,0.0003,0.07
2387.246,,,,-0.0003,0.0003,0.07
2387.297,,,,-0.0003,0.0003,0.07
2387.348,,,,-0.0003,0.0003,0.07
2387.398,,,,-0.0003,0.0003,0.07
2387.449,,,,-0.0003,0.0003,0.07
2387.5,,,,-0.0003,0.0003,0.07
2387.551,,,,-0.0003,0.0003,0.07
2387.601,,,,-0.0003,0.0003,0.07
2387.652,,,,-0.0003,0.0003,0.07
2387.702,,,,-0.0003,0.0003,0.07
2387.753,,,,-0.0003,0.0003,0.07
2387.804,,,,-0.0003,0.0003,0.07
2387.854,,,,-0.0003,0.0003,0.07
2387.905,,,,-0.0003,0.0003,0.07
2387.956,,,,-0.0003,0.0003,0.07
2388.006,,,,-0.0003,0.0003,0.07
2388.057,,,,-0.0003,0.0003,0.07
2388.107,,,,-0.0003,0.0003,0.07
2388.158,,,,-0.0003,0.0003,0.07
2388.209,,,,-0.0003,0.0003,0.07
2388.26,,,,-0.0003,0.0003,0.07
2388.311,,,,-0.0003,0.0003,0.07
2388.362,,,,-0.0003,0.0003,0.07
2388.412,,,,-0.0003,0.0003,0.07
2388.463,,,,-0.0003,0.0003,0.07
2388.513,,,,-0.0003,0.0003,0.07
2388.565,,,,-0.0003,0.0003,0.07
2388.616,,,,-0.0003,0.0003,0.07
2388.666,,,,-0.0003,0.0003,0.07
2388.717,,,,-0.0003,0.0003,0.07
2388.768,,,,-0.0003,0.0003,0.07
2388.818,,,,-0.0003,0.0003,0.07
2388.869,,,,-0.0003,0.0003,0.07
2388.92,,,,-0.0003,0.0003,0.07
2388.97,,,,-0.0003,0.0003,0.07
2389.021,,,,-0.0003,0.0003,0.07
2389.072,,,,-0.0003,0.0003,0.07
2389.123,,,,-0.0003,0.0003,0.07
2389.174,,,,-0.0003,0.0003,0.07
2389.258,,,,-0.0003,0.0003,0.07
2389.308,,,,-0.0003,0.0003,0.07
2389.36,,,,-0.0003,0.0003,0.07
2389.41,,,,-0.0003,0.0003,0.07
2389.461,,,,-0.0003,0.0003,0.07
2389.511,,,,-0.0003,0.0003,0.07
2389.562,,,,-0.0003,0.0003,0.07
2389.613,,,,-0.0003,0.0003,0.07
2389.664,,,,-0.0003,0.0003,0.07
2389.715,,,,-0.0003,0.0003,0.07
2389.765,,,,-0.0003,0.0003,0.07
2389.815,,,,-0.0003,0.0003,0.07
2389.866,,,,-0.0003,0.0003,0.07
2389.917,,,,-0.0003,0.0003,0.07
2389.968,,,,-0.0003,0.0003,0.07
2390.019,,,,-0.0003,0.0003,0.07
2390.069,,,,-0.0003,0.0003,0.07
2390.12,,,,-0.0003,0.0003,0.07
2390.17,,,,-0.0003,0.0003,0.07
2390.221,,,,-0.0003,0.0003,0.07
2390.271,,,,-0.0003,0.0003,0.07
2390.322,,,,-0.0003,0.0003,0.07
2390.373,,,,-0.0003,0.0003,0.07
2390.423,,,,-0.0003,0.0003,0.07
2390.474,,,,-0.0003,0.0003,0.07
2390.524,,,,-0.0003,0.0003,0.07
2390.575,,,,-0.0003,0.0003,0.07
2390.625,,,,-0.0003,0.0003,0.07
2390.676,,,,-0.0003,0.0003,0.07
2390.726,,,,-0.0003,0.0003,0.07
2390.777,,,,-0.0003,0.0003,0.07
2390.828,,,,-0.0003,0.0003,0.07
2390.878,,,,-0.0003,0.0003,0.07
2390.929,,,,-0.0003,0.0003,0.07
2390.979,,,,-0.0003,0.0003,0.07
2391.029,,,,-0.0003,0.0003,0.07
2391.08,,,,-0.0003,0.0003,0.07
2391.131,,,,-0.0003,0.0003,0.07
2391.181,,,,-0.0003,0.0003,0.07
2391.232,,,,-0.0003,0.0003,0.07
2391.284,,,,-0.0003,0.0003,0.07
2391.334,,,,-0.0003,0.0003,0.07
2391.384,,,,-0.0003,0.0003,0.07
2391.435,,,,-0.0003,0.0003,0.07
2391.486,,,,-0.0003,0.0003,0.07
2391.537,,,,-0.0003,0.0003,0.07
2391.588,,,,-0.0003,0.0003,0.07
2391.638,,,,-0.0003,0.0003,0.07
2391.688,,,,-0.0003,0.0003,0.07
2391.739,,,,-0.0003,0.0003,0.07
2391.79,,,,-0.0003,0.0003,0.07
2391.841,,,,-0.0003,0.0003,0.07
2391.891,,,,-0.0003,0.0003,0.07
2391.979,,,,-0.0003,0.0003,0.07
2392.03,,,,-0.0003,0.0003,0.07
2392.081,,,,-0.0003,0.0003,0.07
2392.131,,,,-0.0003,0.0003,0.07
2392.182,,,,-0.0003,0.0003,0.07
2392.232,,,,-0.0003,0.0003,0.07
2392.283,,,,-0.0003,0.0003,0.07
2392.333,,,,-0.0003,0.0003,0.07
2392.384,,,,-0.0003,0.0003,0.07
2392.435,,,,-0.0003,0.0003,0.07
2392.486,,,,-0.0003,0.0003,0.07
2392.537,,,,-0.0003,0.0003,0.07
2392.587,,,,-0.0003,0.0003,0.07
2392.638,,,,-0.0003,0.0003,0.07
2392.688,,,,-0.0003,0.0003,0.07
2392.739,,,,-0.0003,0.0003,0.07
2392.79,,,,-0.0003,0.0003,0.07
2392.84,,,,-0.0003,0.0003,0.07
2392.891,,,,-0.0003,0.0003,0.07
2392.942,,,,-0.0003,0.0003,0.07
2392.992,,,,-0.0003,0.0003,0.07
2393.043,,,,-0.0003,0.0003,0.07
2393.093,,,,-0.0003,0.0003,0.07
2393.144,,,,-0.0003,0.0003,0.07
2393.194,,,,-0.0003,0.0003,0.07
2393.245,,,,-0.0003,0.0003,0.07
2393.296,,,,-0.0003,0.0003,0.07
2393.347,,,,-0.0003,0.0003,0.07
2393.398,,,,-0.0003,0.0003,0.07
2393.449,,,,-0.0003,0.0003,0.07
2393.5,,,,-0.0003,0.0003,0.07
2393.55,,,,-0.0003,0.0003,0.07
2393.601,,,,-0.0003,0.0003,0.07
2393.652,,,,-0.0003,0.0003,0.07
2393.702,,,,-0.0003,0.0003,0.07
2393.753,,,,-0.0003,0.0003,0.07
2393.804,,,,-0.0003,0.0003,0.07
2393.854,,,,-0.0003,0.0003,0.07
2393.905,,,,-0.0003,0.0003,0.07
2393.955,,,,-0.0003,0.0003,0.07
2394.006,,,,-0.0003,0.0003,0.07
2394.056,,,,-0.0003,0.0003,0.07
2394.107,,,,-0.0003,0.0003,0.07
2394.158,,,,-0.0003,0.0003,0.07
2394.209,,,,-0.0003,0.0003,0.07
2394.259,,,,-0.0003,0.0003,0.07
2394.31,,,,-0.0003,0.0003,0.07
2394.361,,,,-0.0003,0.0003,0.07
2394.411,,,,-0.0003,0.0003,0.07
2394.462,,,,-0.0003,0.0003,0.07
2394.513,,,,-0.0003,0.0003,0.07
2394.564,,,,-0.0003,0.0003,0.07
2394.616,,,,-0.0003,0.0003,0.07
2394.666,,,,-0.0003,0.0003,0.07
2394.717,,,,-0.0003,0.0003,0.07
2394.767,,,,-0.0003,0.0003,0.07
2394.818,,,,-0.0003,0.0003,0.07
2394.869,,,,-0.0003,0.0003,0.07
2394.92,,,,-0.0003,0.0003,0.07
2394.971,,,,-0.0003,0.0003,0.07
2395.022,,,,-0.0003,0.0003,0.07
2395.072,,,,-0.0003,0.0003,0.07
2395.123,,,,-0.0003,0.0003,0.07
2395.174,,,,-0.0003,0.0003,0.07
2395.225,,,,-0.0003,0.0003,0.07
2395.276,,,,-0.0003,0.0003,0.07
2395.326,,,,-0.0003,0.0003,0.07
2395.377,,,,-0.0003,0.0003,0.07
2395.427,,,,-0.0003,0.0003,0.07
2395.48,,,,-0.0003,0.0003,0.07
2395.531,,,,-0.0003,0.0003,0.07
2395.581,,,,-0.0003,0.0003,0.07
2395.632,,,,-0.0003,0.0003,0.07
2395.683,,,,-0.0003,0.0003,0.07
2395.733,,,,-0.0003,0.0003,0.07
2395.784,,,,-0.0003,0.0003,0.07
2395.835,,,,-0.0003,0.0003,0.07
2395.886,,,,-0.0003,0.0003,0.07
2395.937,,,,-0.0003,0.0003,0.07
2395.988,,,,-0.0003,0.0003,0.07
2396.069,,,,-0.0003,0.0003,0.07
2396.12,,,,-0.0003,0.0003,0.07
2396.171,,,,-0.0003,0.0003,0.07
2396.223,,,,-0.0003,0.0003,0.07
2396.274,,,,-0.0003,0.0003,0.07
2396.324,,,,-0.0003,0.0003,0.07
2396.375,,,,-0.0003,0.0003,0.07
2396.425,,,,-0.0003,0.0003,0.07
2396.476,,,,-0.0003,0.0003,0.07
2396.527,,,,-0.0003,0.0003,0.07
2396.578,,,,-0.0003,0.0003,0.07
2396.629,,,,-0.0003,0.0003,0.07
2396.68,,,,-0.0003,0.0003,0.07
2396.73,,,,-0.0003,0.0003,0.07
2396.781,,,,-0.0003,0.0003,0.07
2396.831,,,,-0.0003,0.0003,0.07
2396.882,,,,-0.0003,0.0003,0.07
2396.933,,,,-0.0003,0.0003,0.07
2396.983,,,,-0.0003,0.0003,0.07
2397.034,,,,-0.0003,0.0003,0.07
2397.084,,,,-0.0003,0.0003,0.07
2397.135,,,,-0.0003,0.0003,0.07
2397.187,,,,-0.0003,0.0003,0.07
2397.238,,,,-0.0003,0.0003,0.07
2397.29,,,,-0.0003,0.0003,0.07
2397.341,,,,-0.0003,0.0003,0.07
2397.425,,,,-0.0003,0.0003,0.07
2397.476,,,,-0.0003,0.0003,0.07
2397.526,,,,-0.0003,0.0003,0.07
2397.577,,,,-0.0003,0.0003,0.07
2397.628,,,,-0.0003,0.0003,0.07
2397.678,,,,-0.0003,0.0003,0.07
2397.729,,,,-0.0003,0.0003,0.07
2397.779,,,,-0.0003,0.0003,0.07
2397.83,,,,-0.0003,0.0003,0.07
2397.881,,,,-0.0003,0.0003,0.07
2397.932,,,,-0.0003,0.0003,0.07
2397.983,,,,-0.0003,0.0003,0.07
2398.033,,,,-0.0003,0.0003,0.07
2398.084,,,,-0.0003,0.0003,0.07
2398.135,,,,-0.0003,0.0003,0.07
2398.185,,,,-0.0003,0.0003,0.07
2398.236,,,,-0.0003,0.0003,0.07
2398.286,,,,-0.0003,0.0003,0.07
2398.337,,,,-0.0003,0.0003,0.07
2398.387,,,,-0.0003,0.0003,0.07
2398.438,,,,-0.0003,0.0003,0.07
2398.489,,,,-0.0003,0.0003,0.07
2398.539,,,,-0.0003,0.0003,0.07
2398.59,,,,-0.0003,0.0003,0.07
2398.641,,,,-0.0003,0.0003,0.07
2398.692,,,,-0.0003,0.0003,0.07
2398.742,,,,-0.0003,0.0003,0.07
2398.793,,,,-0.0003,0.0003,0.07
2398.843,,,,-0.0003,0.0003,0.07
2398.894,,,,-0.0003,0.0003,0.07
2398.945,,,,-0.0003,0.0003,0.07
2398.995,,,,-0.0003,0.0003,0.07
2399.047,,,,-0.0003,0.0003,0.07
2399.098,,,,-0.0003,0.0003,0.07
2399.152,,,,-0.0003,0.0003,0.07
2399.207,,,,-0.0003,0.0003,0.07
2399.257,,,,-0.0003,0.0003,0.07
2399.308,,,,-0.0003,0.0003,0.07
2399.358,,,,-0.0003,0.0003,0.07
2399.409,,,,-0.0003,0.0003,0.07
2399.46,,,,-0.0003,0.0003,0.07
2399.51,,,,-0.0003,0.0003,0.07
2399.562,,,,-0.0003,0.0003,0.07
2399.612,,,,-0.0003,0.0003,0.07
2399.663,,,,-0.0003,0.0003,0.07
2399.713,,,,-0.0003,0.0003,0.07
2399.764,,,,-0.0003,0.0003,0.07
2399.815,,,,-0.0003,0.0003,0.07
2399.866,,,,-0.0003,0.0003,0.07
2399.917,,,,-0.0003,0.0003,0.07
2399.968,,,,-0.0003,0.0003,0.07
2400.021,,,,-0.0003,0.0003,0.07
2400.072,,,,-0.0003,0.0003,0.07
2400.157,,,,-0.0003,0.0003,0.07
2400.208,,,,-0.0003,0.0003,0.07
2400.258,,,,-0.0003,0.0003,0.07
2400.309,,,,-0.0003,0.0003,0.07
2400.359,,,,-0.0003,0.0003,0.07
2400.41,,,,-0.0003,0.0003,0.07
2400.461,,,,-0.0003,0.0003,0.07
2400.511,,,,-0.0003,0.0003,0.07
2400.562,,,,-0.0003,0.0003,0.07
2400.612,,,,-0.0003,0.0003,0.07
2400.663,,,,-0.0003,0.0003,0.07
2400.713,,,,-0.0003,0.0003,0.07
2400.764,,,,-0.0003,0.0003,0.07
2400.814,,,,-0.0003,0.0003,0.07
2400.865,,,,-0.0003,0.0003,0.07
2400.916,,,,-0.0003,0.0003,0.07
2400.967,,,,-0.0003,0.0003,0.07
2401.017,,,,-0.0003,0.0003,0.07
2401.068,,,,-0.0003,0.0003,0.07
2401.118,,,,-0.0003,0.0003,0.07
2401.169,,,,-0.0003,0.0003,0.07
2401.219,,,,-0.0003,0.0003,0.07
2401.269,,,,-0.0003,0.0003,0.07
2401.32,,,,-0.0003,0.0003,0.07
2401.37,,,,-0.0003,0.0003,0.07
2401.421,,,,-0.0003,0.0003,0.07
2401.472,,,,-0.0003,0.0003,0.07
2401.523,,,,-0.0003,0.0003,0.07
2401.575,,,,-0.0003,0.0003,0.07
2401.626,,,,-0.0003,0.0003,0.07
2401.677,,,,-0.0003,0.0003,0.07
2401.727,,,,-0.0003,0.0003,0.07
2401.778,,,,-0.0003,0.0003,0.07
2401.828,,,,-0.0003,0.0003,0.07
2401.878,,,,-0.0003,0.0003,0.07
2401.929,,,,-0.0003,0.0003,0.07
2401.98,,,,-0.0003,0.0003,0.07
2402.03,,,,-0.0003,0.0003,0.07
2402.081,,,,-0.0003,0.0003,0.07
2402.131,,,,-0.0003,0.0003,0.07
2402.182,,,,-0.0003,0.0003,0.07
2402.232,,,,-0.0003,0.0003,0.07
2402.283,,,,-0.0003,0.0003,0.07
2402.334,,,,-0.0003,0.0003,0.07
2402.384,,,,-0.0003,0.0003,0.07
2402.435,,,,-0.0003,0.0003,0.07
2402.485,,,,-0.0003,0.0003,0.07
2402.536,,,,-0.0003,0.0003,0.07
2402.591,,,,-0.0003,0.0003,0.07
2402.641,,,,-0.0003,0.0003,0.07
2402.692,,,,-0.0003,0.0003,0.07
2402.742,,,,-0.0003,0.0003,0.07
2402.793,,,,-0.0003,0.0003,0.07
2402.844,,,,-0.0003,0.0003,0.07
2402.894,,,,-0.0003,0.0003,0.07
2402.945,,,,-0.0003,0.0003,0.07
2402.995,,,,-0.0003,0.0003,0.07
2403.046,,,,-0.0003,0.0003,0.07
2403.096,,,,-0.0003,0.0003,0.07
2403.147,,,,-0.0003,0.0003,0.07
2403.198,,,,-0.0003,0.0003,0.07
2403.248,,,,-0.0003,0.0003,0.07
2403.299,,,,-0.0003,0.0003,0.07
2403.349,,,,-0.0003,0.0003,0.07
2403.4,,,,-0.0003,0.0003,0.07
2403.45,,,,-0.0003,0.0003,0.07
2403.501,,,,-0.0003,0.0003,0.07
2403.551,,,,-0.0003,0.0003,0.07
2403.602,,,,-0.0003,0.0003,0.07
2403.653,,,,-0.0003,0.0003,0.07
2403.703,,,,-0.0003,0.0003,0.07
2403.754,,,,-0.0003,0.0003,0.07
2403.804,,,,-0.0003,0.0003,0.07
2403.854,,,,-0.0003,0.0003,0.07
2403.905,,,,-0.0003,0.0003,0.07
2403.955,,,,-0.0003,0.0003,0.07
2404.006,,,,-0.0003,0.0003,0.07
2404.056,,,,-0.0003,0.0003,0.07
2404.107,,,,-0.0003,0.0003,0.07
2404.157,,,,-0.0003,0.0003,0.07
2404.238,,,,-0.0003,0.0003,0.07
2404.288,,,,-0.0003,0.0003,0.07
2404.339,,,,-0.0003,0.0003,0.07
2404.39,,,,-0.0003,0.0003,0.07
2404.44,,,,-0.0003,0.0003,0.07
2404.491,,,,-0.0003,0.0003,0.07
2404.542,,,,-0.0003,0.0003,0.07
2404.592,,,,-0.0003,0.0003,0.07
2404.643,,,,-0.0003,0.0003,0.07
2404.693,,,,-0.0003,0.0003,0.07
2404.744,,,,-0.0003,0.0003,0.07
2404.795,,,,-0.0003,0.0003,0.07
2404.845,,,,-0.0003,0.0003,0.07
2404.896,,,,-0.0003,0.0003,0.07
2404.947,,,,-0.0003,0.0003,0.07
2404.997,,,,-0.0003,0.0003,0.07
2405.048,,,,-0.0003,0.0003,0.07
2405.098,,,,-0.0003,0.0003,0.07
2405.149,,,,-0.0003,0.0003,0.07
2405.199,,,,-0.0003,0.0003,0.07
2405.249,,,,-0.0003,0.0003,0.07
2405.3,,,,-0.0003,0.0003,0.07
2405.35,,,,-0.0003,0.0003,0.07
2405.401,,,,-0.0003,0.0003,0.07
2405.452,,,,-0.0003,0.0003,0.07
2405.502,,,,-0.0003,0.0003,0.07
2405.553,,,,-0.0003,0.0003,0.07
2405.615,,,,-0.0003,0.0003,0.07
2405.666,,,,-0.0003,0.0003,0.07
2405.716,,,,-0.0003,0.0003,0.07
2405.767,,,,-0.0003,0.0003,0.07
2405.817,,,,-0.0003,0.0003,0.07
2405.868,,,,-0.0003,0.0003,0.07
2405.918,,,,-0.0003,0.0003,0.07
2405.969,,,,-0.0003,0.0003,0.07
2406.02,,,,-0.0003,0.0003,0.07
2406.07,,,,-0.0003,0.0003,0.07
2406.12,,,,-0.0003,0.0003,0.07
2406.173,,,,-0.0003,0.0003,0.07
2406.223,,,,-0.0003,0.0003,0.07
2406.274,,,,-0.0003,0.0003,0.07
2406.324,,,,-0.0003,0.0003,0.07
2406.375,,,,-0.0003,0.0003,0.07
2406.426,,,,-0.0003,0.0003,0.07
2406.476,,,,-0.0003,0.0003,0.07
2406.527,,,,-0.0003,0.0003,0.07
2406.577,,,,-0.0003,0.0003,0.07
2406.628,,,,-0.0003,0.0003,0.07
2406.679,,,,-0.0003,0.0003,0.07
2406.729,,,,-0.0003,0.0003,0.07
2406.78,,,,-0.0003,0.0003,0.07
2406.831,,,,-0.0003,0.0003,0.07
2406.881,,,,-0.0003,0.0003,0.07
2406.932,,,,-0.0003,0.0003,0.07
2406.983,,,,-0.0003,0.0003,0.07
2407.033,,,,-0.0003,0.0003,0.07
2407.084,,,,-0.0003,0.0003,0.07
2407.134,,,,-0.0003,0.0003,0.07
2407.185,,,,-0.0003,0.0003,0.07
2407.235,,,,-0.0003,0.0003,0.07
2407.286,,,,-0.0003,0.0003,0.07
2407.337,,,,-0.0003,0.0003,0.07
2407.387,,,,-0.0003,0.0003,0.07
2407.438,,,,-0.0003,0.0003,0.07
2407.488,,,,-0.0003,0.0003,0.07
2407.54,,,,-0.0003,0.0003,0.07
2407.598,,,,-0.0003,0.0003,0.07
2407.65,,,,-0.0003,0.0003,0.07
2407.7,,,,-0.0003,0.0003,0.07
2407.751,,,,-0.0003,0.0003,0.07
2407.801,,,,-0.0003,0.0003,0.07
2407.852,,,,-0.0003,0.0003,0.07
2407.902,,,,-0.0003,0.0003,0.07
2407.953,,,,-0.0003,0.0003,0.07
2408.004,,,,-0.0003,0.0003,0.07
2408.054,,,,-0.0003,0.0003,0.07
2408.105,,,,-0.0003,0.0003,0.07
2408.156,,,,-0.0003,0.0003,0.07
2408.206,,,,-0.0003,0.0003,0.07
2408.256,,,,-0.0003,0.0003,0.07
2408.307,,,,-0.0003,0.0003,0.07
2408.358,,,,-0.0003,0.0003,0.07
2408.408,,,,-0.0003,0.0003,0.07
2408.459,,,,-0.0003,0.0003,0.07
2408.51,,,,-0.0003,0.0003,0.07
2408.561,,,,-0.0003,0.0003,0.07
2408.611,,,,-0.0003,0.0003,0.07
2408.662,,,,-0.0003,0.0003,0.07
2408.713,,,,-0.0003,0.0003,0.07
2408.764,,,,-0.0003,0.0003,0.07
2408.815,,,,-0.0003,0.0003,0.07
2408.865,,,,-0.0003,0.0003,0.07
2408.916,,,,-0.0003,0.0003,0.07
2408.966,,,,-0.0003,0.0003,0.07
2409.017,,,,-0.0003,0.0003,0.07
2409.067,,,,-0.0003,0.0003,0.07
2409.118,,,,-0.0003,0.0003,0.07
2409.168,,,,-0.0003,0.0003,0.07
2409.219,,,,-0.0003,0.0003,0.07
2409.27,,,,-0.0003,0.0003,0.07
2409.32,,,,-0.0003,0.0003,0.07
2409.371,,,,-0.0003,0.0003,0.07
2409.422,,,,-0.0003,0.0003,0.07
2409.472,,,,-0.0003,0.0003,0.07
2409.524,,,,-0.0003,0.0003,0.07
2409.575,,,,-0.0003,0.0003,0.07
2409.625,,,,-0.0003,0.0003,0.07
2409.704,,,,-0.0003,0.0003,0.07
2409.754,,,,-0.0003,0.0003,0.07
2409.805,,,,-0.0003,0.0003,0.07
2409.856,,,,-0.0003,0.0003,0.07
2409.907,,,,-0.0003,0.0003,0.07
2409.958,,,,-0.0003,0.0003,0.07
2410.008,,,,-0.0003,0.0003,0.07
2410.059,,,,-0.0003,0.0003,0.07
2410.109,,,,-0.0003,0.0003,0.07
2410.16,,,,-0.0003,0.0003,0.07
2410.21,,,,-0.0003,0.0003,0.07
2410.261,,,,-0.0003,0.0003,0.07
2410.312,,,,-0.0003,0.0003,0.07
2410.362,,,,-0.0003,0.0003,0.07
2410.413,,,,-0.0003,0.0003,0.07
2410.464,,,,-0.0003,0.0003,0.07
2410.514,,,,-0.0003,0.0003,0.07
2410.564,,,,-0.0003,0.0003,0.07
2410.615,,,,-0.0003,0.0003,0.07
2410.666,,,,-0.0003,0.0003,0.07
2410.716,,,,-0.0003,0.0003,0.07
2410.767,,,,-0.0003,0.0003,0.07
2410.818,,,,-0.0003,0.0003,0.07
2410.868,,,,-0.0003,0.0003,0.07
2410.919,,,,-0.0003,0.0003,0.07
2410.97,,,,-0.0003,0.0003,0.07
2411.055,,,,-0.0003,0.0003,0.07
2411.106,,,,-0.0003,0.0003,0.07
2411.156,,,,-0.0003,0.0003,0.07
2411.207,,,,-0.0003,0.0003,0.07
2411.257,,,,-0.0003,0.0003,0.07
2411.308,,,,-0.0003,0.0003,0.07
2411.358,,,,-0.0003,0.0003,0.07
2411.409,,,,-0.0003,0.0003,0.07
2411.46,,,,-0.0003,0.0003,0.07
2411.511,,,,-0.0003,0.0003,0.07
2411.562,,,,-0.0003,0.0003,0.07
2411.62,,,,-0.0003,0.0003,0.07
2411.67,,,,-0.0003,0.0003,0.07
2411.721,,,,-0.0003,0.0003,0.07
2411.771,,,,-0.0003,0.0003,0.07
2411.822,,,,-0.0003,0.0003,0.07
2411.872,,,,-0.0003,0.0003,0.07
2411.923,,,,-0.0003,0.0003,0.07
2411.973,,,,-0.0003,0.0003,0.07
2412.024,,,,-0.0003,0.0003,0.07
2412.074,,,,-0.0003,0.0003,0.07
2412.125,,,,-0.0003,0.0003,0.07
2412.175,,,,-0.0003,0.0003,0.07
2412.226,,,,-0.0003,0.0003,0.07
2412.277,,,,-0.0003,0.0003,0.07
2412.327,,,,-0.0003,0.0003,0.07
2412.378,,,,-0.0003,0.0003,0.07
2412.429,,,,-0.0003,0.0003,0.07
2412.479,,,,-0.0003,0.0003,0.07
2412.53,,,,-0.0003,0.0003,0.07
2412.58,,,,-0.0003,0.0003,0.07
2412.631,,,,-0.0003,0.0003,0.07
2412.681,,,,-0.0003,0.0003,0.07
2412.732,,,,-0.0003,0.0003,0.07
2412.782,,,,-0.0003,0.0003,0.07
2412.833,,,,-0.0003,0.0003,0.07
2412.884,,,,-0.0003,0.0003,0.07
2412.934,,,,-0.0003,0.0003,0.07
2412.985,,,,-0.0003,0.0003,0.07
2413.036,,,,-0.0003,0.0003,0.07
2413.086,,,,-0.0003,0.0003,0.07
2413.137,,,,-0.0003,0.0003,0.07
2413.187,,,,-0.0003,0.0003,0.07
2413.237,,,,-0.0003,0.0003,0.07
2413.288,,,,-0.0003,0.0003,0.07
2413.339,,,,-0.0003,0.0003,0.07
2413.39,,,,-0.0003,0.0003,0.07
2413.44,,,,-0.0003,0.0003,0.07
2413.491,,,,-0.0003,0.0003,0.07
2413.542,,,,-0.0003,0.0003,0.07
2413.594,,,,-0.0003,0.0003,0.07
2413.645,,,,-0.0003,0.0003,0.07
2413.695,,,,-0.0003,0.0003,0.07
2413.785,,,,-0.0003,0.0003,0.07
2413.836,,,,-0.0003,0.0003,0.07
2413.886,,,,-0.0003,0.0003,0.07
2413.937,,,,-0.0003,0.0003,0.07
2413.988,,,,-0.0003,0.0003,0.07
2414.039,,,,-0.0003,0.0003,0.07
2414.089,,,,-0.0003,0.0003,0.07
2414.14,,,,-0.0003,0.0003,0.07
2414.19,,,,-0.0003,0.0003,0.07
2414.241,,,,-0.0003,0.0003,0.07
2414.291,,,,-0.0003,0.0003,0.07
2414.342,,,,-0.0003,0.0003,0.07
2414.392,,,,-0.0003,0.0003,0.07
2414.443,,,,-0.0003,0.0003,0.07
2414.493,,,,-0.0003,0.0003,0.07
2414.544,,,,-0.0003,0.0003,0.07
2414.595,,,,-0.0003,0.0003,0.07
2414.645,,,,-0.0003,0.0003,0.07
2414.696,,,,-0.0003,0.0003,0.07
2414.747,,,,-0.0003,0.0003,0.07
2414.798,,,,-0.0003,0.0003,0.07
2414.848,,,,-0.0003,0.0003,0.07
2414.899,,,,-0.0003,0.0003,0.07
2414.949,,,,-0.0003,0.0003,0.07
2415.0,,,,-0.0003,0.0003,0.07
2415.051,,,,-0.0003,0.0003,0.07
2415.102,,,,-0.0003,0.0003,0.07
2415.152,,,,-0.0003,0.0003,0.07
2415.204,,,,-0.0003,0.0003,0.07
2415.254,,,,-0.0003,0.0003,0.07
2415.305,,,,-0.0003,0.0003,0.07
2415.355,,,,-0.0003,0.0003,0.07
2415.406,,,,-0.0003,0.0003,0.07
2415.456,,,,-0.0003,0.0003,0.07
2415.507,,,,-0.0003,0.0003,0.07
2415.558,,,,-0.0003,0.0003,0.07
2415.609,,,,-0.0003,0.0003,0.07
2415.659,,,,-0.0003,0.0003,0.07
2415.71,,,,-0.0003,0.0003,0.07
2415.761,,,,-0.0003,0.0003,0.07
2415.812,,,,-0.0003,0.0003,0.07
2415.863,,,,-0.0003,0.0003,0.07
2415.913,,,,-0.0003,0.0003,0.07
2415.964,,,,-0.0003,0.0003,0.07
2416.015,,,,-0.0003,0.0003,0.07
2416.066,,,,-0.0003,0.0003,0.07
2416.116,,,,-0.0003,0.0003,0.07
2416.167,,,,-0.0003,0.0003,0.07
2416.218,,,,-0.0003,0.0003,0.07
2416.268,,,,-0.0003,0.0003,0.07
2416.319,,,,-0.0003,0.0003,0.07
2416.369,,,,-0.0003,0.0003,0.07
2416.42,,,,-0.0003,0.0003,0.07
2416.47,,,,-0.0003,0.0003,0.07
2416.521,,,,-0.0003,0.0003,0.07
2416.571,,,,-0.0003,0.0003,0.07
2416.622,,,,-0.0003,0.0003,0.07
2416.672,,,,-0.0003,0.0003,0.07
2416.723,,,,-0.0003,0.0003,0.07
2416.773,,,,-0.0003,0.0003,0.07
2416.824,,,,-0.0003,0.0003,0.07
2416.874,,,,-0.0003,0.0003,0.07
2416.925,,,,-0.0003,0.0003,0.07
2416.975,,,,-0.0003,0.0003,0.07
2417.026,,,,-0.0003,0.0003,0.07
2417.076,,,,-0.0003,0.0003,0.07
2417.126,,,,-0.0003,0.0003,0.07
2417.177,,,,-0.0003,0.0003,0.07
2417.228,,,,-0.0003,0.0003,0.07
2417.278,,,,-0.0003,0.0003,0.07
2417.331,,,,-0.0003,0.0003,0.07
2417.381,,,,-0.0003,0.0003,0.07
2417.432,,,,-0.0003,0.0003,0.07
2417.483,,,,-0.0003,0.0003,0.07
2417.546,,,,-0.0003,0.0003,0.07
